"Date","Price","Open","High","Low","Vol.","Change %"
"30/01/2026","6,152.92","6,118.79","6,165.38","6,118.79","97.21M","0.63%"
"29/01/2026","6,114.46","6,159.64","6,172.52","6,112.88","95.54M","0.01%"
"28/01/2026","6,114.14","6,132.52","6,145.06","6,080.82","89.69M","-0.96%"
"27/01/2026","6,173.36","6,165.75","6,186.84","6,146.94","87.34M","0.26%"
"26/01/2026","6,157.42","6,159.68","6,178.51","6,138.56","75.07M","-0.17%"
"23/01/2026","6,167.99","6,147.93","6,175.63","6,131.63","82.06M","-0.06%"
"22/01/2026","6,171.93","6,183.64","6,201.22","6,164.55","103.20M","1.00%"
"21/01/2026","6,110.83","6,096.26","6,127.36","6,069.09","90.82M","0.11%"
"20/01/2026","6,104.24","6,098.88","6,104.24","6,054.43","88.86M","-0.60%"
"19/01/2026","6,141.08","6,146.23","6,176.58","6,126.46","79.41M","-1.68%"
"16/01/2026","6,246.07","6,279.89","6,288.32","6,229.73","86.64M","-0.65%"
"15/01/2026","6,287.20","6,325.07","6,325.07","6,271.35","76.31M","-0.19%"
"14/01/2026","6,298.97","6,322.07","6,342.73","6,294.43","87.59M","-0.12%"
"13/01/2026","6,306.80","6,306.03","6,312.27","6,280.27","88.22M","-0.18%"
"12/01/2026","6,318.28","6,307.63","6,332.73","6,290.99","79.00M","-0.05%"
"09/01/2026","6,321.59","6,259.96","6,321.59","6,259.96","85.15M","1.35%"
"08/01/2026","6,237.66","6,220.41","6,245.88","6,210.75","79.49M","0.04%"
"07/01/2026","6,235.47","6,241.80","6,247.34","6,215.62","89.59M","0.08%"
"06/01/2026","6,230.38","6,217.86","6,242.25","6,172.59","87.98M","0.28%"
"05/01/2026","6,212.92","6,238.48","6,242.62","6,184.22","81.87M","0.24%"
"02/01/2026","6,198.07","6,149.45","6,216.53","6,140.61","69.93M","0.52%"
"31/12/2025","6,166.03","6,162.46","6,166.03","6,141.80","28.62M","-0.19%"
"30/12/2025","6,177.92","6,126.82","6,189.40","6,125.26","46.27M","0.67%"
"29/12/2025","6,136.75","6,147.07","6,152.10","6,118.60","55.02M","0.13%"
"24/12/2025","6,128.53","6,131.09","6,149.61","6,128.53","16.82M","0.00%"
"23/12/2025","6,128.23","6,139.75","6,145.16","6,116.94","49.99M","-0.19%"
"22/12/2025","6,140.17","6,145.33","6,151.44","6,121.57","57.65M","-0.24%"
"19/12/2025","6,155.25","6,141.65","6,174.32","6,141.65","177.10M","0.00%"
"18/12/2025","6,155.39","6,106.74","6,166.56","6,106.74","91.07M","0.79%"
"17/12/2025","6,107.38","6,129.85","6,144.81","6,098.63","84.37M","-0.27%"
"16/12/2025","6,123.86","6,130.58","6,157.07","6,110.05","94.48M","-0.26%"
"15/12/2025","6,139.66","6,113.25","6,166.10","6,111.93","83.79M","0.67%"
"12/12/2025","6,098.62","6,122.13","6,163.54","6,098.62","88.13M","-0.20%"
"11/12/2025","6,110.73","6,079.38","6,123.88","6,052.40","81.55M","0.80%"
"10/12/2025","6,062.26","6,070.87","6,080.19","6,051.74","70.99M","-0.36%"
"09/12/2025","6,084.13","6,133.93","6,143.62","6,078.11","77.73M","-0.65%"
"08/12/2025","6,123.76","6,117.43","6,127.16","6,105.44","69.68M","-0.07%"
"05/12/2025","6,127.96","6,149.48","6,161.10","6,127.96","80.16M","-0.04%"
"04/12/2025","6,130.43","6,127.04","6,141.83","6,114.08","87.64M","0.41%"
"03/12/2025","6,105.16","6,097.11","6,119.72","6,078.51","89.75M","0.11%"
"02/12/2025","6,098.65","6,107.11","6,144.25","6,096.98","77.71M","-0.32%"
"01/12/2025","6,118.44","6,105.14","6,131.08","6,078.29","80.11M","-0.30%"
"28/11/2025","6,137.06","6,124.17","6,143.46","6,107.59","71.24M","0.29%"
"27/11/2025","6,119.36","6,115.00","6,129.12","6,101.67","55.60M","0.10%"
"26/11/2025","6,113.25","6,099.15","6,114.59","6,062.42","84.00M","0.85%"
"25/11/2025","6,062.01","6,028.94","6,070.64","6,000.04","89.50M","0.82%"
"24/11/2025","6,012.51","6,060.24","6,064.22","6,010.08","170.17M","-0.21%"
"21/11/2025","6,025.14","5,970.68","6,035.41","5,967.91","98.33M","0.01%"
"20/11/2025","6,024.42","6,080.53","6,081.45","6,024.42","94.20M","0.29%"
"19/11/2025","6,007.29","6,012.08","6,047.10","5,980.24","87.16M","-0.15%"
"18/11/2025","6,016.20","6,048.57","6,062.20","5,984.17","93.27M","-1.82%"
"17/11/2025","6,127.96","6,170.24","6,171.12","6,121.71","65.15M","-0.61%"
"14/11/2025","6,165.76","6,173.43","6,187.46","6,101.18","77.86M","-0.72%"
"13/11/2025","6,210.18","6,237.37","6,270.73","6,206.93","77.92M","-0.09%"
"12/11/2025","6,215.75","6,180.06","6,245.77","6,176.12","92.04M","1.00%"
"11/11/2025","6,154.27","6,097.18","6,164.01","6,094.42","70.09M","1.23%"
"10/11/2025","6,079.38","6,072.75","6,095.92","6,054.03","78.94M","1.29%"
"07/11/2025","6,001.76","6,031.75","6,041.28","5,970.65","82.07M","-0.20%"
"06/11/2025","6,014.05","6,057.05","6,074.55","6,002.98","115.60M","-1.36%"
"05/11/2025","6,097.18","6,048.58","6,115.45","6,046.68","75.38M","0.06%"
"04/11/2025","6,093.61","6,056.63","6,093.61","6,017.56","84.13M","-0.54%"
"03/11/2025","6,126.61","6,135.28","6,158.85","6,116.73","72.85M","-0.15%"
"31/10/2025","6,136.04","6,164.26","6,165.36","6,127.44","88.92M","-0.42%"
"30/10/2025","6,161.65","6,161.68","6,198.48","6,132.45","99.46M","-0.53%"
"29/10/2025","6,194.26","6,192.39","6,214.00","6,184.84","77.16M","-0.20%"
"28/10/2025","6,206.40","6,209.06","6,226.84","6,197.43","76.46M","-0.30%"
"27/10/2025","6,224.98","6,227.73","6,235.20","6,198.71","65.35M","0.11%"
"24/10/2025","6,218.28","6,235.43","6,236.30","6,173.33","79.65M","0.02%"
"23/10/2025","6,216.88","6,215.70","6,238.76","6,207.59","95.51M","0.25%"
"22/10/2025","6,201.56","6,209.94","6,229.56","6,190.45","101.11M","-0.51%"
"21/10/2025","6,233.24","6,194.39","6,242.72","6,189.29","81.51M","0.62%"
"20/10/2025","6,194.99","6,199.49","6,216.68","6,153.52","93.23M","0.41%"
"17/10/2025","6,169.85","6,112.79","6,207.09","6,104.71","98.42M","-0.25%"
"16/10/2025","6,185.21","6,118.09","6,185.21","6,088.42","81.60M","1.31%"
"15/10/2025","6,105.38","6,078.98","6,148.67","6,075.25","99.49M","1.81%"
"14/10/2025","5,996.69","5,952.60","6,006.52","5,925.66","89.43M","-0.16%"
"13/10/2025","6,006.44","6,021.11","6,053.00","5,982.99","70.15M","0.20%"
"10/10/2025","5,994.56","6,102.98","6,116.50","5,986.49","92.55M","-1.53%"
"09/10/2025","6,087.83","6,108.57","6,137.33","6,087.83","75.66M","-0.18%"
"08/10/2025","6,098.73","6,042.63","6,106.08","6,042.63","81.84M","1.04%"
"07/10/2025","6,036.19","6,036.69","6,059.90","6,006.98","76.56M","0.00%"
"06/10/2025","6,036.44","6,078.75","6,083.52","5,985.47","114.13M","-1.37%"
"03/10/2025","6,120.23","6,127.46","6,134.00","6,089.34","77.50M","0.31%"
"02/10/2025","6,101.22","6,079.36","6,124.58","6,077.47","96.21M","1.07%"
"01/10/2025","6,036.35","5,982.23","6,049.27","5,962.65","91.20M","0.89%"
"30/09/2025","5,983.16","5,959.50","5,983.16","5,932.33","91.91M","0.21%"
"29/09/2025","5,970.59","5,982.95","5,985.65","5,964.53","66.48M","0.16%"
"26/09/2025","5,961.20","5,928.03","5,964.30","5,924.68","75.21M","0.93%"
"25/09/2025","5,906.26","5,909.42","5,925.66","5,880.05","72.55M","-0.43%"
"24/09/2025","5,931.91","5,962.60","5,962.80","5,919.05","75.35M","-0.51%"
"23/09/2025","5,962.58","5,960.38","5,998.39","5,953.75","70.01M","0.50%"
"22/09/2025","5,933.06","5,941.75","5,945.59","5,909.35","64.25M","-0.27%"
"19/09/2025","5,949.12","5,962.36","6,010.06","5,949.12","210.96M","-0.04%"
"18/09/2025","5,951.78","5,937.05","5,977.20","5,934.11","82.36M","0.82%"
"17/09/2025","5,903.29","5,941.99","5,945.14","5,896.85","78.69M","-0.37%"
"16/09/2025","5,925.48","5,972.33","5,988.76","5,920.45","81.21M","-0.97%"
"15/09/2025","5,983.77","5,949.59","6,013.74","5,946.05","73.86M","0.87%"
"12/09/2025","5,931.93","5,935.79","5,943.64","5,890.15","69.71M","0.06%"
"11/09/2025","5,928.32","5,896.83","5,946.84","5,891.74","72.21M","0.80%"
"10/09/2025","5,881.53","5,889.43","5,926.92","5,873.46","73.28M","0.18%"
"09/09/2025","5,871.19","5,873.31","5,903.49","5,857.38","70.12M","0.18%"
"08/09/2025","5,860.45","5,840.89","5,868.17","5,821.71","66.81M","0.75%"
"05/09/2025","5,816.70","5,853.30","5,858.98","5,798.25","73.52M","-0.29%"
"04/09/2025","5,833.65","5,831.91","5,854.07","5,816.88","84.05M","-0.19%"
"03/09/2025","5,845.01","5,840.04","5,857.79","5,810.10","84.21M","0.79%"
"02/09/2025","5,799.01","5,860.98","5,867.87","5,795.01","89.47M","-0.81%"
"01/09/2025","5,846.25","5,860.59","5,874.97","5,838.10","50.33M","0.01%"
"29/08/2025","5,845.83","5,875.27","5,891.42","5,844.96","72.55M","-0.73%"
"28/08/2025","5,888.59","5,895.42","5,940.91","5,868.07","69.29M","0.21%"
"27/08/2025","5,876.14","5,861.50","5,892.80","5,847.53","77.02M","0.35%"
"26/08/2025","5,855.53","5,869.68","5,884.01","5,821.98","179.62M","-1.78%"
"25/08/2025","5,961.77","6,039.68","6,041.02","5,958.26","74.78M","-1.59%"
"22/08/2025","6,058.18","6,020.51","6,077.35","6,020.51","61.25M","0.44%"
"21/08/2025","6,031.42","6,053.92","6,053.92","6,010.33","52.11M","-0.41%"
"20/08/2025","6,055.97","6,038.33","6,078.25","6,026.30","58.30M","-0.08%"
"19/08/2025","6,061.00","6,005.05","6,067.05","5,998.32","64.58M","1.15%"
"18/08/2025","5,991.96","6,023.88","6,023.88","5,972.16","59.08M","-0.45%"
"15/08/2025","6,019.00","6,014.48","6,034.74","6,001.09","61.90M","0.65%"
"14/08/2025","5,980.31","5,946.22","5,981.14","5,943.15","67.12M","0.79%"
"13/08/2025","5,933.64","5,913.99","5,944.69","5,910.08","70.64M","0.62%"
"12/08/2025","5,897.01","5,885.58","5,901.66","5,860.22","64.31M","0.68%"
"11/08/2025","5,857.31","5,904.30","5,904.30","5,853.72","59.60M","-0.53%"
"08/08/2025","5,888.43","5,881.48","5,908.09","5,865.42","70.30M","0.43%"
"07/08/2025","5,863.06","5,818.36","5,883.27","5,815.40","77.56M","0.97%"
"06/08/2025","5,806.60","5,824.44","5,835.00","5,796.81","67.94M","0.18%"
"05/08/2025","5,796.25","5,829.04","5,829.04","5,788.57","72.86M","-0.08%"
"04/08/2025","5,800.64","5,765.90","5,801.45","5,758.78","82.99M","1.10%"
"01/08/2025","5,737.71","5,831.05","5,841.84","5,719.68","118.58M","-2.75%"
"31/07/2025","5,900.17","5,971.38","5,995.29","5,900.17","124.45M","-1.10%"
"30/07/2025","5,965.86","5,963.91","6,008.98","5,961.87","83.75M","0.01%"
"29/07/2025","5,965.15","5,951.49","6,015.17","5,950.29","82.32M","0.63%"
"28/07/2025","5,927.66","6,021.70","6,026.33","5,923.32","82.60M","-0.44%"
"25/07/2025","5,954.10","5,918.35","5,966.17","5,898.86","89.13M","0.16%"
"24/07/2025","5,944.84","5,984.53","6,001.56","5,929.21","101.80M","-0.36%"
"23/07/2025","5,966.46","5,960.01","5,980.58","5,941.97","94.02M","1.31%"
"22/07/2025","5,889.10","5,913.33","5,917.55","5,874.16","67.26M","-0.69%"
"21/07/2025","5,929.84","5,949.35","5,958.48","5,900.40","70.23M","-0.27%"
"18/07/2025","5,946.04","5,968.39","5,980.66","5,940.61","76.87M","0.09%"
"17/07/2025","5,940.83","5,921.41","5,941.69","5,912.39","70.75M","1.25%"
"16/07/2025","5,867.60","5,882.82","5,909.82","5,867.60","86.26M","-0.59%"
"15/07/2025","5,902.39","5,941.61","5,956.03","5,902.39","68.17M","-0.53%"
"14/07/2025","5,933.64","5,908.34","5,935.19","5,902.35","60.10M","-0.27%"
"11/07/2025","5,949.97","5,983.06","5,987.37","5,938.44","70.85M","-0.88%"
"10/07/2025","6,002.84","6,006.05","6,029.84","5,990.48","80.01M","0.33%"
"09/07/2025","5,982.98","5,925.35","5,990.01","5,919.21","84.83M","1.38%"
"08/07/2025","5,901.52","5,883.67","5,905.30","5,851.20","78.70M","0.53%"
"07/07/2025","5,870.35","5,856.49","5,875.52","5,841.36","70.11M","0.32%"
"04/07/2025","5,851.39","5,864.09","5,864.09","5,822.07","56.82M","-0.73%"
"03/07/2025","5,894.51","5,902.97","5,906.50","5,870.14","74.69M","0.18%"
"02/07/2025","5,883.88","5,863.19","5,906.73","5,835.59","94.55M","0.96%"
"01/07/2025","5,827.99","5,838.39","5,839.18","5,790.77","81.94M","-0.09%"
"30/06/2025","5,833.01","5,869.39","5,869.39","5,829.54","99.35M","-0.31%"
"27/06/2025","5,851.27","5,794.72","5,851.27","5,792.31","94.88M","1.71%"
"26/06/2025","5,753.16","5,773.04","5,779.06","5,734.49","111.35M","0.04%"
"25/06/2025","5,750.96","5,803.65","5,824.17","5,750.69","105.63M","-0.71%"
"24/06/2025","5,791.86","5,820.36","5,835.15","5,785.17","106.82M","1.07%"
"23/06/2025","5,730.32","5,738.20","5,774.47","5,705.34","90.21M","-0.66%"
"20/06/2025","5,768.52","5,773.96","5,805.23","5,759.02","209.86M","0.48%"
"19/06/2025","5,740.96","5,779.01","5,788.19","5,740.96","75.85M","-1.30%"
"18/06/2025","5,816.86","5,839.00","5,854.58","5,805.06","81.72M","-0.34%"
"17/06/2025","5,836.76","5,838.63","5,849.97","5,808.33","85.66M","-0.74%"
"16/06/2025","5,880.34","5,853.87","5,899.96","5,852.73","86.09M","0.75%"
"13/06/2025","5,836.72","5,825.92","5,859.36","5,818.84","98.36M","-1.05%"
"12/06/2025","5,898.47","5,881.66","5,911.61","5,849.26","82.09M","-0.14%"
"11/06/2025","5,906.61","5,932.86","5,952.36","5,906.61","76.77M","-0.31%"
"10/06/2025","5,924.71","5,910.64","5,932.73","5,899.10","79.93M","0.15%"
"09/06/2025","5,915.87","5,917.66","5,931.61","5,902.11","55.07M","-0.16%"
"06/06/2025","5,925.27","5,919.56","5,932.89","5,901.55","60.53M","0.15%"
"05/06/2025","5,916.69","5,931.70","5,958.66","5,894.84","75.10M","-0.16%"
"04/06/2025","5,926.30","5,922.01","5,955.88","5,909.96","84.35M","0.46%"
"03/06/2025","5,899.19","5,891.60","5,899.82","5,852.12","79.87M","0.30%"
"02/06/2025","5,881.79","5,865.51","5,886.66","5,831.43","85.23M","-0.19%"
"30/05/2025","5,892.86","5,910.89","5,939.84","5,891.77","167.84M","-0.35%"
"29/05/2025","5,913.79","5,976.21","5,979.25","5,913.79","58.54M","-0.06%"
"28/05/2025","5,917.49","5,951.27","5,965.17","5,917.49","83.36M","-0.47%"
"27/05/2025","5,945.70","5,936.99","5,967.23","5,931.32","76.95M","0.00%"
"26/05/2025","5,945.54","5,946.88","5,952.18","5,922.91","64.26M","1.20%"
"23/05/2025","5,874.97","5,976.89","5,985.93","5,787.16","108.62M","-1.55%"
"22/05/2025","5,967.57","5,970.48","5,983.21","5,924.51","88.01M","-0.57%"
"21/05/2025","6,002.03","6,003.68","6,016.50","5,973.37","81.05M","-0.39%"
"20/05/2025","6,025.64","5,992.14","6,034.72","5,974.89","90.89M","0.73%"
"19/05/2025","5,981.86","5,960.72","5,981.86","5,937.76","80.40M","-0.05%"
"16/05/2025","5,985.12","5,978.36","6,006.59","5,961.89","90.36M","0.40%"
"15/05/2025","5,961.07","5,931.51","5,961.07","5,920.25","91.93M","0.22%"
"14/05/2025","5,948.11","5,975.08","5,975.08","5,924.77","98.26M","-0.51%"
"13/05/2025","5,978.89","5,955.30","5,982.45","5,954.14","83.25M","0.31%"
"12/05/2025","5,960.17","5,925.02","5,982.17","5,910.96","118.37M","1.34%"
"09/05/2025","5,881.50","5,874.39","5,899.06","5,868.06","76.15M","0.60%"
"08/05/2025","5,846.39","5,829.04","5,865.49","5,809.92","84.77M","0.85%"
"07/05/2025","5,797.29","5,827.75","5,827.75","5,787.33","87.42M","-0.88%"
"06/05/2025","5,848.86","5,882.09","5,884.79","5,809.03","83.46M","-0.39%"
"05/05/2025","5,871.59","5,875.44","5,884.42","5,860.93","65.46M","-0.47%"
"02/05/2025","5,899.17","5,854.19","5,905.49","5,832.21","110.03M","2.23%"
"30/04/2025","5,770.34","5,760.10","5,779.81","5,707.76","145.41M","0.57%"
"29/04/2025","5,737.39","5,747.09","5,760.23","5,721.27","93.18M","-0.18%"
"28/04/2025","5,747.70","5,749.20","5,779.93","5,740.60","93.01M","0.50%"
"25/04/2025","5,719.02","5,741.82","5,747.00","5,709.54","95.67M","0.43%"
"24/04/2025","5,694.50","5,653.01","5,697.31","5,625.36","94.76M","0.28%"
"23/04/2025","5,678.42","5,622.93","5,732.92","5,622.93","544.47M","2.05%"
"22/04/2025","5,564.56","5,535.86","5,564.56","5,487.79","488.37M","0.53%"
"17/04/2025","5,534.98","5,552.61","5,564.38","5,512.36","676.88M","-0.54%"
"16/04/2025","5,565.21","5,526.14","5,566.87","5,501.05","450.72M","-0.08%"
"15/04/2025","5,569.46","5,506.39","5,574.14","5,497.77","317.34M","0.97%"
"14/04/2025","5,516.01","5,488.72","5,541.54","5,476.32","645.36M","2.40%"
"11/04/2025","5,386.57","5,446.76","5,456.18","5,310.36","422.01M","-0.19%"
"10/04/2025","5,396.93","5,533.85","5,593.00","5,396.93","887.22M","3.72%"
"09/04/2025","5,203.53","5,235.44","5,305.45","5,150.49","771.66M","-3.30%"
"08/04/2025","5,381.20","5,331.60","5,440.13","5,270.29","835.55M","2.57%"
"07/04/2025","5,246.61","5,148.23","5,512.86","5,121.83","2.69B","-4.67%"
"04/04/2025","5,503.73","5,713.49","5,717.68","5,457.87","1.21B","-4.36%"
"03/04/2025","5,754.40","5,816.05","5,858.50","5,744.17","600.00M","-3.17%"
"02/04/2025","5,942.92","5,937.74","5,944.82","5,893.09","882.11M","-0.24%"
"01/04/2025","5,957.22","5,931.46","5,965.55","5,913.16","439.61M","1.06%"
"31/03/2025","5,894.94","5,940.99","5,941.35","5,866.97","479.30M","-1.62%"
"28/03/2025","5,991.98","6,017.26","6,036.96","5,976.71","421.09M","-0.91%"
"27/03/2025","6,047.30","6,017.71","6,066.29","6,000.26","440.45M","-0.52%"
"26/03/2025","6,078.76","6,146.05","6,150.27","6,075.17","1.01B","-0.93%"
"25/03/2025","6,135.73","6,087.67","6,160.82","6,087.67","523.23M","1.04%"
"24/03/2025","6,072.28","6,134.48","6,140.23","6,057.35","1.07B","-0.25%"
"21/03/2025","6,087.41","6,101.85","6,111.32","6,064.20","1.36B","-0.64%"
"20/03/2025","6,126.33","6,175.23","6,183.21","6,101.39","537.10M","-0.98%"
"19/03/2025","6,186.74","6,138.58","6,194.33","6,133.47","790.23M","0.63%"
"18/03/2025","6,148.09","6,134.46","6,167.72","6,128.33","1.31B","0.52%"
"17/03/2025","6,116.01","6,083.87","6,125.01","6,068.51","385.89M","0.63%"
"14/03/2025","6,077.84","5,996.67","6,089.43","5,990.92","601.46M","1.18%"
"13/03/2025","6,007.05","6,040.96","6,077.93","6,000.54","968.11M","-0.66%"
"12/03/2025","6,046.98","6,058.34","6,108.14","6,010.47","2.68B","0.61%"
"11/03/2025","6,010.18","6,121.43","6,135.44","5,994.89","3.09B","-1.30%"
"10/03/2025","6,089.32","6,177.24","6,186.57","6,084.40","1.97B","-0.92%"
"07/03/2025","6,145.99","6,176.12","6,186.55","6,104.71","6.12B","-0.93%"
"06/03/2025","6,203.68","6,215.91","6,225.44","6,130.88","6.87B","0.49%"
"05/03/2025","6,173.25","6,166.27","6,226.10","6,152.24","7.71B","1.68%"
"04/03/2025","6,071.19","6,123.38","6,139.61","6,037.88","2.67B","-1.89%"
"03/03/2025","6,188.40","6,145.37","6,231.72","6,106.91","793.16M","1.08%"
"28/02/2025","6,122.42","6,077.45","6,122.42","6,065.47","663.54M","0.04%"
"27/02/2025","6,119.71","6,116.07","6,143.13","6,079.43","672.47M","-0.45%"
"26/02/2025","6,147.39","6,117.63","6,166.25","6,104.25","677.34M","1.13%"
"25/02/2025","6,078.99","6,100.65","6,121.22","6,073.77","753.48M","-0.51%"
"24/02/2025","6,110.07","6,145.62","6,153.38","6,090.79","1.54B","-0.67%"
"21/02/2025","6,151.48","6,140.42","6,171.89","6,131.20","1.08B","0.43%"
"20/02/2025","6,125.44","6,137.65","6,163.50","6,113.84","2.13B","0.14%"
"19/02/2025","6,116.88","6,189.31","6,190.90","6,107.07","3.51B","-1.16%"
"18/02/2025","6,188.65","6,189.88","6,202.38","6,155.16","4.29B","0.18%"
"17/02/2025","6,177.26","6,171.17","6,184.85","6,159.97","3.27B","0.15%"
"14/02/2025","6,168.23","6,155.06","6,191.99","6,150.25","1.07B","0.19%"
"13/02/2025","6,156.59","6,126.84","6,165.04","6,104.52","1.35B","1.46%"
"12/02/2025","6,067.93","6,068.15","6,087.06","6,027.36","3.97B","0.14%"
"11/02/2025","6,059.72","6,055.18","6,064.37","6,034.79","3.25B","0.28%"
"10/02/2025","6,042.70","6,042.70","6,042.70","6,042.70","560.03M","0.43%"
"07/02/2025","6,017.05","6,036.90","6,058.09","6,004.89","1.23B","-0.42%"
"06/02/2025","6,042.40","5,979.08","6,054.80","5,970.34","539.92M","1.39%"
"05/02/2025","5,959.43","5,956.81","5,964.47","5,933.77","268.48M","-0.17%"
"04/02/2025","5,969.31","5,943.42","5,975.01","5,896.17","740.01M","0.66%"
"03/02/2025","5,930.38","5,875.29","5,944.71","5,874.72","902.75M","-1.19%"
"31/01/2025","6,001.72","6,003.62","6,033.93","5,986.97","709.67M","0.12%"
"30/01/2025","5,994.78","5,963.67","6,002.74","5,953.66","1.68B","0.91%"
"29/01/2025","5,940.65","5,946.49","5,956.79","5,924.21","686.07M","-0.33%"
"28/01/2025","5,960.47","5,960.62","6,002.88","5,946.28","833.96M","-0.04%"
"27/01/2025","5,962.88","5,935.88","5,979.00","5,916.03","812.37M","-0.21%"
"24/01/2025","5,975.49","5,998.91","6,022.58","5,958.97","1.26B","0.42%"
"23/01/2025","5,950.73","5,923.03","5,954.01","5,906.50","551.01M","0.63%"
"22/01/2025","5,913.32","5,877.60","5,940.68","5,869.48","1.00B","0.75%"
"21/01/2025","5,869.09","5,831.94","5,871.70","5,831.94","3.47B","0.46%"
"20/01/2025","5,842.37","5,833.87","5,865.53","5,821.58","1.21B","0.31%"
"17/01/2025","5,824.09","5,804.33","5,839.19","5,792.36","2.65B","0.97%"
"16/01/2025","5,767.86","5,738.83","5,767.86","5,719.95","1.28B","1.95%"
"15/01/2025","5,657.48","5,634.41","5,685.93","5,612.71","1.15B","0.76%"
"14/01/2025","5,614.58","5,657.86","5,669.64","5,614.58","1.21B","0.21%"
"13/01/2025","5,602.76","5,604.50","5,613.54","5,561.43","2.30B","-0.29%"
"10/01/2025","5,619.26","5,668.29","5,686.79","5,610.45","1.84B","-0.82%"
"09/01/2025","5,665.78","5,616.85","5,676.22","5,609.62","1.58B","0.47%"
"08/01/2025","5,639.27","5,667.16","5,673.32","5,598.61","1.06B","-0.51%"
"07/01/2025","5,668.00","5,634.15","5,689.26","5,617.07","1.57B","0.48%"
"06/01/2025","5,641.12","5,543.70","5,649.36","5,538.57","839.15M","2.19%"
"03/01/2025","5,520.35","5,596.54","5,597.24","5,512.50","1.63B","-1.45%"
"02/01/2025","5,601.58","5,588.94","5,606.92","5,524.30","1.56B","0.18%"
"31/12/2024","5,591.74","5,522.69","5,592.41","5,520.98","585.79M","0.93%"
"30/12/2024","5,540.13","5,548.77","5,582.97","5,529.44","2.64B","-0.54%"
"27/12/2024","5,570.33","5,521.75","5,570.33","5,514.12","3.17B","0.99%"
"24/12/2024","5,515.64","5,525.40","5,541.41","5,515.64","422.92M","0.15%"
"23/12/2024","5,507.56","5,497.07","5,521.64","5,477.12","2.21B","-0.02%"
"20/12/2024","5,508.70","5,483.82","5,519.58","5,448.18","3.02B","-0.24%"
"19/12/2024","5,521.78","5,517.23","5,547.07","5,498.05","4.18B","-1.24%"
"18/12/2024","5,590.84","5,587.40","5,600.68","5,573.22","4.11B","0.27%"
"17/12/2024","5,576.04","5,546.29","5,588.54","5,542.59","4.62B","0.05%"
"16/12/2024","5,573.01","5,594.09","5,602.95","5,558.99","4.40B","-0.73%"
"13/12/2024","5,613.72","5,615.77","5,651.94","5,598.84","4.85B","-0.17%"
"12/12/2024","5,623.34","5,648.80","5,649.36","5,617.44","6.08B","-0.05%"
"11/12/2024","5,626.29","5,589.08","5,636.95","5,585.61","3.88B","0.34%"
"10/12/2024","5,607.05","5,644.69","5,649.34","5,599.97","2.37B","-1.01%"
"09/12/2024","5,664.01","5,664.89","5,685.69","5,639.69","3.03B","0.67%"
"06/12/2024","5,626.10","5,559.68","5,638.05","5,559.66","6.20B","1.27%"
"05/12/2024","5,555.33","5,528.84","5,568.18","5,526.39","132.54M","0.47%"
"04/12/2024","5,529.56","5,505.30","5,543.15","5,500.20","112.23M","0.72%"
"03/12/2024","5,489.97","5,496.43","5,538.44","5,471.48","117.80M","0.20%"
"02/12/2024","5,479.04","5,433.29","5,510.24","5,424.88","140.90M","-0.13%"
"29/11/2024","5,486.23","5,440.68","5,490.17","5,435.72","111.08M","0.70%"
"28/11/2024","5,447.90","5,441.25","5,467.83","5,435.02","122.11M","0.51%"
"27/11/2024","5,420.15","5,413.10","5,429.42","5,381.96","146.03M","-0.69%"
"26/11/2024","5,457.97","5,465.00","5,504.07","5,451.90","127.62M","-0.88%"
"25/11/2024","5,506.31","5,554.15","5,555.00","5,489.44","198.84M","0.09%"
"22/11/2024","5,501.59","5,494.30","5,512.99","5,426.65","103.80M","0.59%"
"21/11/2024","5,469.58","5,458.68","5,476.95","5,411.20","89.10M","0.15%"
"20/11/2024","5,461.25","5,512.25","5,522.06","5,453.53","91.98M","-0.45%"
"19/11/2024","5,485.93","5,538.92","5,541.94","5,415.32","94.72M","-0.68%"
"18/11/2024","5,523.70","5,527.08","5,534.52","5,491.68","79.69M","0.10%"
"15/11/2024","5,518.30","5,505.75","5,556.84","5,492.79","106.07M","-0.54%"
"14/11/2024","5,548.40","5,480.60","5,553.53","5,480.60","107.08M","1.34%"
"13/11/2024","5,475.26","5,472.27","5,506.94","5,432.30","91.10M","-0.16%"
"12/11/2024","5,484.12","5,571.06","5,585.24","5,477.90","109.99M","-2.66%"
"11/11/2024","5,634.05","5,612.73","5,653.98","5,608.13","76.90M","1.14%"
"08/11/2024","5,570.49","5,639.69","5,640.92","5,563.77","95.22M","-1.08%"
"07/11/2024","5,631.18","5,590.71","5,631.18","5,579.41","117.14M","0.77%"
"06/11/2024","5,588.20","5,650.05","5,650.05","5,566.01","137.94M","-0.55%"
"05/11/2024","5,619.09","5,596.10","5,619.09","5,576.98","63.92M","0.47%"
"04/11/2024","5,592.94","5,602.82","5,602.82","5,592.94","65.37M","-0.48%"
"01/11/2024","5,619.89","5,585.62","5,619.89","5,582.05","74.25M","0.78%"
"31/10/2024","5,576.13","5,599.68","5,599.68","5,550.18","131.97M","-0.96%"
"30/10/2024","5,630.00","5,660.74","5,660.74","5,595.09","94.55M","-1.11%"
"29/10/2024","5,693.17","5,755.76","5,755.76","5,689.83","78.01M","-0.61%"
"28/10/2024","5,728.31","5,715.47","5,728.31","5,681.11","76.86M","0.80%"
"25/10/2024","5,682.63","5,676.29","5,682.63","5,654.32","74.31M","-0.10%"
"24/10/2024","5,688.53","5,705.83","5,705.83","5,688.53","82.63M","0.09%"
"23/10/2024","5,683.30","5,681.90","5,683.30","5,664.21","69.39M","-0.50%"
"22/10/2024","5,711.69","5,698.35","5,711.69","5,665.54","70.47M","0.00%"
"21/10/2024","5,711.91","5,747.29","5,747.29","5,707.06","67.28M","-1.03%"
"18/10/2024","5,771.12","5,736.85","5,771.12","5,736.85","87.79M","0.37%"
"17/10/2024","5,749.58","5,696.90","5,749.58","5,694.46","83.30M","1.17%"
"16/10/2024","5,683.09","5,630.56","5,683.09","5,630.56","86.83M","-0.35%"
"15/10/2024","5,702.99","5,754.92","5,754.92","5,695.29","95.67M","-0.96%"
"14/10/2024","5,758.48","5,745.33","5,758.48","5,716.12","61.32M","0.29%"
"11/10/2024","5,741.98","5,704.90","5,741.98","5,688.39","71.33M","0.50%"
"10/10/2024","5,713.14","5,716.63","5,716.63","5,695.50","65.90M","-0.27%"
"09/10/2024","5,728.67","5,702.04","5,728.67","5,686.82","66.22M","0.54%"
"08/10/2024","5,697.65","5,666.90","5,697.65","5,663.04","74.83M","-0.69%"
"07/10/2024","5,737.03","5,738.55","5,738.55","5,690.08","76.99M","0.36%"
"04/10/2024","5,716.32","5,656.05","5,716.32","5,653.13","104.08M","0.93%"
"03/10/2024","5,663.86","5,720.31","5,720.31","5,650.21","98.46M","-1.29%"
"02/10/2024","5,737.59","5,750.67","5,750.67","5,716.68","82.41M","0.01%"
"01/10/2024","5,737.09","5,774.28","5,774.28","5,717.94","92.48M","-0.77%"
"30/09/2024","5,781.49","5,866.35","5,866.35","5,781.15","134.24M","-2.02%"
"27/09/2024","5,900.94","5,875.98","5,911.14","5,865.84","105.80M","0.66%"
"26/09/2024","5,862.17","5,800.32","5,862.17","5,797.25","113.30M","2.23%"
"25/09/2024","5,734.41","5,720.46","5,757.06","5,719.37","81.55M","-0.45%"
"24/09/2024","5,760.56","5,767.18","5,767.18","5,740.38","83.19M","1.18%"
"23/09/2024","5,693.42","5,687.52","5,701.76","5,654.53","87.60M","0.09%"
"20/09/2024","5,688.32","5,762.75","5,766.80","5,688.32","189.70M","-1.53%"
"19/09/2024","5,776.44","5,733.94","5,776.44","5,707.66","97.82M","2.24%"
"18/09/2024","5,649.97","5,681.10","5,684.40","5,648.81","73.34M","-0.52%"
"17/09/2024","5,679.73","5,676.52","5,706.64","5,669.04","80.56M","0.54%"
"16/09/2024","5,649.14","5,646.75","5,673.20","5,641.62","61.48M","-0.21%"
"13/09/2024","5,661.19","5,639.54","5,679.60","5,638.85","82.37M","0.46%"
"12/09/2024","5,635.11","5,668.03","5,671.67","5,603.49","76.17M","0.54%"
"11/09/2024","5,604.80","5,622.08","5,645.72","5,579.82","80.96M","-0.18%"
"10/09/2024","5,614.64","5,620.69","5,667.41","5,599.41","79.27M","-0.27%"
"09/09/2024","5,629.66","5,595.18","5,644.32","5,590.48","66.38M","0.96%"
"06/09/2024","5,576.33","5,628.96","5,661.39","5,568.63","84.77M","-1.12%"
"05/09/2024","5,639.50","5,658.80","5,683.84","5,639.50","82.40M","-0.78%"
"04/09/2024","5,683.92","5,670.97","5,702.48","5,667.92","72.12M","-0.93%"
"03/09/2024","5,737.01","5,799.73","5,808.69","5,729.25","70.74M","-0.92%"
"02/09/2024","5,790.11","5,779.27","5,793.04","5,735.36","47.16M","0.14%"
"30/08/2024","5,781.78","5,789.34","5,826.25","5,781.78","106.39M","-0.07%"
"29/08/2024","5,785.83","5,739.39","5,788.21","5,739.01","53.23M","0.79%"
"28/08/2024","5,740.65","5,747.44","5,765.12","5,740.65","50.42M","0.15%"
"27/08/2024","5,732.09","5,756.87","5,775.05","5,732.09","50.13M","-0.30%"
"26/08/2024","5,749.15","5,739.81","5,761.91","5,738.77","38.68M","0.17%"
"23/08/2024","5,739.25","5,713.95","5,743.54","5,706.48","51.92M","0.70%"
"22/08/2024","5,699.12","5,699.98","5,731.13","5,698.24","44.82M","0.03%"
"21/08/2024","5,697.43","5,670.40","5,701.60","5,670.35","49.60M","0.51%"
"20/08/2024","5,668.65","5,695.37","5,705.03","5,665.65","53.28M","-0.24%"
"19/08/2024","5,682.49","5,639.38","5,696.33","5,639.38","61.45M","0.70%"
"16/08/2024","5,643.24","5,639.71","5,652.43","5,621.86","63.64M","0.32%"
"15/08/2024","5,624.97","5,575.54","5,636.28","5,548.24","63.21M","1.19%"
"14/08/2024","5,558.56","5,557.89","5,558.56","5,532.78","55.36M","0.75%"
"13/08/2024","5,516.97","5,516.88","5,520.70","5,476.21","56.97M","0.37%"
"12/08/2024","5,496.69","5,531.37","5,539.79","5,484.62","51.02M","-0.25%"
"09/08/2024","5,510.63","5,500.95","5,548.31","5,483.64","59.61M","0.36%"
"08/08/2024","5,491.09","5,476.31","5,503.25","5,433.71","70.01M","-0.33%"
"07/08/2024","5,509.21","5,433.23","5,525.64","5,422.56","99.97M","1.88%"
"06/08/2024","5,407.73","5,424.63","5,449.89","5,362.84","97.03M","-0.22%"
"05/08/2024","5,419.59","5,381.60","5,427.27","5,332.63","140.18M","-1.49%"
"02/08/2024","5,501.61","5,564.81","5,577.36","5,484.88","133.68M","-1.68%"
"01/08/2024","5,595.35","5,675.42","5,677.42","5,586.20","111.53M","-2.08%"
"31/07/2024","5,714.18","5,739.92","5,754.45","5,706.07","96.44M","0.72%"
"30/07/2024","5,673.12","5,664.38","5,692.92","5,654.38","73.34M","0.41%"
"29/07/2024","5,649.87","5,725.10","5,725.10","5,639.20","75.82M","-0.93%"
"26/07/2024","5,702.66","5,644.62","5,710.06","5,633.07","97.51M","1.29%"
"25/07/2024","5,630.19","5,620.16","5,632.42","5,562.55","120.88M","-1.13%"
"24/07/2024","5,694.26","5,675.84","5,714.33","5,659.15","80.24M","-1.02%"
"23/07/2024","5,752.82","5,771.54","5,798.15","5,733.33","75.55M","-0.28%"
"22/07/2024","5,769.14","5,731.81","5,790.23","5,727.74","74.17M","1.16%"
"19/07/2024","5,702.80","5,724.92","5,728.79","5,690.05","94.19M","-0.80%"
"18/07/2024","5,749.06","5,761.14","5,797.31","5,727.13","83.29M","0.25%"
"17/07/2024","5,734.99","5,722.47","5,758.28","5,700.06","78.15M","-0.09%"
"16/07/2024","5,740.32","5,733.96","5,756.58","5,719.94","90.98M","-0.67%"
"15/07/2024","5,779.02","5,812.84","5,836.96","5,768.29","","-1.12%"
"12/07/2024","5,844.23","5,801.52","5,853.93","5,796.77","84.75M","1.21%"
"11/07/2024","5,774.38","5,758.91","5,785.52","5,731.06","86.70M","0.78%"
"10/07/2024","5,729.41","5,692.00","5,733.86","5,664.49","82.75M","0.89%"
"09/07/2024","5,678.70","5,746.55","5,750.07","5,662.01","99.70M","-1.61%"
"08/07/2024","5,771.38","5,770.94","5,859.39","5,769.73","90.93M","-0.59%"
"05/07/2024","5,805.48","5,826.70","5,851.98","5,781.94","78.05M","-0.24%"
"04/07/2024","5,819.48","5,804.84","5,823.24","5,798.37","72.32M","0.83%"
"03/07/2024","5,771.43","5,729.99","5,791.82","5,719.32","95.64M","1.27%"
"02/07/2024","5,698.89","5,681.53","5,703.03","5,652.68","96.17M","-0.30%"
"01/07/2024","5,716.04","5,801.44","5,811.85","5,716.04","","1.14%"
"28/06/2024","5,651.34","5,703.37","5,703.37","5,634.82","124.11M","-0.73%"
"27/06/2024","5,693.07","5,758.21","5,763.20","5,687.62","93.78M","-1.01%"
"26/06/2024","5,751.30","5,825.31","5,826.15","5,715.73","101.23M","-0.73%"
"25/06/2024","5,793.75","5,787.64","5,803.16","5,762.09","102.44M","-0.61%"
"24/06/2024","5,829.59","5,772.81","5,841.58","5,767.24","94.20M","1.04%"
"21/06/2024","5,769.57","5,793.76","5,807.51","5,751.21","218.36M","-0.64%"
"20/06/2024","5,806.78","5,740.38","5,814.07","5,739.94","122.84M","1.35%"
"19/06/2024","5,729.29","5,766.39","5,771.67","5,726.70","103.03M","-0.76%"
"18/06/2024","5,773.05","5,777.53","5,780.94","5,723.50","107.00M","0.80%"
"17/06/2024","5,727.19","5,703.64","5,737.79","5,662.30","122.49M","0.85%"
"14/06/2024","5,678.92","5,820.34","5,821.19","5,650.04","224.85M","-2.75%"
"13/06/2024","5,839.54","5,955.04","5,957.01","5,828.63","141.51M","-2.07%"
"12/06/2024","5,962.72","5,922.05","5,972.49","5,914.01","120.87M","0.97%"
"11/06/2024","5,905.65","6,006.68","6,013.08","5,885.41","137.25M","-1.36%"
"10/06/2024","5,987.17","5,925.90","5,987.17","5,925.90","137.39M","-1.35%"
"07/06/2024","6,069.10","6,105.64","6,106.36","6,028.14","96.13M","-0.53%"
"06/06/2024","6,101.33","6,105.78","6,114.28","6,083.19","82.01M","0.40%"
"05/06/2024","6,077.20","6,058.77","6,097.85","6,042.25","91.03M","0.83%"
"04/06/2024","6,027.22","6,055.15","6,061.00","6,010.11","99.20M","-0.76%"
"03/06/2024","6,073.22","6,125.45","6,125.69","6,070.20","93.91M","0.09%"
"31/05/2024","6,067.93","6,054.52","6,069.56","6,043.05","239.87M","0.21%"
"30/05/2024","6,055.21","6,011.36","6,056.84","6,009.76","79.69M","0.57%"
"29/05/2024","6,021.08","6,093.95","6,098.50","6,014.69","98.11M","-1.50%"
"28/05/2024","6,112.62","6,169.10","6,179.57","6,101.13","84.29M","-0.88%"
"27/05/2024","6,167.09","6,132.58","6,167.09","6,132.22","58.19M","0.48%"
"24/05/2024","6,137.58","6,103.58","6,144.15","6,095.61","66.20M","-0.05%"
"23/05/2024","6,140.79","6,142.62","6,165.78","6,126.46","73.07M","0.10%"
"22/05/2024","6,134.62","6,160.50","6,160.50","6,123.38","82.97M","-0.59%"
"21/05/2024","6,170.78","6,186.23","6,189.59","6,138.65","79.20M","-0.67%"
"20/05/2024","6,212.24","6,199.21","6,230.50","6,196.88","58.81M","0.32%"
"17/05/2024","6,192.19","6,198.72","6,209.73","6,167.31","102.07M","-0.28%"
"16/05/2024","6,209.45","6,244.03","6,244.03","6,203.94","96.83M","-0.56%"
"15/05/2024","6,244.16","6,246.02","6,254.97","6,216.99","124.05M","0.18%"
"14/05/2024","6,232.79","6,220.37","6,238.82","6,204.04","87.79M","0.24%"
"13/05/2024","6,217.91","6,219.67","6,229.25","6,201.15","76.32M","-0.10%"
"10/05/2024","6,224.24","6,232.49","6,252.85","6,218.51","87.42M","0.39%"
"09/05/2024","6,199.77","6,155.36","6,203.53","6,148.54","62.70M","0.66%"
"08/05/2024","6,159.09","6,130.76","6,177.92","6,128.66","87.48M","0.66%"
"07/05/2024","6,118.70","6,090.73","6,119.91","6,068.73","96.73M","1.00%"
"06/05/2024","6,058.41","6,036.76","6,084.75","6,032.33","68.18M","0.51%"
"03/05/2024","6,027.73","6,016.05","6,064.49","6,000.96","101.46M","0.57%"
"02/05/2024","5,993.68","6,019.72","6,021.45","5,988.27","111.72M","-0.74%"
"30/04/2024","6,038.29","6,105.51","6,110.00","6,029.53","117.34M","-0.98%"
"29/04/2024","6,098.18","6,129.53","6,141.93","6,098.18","88.71M","-0.20%"
"26/04/2024","6,110.15","6,098.42","6,130.02","6,066.07","93.16M","0.90%"
"25/04/2024","6,055.72","6,113.04","6,114.51","6,011.55","99.04M","-0.93%"
"24/04/2024","6,112.33","6,126.15","6,153.47","6,103.14","95.33M","-0.20%"
"23/04/2024","6,124.72","6,095.12","6,128.87","6,085.99","88.97M","0.80%"
"22/04/2024","6,076.34","6,095.46","6,097.89","6,052.25","85.18M","0.26%"
"19/04/2024","6,060.30","6,021.39","6,072.25","6,005.48","97.40M","-0.07%"
"18/04/2024","6,064.38","6,056.67","6,075.90","6,027.90","85.66M","0.52%"
"17/04/2024","6,033.18","6,014.79","6,091.36","6,014.79","89.47M","0.57%"
"16/04/2024","5,998.72","5,974.86","6,029.18","5,974.86","107.96M","-1.39%"
"15/04/2024","6,083.23","6,088.58","6,145.18","6,072.20","81.32M","0.39%"
"12/04/2024","6,059.85","6,125.29","6,142.22","6,038.28","92.29M","-0.18%"
"11/04/2024","6,071.04","6,089.57","6,121.74","6,034.83","101.59M","-0.28%"
"10/04/2024","6,088.17","6,132.33","6,133.14","6,037.10","103.99M","-0.09%"
"09/04/2024","6,093.40","6,121.65","6,134.37","6,081.43","89.93M","-0.79%"
"08/04/2024","6,141.90","6,088.38","6,160.17","6,088.38","89.52M","0.74%"
"05/04/2024","6,096.61","6,087.04","6,096.97","6,064.23","97.34M","-1.10%"
"04/04/2024","6,164.35","6,165.57","6,193.08","6,154.42","82.35M","-0.04%"
"03/04/2024","6,166.74","6,156.71","6,171.28","6,137.76","97.73M","0.33%"
"02/04/2024","6,146.32","6,195.10","6,239.43","6,140.98","108.41M","-0.90%"
"28/03/2024","6,202.23","6,215.28","6,235.35","6,202.23","98.40M","0.05%"
"27/03/2024","6,199.19","6,185.68","6,216.10","6,175.95","76.44M","0.24%"
"26/03/2024","6,184.15","6,165.63","6,187.17","6,146.31","85.72M","0.42%"
"25/03/2024","6,158.50","6,155.34","6,168.53","6,121.79","76.94M","0.02%"
"22/03/2024","6,157.04","6,153.82","6,176.82","6,140.56","80.16M","-0.29%"
"21/03/2024","6,175.03","6,209.46","6,210.09","6,145.64","427.28M","0.31%"
"20/03/2024","6,156.00","6,144.33","6,160.77","6,127.31","411.61M","-0.39%"
"19/03/2024","6,179.83","6,144.93","6,180.85","6,137.86","282.29M","0.59%"
"18/03/2024","6,143.32","6,163.55","6,170.47","6,134.35","286.38M","-0.17%"
"15/03/2024","6,153.74","6,155.94","6,188.86","6,151.99","403.66M","-0.01%"
"14/03/2024","6,154.27","6,154.26","6,196.38","6,148.26","172.63M","0.23%"
"13/03/2024","6,139.89","6,118.10","6,153.55","6,106.99","126.83M","0.58%"
"12/03/2024","6,104.59","6,078.43","6,109.53","6,041.17","146.59M","0.83%"
"11/03/2024","6,054.16","6,029.42","6,057.75","6,027.22","160.81M","-0.15%"
"08/03/2024","6,063.14","6,055.51","6,077.78","6,046.95","125.72M","0.15%"
"07/03/2024","6,054.06","5,985.80","6,064.31","5,971.30","239.49M","0.77%"
"06/03/2024","6,007.85","5,986.23","6,017.82","5,982.63","207.89M","0.28%"
"05/03/2024","5,990.79","5,999.30","6,012.68","5,983.86","167.76M","-0.29%"
"04/03/2024","6,007.99","5,994.56","6,008.00","5,980.60","287.19M","0.23%"
"01/03/2024","5,993.95","6,005.67","6,016.74","5,969.07","448.26M","0.11%"
"29/02/2024","5,987.53","6,021.20","6,024.08","5,987.53","2.17B","-0.33%"
"28/02/2024","6,007.56","6,006.53","6,011.55","5,990.05","207.19M","0.00%"
"27/02/2024","6,007.68","5,990.09","6,013.29","5,982.75","347.73M","0.26%"
"26/02/2024","5,992.01","6,010.53","6,011.73","5,987.21","363.45M","-0.49%"
"23/02/2024","6,021.57","5,991.34","6,027.89","5,979.67","145.38M","0.64%"
"22/02/2024","5,983.53","5,958.00","5,994.20","5,941.50","211.61M","1.30%"
"21/02/2024","5,906.90","5,899.00","5,915.28","5,888.93","184.17M","0.22%"
"20/02/2024","5,893.96","5,875.72","5,900.57","5,868.98","228.53M","0.25%"
"19/02/2024","5,879.27","5,863.45","5,879.69","5,851.15","188.86M","-0.07%"
"16/02/2024","5,883.26","5,887.76","5,906.49","5,874.06","330.36M","0.36%"
"15/02/2024","5,862.09","5,849.12","5,868.88","5,848.77","266.57M","0.85%"
"14/02/2024","5,812.43","5,776.85","5,816.04","5,770.58","260.82M","0.64%"
"13/02/2024","5,775.41","5,825.13","5,826.92","5,754.12","421.00M","-0.87%"
"12/02/2024","5,826.33","5,816.17","5,831.45","5,808.97","219.22M","0.55%"
"09/02/2024","5,794.69","5,796.45","5,809.86","5,773.22","311.59M","-0.21%"
"08/02/2024","5,806.79","5,775.96","5,822.92","5,766.74","355.06M","0.68%"
"07/02/2024","5,767.29","5,791.97","5,798.33","5,767.16","186.54M","-0.38%"
"06/02/2024","5,789.41","5,785.18","5,791.75","5,755.23","177.28M","0.61%"
"05/02/2024","5,754.06","5,755.53","5,768.75","5,731.47","367.70M","-0.07%"
"02/02/2024","5,758.33","5,785.21","5,800.54","5,756.36","322.01M","0.04%"
"01/02/2024","5,756.15","5,757.64","5,780.89","5,742.57","345.01M","-0.86%"
"31/01/2024","5,806.05","5,830.65","5,840.12","5,804.17","174.87M","-0.21%"
"30/01/2024","5,818.30","5,809.47","5,825.67","5,798.21","190.52M","0.40%"
"29/01/2024","5,795.07","5,797.68","5,800.22","5,779.68","190.80M","0.03%"
"26/01/2024","5,793.12","5,735.92","5,801.82","5,734.07","179.43M","2.17%"
"25/01/2024","5,670.16","5,658.36","5,671.43","5,630.96","169.81M","0.11%"
"24/01/2024","5,663.84","5,634.83","5,672.35","5,626.37","161.38M","0.92%"
"23/01/2024","5,612.14","5,656.82","5,656.82","5,602.83","182.30M","-0.30%"
"22/01/2024","5,629.02","5,642.45","5,657.14","5,611.89","160.43M","0.63%"
"19/01/2024","5,593.53","5,650.13","5,650.13","5,578.45","213.76M","-0.40%"
"18/01/2024","5,615.89","5,575.62","5,623.13","5,559.47","257.70M","1.08%"
"17/01/2024","5,555.78","5,554.68","5,559.48","5,526.38","295.49M","-1.11%"
"16/01/2024","5,617.89","5,595.65","5,619.46","5,580.19","133.95M","-0.24%"
"15/01/2024","5,631.31","5,670.32","5,678.94","5,623.34","207.44M","-0.68%"
"12/01/2024","5,669.74","5,632.27","5,681.43","5,630.02","169.90M","1.04%"
"11/01/2024","5,611.55","5,671.36","5,680.74","5,608.89","180.29M","-0.53%"
"10/01/2024","5,641.21","5,644.19","5,663.55","5,629.62","169.42M","-0.05%"
"09/01/2024","5,644.09","5,668.76","5,669.59","5,625.11","514.98M","-0.32%"
"08/01/2024","5,662.36","5,628.67","5,662.36","5,601.69","332.35M","0.40%"
"05/01/2024","5,639.53","5,623.71","5,654.40","5,584.33","174.65M","-0.43%"
"04/01/2024","5,664.09","5,640.52","5,668.08","5,631.57","261.35M","0.54%"
"03/01/2024","5,633.49","5,717.27","5,724.45","5,609.60","299.36M","-1.58%"
"02/01/2024","5,724.05","5,757.45","5,784.41","5,688.05","447.66M","-0.14%"
"29/12/2023","5,732.18","5,735.86","5,752.64","5,723.63","333.37M","0.09%"
"28/12/2023","5,727.26","5,768.76","5,770.83","5,724.73","461.68M","-0.46%"
"27/12/2023","5,753.88","5,759.00","5,776.65","5,744.84","1.17B","0.08%"
"22/12/2023","5,749.23","5,744.79","5,763.16","5,739.54","174.51M","-0.01%"
"21/12/2023","5,749.99","5,737.38","5,750.39","5,722.78","311.87M","-0.17%"
"20/12/2023","5,759.94","5,767.08","5,774.27","5,734.37","300.67M","0.15%"
"19/12/2023","5,751.30","5,736.72","5,754.79","5,733.91","289.51M","0.17%"
"18/12/2023","5,741.81","5,734.79","5,750.73","5,726.73","1.77B","-0.34%"
"15/12/2023","5,761.38","5,772.57","5,796.69","5,757.82","601.95M","0.24%"
"14/12/2023","5,747.74","5,785.66","5,802.22","5,726.77","430.64M","0.82%"
"13/12/2023","5,701.21","5,709.24","5,739.02","5,699.87","255.50M","-0.16%"
"12/12/2023","5,710.61","5,722.37","5,740.35","5,708.91","404.57M","-0.12%"
"11/12/2023","5,717.45","5,705.56","5,722.94","5,698.12","269.33M","0.33%"
"08/12/2023","5,698.88","5,636.33","5,712.90","5,634.41","857.16M","1.27%"
"07/12/2023","5,627.45","5,623.02","5,634.92","5,615.52","258.00M","-0.10%"
"06/12/2023","5,633.29","5,606.92","5,647.91","5,596.24","545.21M","0.65%"
"05/12/2023","5,597.00","5,558.32","5,601.35","5,557.47","435.16M","0.73%"
"04/12/2023","5,556.61","5,560.17","5,578.00","5,546.83","388.73M","-0.38%"
"01/12/2023","5,577.77","5,576.86","5,585.76","5,551.13","445.18M","0.51%"
"30/11/2023","5,549.40","5,525.67","5,558.51","5,509.51","1.05B","0.55%"
"29/11/2023","5,519.19","5,525.21","5,572.45","5,519.19","93.02M","0.28%"
"28/11/2023","5,503.54","5,514.48","5,540.21","5,502.80","79.15M","-0.19%"
"27/11/2023","5,514.22","5,538.38","5,546.07","5,514.02","71.36M","-0.38%"
"24/11/2023","5,535.37","5,520.43","5,538.62","5,514.81","65.79M","0.25%"
"23/11/2023","5,521.81","5,520.25","5,527.18","5,512.45","57.81M","0.21%"
"22/11/2023","5,510.47","5,506.60","5,519.83","5,497.72","75.60M","0.47%"
"21/11/2023","5,484.85","5,490.19","5,502.31","5,476.30","70.98M","-0.29%"
"20/11/2023","5,500.94","5,497.29","5,514.77","5,492.88","73.02M","0.17%"
"17/11/2023","5,491.58","5,461.83","5,503.14","5,461.83","99.36M","0.94%"
"16/11/2023","5,440.21","5,467.76","5,474.33","5,440.21","98.17M","-0.60%"
"15/11/2023","5,472.90","5,476.08","5,501.31","5,464.05","113.56M","0.32%"
"14/11/2023","5,455.40","5,381.31","5,470.52","5,372.03","110.01M","1.51%"
"13/11/2023","5,374.44","5,362.27","5,385.77","5,351.59","76.95M","0.58%"
"10/11/2023","5,343.49","5,363.38","5,371.22","5,314.44","84.65M","-0.97%"
"09/11/2023","5,395.94","5,339.58","5,402.37","5,330.26","89.97M","1.13%"
"08/11/2023","5,335.79","5,273.38","5,360.79","5,272.95","91.51M","0.67%"
"07/11/2023","5,300.13","5,288.88","5,319.93","5,283.66","100.33M","-0.43%"
"06/11/2023","5,322.77","5,365.22","5,367.30","5,318.06","83.00M","-0.51%"
"03/11/2023","5,350.30","5,373.09","5,379.05","5,347.26","102.78M","-0.08%"
"02/11/2023","5,354.58","5,295.24","5,382.04","5,294.07","103.76M","1.89%"
"01/11/2023","5,255.14","5,241.35","5,271.51","5,210.94","74.17M","0.68%"
"31/10/2023","5,219.88","5,184.47","5,231.82","5,179.21","96.69M","0.91%"
"30/10/2023","5,172.68","5,173.03","5,195.07","5,162.02","84.17M","0.46%"
"27/10/2023","5,149.07","5,219.95","5,219.95","5,140.75","102.41M","-1.23%"
"26/10/2023","5,213.15","5,173.95","5,232.33","5,165.93","109.47M","-0.36%"
"25/10/2023","5,231.84","5,197.75","5,241.46","5,184.09","106.60M","0.19%"
"24/10/2023","5,222.15","5,202.23","5,234.18","5,178.49","84.27M","0.61%"
"23/10/2023","5,190.44","5,170.40","5,194.68","5,132.00","83.35M","0.44%"
"20/10/2023","5,167.57","5,193.59","5,214.87","5,167.14","113.44M","-1.52%"
"19/10/2023","5,247.12","5,249.09","5,263.84","5,219.69","90.92M","-0.71%"
"18/10/2023","5,284.82","5,326.42","5,343.62","5,276.02","74.16M","-0.93%"
"17/10/2023","5,334.18","5,325.16","5,351.67","5,289.02","70.84M","0.08%"
"16/10/2023","5,329.96","5,340.79","5,349.49","5,283.57","81.54M","0.29%"
"13/10/2023","5,314.81","5,388.10","5,395.78","5,310.84","98.39M","-1.51%"
"12/10/2023","5,396.43","5,442.04","5,454.23","5,391.65","85.13M","-0.34%"
"11/10/2023","5,414.96","5,386.93","5,440.73","5,379.68","94.24M","-0.43%"
"10/10/2023","5,438.10","5,385.99","5,443.91","5,385.99","98.65M","1.99%"
"09/10/2023","5,331.79","5,346.98","5,359.04","5,301.84","85.44M","-0.57%"
"06/10/2023","5,362.14","5,334.07","5,364.91","5,302.69","89.90M","0.86%"
"05/10/2023","5,316.33","5,325.87","5,337.36","5,297.13","93.43M","0.03%"
"04/10/2023","5,314.77","5,286.05","5,354.08","5,278.46","86.40M","-0.01%"
"03/10/2023","5,315.20","5,344.39","5,378.02","5,310.45","91.92M","-1.09%"
"02/10/2023","5,373.96","5,449.64","5,473.40","5,350.31","79.24M","-0.99%"
"29/09/2023","5,427.46","5,438.20","5,478.95","5,427.46","95.27M","0.33%"
"28/09/2023","5,409.80","5,374.08","5,410.75","5,354.21","86.85M","0.60%"
"27/09/2023","5,377.32","5,375.99","5,404.17","5,363.47","81.31M","-0.03%"
"26/09/2023","5,379.16","5,387.70","5,395.37","5,349.75","84.51M","-0.72%"
"25/09/2023","5,418.21","5,446.18","5,476.06","5,391.34","84.84M","-0.90%"
"22/09/2023","5,467.16","5,438.05","5,481.38","5,429.78","83.67M","-0.40%"
"21/09/2023","5,489.36","5,522.34","5,532.29","5,478.87","103.96M","-1.63%"
"20/09/2023","5,580.08","5,540.17","5,595.60","5,536.49","86.34M","0.69%"
"19/09/2023","5,541.64","5,523.37","5,558.98","5,517.84","78.28M","0.09%"
"18/09/2023","5,536.84","5,597.90","5,597.90","5,521.97","114.43M","-1.43%"
"15/09/2023","5,617.29","5,621.40","5,658.77","5,608.60","218.11M","0.90%"
"14/09/2023","5,567.44","5,499.10","5,577.94","5,474.98","94.16M","1.16%"
"13/09/2023","5,503.67","5,505.80","5,523.16","5,475.13","78.89M","-0.39%"
"12/09/2023","5,525.42","5,553.32","5,557.58","5,518.10","74.02M","-0.37%"
"11/09/2023","5,545.90","5,542.83","5,573.21","5,529.09","67.33M","0.51%"
"08/09/2023","5,517.58","5,504.78","5,521.75","5,441.23","69.13M","0.58%"
"07/09/2023","5,485.98","5,466.29","5,519.93","5,466.29","79.05M","-0.04%"
"06/09/2023","5,488.42","5,503.48","5,508.68","5,469.77","77.08M","-0.79%"
"05/09/2023","5,531.85","5,519.52","5,557.35","5,482.05","76.34M","-0.35%"
"04/09/2023","5,551.01","5,590.80","5,610.68","5,542.89","55.29M","-0.25%"
"01/09/2023","5,564.76","5,572.80","5,608.10","5,560.92","73.25M","-0.22%"
"31/08/2023","5,576.90","5,613.62","5,625.62","5,576.90","154.19M","-0.55%"
"30/08/2023","5,607.81","5,631.03","5,637.60","5,577.40","67.01M","-0.13%"
"29/08/2023","5,614.83","5,592.71","5,618.04","5,576.61","75.58M","0.69%"
"28/08/2023","5,576.09","5,553.08","5,586.30","5,530.16","61.56M","1.30%"
"25/08/2023","5,504.40","5,482.38","5,547.58","5,480.45","60.96M","0.18%"
"24/08/2023","5,494.44","5,565.39","5,590.35","5,491.58","63.19M","-0.44%"
"23/08/2023","5,518.96","5,531.95","5,553.31","5,501.54","66.22M","0.10%"
"22/08/2023","5,513.62","5,502.82","5,550.77","5,499.05","70.33M","0.62%"
"21/08/2023","5,479.73","5,456.64","5,524.79","5,456.64","67.25M","0.45%"
"18/08/2023","5,455.34","5,456.78","5,461.84","5,403.64","88.51M","-0.43%"
"17/08/2023","5,479.00","5,505.56","5,529.14","5,473.32","82.56M","-0.93%"
"16/08/2023","5,530.51","5,520.19","5,560.47","5,516.95","69.84M","-0.12%"
"15/08/2023","5,537.00","5,601.26","5,602.93","5,514.35","71.00M","-1.06%"
"14/08/2023","5,596.27","5,579.37","5,613.04","5,567.79","75.88M","0.11%"
"11/08/2023","5,590.14","5,630.51","5,641.89","5,575.13","87.29M","-1.27%"
"10/08/2023","5,662.10","5,618.72","5,685.23","5,615.56","90.38M","1.46%"
"09/08/2023","5,580.86","5,603.68","5,624.77","5,577.41","89.00M","0.68%"
"08/08/2023","5,543.32","5,543.18","5,583.95","5,506.83","97.21M","-0.65%"
"07/08/2023","5,579.85","5,557.19","5,586.56","5,542.12","74.30M","0.08%"
"04/08/2023","5,575.64","5,554.76","5,582.03","5,523.47","110.61M","0.72%"
"03/08/2023","5,535.81","5,533.65","5,545.17","5,502.83","120.01M","-0.71%"
"02/08/2023","5,575.64","5,575.91","5,621.81","5,555.33","129.07M","-1.24%"
"01/08/2023","5,645.49","5,696.32","5,710.32","5,643.09","113.90M","-1.16%"
"31/07/2023","5,711.64","5,699.15","5,731.75","5,690.99","126.21M","0.18%"
"28/07/2023","5,701.20","5,675.25","5,716.60","5,653.52","211.99M","0.11%"
"27/07/2023","5,694.87","5,616.92","5,705.56","5,606.88","130.62M","1.89%"
"26/07/2023","5,589.36","5,620.82","5,624.44","5,541.74","108.31M","-1.18%"
"25/07/2023","5,656.09","5,682.24","5,682.24","5,645.44","93.15M","-0.16%"
"24/07/2023","5,665.29","5,646.92","5,671.15","5,637.64","75.80M","-0.02%"
"21/07/2023","5,666.50","5,634.40","5,666.50","5,627.88","85.85M","0.62%"
"20/07/2023","5,631.40","5,574.03","5,636.05","5,573.32","89.37M","0.69%"
"19/07/2023","5,592.57","5,620.87","5,631.59","5,586.59","79.03M","0.17%"
"18/07/2023","5,583.29","5,551.93","5,588.41","5,551.38","76.86M","0.41%"
"17/07/2023","5,560.68","5,576.56","5,590.92","5,545.76","65.61M","-1.08%"
"14/07/2023","5,621.24","5,609.80","5,643.71","5,609.80","74.10M","0.01%"
"13/07/2023","5,620.88","5,603.31","5,649.00","5,595.76","97.95M","0.50%"
"12/07/2023","5,593.04","5,522.27","5,603.53","5,514.40","125.21M","1.58%"
"11/07/2023","5,505.90","5,473.23","5,524.19","5,469.84","73.83M","1.06%"
"10/07/2023","5,448.14","5,403.53","5,469.47","5,403.53","69.30M","0.42%"
"07/07/2023","5,425.22","5,409.08","5,452.64","5,379.79","93.22M","0.48%"
"06/07/2023","5,399.41","5,515.80","5,515.80","5,386.99","126.09M","-3.04%"
"05/07/2023","5,568.79","5,574.30","5,597.45","5,557.01","97.96M","-0.78%"
"04/07/2023","5,612.55","5,628.38","5,634.07","5,611.99","71.06M","-0.20%"
"03/07/2023","5,623.65","5,645.43","5,654.01","5,623.65","94.16M","-0.17%"
"30/06/2023","5,633.38","5,590.40","5,647.72","5,589.37","130.08M","1.12%"
"29/06/2023","5,570.72","5,562.54","5,597.08","5,553.19","104.20M","0.37%"
"28/06/2023","5,550.35","5,538.38","5,554.88","5,521.49","92.71M","1.03%"
"27/06/2023","5,493.69","5,495.25","5,509.28","5,453.32","89.83M","0.42%"
"26/06/2023","5,470.71","5,466.74","5,485.56","5,414.33","100.01M","0.25%"
"23/06/2023","5,457.26","5,462.54","5,480.79","5,431.81","91.76M","-0.64%"
"22/06/2023","5,492.31","5,487.50","5,494.69","5,448.68","86.90M","-0.75%"
"21/06/2023","5,533.58","5,543.52","5,560.84","5,523.61","81.57M","-0.45%"
"20/06/2023","5,558.37","5,565.98","5,580.02","5,549.55","91.93M","-0.34%"
"19/06/2023","5,577.13","5,616.02","5,616.02","5,568.44","83.11M","-1.08%"
"16/06/2023","5,638.02","5,584.46","5,649.14","5,573.85","248.72M","1.25%"
"15/06/2023","5,568.25","5,579.76","5,586.07","5,535.06","100.32M","-0.52%"
"14/06/2023","5,597.15","5,567.86","5,618.92","5,566.03","117.30M","0.53%"
"13/06/2023","5,567.39","5,566.43","5,577.61","5,533.26","103.85M","0.54%"
"12/06/2023","5,537.55","5,537.73","5,561.69","5,527.94","105.48M","0.51%"
"09/06/2023","5,509.51","5,521.70","5,527.89","5,490.10","91.12M","-0.10%"
"08/06/2023","5,515.21","5,493.92","5,525.85","5,485.82","86.02M","0.28%"
"07/06/2023","5,499.57","5,494.46","5,518.12","5,475.16","89.43M","-0.07%"
"06/06/2023","5,503.39","5,486.62","5,511.41","5,476.56","88.31M","0.15%"
"05/06/2023","5,495.25","5,564.78","5,564.78","5,489.65","92.26M","-0.92%"
"02/06/2023","5,546.20","5,478.78","5,551.85","5,477.85","117.56M","1.85%"
"01/06/2023","5,445.63","5,445.07","5,468.99","5,410.29","89.21M","0.59%"
"31/05/2023","5,413.50","5,435.58","5,475.55","5,402.92","300.78M","-1.50%"
"30/05/2023","5,496.01","5,547.63","5,559.62","5,486.26","97.46M","-1.24%"
"29/05/2023","5,564.79","5,601.34","5,604.15","5,556.46","50.49M","-0.20%"
"26/05/2023","5,576.14","5,531.85","5,587.98","5,495.29","92.30M","1.19%"
"25/05/2023","5,510.50","5,521.60","5,532.74","5,488.59","94.02M","-0.37%"
"24/05/2023","5,531.05","5,559.75","5,568.32","5,509.33","116.67M","-1.70%"
"23/05/2023","5,626.88","5,677.27","5,683.28","5,626.79","101.93M","-1.24%"
"22/05/2023","5,697.38","5,689.07","5,707.12","5,677.85","97.85M","-0.16%"
"19/05/2023","5,706.55","5,690.61","5,729.86","5,685.68","114.95M","0.58%"
"18/05/2023","5,673.55","5,669.99","5,699.20","5,657.65","106.30M","0.64%"
"17/05/2023","5,637.59","5,620.74","5,653.49","5,602.69","116.66M","-0.08%"
"16/05/2023","5,641.86","5,634.81","5,659.11","5,621.86","96.89M","-0.18%"
"15/05/2023","5,651.76","5,669.20","5,677.34","5,636.23","80.57M","0.06%"
"12/05/2023","5,648.51","5,654.68","5,682.29","5,635.02","94.84M","0.42%"
"11/05/2023","5,625.02","5,627.87","5,665.33","5,591.05","102.67M","0.26%"
"10/05/2023","5,610.38","5,640.44","5,649.46","5,593.73","116.41M","-0.45%"
"09/05/2023","5,635.61","5,646.01","5,651.25","5,607.09","102.07M","-0.60%"
"08/05/2023","5,669.37","5,660.15","5,680.48","5,650.97","85.05M","0.12%"
"05/05/2023","5,662.64","5,628.19","5,665.40","5,604.39","150.52M","1.24%"
"04/05/2023","5,593.54","5,626.49","5,634.45","5,576.09","151.82M","-0.88%"
"03/05/2023","5,643.15","5,646.62","5,671.01","5,636.90","109.98M","0.29%"
"02/05/2023","5,627.00","5,691.04","5,718.07","5,620.89","136.52M","-1.43%"
"28/04/2023","5,708.60","5,707.84","5,713.87","5,639.77","136.12M","0.22%"
"27/04/2023","5,696.30","5,674.07","5,713.97","5,667.46","125.02M","0.22%"
"26/04/2023","5,683.63","5,701.23","5,710.23","5,654.22","140.68M","-0.79%"
"25/04/2023","5,728.73","5,727.54","5,735.98","5,708.37","120.59M","-0.58%"
"24/04/2023","5,762.44","5,742.31","5,768.90","5,742.31","98.13M","-0.04%"
"21/04/2023","5,764.67","5,745.96","5,764.67","5,720.21","120.87M","0.45%"
"20/04/2023","5,738.60","5,744.35","5,747.00","5,715.92","113.33M","-0.22%"
"19/04/2023","5,751.06","5,739.33","5,757.86","5,724.63","108.68M","0.17%"
"18/04/2023","5,741.07","5,723.58","5,760.39","5,723.58","123.55M","0.45%"
"17/04/2023","5,715.47","5,738.72","5,754.53","5,715.19","111.94M","-0.19%"
"14/04/2023","5,726.35","5,713.20","5,737.08","5,706.54","118.03M","0.49%"
"13/04/2023","5,698.62","5,676.80","5,702.61","5,676.80","104.39M","1.05%"
"12/04/2023","5,639.51","5,639.08","5,687.61","5,626.75","119.96M","0.10%"
"11/04/2023","5,633.98","5,628.99","5,643.95","5,621.68","115.46M","0.87%"
"06/04/2023","5,585.33","5,584.55","5,597.72","5,576.14","100.02M","0.18%"
"05/04/2023","5,575.44","5,602.45","5,610.19","5,563.01","125.15M","-0.41%"
"04/04/2023","5,598.48","5,623.51","5,641.80","5,598.25","103.67M","-0.03%"
"03/04/2023","5,600.36","5,601.02","5,613.33","5,591.44","111.74M","0.26%"
"31/03/2023","5,585.64","5,551.74","5,599.87","5,543.11","130.31M","0.74%"
"30/03/2023","5,544.78","5,513.25","5,564.29","5,513.00","126.86M","1.13%"
"29/03/2023","5,482.67","5,447.19","5,493.21","5,435.04","126.01M","1.38%"
"28/03/2023","5,408.30","5,454.19","5,460.64","5,391.08","109.92M","0.09%"
"27/03/2023","5,403.54","5,426.22","5,435.11","5,374.07","129.79M","0.88%"
"24/03/2023","5,356.58","5,431.61","5,431.61","5,311.65","195.20M","-1.82%"
"23/03/2023","5,455.62","5,441.12","5,463.38","5,407.31","113.84M","0.05%"
"22/03/2023","5,452.89","5,437.52","5,473.14","5,417.30","103.33M","0.19%"
"21/03/2023","5,442.63","5,419.61","5,469.83","5,416.86","144.32M","1.47%"
"20/03/2023","5,363.61","5,281.89","5,391.29","5,197.18","187.50M","1.19%"
"17/03/2023","5,300.49","5,421.01","5,436.40","5,277.80","323.53M","-1.40%"
"16/03/2023","5,375.60","5,350.84","5,402.14","5,261.93","216.34M","1.95%"
"15/03/2023","5,272.69","5,454.16","5,455.48","5,254.85","273.68M","-3.58%"
"14/03/2023","5,468.48","5,383.22","5,484.07","5,354.08","154.40M","1.83%"
"13/03/2023","5,369.99","5,522.85","5,522.85","5,343.02","222.36M","-2.91%"
"10/03/2023","5,530.90","5,512.25","5,557.07","5,491.60","154.34M","-1.31%"
"09/03/2023","5,604.58","5,603.46","5,617.35","5,573.19","106.28M","-0.15%"
"08/03/2023","5,613.15","5,596.88","5,628.08","5,596.88","98.71M","-0.16%"
"07/03/2023","5,622.31","5,636.44","5,668.15","5,619.83","109.66M","-0.49%"
"06/03/2023","5,649.72","5,659.17","5,669.02","5,631.62","116.71M","0.34%"
"03/03/2023","5,630.77","5,611.37","5,638.72","5,599.43","140.90M","0.90%"
"02/03/2023","5,580.63","5,500.81","5,581.83","5,496.64","113.66M","0.67%"
"01/03/2023","5,543.72","5,576.14","5,611.51","5,532.74","126.81M","-0.42%"
"28/02/2023","5,567.12","5,555.66","5,604.71","5,553.32","155.53M","-0.37%"
"27/02/2023","5,587.61","5,548.15","5,607.89","5,548.15","105.09M","1.46%"
"24/02/2023","5,507.26","5,630.61","5,635.55","5,507.26","139.38M","-1.63%"
"23/02/2023","5,598.33","5,596.13","5,628.21","5,586.38","134.74M","0.27%"
"22/02/2023","5,583.05","5,574.63","5,590.40","5,535.37","131.97M","-0.23%"
"21/02/2023","5,595.69","5,603.66","5,620.47","5,544.62","111.57M","-0.36%"
"20/02/2023","5,615.87","5,634.28","5,636.42","5,603.56","98.98M","-0.13%"
"17/02/2023","5,623.28","5,595.35","5,638.19","5,564.03","173.94M","-0.25%"
"16/02/2023","5,637.12","5,625.21","5,654.03","5,606.75","154.77M","0.85%"
"15/02/2023","5,589.75","5,521.88","5,601.67","5,516.79","123.90M","1.11%"
"14/02/2023","5,528.30","5,535.09","5,571.58","5,520.15","116.17M","0.11%"
"13/02/2023","5,522.16","5,473.81","5,526.72","5,473.81","98.54M","1.05%"
"10/02/2023","5,464.55","5,495.33","5,507.28","5,423.68","142.61M","-0.88%"
"09/02/2023","5,512.92","5,507.42","5,542.47","5,507.42","132.35M","0.90%"
"08/02/2023","5,463.51","5,508.73","5,517.48","5,463.51","141.72M","-0.12%"
"07/02/2023","5,470.15","5,481.39","5,488.12","5,454.40","112.64M","-0.11%"
"06/02/2023","5,476.21","5,509.82","5,512.78","5,451.91","114.59M","-1.30%"
"03/02/2023","5,548.35","5,477.08","5,548.35","5,459.93","144.55M","0.90%"
"02/02/2023","5,499.03","5,453.05","5,513.00","5,432.66","163.48M","1.33%"
"01/02/2023","5,426.70","5,434.19","5,449.74","5,413.80","110.85M","0.02%"
"31/01/2023","5,425.83","5,425.20","5,429.86","5,383.57","122.58M","-0.02%"
"30/01/2023","5,426.75","5,415.34","5,443.21","5,390.30","108.64M","-0.25%"
"27/01/2023","5,440.09","5,435.61","5,453.22","5,414.46","114.24M","0.05%"
"26/01/2023","5,437.34","5,434.93","5,452.34","5,422.48","114.61M","0.73%"
"25/01/2023","5,397.81","5,411.43","5,420.59","5,366.23","119.81M","-0.14%"
"24/01/2023","5,405.58","5,408.41","5,418.21","5,377.72","96.06M","0.23%"
"23/01/2023","5,393.30","5,380.30","5,402.44","5,361.34","96.69M","0.54%"
"20/01/2023","5,364.40","5,364.43","5,378.29","5,341.26","116.24M","0.61%"
"19/01/2023","5,331.79","5,401.99","5,409.85","5,328.21","139.88M","-1.81%"
"18/01/2023","5,430.29","5,422.52","5,455.26","5,421.31","127.16M","0.12%"
"17/01/2023","5,424.00","5,393.77","5,443.17","5,381.36","128.01M","0.48%"
"16/01/2023","5,397.90","5,397.96","5,404.70","5,377.53","122.52M","0.31%"
"13/01/2023","5,381.20","5,356.47","5,390.15","5,348.81","151.95M","0.68%"
"12/01/2023","5,344.62","5,327.33","5,373.05","5,324.49","145.37M","0.76%"
"11/01/2023","5,304.11","5,269.26","5,320.78","5,265.21","125.30M","0.81%"
"10/01/2023","5,261.53","5,271.08","5,273.87","5,245.54","120.23M","-0.58%"
"09/01/2023","5,292.37","5,257.37","5,308.08","5,251.19","129.35M","0.72%"
"06/01/2023","5,254.64","5,191.02","5,254.64","5,177.88","116.41M","1.40%"
"05/01/2023","5,182.26","5,170.76","5,205.34","5,163.42","132.84M","-0.22%"
"04/01/2023","5,193.78","5,111.41","5,197.30","5,111.41","149.24M","2.14%"
"03/01/2023","5,085.11","5,053.02","5,138.28","5,053.02","122.79M","0.42%"
"02/01/2023","5,063.88","5,009.97","5,068.73","5,008.19","90.99M","1.82%"
"30/12/2022","4,973.29","5,019.25","5,024.04","4,971.37","73.49M","-1.50%"
"29/12/2022","5,048.98","4,982.63","5,051.00","4,972.74","83.76M","0.98%"
"28/12/2022","5,000.03","5,036.31","5,044.93","4,996.25","74.88M","-0.57%"
"27/12/2022","5,028.78","5,037.70","5,052.12","5,023.78","66.60M","0.63%"
"23/12/2022","4,997.20","4,999.68","5,018.15","4,975.38","76.60M","-0.14%"
"22/12/2022","5,004.08","5,055.97","5,075.92","4,993.69","96.77M","-0.92%"
"21/12/2022","5,050.53","4,966.69","5,054.92","4,966.21","113.41M","2.00%"
"20/12/2022","4,951.69","4,929.01","4,966.11","4,905.45","116.14M","-0.39%"
"19/12/2022","4,970.84","4,968.33","4,998.69","4,968.33","108.90M","0.31%"
"16/12/2022","4,955.36","4,997.61","5,004.87","4,929.43","308.02M","-1.10%"
"15/12/2022","5,010.37","5,120.42","5,124.29","4,996.44","151.36M","-2.95%"
"14/12/2022","5,162.59","5,157.39","5,163.36","5,133.36","122.61M","-0.16%"
"13/12/2022","5,170.91","5,119.49","5,230.20","5,094.36","149.37M","1.41%"
"12/12/2022","5,099.24","5,099.28","5,121.81","5,087.82","102.33M","-0.45%"
"09/12/2022","5,122.49","5,116.02","5,123.45","5,076.42","133.24M","0.48%"
"08/12/2022","5,098.00","5,118.43","5,119.60","5,083.64","116.29M","-0.16%"
"07/12/2022","5,106.23","5,129.33","5,133.38","5,094.92","126.27M","-0.44%"
"06/12/2022","5,128.57","5,133.88","5,141.57","5,106.11","128.03M","-0.21%"
"05/12/2022","5,139.14","5,162.90","5,171.22","5,130.06","108.62M","-0.65%"
"02/12/2022","5,172.71","5,160.76","5,191.99","5,131.75","124.87M","-0.12%"
"01/12/2022","5,179.18","5,197.94","5,205.26","5,159.51","136.16M","0.35%"
"30/11/2022","5,161.32","5,141.85","5,164.37","5,121.22","215.25M","0.91%"
"29/11/2022","5,114.66","5,129.93","5,136.17","5,101.15","104.92M","0.00%"
"28/11/2022","5,114.66","5,126.29","5,136.46","5,097.32","117.52M","-0.71%"
"25/11/2022","5,151.27","5,150.13","5,159.00","5,130.32","96.26M","0.07%"
"24/11/2022","5,147.69","5,126.36","5,162.39","5,122.58","150.18M","0.49%"
"23/11/2022","5,122.42","5,122.66","5,124.04","5,094.16","106.89M","0.30%"
"22/11/2022","5,107.04","5,095.51","5,115.81","5,074.13","118.12M","0.34%"
"21/11/2022","5,089.51","5,081.89","5,101.30","5,073.12","118.26M","-0.14%"
"18/11/2022","5,096.53","5,078.17","5,110.41","5,061.84","142.58M","1.01%"
"17/11/2022","5,045.58","5,082.80","5,091.43","5,005.05","128.71M","-0.48%"
"16/11/2022","5,069.83","5,111.01","5,111.75","5,054.74","204.85M","-0.69%"
"15/11/2022","5,105.06","5,103.35","5,135.95","5,088.87","120.11M","0.45%"
"14/11/2022","5,082.08","5,091.47","5,121.88","5,077.55","129.80M","0.18%"
"11/11/2022","5,072.95","5,086.48","5,103.61","5,056.46","169.08M","0.57%"
"10/11/2022","5,044.27","4,915.79","5,056.13","4,906.40","175.85M","2.08%"
"09/11/2022","4,941.68","4,937.10","4,952.52","4,921.82","110.69M","-0.17%"
"08/11/2022","4,950.32","4,909.92","4,957.68","4,899.95","114.55M","0.45%"
"07/11/2022","4,928.33","4,897.12","4,947.18","4,885.82","132.69M","0.09%"
"04/11/2022","4,924.08","4,832.80","4,961.60","4,831.05","177.18M","2.66%"
"03/11/2022","4,796.68","4,772.52","4,797.85","4,755.70","185.46M","-0.56%"
"02/11/2022","4,823.67","4,880.64","4,896.28","4,821.15","131.72M","-0.83%"
"01/11/2022","4,864.05","4,867.37","4,908.64","4,847.30","122.74M","0.91%"
"31/10/2022","4,820.09","4,826.86","4,839.04","4,800.35","132.38M","-0.02%"
"28/10/2022","4,820.98","4,762.97","4,824.58","4,755.70","170.22M","0.36%"
"27/10/2022","4,803.52","4,810.28","4,824.85","4,764.51","147.03M","-0.44%"
"26/10/2022","4,824.98","4,795.26","4,828.34","4,780.16","122.11M","0.51%"
"25/10/2022","4,800.72","4,742.18","4,802.21","4,714.56","117.38M","1.85%"
"24/10/2022","4,713.68","4,689.59","4,745.90","4,646.21","121.50M","1.59%"
"21/10/2022","4,640.02","4,629.04","4,656.08","4,577.18","119.74M","-0.81%"
"20/10/2022","4,677.73","4,651.21","4,689.24","4,631.01","104.84M","0.78%"
"19/10/2022","4,641.42","4,683.43","4,693.70","4,641.42","115.34M","-0.52%"
"18/10/2022","4,665.78","4,687.77","4,719.34","4,658.04","115.14M","0.48%"
"17/10/2022","4,643.31","4,570.69","4,663.00","4,542.94","102.89M","1.88%"
"14/10/2022","4,557.68","4,585.60","4,642.04","4,549.21","127.52M","0.87%"
"13/10/2022","4,518.31","4,448.59","4,532.53","4,385.62","148.35M","1.11%"
"12/10/2022","4,468.55","4,489.92","4,509.41","4,446.80","113.19M","-0.35%"
"11/10/2022","4,484.14","4,456.32","4,496.87","4,438.54","114.85M","-0.16%"
"10/10/2022","4,491.14","4,466.95","4,526.68","4,460.21","112.87M","-0.48%"
"07/10/2022","4,512.78","4,548.85","4,581.38","4,503.08","110.12M","-1.20%"
"06/10/2022","4,567.80","4,617.65","4,629.65","4,552.84","110.33M","-0.74%"
"05/10/2022","4,601.78","4,622.15","4,641.72","4,577.76","121.26M","-0.98%"
"04/10/2022","4,647.29","4,514.06","4,647.29","4,509.46","150.76M","4.12%"
"03/10/2022","4,463.39","4,386.05","4,470.27","4,353.96","140.57M","0.64%"
"30/09/2022","4,435.09","4,397.97","4,440.90","4,379.57","166.76M","1.55%"
"29/09/2022","4,367.41","4,399.12","4,399.12","4,331.35","169.51M","-1.59%"
"28/09/2022","4,438.13","4,383.85","4,444.10","4,348.62","164.77M","0.21%"
"27/09/2022","4,428.86","4,470.64","4,502.56","4,428.86","133.19M","-0.24%"
"26/09/2022","4,439.49","4,441.27","4,482.66","4,414.13","141.57M","-0.24%"
"23/09/2022","4,450.34","4,546.15","4,549.79","4,436.55","165.02M","-2.31%"
"22/09/2022","4,555.74","4,568.19","4,635.04","4,555.74","128.07M","-1.97%"
"21/09/2022","4,647.20","4,572.62","4,648.73","4,564.71","117.39M","0.79%"
"20/09/2022","4,610.60","4,696.51","4,719.65","4,604.87","127.45M","-1.48%"
"19/09/2022","4,679.91","4,646.62","4,702.07","4,613.78","94.54M","-0.23%"
"16/09/2022","4,690.62","4,709.47","4,718.91","4,670.41","253.60M","-1.33%"
"15/09/2022","4,753.90","4,793.97","4,821.77","4,742.61","120.75M","-0.99%"
"14/09/2022","4,801.37","4,794.14","4,823.75","4,772.60","129.36M","-0.42%"
"13/09/2022","4,821.53","4,912.54","4,937.08","4,821.53","134.62M","-1.46%"
"12/09/2022","4,892.75","4,825.02","4,906.61","4,810.90","130.35M","1.91%"
"09/09/2022","4,800.99","4,749.29","4,817.95","4,748.70","116.00M","1.43%"
"08/09/2022","4,733.29","4,743.34","4,747.81","4,664.66","122.46M","0.31%"
"07/09/2022","4,718.66","4,683.22","4,728.67","4,674.04","117.10M","-0.03%"
"06/09/2022","4,719.93","4,704.17","4,745.68","4,687.11","92.88M","0.17%"
"05/09/2022","4,711.79","4,676.88","4,720.28","4,655.61","105.32M","-1.22%"
"02/09/2022","4,769.77","4,701.39","4,777.15","4,682.52","119.16M","2.18%"
"01/09/2022","4,667.87","4,696.87","4,699.15","4,649.29","119.07M","-1.54%"
"31/08/2022","4,740.74","4,814.19","4,817.93","4,740.74","159.97M","-1.25%"
"30/08/2022","4,800.61","4,825.91","4,870.34","4,779.93","108.29M","-0.21%"
"29/08/2022","4,810.69","4,791.95","4,819.03","4,760.71","95.38M","-0.81%"
"26/08/2022","4,850.08","4,960.23","4,967.24","4,834.99","105.53M","-1.66%"
"25/08/2022","4,932.00","4,967.87","4,974.92","4,916.96","80.16M","-0.02%"
"24/08/2022","4,932.84","4,900.09","4,939.90","4,880.85","87.00M","0.38%"
"23/08/2022","4,914.38","4,890.12","4,945.25","4,890.12","104.25M","-0.26%"
"22/08/2022","4,926.95","4,983.24","4,990.93","4,908.32","126.07M","-1.82%"
"19/08/2022","5,018.46","5,040.51","5,058.84","5,013.64","102.93M","-0.99%"
"18/08/2022","5,068.79","5,048.35","5,083.10","5,040.16","94.16M","0.42%"
"17/08/2022","5,047.42","5,111.87","5,111.87","5,039.62","103.59M","-1.03%"
"16/08/2022","5,100.19","5,092.44","5,113.49","5,082.37","91.31M","0.33%"
"15/08/2022","5,083.47","5,092.01","5,095.46","5,055.18","73.44M","0.25%"
"12/08/2022","5,070.82","5,071.72","5,096.55","5,060.81","91.54M","0.09%"
"11/08/2022","5,066.28","5,078.78","5,080.99","5,035.29","96.09M","0.29%"
"10/08/2022","5,051.38","5,003.04","5,066.42","4,991.24","113.90M","0.61%"
"09/08/2022","5,020.58","5,040.11","5,051.10","5,012.33","100.19M","-0.54%"
"08/08/2022","5,047.65","5,035.58","5,077.25","5,030.15","96.58M","0.81%"
"05/08/2022","5,006.87","5,039.31","5,046.91","4,989.44","120.70M","-0.65%"
"04/08/2022","5,039.55","5,022.87","5,072.84","5,022.23","133.35M","0.59%"
"03/08/2022","5,009.78","4,956.21","5,012.26","4,952.46","135.06M","0.99%"
"02/08/2022","4,960.73","4,972.53","4,974.24","4,939.58","113.67M","-0.45%"
"01/08/2022","4,982.95","4,991.03","5,017.61","4,980.70","124.18M","-0.17%"
"29/07/2022","4,991.62","4,957.24","5,009.75","4,956.95","197.81M","1.69%"
"28/07/2022","4,908.50","4,881.56","4,908.50","4,833.98","152.22M","1.26%"
"27/07/2022","4,847.62","4,807.87","4,855.03","4,803.19","126.82M","0.81%"
"26/07/2022","4,808.52","4,820.11","4,834.53","4,795.91","112.26M","-0.44%"
"25/07/2022","4,829.80","4,805.58","4,848.83","4,787.46","106.55M","0.21%"
"22/07/2022","4,819.59","4,785.91","4,842.48","4,782.19","109.87M","0.30%"
"21/07/2022","4,805.17","4,790.76","4,829.82","4,762.93","126.60M","0.24%"
"20/07/2022","4,793.69","4,824.84","4,838.12","4,767.42","124.31M","-0.23%"
"19/07/2022","4,804.78","4,698.34","4,813.82","4,674.93","157.63M","1.81%"
"18/07/2022","4,719.35","4,695.45","4,751.79","4,695.45","98.45M","0.95%"
"15/07/2022","4,674.77","4,585.69","4,679.95","4,571.97","128.76M","2.03%"
"14/07/2022","4,581.56","4,631.74","4,645.32","4,551.33","113.16M","-1.41%"
"13/07/2022","4,646.88","4,661.31","4,665.64","4,589.29","114.02M","-0.70%"
"12/07/2022","4,679.81","4,615.07","4,686.36","4,592.41","132.55M","0.79%"
"11/07/2022","4,643.04","4,591.51","4,653.42","4,580.39","104.00M","-0.69%"
"08/07/2022","4,675.39","4,648.97","4,688.99","4,612.87","145.31M","0.58%"
"07/07/2022","4,648.50","4,625.54","4,660.28","4,613.00","157.28M","1.71%"
"06/07/2022","4,570.49","4,541.06","4,580.95","4,517.29","173.71M","1.96%"
"05/07/2022","4,482.66","4,624.37","4,626.31","4,477.23","171.84M","-2.65%"
"04/07/2022","4,604.78","4,628.95","4,640.78","4,596.84","100.20M","0.34%"
"01/07/2022","4,589.04","4,543.83","4,622.61","4,529.85","135.64M","0.19%"
"30/06/2022","4,580.48","4,587.78","4,591.30","4,526.92","193.71M","-1.85%"
"29/06/2022","4,666.67","4,665.92","4,700.78","4,639.58","123.98M","-1.04%"
"28/06/2022","4,715.64","4,724.64","4,758.50","4,710.13","121.55M","0.66%"
"27/06/2022","4,684.91","4,727.24","4,764.48","4,670.34","116.24M","-0.34%"
"24/06/2022","4,700.76","4,586.92","4,709.68","4,583.63","151.34M","3.09%"
"23/06/2022","4,560.03","4,571.68","4,616.14","4,522.71","163.41M","-0.69%"
"22/06/2022","4,591.67","4,563.09","4,609.05","4,528.27","148.28M","-0.83%"
"21/06/2022","4,630.18","4,615.20","4,681.27","4,615.12","119.08M","0.74%"
"20/06/2022","4,596.16","4,577.17","4,596.16","4,544.42","124.95M","0.66%"
"17/06/2022","4,565.92","4,578.65","4,632.54","4,550.57","277.74M","0.05%"
"16/06/2022","4,563.67","4,660.50","4,671.06","4,553.47","170.66M","-2.46%"
"15/06/2022","4,678.53","4,667.88","4,703.57","4,632.90","173.66M","1.41%"
"14/06/2022","4,613.31","4,704.50","4,713.49","4,603.99","194.35M","-1.30%"
"13/06/2022","4,674.18","4,742.39","4,757.43","4,662.57","189.60M","-2.82%"
"10/06/2022","4,809.87","4,907.25","4,913.06","4,802.50","168.18M","-2.62%"
"09/06/2022","4,939.38","4,982.55","5,015.03","4,927.10","145.82M","-1.39%"
"08/06/2022","5,009.01","5,054.18","5,054.18","4,983.20","131.07M","-0.81%"
"07/06/2022","5,050.00","5,063.98","5,065.52","5,017.98","135.16M","-0.69%"
"06/06/2022","5,084.90","5,083.39","5,116.27","5,075.60","107.65M","0.99%"
"03/06/2022","5,035.08","5,077.18","5,077.21","5,026.70","92.61M","-0.23%"
"02/06/2022","5,046.86","5,012.46","5,051.26","5,011.61","103.39M","1.22%"
"01/06/2022","4,986.19","5,055.20","5,058.54","4,983.47","123.85M","-0.79%"
"31/05/2022","5,025.96","5,078.61","5,081.28","5,018.24","265.33M","-1.39%"
"30/05/2022","5,096.70","5,085.90","5,113.80","5,078.40","123.75M","0.67%"
"27/05/2022","5,062.63","5,018.05","5,065.12","4,995.01","123.52M","1.55%"
"26/05/2022","4,985.55","4,900.71","4,996.21","4,900.47","123.05M","1.73%"
"25/05/2022","4,900.80","4,894.00","4,916.24","4,847.78","163.68M","0.73%"
"24/05/2022","4,865.49","4,890.29","4,922.43","4,862.46","125.25M","-1.67%"
"23/05/2022","4,948.14","4,943.07","4,948.14","4,878.27","117.29M","1.14%"
"20/05/2022","4,892.48","4,904.19","4,959.90","4,876.87","138.41M","0.27%"
"19/05/2022","4,879.07","4,882.93","4,892.35","4,822.02","140.83M","-1.26%"
"18/05/2022","4,941.28","5,006.20","5,017.42","4,934.15","135.14M","-1.12%"
"17/05/2022","4,997.00","4,959.01","5,010.64","4,956.17","124.11M","1.29%"
"16/05/2022","4,933.37","4,909.21","4,950.38","4,885.37","123.67M","-0.19%"
"13/05/2022","4,942.53","4,855.46","4,942.69","4,847.07","135.60M","2.52%"
"12/05/2022","4,820.82","4,762.79","4,843.86","4,737.25","159.70M","-1.01%"
"11/05/2022","4,869.90","4,800.66","4,869.90","4,771.95","157.31M","2.34%"
"10/05/2022","4,758.69","4,781.86","4,825.93","4,758.69","139.95M","0.53%"
"09/05/2022","4,733.77","4,829.34","4,869.12","4,733.77","144.94M","-2.77%"
"06/05/2022","4,868.51","4,913.37","4,916.11","4,835.60","190.03M","-1.65%"
"05/05/2022","4,950.10","5,087.88","5,094.58","4,937.86","188.07M","-0.45%"
"04/05/2022","4,972.54","5,034.59","5,044.43","4,972.54","122.85M","-1.11%"
"03/05/2022","5,028.44","5,015.81","5,050.30","4,989.42","121.79M","0.83%"
"02/05/2022","4,987.05","5,021.55","5,026.23","4,885.66","133.12M","-1.65%"
"29/04/2022","5,070.88","5,088.98","5,120.27","5,057.62","127.23M","0.39%"
"28/04/2022","5,051.27","5,057.19","5,099.61","4,998.01","126.65M","0.97%"
"27/04/2022","5,002.84","4,991.00","5,027.25","4,922.26","145.62M","0.39%"
"26/04/2022","4,983.23","5,067.11","5,077.93","4,983.23","140.53M","-0.61%"
"25/04/2022","5,013.68","5,014.84","5,058.87","4,983.42","146.02M","-1.85%"
"22/04/2022","5,108.43","5,137.91","5,164.28","5,103.81","139.29M","-1.93%"
"21/04/2022","5,208.78","5,152.66","5,242.37","5,148.75","137.05M","1.37%"
"20/04/2022","5,138.47","5,087.67","5,148.63","5,077.27","130.69M","1.32%"
"19/04/2022","5,071.68","5,079.38","5,094.89","5,041.10","132.58M","-0.76%"
"14/04/2022","5,110.74","5,094.40","5,124.21","5,075.90","125.90M","0.75%"
"13/04/2022","5,072.67","5,056.14","5,086.49","5,025.72","121.51M","0.07%"
"12/04/2022","5,069.20","5,008.72","5,091.69","4,985.16","135.68M","-0.27%"
"11/04/2022","5,082.87","5,083.33","5,124.99","5,040.28","125.29M","0.15%"
"08/04/2022","5,075.47","5,076.74","5,100.23","5,036.10","136.90M","1.32%"
"07/04/2022","5,009.39","5,060.52","5,101.59","5,001.62","145.25M","-0.51%"
"06/04/2022","5,035.09","5,138.52","5,146.27","4,991.79","164.44M","-2.17%"
"05/04/2022","5,146.88","5,214.13","5,223.53","5,116.28","156.04M","-1.27%"
"04/04/2022","5,213.28","5,198.84","5,223.25","5,147.45","113.41M","0.66%"
"01/04/2022","5,179.08","5,172.75","5,197.76","5,145.61","120.87M","0.32%"
"31/03/2022","5,162.77","5,240.43","5,253.09","5,162.34","145.09M","-1.21%"
"30/03/2022","5,225.91","5,249.87","5,249.87","5,197.99","127.32M","-0.75%"
"29/03/2022","5,265.36","5,174.55","5,290.45","5,162.67","176.92M","3.07%"
"28/03/2022","5,108.38","5,100.74","5,179.15","5,096.24","133.80M","0.50%"
"25/03/2022","5,082.73","5,091.95","5,127.15","5,070.61","125.28M","0.03%"
"24/03/2022","5,081.36","5,112.39","5,141.86","5,070.50","143.00M","-0.44%"
"23/03/2022","5,104.05","5,177.92","5,184.02","5,089.22","125.47M","-1.18%"
"22/03/2022","5,164.89","5,109.50","5,169.92","5,103.73","136.08M","1.14%"
"21/03/2022","5,106.47","5,124.86","5,149.81","5,099.61","136.31M","-0.52%"
"18/03/2022","5,133.37","5,125.84","5,133.37","5,037.51","313.86M","0.19%"
"17/03/2022","5,123.85","5,128.66","5,142.65","5,062.65","167.28M","0.36%"
"16/03/2022","5,105.26","5,025.18","5,171.47","5,024.77","227.43M","3.62%"
"15/03/2022","4,926.79","4,877.18","4,949.02","4,817.05","169.55M","-0.25%"
"14/03/2022","4,939.32","4,888.03","4,979.00","4,869.91","183.47M","1.70%"
"11/03/2022","4,856.53","4,828.32","5,004.05","4,782.19","218.01M","0.99%"
"10/03/2022","4,809.11","4,934.94","4,938.83","4,777.99","217.83M","-2.64%"
"09/03/2022","4,939.58","4,744.19","4,939.58","4,736.64","299.14M","7.07%"
"08/03/2022","4,613.33","4,570.09","4,771.08","4,568.18","278.93M","-0.30%"
"07/03/2022","4,627.28","4,557.85","4,731.09","4,453.69","372.91M","-1.42%"
"04/03/2022","4,693.79","4,884.76","4,893.45","4,693.79","286.55M","-4.93%"
"03/03/2022","4,936.97","5,024.95","5,067.85","4,924.96","208.83M","-1.88%"
"02/03/2022","5,031.80","4,928.84","5,065.72","4,889.96","261.96M","1.46%"
"01/03/2022","4,959.54","5,150.76","5,160.74","4,959.54","260.80M","-3.89%"
"28/02/2022","5,160.35","5,127.45","5,178.19","5,053.74","257.34M","-1.23%"
"25/02/2022","5,224.85","5,103.10","5,233.01","5,053.06","241.18M","3.44%"
"24/02/2022","5,051.21","5,025.63","5,124.44","4,979.44","304.29M","-3.70%"
"23/02/2022","5,245.11","5,263.48","5,341.85","5,236.52","136.96M","-0.14%"
"22/02/2022","5,252.33","5,129.52","5,288.46","5,129.00","159.51M","0.02%"
"21/02/2022","5,251.18","5,398.94","5,400.18","5,218.05","126.28M","-1.97%"
"18/02/2022","5,356.60","5,379.44","5,411.26","5,332.46","138.20M","-0.38%"
"17/02/2022","5,377.15","5,416.41","5,431.58","5,348.74","184.84M","-0.32%"
"16/02/2022","5,394.56","5,427.92","5,445.98","5,368.97","131.57M","-0.17%"
"15/02/2022","5,403.78","5,289.52","5,406.88","5,284.17","142.96M","1.85%"
"14/02/2022","5,305.86","5,314.64","5,321.89","5,232.10","179.66M","-2.19%"
"11/02/2022","5,424.51","5,431.95","5,466.70","5,406.92","133.55M","-1.22%"
"10/02/2022","5,491.78","5,516.57","5,537.34","5,453.26","136.73M","-0.27%"
"09/02/2022","5,506.92","5,467.70","5,519.01","5,467.70","135.32M","1.53%"
"08/02/2022","5,423.68","5,405.93","5,465.88","5,397.68","141.87M","0.29%"
"07/02/2022","5,407.79","5,394.01","5,419.91","5,348.91","110.30M","0.77%"
"04/02/2022","5,366.47","5,447.74","5,458.18","5,341.14","146.24M","-0.89%"
"03/02/2022","5,414.56","5,496.70","5,505.95","5,407.46","133.27M","-1.50%"
"02/02/2022","5,496.95","5,499.56","5,525.44","5,494.32","133.00M","0.24%"
"01/02/2022","5,483.65","5,448.86","5,488.22","5,437.59","136.89M","1.41%"
"31/01/2022","5,407.48","5,416.23","5,437.68","5,358.81","151.19M","0.49%"
"28/01/2022","5,381.05","5,434.19","5,442.36","5,291.64","172.63M","-0.78%"
"27/01/2022","5,423.19","5,312.54","5,445.16","5,311.74","162.98M","0.50%"
"26/01/2022","5,396.17","5,338.57","5,431.42","5,338.57","163.91M","2.01%"
"25/01/2022","5,289.96","5,307.02","5,334.32","5,246.12","163.70M","0.62%"
"24/01/2022","5,257.43","5,434.70","5,474.62","5,231.58","219.99M","-3.99%"
"21/01/2022","5,475.97","5,490.62","5,516.52","5,433.97","171.83M","-1.71%"
"20/01/2022","5,571.22","5,564.50","5,574.81","5,519.89","137.28M","0.25%"
"19/01/2022","5,557.49","5,515.27","5,584.94","5,515.27","161.23M","0.49%"
"18/01/2022","5,530.47","5,557.98","5,559.89","5,502.73","138.25M","-0.88%"
"17/01/2022","5,579.74","5,555.19","5,588.71","5,541.09","129.67M","0.78%"
"14/01/2022","5,536.68","5,528.31","5,557.08","5,520.93","159.02M","-0.84%"
"13/01/2022","5,583.44","5,588.47","5,603.22","5,558.11","131.90M","-0.36%"
"12/01/2022","5,603.54","5,607.47","5,613.33","5,566.86","148.30M","0.66%"
"11/01/2022","5,566.62","5,566.62","5,597.38","5,548.98","120.35M","0.94%"
"10/01/2022","5,515.03","5,604.38","5,605.41","5,506.66","136.68M","-1.36%"
"07/01/2022","5,591.28","5,616.03","5,626.72","5,561.02","122.80M","-0.42%"
"06/01/2022","5,614.63","5,635.17","5,662.00","5,605.33","146.38M","-1.62%"
"05/01/2022","5,706.97","5,667.12","5,712.69","5,662.15","140.94M","0.74%"
"04/01/2022","5,665.19","5,637.29","5,678.77","5,622.42","149.01M","1.24%"
"03/01/2022","5,595.87","5,577.65","5,616.39","5,576.57","108.08M","0.91%"
"31/12/2021","5,545.68","5,543.97","5,553.43","5,535.47","31.90M","-0.24%"
"30/12/2021","5,559.00","5,552.54","5,568.27","5,545.55","60.48M","0.18%"
"29/12/2021","5,549.04","5,560.23","5,577.68","5,530.57","65.52M","-0.23%"
"28/12/2021","5,561.58","5,532.36","5,566.73","5,532.36","65.81M","0.54%"
"27/12/2021","5,531.52","5,481.10","5,538.06","5,475.01","60.80M","0.71%"
"24/12/2021","5,492.56","5,494.18","5,513.42","5,492.56","20.22M","-0.23%"
"23/12/2021","5,505.06","5,479.54","5,515.59","5,466.57","86.78M","0.74%"
"22/12/2021","5,464.39","5,409.20","5,464.39","5,398.88","96.36M","1.24%"
"21/12/2021","5,397.23","5,374.45","5,399.58","5,339.76","127.55M","1.41%"
"20/12/2021","5,322.34","5,259.53","5,323.35","5,231.88","137.29M","-0.86%"
"17/12/2021","5,368.57","5,410.00","5,426.66","5,334.83","222.57M","-0.97%"
"16/12/2021","5,421.39","5,460.84","5,460.84","5,409.97","180.27M","1.03%"
"15/12/2021","5,366.16","5,365.81","5,385.08","5,350.75","117.09M","0.38%"
"14/12/2021","5,345.73","5,407.67","5,418.81","5,342.92","131.17M","-0.66%"
"13/12/2021","5,381.26","5,431.38","5,448.40","5,372.45","121.28M","-0.75%"
"10/12/2021","5,421.90","5,400.22","5,447.95","5,400.22","103.65M","-0.25%"
"09/12/2021","5,435.32","5,457.06","5,463.31","5,418.72","109.27M","-0.11%"
"08/12/2021","5,441.50","5,478.97","5,509.53","5,441.50","140.00M","-0.70%"
"07/12/2021","5,479.61","5,388.68","5,481.95","5,388.68","156.40M","2.70%"
"06/12/2021","5,335.32","5,294.24","5,351.06","5,269.79","133.47M","1.43%"
"03/12/2021","5,259.98","5,332.81","5,341.08","5,234.27","148.17M","-0.46%"
"02/12/2021","5,284.54","5,284.16","5,323.56","5,257.74","163.39M","-1.21%"
"01/12/2021","5,349.42","5,275.94","5,364.69","5,258.92","162.39M","2.17%"
"30/11/2021","5,235.55","5,203.60","5,283.26","5,187.40","392.45M","-0.76%"
"29/11/2021","5,275.86","5,317.32","5,325.15","5,266.28","185.42M","0.47%"
"26/11/2021","5,251.30","5,300.24","5,342.17","5,240.01","278.13M","-4.54%"
"25/11/2021","5,501.16","5,491.33","5,501.16","5,478.69","98.80M","0.54%"
"24/11/2021","5,471.88","5,478.72","5,504.55","5,426.64","128.73M","-0.03%"
"23/11/2021","5,473.55","5,479.87","5,523.78","5,440.80","126.37M","-0.85%"
"22/11/2021","5,520.22","5,539.62","5,550.98","5,509.60","133.95M","-0.11%"
"19/11/2021","5,526.57","5,575.14","5,582.18","5,495.54","191.28M","-0.49%"
"18/11/2021","5,553.77","5,566.36","5,584.85","5,550.11","136.41M","-0.28%"
"17/11/2021","5,569.17","5,565.80","5,578.47","5,564.69","113.12M","0.00%"
"16/11/2021","5,569.32","5,565.66","5,579.84","5,558.09","118.26M","0.31%"
"15/11/2021","5,551.85","5,532.99","5,558.56","5,522.88","105.60M","0.50%"
"12/11/2021","5,524.40","5,503.59","5,526.70","5,498.30","115.84M","0.41%"
"11/11/2021","5,501.85","5,489.08","5,512.00","5,483.24","120.66M","0.13%"
"10/11/2021","5,494.87","5,495.45","5,499.68","5,472.03","150.31M","0.03%"
"09/11/2021","5,493.38","5,482.02","5,520.88","5,476.41","112.03M","-0.13%"
"08/11/2021","5,500.39","5,495.58","5,514.75","5,494.45","112.18M","0.10%"
"05/11/2021","5,494.99","5,456.18","5,511.40","5,456.18","142.18M","0.64%"
"04/11/2021","5,460.20","5,450.76","5,464.16","5,443.06","143.99M","0.56%"
"03/11/2021","5,429.86","5,406.93","5,431.41","5,406.41","108.69M","0.27%"
"02/11/2021","5,415.00","5,384.30","5,419.81","5,381.79","114.54M","0.43%"
"01/11/2021","5,391.94","5,373.72","5,404.18","5,366.10","110.03M","0.90%"
"29/10/2021","5,343.80","5,302.22","5,343.80","5,286.41","156.39M","0.30%"
"28/10/2021","5,327.84","5,296.17","5,327.84","5,291.03","136.28M","0.70%"
"27/10/2021","5,291.06","5,300.60","5,304.43","5,275.92","120.98M","-0.11%"
"26/10/2021","5,296.93","5,261.69","5,303.35","5,254.44","131.04M","0.80%"
"25/10/2021","5,254.88","5,282.96","5,282.96","5,251.17","104.61M","-0.26%"
"22/10/2021","5,268.64","5,259.40","5,290.02","5,256.07","115.11M","0.67%"
"21/10/2021","5,233.71","5,220.87","5,242.84","5,210.73","121.06M","-0.22%"
"20/10/2021","5,245.07","5,197.82","5,251.90","5,197.82","127.95M","0.45%"
"19/10/2021","5,221.50","5,233.61","5,234.17","5,208.14","122.92M","0.03%"
"18/10/2021","5,219.77","5,229.62","5,231.46","5,197.72","118.75M","-0.76%"
"15/10/2021","5,259.89","5,250.25","5,272.98","5,241.47","139.85M","0.61%"
"14/10/2021","5,227.79","5,193.37","5,233.72","5,183.00","141.00M","1.21%"
"13/10/2021","5,165.52","5,122.56","5,172.24","5,100.93","128.60M","0.72%"
"12/10/2021","5,128.74","5,085.70","5,128.74","5,082.63","133.64M","-0.28%"
"11/10/2021","5,142.92","5,124.13","5,143.90","5,105.90","159.51M","0.17%"
"08/10/2021","5,134.17","5,167.77","5,174.72","5,134.17","127.61M","-0.51%"
"07/10/2021","5,160.58","5,137.04","5,172.59","5,121.35","150.30M","1.55%"
"06/10/2021","5,081.58","5,099.74","5,099.74","5,028.76","165.30M","-1.31%"
"05/10/2021","5,149.27","5,082.30","5,149.27","5,082.30","148.16M","1.37%"
"04/10/2021","5,079.46","5,085.81","5,126.87","5,061.91","131.37M","-0.59%"
"01/10/2021","5,109.47","5,035.51","5,121.58","5,026.80","160.15M","-0.06%"
"30/09/2021","5,112.30","5,181.19","5,183.22","5,103.41","179.32M","-0.54%"
"29/09/2021","5,139.97","5,129.46","5,163.69","5,124.33","140.50M","0.70%"
"28/09/2021","5,104.14","5,199.12","5,204.56","5,092.72","182.78M","-2.07%"
"27/09/2021","5,212.26","5,237.50","5,241.05","5,210.59","156.64M","0.20%"
"24/09/2021","5,202.01","5,229.28","5,231.48","5,192.86","117.48M","-0.87%"
"23/09/2021","5,247.64","5,239.86","5,261.66","5,224.55","144.28M","0.98%"
"22/09/2021","5,196.48","5,178.97","5,201.44","5,168.10","152.46M","1.22%"
"21/09/2021","5,133.95","5,106.15","5,148.10","5,106.15","194.92M","1.38%"
"20/09/2021","5,063.91","5,059.70","5,074.70","5,008.58","207.77M","-1.70%"
"17/09/2021","5,151.31","5,228.51","5,243.91","5,138.32","356.68M","-0.70%"
"16/09/2021","5,187.38","5,190.35","5,216.60","5,183.78","136.07M","0.53%"
"15/09/2021","5,160.26","5,213.19","5,216.64","5,155.59","136.93M","-1.00%"
"14/09/2021","5,212.41","5,222.41","5,229.50","5,182.04","109.97M","-0.27%"
"13/09/2021","5,226.47","5,245.38","5,260.46","5,223.37","130.20M","0.15%"
"10/09/2021","5,218.89","5,254.91","5,263.05","5,209.86","116.70M","-0.36%"
"09/09/2021","5,237.79","5,190.11","5,255.16","5,178.89","110.89M","0.19%"
"08/09/2021","5,227.80","5,242.30","5,262.25","5,199.29","119.78M","-0.81%"
"07/09/2021","5,270.27","5,272.44","5,286.82","5,267.02","87.43M","-0.20%"
"06/09/2021","5,280.68","5,253.24","5,290.46","5,251.18","75.08M","0.73%"
"03/09/2021","5,242.58","5,295.48","5,295.48","5,225.95","104.64M","-1.04%"
"02/09/2021","5,297.91","5,290.26","5,308.51","5,286.09","96.22M","0.08%"
"01/09/2021","5,293.53","5,278.05","5,312.58","5,273.71","136.62M","1.12%"
"31/08/2021","5,234.88","5,242.45","5,258.48","5,214.44","166.43M","-0.13%"
"30/08/2021","5,241.47","5,241.96","5,249.03","5,232.84","76.67M","0.12%"
"27/08/2021","5,235.18","5,214.51","5,235.25","5,204.27","87.78M","0.29%"
"26/08/2021","5,219.89","5,205.49","5,226.56","5,184.21","92.52M","-0.16%"
"25/08/2021","5,228.08","5,232.68","5,234.76","5,221.88","89.18M","0.18%"
"24/08/2021","5,218.57","5,254.26","5,254.26","5,196.14","100.35M","-0.17%"
"23/08/2021","5,227.60","5,240.63","5,240.63","5,209.37","112.08M","0.80%"
"20/08/2021","5,185.91","5,168.62","5,190.40","5,141.68","125.07M","0.28%"
"19/08/2021","5,171.29","5,213.82","5,217.03","5,136.51","164.20M","-2.28%"
"18/08/2021","5,292.19","5,323.76","5,328.36","5,283.96","95.99M","-0.52%"
"17/08/2021","5,319.98","5,314.92","5,325.01","5,296.30","100.27M","-0.27%"
"16/08/2021","5,334.44","5,340.62","5,352.39","5,318.67","99.14M","-0.75%"
"13/08/2021","5,374.79","5,369.46","5,387.12","5,367.50","92.23M","0.17%"
"12/08/2021","5,365.90","5,351.28","5,371.79","5,347.08","103.72M","0.32%"
"11/08/2021","5,348.52","5,335.63","5,354.97","5,320.92","97.77M","0.51%"
"10/08/2021","5,321.31","5,319.33","5,331.07","5,315.88","100.55M","0.10%"
"09/08/2021","5,315.91","5,319.86","5,329.71","5,311.70","90.64M","-0.07%"
"06/08/2021","5,319.49","5,289.02","5,330.72","5,280.67","131.34M","0.46%"
"05/08/2021","5,295.32","5,267.56","5,300.66","5,267.56","120.71M","0.60%"
"04/08/2021","5,263.98","5,266.21","5,278.99","5,252.88","128.64M","0.36%"
"03/08/2021","5,245.09","5,229.72","5,267.18","5,225.93","150.10M","0.52%"
"02/08/2021","5,217.96","5,207.10","5,230.04","5,192.82","151.74M","0.87%"
"30/07/2021","5,172.87","5,168.32","5,197.44","5,160.35","264.04M","-0.25%"
"29/07/2021","5,185.70","5,204.15","5,212.87","5,185.70","334.38M","0.34%"
"28/07/2021","5,167.99","5,123.45","5,167.99","5,110.72","117.55M","1.10%"
"27/07/2021","5,111.67","5,136.22","5,144.60","5,098.27","122.80M","-0.67%"
"26/07/2021","5,146.34","5,113.15","5,154.06","5,102.69","112.77M","0.14%"
"23/07/2021","5,139.37","5,105.21","5,143.97","5,099.73","100.68M","1.26%"
"22/07/2021","5,075.20","5,085.68","5,110.21","5,071.74","111.62M","0.31%"
"21/07/2021","5,059.42","4,997.51","5,064.34","4,997.51","146.88M","1.81%"
"20/07/2021","4,969.70","4,955.88","4,999.96","4,937.96","143.99M","0.72%"
"19/07/2021","4,934.30","5,012.80","5,015.43","4,899.81","200.72M","-2.47%"
"16/07/2021","5,059.20","5,103.15","5,106.90","5,028.72","125.34M","-0.41%"
"15/07/2021","5,080.10","5,116.19","5,126.07","5,062.63","112.48M","-0.99%"
"14/07/2021","5,131.07","5,115.29","5,137.41","5,111.59","93.40M","-0.06%"
"13/07/2021","5,134.17","5,132.78","5,139.41","5,117.59","115.62M","-0.05%"
"12/07/2021","5,136.80","5,113.39","5,142.50","5,078.62","121.28M","0.42%"
"09/07/2021","5,115.13","5,048.46","5,118.29","5,044.50","187.31M","1.90%"
"08/07/2021","5,019.88","5,081.94","5,084.40","4,982.57","245.28M","-1.90%"
"07/07/2021","5,117.36","5,119.53","5,136.29","5,096.63","194.75M","0.30%"
"06/07/2021","5,101.93","5,134.37","5,142.12","5,084.37","197.29M","-0.84%"
"05/07/2021","5,144.89","5,127.97","5,155.02","5,108.92","107.85M","0.21%"
"02/07/2021","5,133.93","5,146.02","5,155.30","5,124.36","142.47M","0.04%"
"01/07/2021","5,132.09","5,126.25","5,156.66","5,090.48","201.43M","0.73%"
"30/06/2021","5,094.95","5,134.14","5,144.57","5,067.79","211.36M","-0.84%"
"29/06/2021","5,138.10","5,134.68","5,162.00","5,132.20","141.84M","0.14%"
"28/06/2021","5,130.87","5,175.32","5,188.36","5,129.88","194.08M","-0.98%"
"25/06/2021","5,181.62","5,190.62","5,194.60","5,167.39","194.90M","-0.06%"
"24/06/2021","5,184.73","5,143.62","5,192.61","5,140.57","220.33M","1.17%"
"23/06/2021","5,124.64","5,174.12","5,175.19","5,124.64","192.44M","-0.86%"
"22/06/2021","5,169.14","5,166.93","5,176.96","5,149.08","135.37M","0.15%"
"21/06/2021","5,161.42","5,104.42","5,164.53","5,091.64","167.85M","0.43%"
"18/06/2021","5,139.29","5,205.53","5,227.15","5,130.73","271.23M","-1.41%"
"17/06/2021","5,212.76","5,194.27","5,218.10","5,190.36","125.84M","0.11%"
"16/06/2021","5,207.01","5,211.49","5,212.20","5,190.97","136.36M","0.17%"
"15/06/2021","5,198.43","5,204.54","5,213.07","5,197.72","121.62M","0.25%"
"14/06/2021","5,185.72","5,191.44","5,211.78","5,172.57","125.68M","0.25%"
"11/06/2021","5,172.64","5,132.96","5,178.43","5,132.74","126.03M","0.87%"
"10/06/2021","5,127.94","5,149.84","5,149.84","5,111.65","138.27M","-0.26%"
"09/06/2021","5,141.27","5,136.99","5,146.55","5,117.65","115.97M","0.23%"
"08/06/2021","5,129.56","5,124.46","5,146.91","5,121.63","122.28M","0.13%"
"07/06/2021","5,122.82","5,096.65","5,135.08","5,078.26","112.37M","0.45%"
"04/06/2021","5,100.02","5,093.84","5,101.38","5,085.05","110.38M","0.18%"
"03/06/2021","5,091.03","5,101.36","5,102.90","5,064.70","104.34M","-0.21%"
"02/06/2021","5,101.79","5,081.38","5,101.79","5,074.36","108.61M","0.42%"
"01/06/2021","5,080.35","5,065.27","5,105.11","5,061.85","123.51M","0.65%"
"31/05/2021","5,047.46","5,073.98","5,085.19","5,044.17","81.67M","-0.52%"
"28/05/2021","5,074.09","5,049.46","5,082.47","5,049.30","129.93M","0.72%"
"27/05/2021","5,037.64","4,997.11","5,061.12","4,997.11","290.98M","0.64%"
"26/05/2021","5,005.61","5,012.62","5,019.76","4,992.06","123.61M","0.05%"
"25/05/2021","5,003.09","5,023.16","5,028.61","5,003.09","114.27M","-0.28%"
"24/05/2021","5,017.06","5,008.57","5,017.95","4,997.94","96.53M","0.33%"
"21/05/2021","5,000.54","4,984.08","5,013.30","4,976.85","117.54M","0.60%"
"20/05/2021","4,970.64","4,940.90","4,970.64","4,914.99","115.50M","1.18%"
"19/05/2021","4,912.64","4,927.91","4,946.93","4,859.05","151.12M","-1.41%"
"18/05/2021","4,982.84","5,022.71","5,027.40","4,975.51","122.85M","-0.18%"
"17/05/2021","4,991.93","5,019.14","5,027.28","4,980.38","106.21M","-0.32%"
"14/05/2021","5,007.76","4,961.50","5,008.07","4,941.70","123.76M","1.48%"
"13/05/2021","4,934.49","4,875.13","4,945.71","4,831.12","117.78M","0.04%"
"12/05/2021","4,932.54","4,927.40","4,948.33","4,900.54","162.30M","0.07%"
"11/05/2021","4,929.01","4,966.24","4,966.24","4,895.91","167.97M","-1.77%"
"10/05/2021","5,018.02","5,021.14","5,021.14","5,004.68","135.17M","0.04%"
"07/05/2021","5,016.18","5,014.77","5,016.18","4,983.78","135.41M","0.53%"
"06/05/2021","4,989.96","4,996.91","5,006.93","4,964.04","148.17M","0.25%"
"05/05/2021","4,977.75","4,939.05","4,977.75","4,932.42","143.44M","1.33%"
"04/05/2021","4,912.50","4,967.47","4,992.82","4,903.16","151.26M","-0.91%"
"03/05/2021","4,957.40","4,939.57","4,961.18","4,914.86","90.36M","0.61%"
"30/04/2021","4,927.21","4,963.11","4,965.83","4,927.21","141.78M","-0.52%"
"29/04/2021","4,953.17","4,984.73","4,992.78","4,940.18","142.06M","-0.13%"
"28/04/2021","4,959.71","4,950.69","4,970.73","4,943.15","122.35M","0.49%"
"27/04/2021","4,935.61","4,935.61","4,942.00","4,922.09","118.92M","-0.04%"
"26/04/2021","4,937.45","4,918.69","4,947.59","4,908.71","112.72M","0.35%"
"23/04/2021","4,920.07","4,922.06","4,938.29","4,897.21","119.50M","-0.15%"
"22/04/2021","4,927.55","4,900.09","4,933.05","4,897.23","125.09M","0.88%"
"21/04/2021","4,884.52","4,867.30","4,895.36","4,858.18","146.09M","0.57%"
"20/04/2021","4,856.71","4,941.18","4,944.77","4,846.81","174.64M","-1.98%"
"19/04/2021","4,954.82","4,953.45","4,972.61","4,953.45","104.93M","0.17%"
"16/04/2021","4,946.35","4,905.42","4,956.62","4,905.15","142.62M","0.80%"
"15/04/2021","4,906.92","4,898.07","4,914.51","4,892.57","115.46M","0.35%"
"14/04/2021","4,889.65","4,895.38","4,897.06","4,880.15","120.19M","0.33%"
"13/04/2021","4,873.80","4,861.45","4,878.77","4,850.22","131.50M","0.42%"
"12/04/2021","4,853.34","4,859.91","4,871.12","4,847.50","120.58M","-0.15%"
"09/04/2021","4,860.69","4,866.49","4,877.49","4,855.15","112.81M","-0.01%"
"08/04/2021","4,860.98","4,852.68","4,866.46","4,846.73","118.13M","0.54%"
"07/04/2021","4,834.87","4,834.50","4,855.59","4,826.73","130.71M","0.01%"
"06/04/2021","4,834.30","4,851.62","4,855.96","4,831.05","139.57M","0.52%"
"01/04/2021","4,809.26","4,785.86","4,813.82","4,777.08","137.54M","0.70%"
"31/03/2021","4,775.78","4,788.17","4,800.55","4,772.12","140.03M","-0.31%"
"30/03/2021","4,790.65","4,760.33","4,796.65","4,758.03","124.27M","1.10%"
"29/03/2021","4,738.70","4,726.88","4,751.06","4,719.22","108.48M","0.38%"
"26/03/2021","4,720.85","4,714.82","4,733.14","4,703.71","128.12M","0.57%"
"25/03/2021","4,694.31","4,664.06","4,694.31","4,641.98","130.54M","0.04%"
"24/03/2021","4,692.50","4,657.67","4,693.87","4,647.85","138.64M","0.03%"
"23/03/2021","4,691.18","4,688.65","4,706.82","4,670.69","135.80M","-0.36%"
"22/03/2021","4,708.04","4,700.68","4,719.79","4,685.53","134.81M","-0.43%"
"19/03/2021","4,728.50","4,743.48","4,762.78","4,714.32","340.09M","-0.98%"
"18/03/2021","4,775.18","4,789.49","4,795.50","4,763.44","155.14M","0.08%"
"17/03/2021","4,771.37","4,766.68","4,775.73","4,756.42","141.25M","-0.01%"
"16/03/2021","4,771.78","4,766.86","4,777.56","4,757.28","150.59M","0.37%"
"15/03/2021","4,754.33","4,780.46","4,795.80","4,742.48","135.64M","-0.19%"
"12/03/2021","4,763.32","4,750.64","4,763.32","4,741.20","128.49M","0.20%"
"11/03/2021","4,753.72","4,742.20","4,754.08","4,725.90","159.69M","0.70%"
"10/03/2021","4,720.51","4,669.63","4,724.67","4,667.18","141.51M","0.94%"
"09/03/2021","4,676.59","4,658.84","4,686.36","4,654.21","171.24M","0.38%"
"08/03/2021","4,658.86","4,598.90","4,667.06","4,583.90","181.24M","2.00%"
"05/03/2021","4,567.73","4,578.08","4,609.43","4,547.99","192.57M","-0.85%"
"04/03/2021","4,606.79","4,581.47","4,616.48","4,579.51","163.88M","0.04%"
"03/03/2021","4,604.74","4,615.78","4,639.10","4,572.36","150.41M","0.29%"
"02/03/2021","4,591.47","4,572.52","4,611.61","4,568.18","137.82M","0.24%"
"01/03/2021","4,580.28","4,563.60","4,588.56","4,561.23","145.16M","1.57%"
"26/02/2021","4,509.46","4,517.62","4,558.68","4,497.64","208.13M","-1.38%"
"25/02/2021","4,572.55","4,603.51","4,610.29","4,572.55","178.59M","-0.20%"
"24/02/2021","4,581.50","4,559.66","4,587.88","4,552.62","147.17M","0.33%"
"23/02/2021","4,566.63","4,569.22","4,587.98","4,521.25","184.88M","0.19%"
"22/02/2021","4,558.09","4,536.59","4,565.14","4,508.43","135.00M","-0.13%"
"19/02/2021","4,564.25","4,542.71","4,572.26","4,536.51","149.57M","0.67%"
"18/02/2021","4,533.91","4,568.49","4,577.68","4,528.35","151.99M","-0.70%"
"17/02/2021","4,565.72","4,565.35","4,585.66","4,557.05","151.75M","-0.37%"
"16/02/2021","4,582.78","4,589.13","4,593.02","4,571.55","131.70M","-0.01%"
"15/02/2021","4,583.40","4,546.53","4,595.63","4,539.37","169.36M","1.35%"
"12/02/2021","4,522.32","4,487.12","4,522.99","4,467.50","134.90M","0.49%"
"11/02/2021","4,500.27","4,509.10","4,514.68","4,488.85","145.28M","0.06%"
"10/02/2021","4,497.71","4,531.31","4,531.61","4,480.12","232.81M","-0.37%"
"09/02/2021","4,514.38","4,514.29","4,522.76","4,501.65","118.04M","0.07%"
"08/02/2021","4,511.11","4,513.99","4,534.00","4,503.68","152.63M","0.37%"
"05/02/2021","4,494.26","4,474.82","4,505.01","4,469.67","150.88M","0.86%"
"04/02/2021","4,455.85","4,429.99","4,460.51","4,426.80","131.65M","0.79%"
"03/02/2021","4,421.07","4,462.70","4,462.70","4,414.24","127.94M","0.03%"
"02/02/2021","4,419.93","4,378.77","4,428.43","4,376.85","148.05M","1.84%"
"01/02/2021","4,340.19","4,322.31","4,355.03","4,314.82","129.64M","1.15%"
"29/01/2021","4,290.93","4,302.03","4,346.39","4,287.13","169.27M","-1.84%"
"28/01/2021","4,371.41","4,293.05","4,383.18","4,265.54","193.32M","0.85%"
"27/01/2021","4,334.48","4,375.97","4,397.85","4,286.27","203.19M","-1.04%"
"26/01/2021","4,380.24","4,339.76","4,406.48","4,337.20","145.14M","0.93%"
"25/01/2021","4,339.91","4,430.85","4,434.43","4,325.04","186.50M","-1.71%"
"22/01/2021","4,415.62","4,427.83","4,427.83","4,376.70","151.48M","-0.64%"
"21/01/2021","4,444.19","4,495.10","4,501.41","4,443.00","136.93M","-0.58%"
"20/01/2021","4,470.20","4,458.86","4,484.99","4,452.05","119.08M","0.52%"
"19/01/2021","4,447.23","4,484.25","4,489.88","4,441.76","132.82M","-0.29%"
"18/01/2021","4,460.31","4,435.34","4,461.45","4,434.95","103.68M","0.09%"
"15/01/2021","4,456.08","4,482.84","4,488.59","4,417.99","186.92M","-1.11%"
"14/01/2021","4,505.98","4,487.54","4,512.92","4,482.07","156.26M","0.44%"
"13/01/2021","4,486.15","4,475.66","4,497.74","4,470.94","166.47M","0.18%"
"12/01/2021","4,477.87","4,492.33","4,498.91","4,468.06","130.53M","-0.15%"
"11/01/2021","4,484.55","4,501.97","4,515.63","4,457.34","137.37M","-0.76%"
"08/01/2021","4,519.02","4,522.42","4,530.00","4,497.56","153.57M","0.65%"
"07/01/2021","4,489.66","4,476.83","4,503.40","4,459.79","150.06M","0.66%"
"06/01/2021","4,460.08","4,439.10","4,474.34","4,401.10","213.18M","1.15%"
"05/01/2021","4,409.36","4,415.85","4,437.86","4,383.60","134.23M","-0.36%"
"04/01/2021","4,425.27","4,444.49","4,480.31","4,410.80","146.99M","0.70%"
"31/12/2020","4,394.69","4,410.14","4,430.62","4,394.69","35.55M","-0.84%"
"30/12/2020","4,431.75","4,439.69","4,452.24","4,428.53","61.37M","-0.24%"
"29/12/2020","4,442.33","4,438.78","4,453.15","4,437.40","82.50M","0.44%"
"28/12/2020","4,422.87","4,406.72","4,434.62","4,398.07","77.21M","1.07%"
"24/12/2020","4,376.16","4,391.27","4,394.19","4,372.95","31.08M","-0.08%"
"23/12/2020","4,379.60","4,335.88","4,388.57","4,335.88","100.77M","1.12%"
"22/12/2020","4,331.07","4,287.83","4,339.70","4,287.83","101.56M","1.32%"
"21/12/2020","4,274.77","4,273.80","4,293.32","4,203.03","200.33M","-2.38%"
"18/12/2020","4,378.91","4,387.45","4,418.86","4,371.69","247.43M","-0.37%"
"17/12/2020","4,395.12","4,415.23","4,421.06","4,392.58","139.00M","0.10%"
"16/12/2020","4,390.72","4,394.36","4,422.19","4,366.85","140.71M","0.35%"
"15/12/2020","4,375.23","4,374.74","4,399.05","4,368.90","160.53M","0.08%"
"14/12/2020","4,371.71","4,395.40","4,410.71","4,371.71","135.76M","0.36%"
"11/12/2020","4,355.92","4,369.22","4,373.34","4,320.59","152.69M","-0.72%"
"10/12/2020","4,387.42","4,397.79","4,405.61","4,356.94","153.91M","-0.03%"
"09/12/2020","4,388.62","4,423.51","4,428.56","4,387.56","140.33M","-0.28%"
"08/12/2020","4,400.87","4,395.30","4,410.39","4,370.85","133.38M","-0.20%"
"07/12/2020","4,409.77","4,426.08","4,427.49","4,380.94","139.64M","-0.60%"
"04/12/2020","4,436.26","4,407.72","4,442.21","4,407.72","174.61M","0.66%"
"03/12/2020","4,406.98","4,412.33","4,414.10","4,385.13","146.44M","-0.14%"
"02/12/2020","4,413.09","4,402.68","4,415.35","4,387.73","156.64M","-0.06%"
"01/12/2020","4,415.72","4,385.90","4,422.72","4,378.35","162.94M","1.12%"
"30/11/2020","4,366.64","4,402.81","4,429.24","4,366.64","249.35M","-1.39%"
"27/11/2020","4,428.16","4,399.98","4,439.10","4,394.66","148.44M","0.61%"
"26/11/2020","4,401.42","4,419.90","4,421.86","4,397.33","110.04M","-0.08%"
"25/11/2020","4,405.03","4,417.62","4,423.20","4,384.72","198.53M","0.15%"
"24/11/2020","4,398.62","4,387.62","4,409.88","4,379.37","233.75M","1.26%"
"23/11/2020","4,343.81","4,382.56","4,392.43","4,343.81","163.45M","-0.02%"
"20/11/2020","4,344.64","4,322.28","4,366.47","4,320.20","144.77M","0.32%"
"19/11/2020","4,330.67","4,332.17","4,341.58","4,309.56","155.88M","-0.68%"
"18/11/2020","4,360.35","4,328.51","4,368.19","4,315.74","155.96M","0.48%"
"17/11/2020","4,339.34","4,331.06","4,341.83","4,308.54","194.02M","0.17%"
"16/11/2020","4,332.15","4,295.27","4,369.98","4,278.35","270.28M","1.80%"
"13/11/2020","4,255.46","4,232.42","4,277.18","4,223.90","177.40M","0.38%"
"12/11/2020","4,239.30","4,256.66","4,278.62","4,227.72","176.86M","-1.33%"
"11/11/2020","4,296.51","4,291.65","4,316.13","4,271.88","204.60M","0.39%"
"10/11/2020","4,279.97","4,223.13","4,295.00","4,204.18","363.54M","1.65%"
"09/11/2020","4,210.50","3,980.51","4,244.43","3,970.23","429.79M","7.38%"
"06/11/2020","3,921.18","3,926.09","3,952.83","3,887.56","162.91M","-0.49%"
"05/11/2020","3,940.49","3,929.18","3,952.11","3,907.10","182.07M","1.25%"
"04/11/2020","3,891.96","3,759.06","3,894.06","3,749.97","167.07M","2.34%"
"03/11/2020","3,803.12","3,756.65","3,807.30","3,746.70","173.98M","2.37%"
"02/11/2020","3,715.10","3,656.05","3,724.82","3,631.50","159.99M","2.04%"
"30/10/2020","3,640.89","3,585.83","3,646.26","3,583.61","175.92M","0.46%"
"29/10/2020","3,624.38","3,625.57","3,652.82","3,580.94","193.63M","0.01%"
"28/10/2020","3,623.91","3,677.76","3,677.76","3,585.82","248.99M","-3.42%"
"27/10/2020","3,752.26","3,809.29","3,816.96","3,747.43","174.14M","-1.73%"
"26/10/2020","3,818.42","3,842.61","3,883.27","3,817.91","134.56M","-1.96%"
"23/10/2020","3,894.66","3,845.19","3,912.47","3,845.19","128.27M","1.14%"
"22/10/2020","3,850.72","3,817.87","3,867.62","3,799.05","137.13M","-0.04%"
"21/10/2020","3,852.26","3,912.60","3,914.47","3,849.10","124.12M","-1.55%"
"20/10/2020","3,912.90","3,904.41","3,940.96","3,896.87","142.18M","-0.14%"
"19/10/2020","3,918.35","3,927.69","3,956.02","3,872.14","73.67M","0.15%"
"16/10/2020","3,912.40","3,890.22","3,928.99","3,870.49","153.38M","1.82%"
"15/10/2020","3,842.38","3,871.68","3,874.71","3,818.58","160.60M","-2.06%"
"14/10/2020","3,923.15","3,934.21","3,941.46","3,913.30","113.73M","-0.10%"
"13/10/2020","3,927.26","3,949.82","3,949.82","3,913.06","133.47M","-0.69%"
"12/10/2020","3,954.58","3,935.43","3,967.86","3,928.82","115.71M","0.61%"
"09/10/2020","3,930.73","3,929.47","3,936.54","3,912.24","131.70M","0.61%"
"08/10/2020","3,906.90","3,903.04","3,924.46","3,881.28","127.98M","0.66%"
"07/10/2020","3,881.37","3,884.91","3,906.53","3,868.54","145.31M","-0.24%"
"06/10/2020","3,890.86","3,875.02","3,912.66","3,856.57","148.68M","0.59%"
"05/10/2020","3,868.18","3,854.63","3,870.43","3,842.46","139.71M","1.12%"
"02/10/2020","3,825.38","3,785.01","3,825.38","3,775.02","134.49M","-0.01%"
"01/10/2020","3,825.88","3,846.79","3,863.05","3,812.25","153.82M","0.36%"
"30/09/2020","3,812.26","3,797.91","3,847.93","3,788.96","166.78M","-0.35%"
"29/09/2020","3,825.63","3,824.24","3,837.75","3,806.69","130.73M","-0.33%"
"28/09/2020","3,838.20","3,806.31","3,842.19","3,794.14","162.56M","2.44%"
"25/09/2020","3,746.87","3,748.99","3,766.08","3,697.45","162.00M","-0.53%"
"24/09/2020","3,766.73","3,754.78","3,800.61","3,753.61","167.72M","-0.87%"
"23/09/2020","3,799.63","3,820.22","3,855.12","3,799.63","146.51M","0.51%"
"22/09/2020","3,780.35","3,807.36","3,821.39","3,780.35","153.21M","-0.33%"
"21/09/2020","3,792.68","3,901.19","3,904.86","3,782.35","204.07M","-3.73%"
"18/09/2020","3,939.83","3,980.80","3,985.69","3,939.83","380.45M","-1.21%"
"17/09/2020","3,988.10","3,961.78","3,998.36","3,954.65","140.47M","-0.69%"
"16/09/2020","4,015.95","4,006.30","4,026.29","3,982.15","133.35M","0.20%"
"15/09/2020","4,007.88","4,000.24","4,022.12","3,983.57","124.12M","0.27%"
"14/09/2020","3,996.93","4,009.89","4,022.03","3,982.15","96.55M","0.41%"
"11/09/2020","3,980.60","3,970.00","3,995.04","3,955.46","116.52M","0.13%"
"10/09/2020","3,975.43","3,994.45","4,004.48","3,961.42","116.35M","-0.33%"
"09/09/2020","3,988.52","3,943.42","3,998.94","3,931.95","137.77M","1.40%"
"08/09/2020","3,933.26","3,996.15","4,001.32","3,902.96","152.10M","-1.61%"
"07/09/2020","3,997.69","3,939.45","4,004.89","3,939.45","96.80M","1.81%"
"04/09/2020","3,926.60","3,934.07","4,008.86","3,899.45","171.87M","-0.86%"
"03/09/2020","3,960.68","4,013.67","4,056.03","3,942.16","152.19M","-0.53%"
"02/09/2020","3,981.77","3,933.69","4,004.02","3,927.30","134.11M","1.87%"
"01/09/2020","3,908.81","3,938.94","3,952.79","3,875.70","145.47M","-0.24%"
"31/08/2020","3,918.33","3,993.61","4,010.28","3,916.14","171.81M","-1.01%"
"28/08/2020","3,958.23","3,977.38","3,978.31","3,931.98","108.07M","-0.20%"
"27/08/2020","3,966.28","3,997.72","3,997.72","3,961.86","105.28M","-0.73%"
"26/08/2020","3,995.60","3,951.27","3,996.37","3,940.04","85.71M","0.82%"
"25/08/2020","3,963.05","3,974.74","4,011.27","3,962.56","107.27M","0.00%"
"24/08/2020","3,962.96","3,918.57","3,966.60","3,918.57","108.24M","2.18%"
"21/08/2020","3,878.27","3,901.43","3,909.49","3,833.88","111.85M","-0.24%"
"20/08/2020","3,887.43","3,890.18","3,908.35","3,870.47","102.98M","-1.28%"
"19/08/2020","3,937.87","3,898.90","3,937.87","3,892.37","91.38M","0.74%"
"18/08/2020","3,908.88","3,921.35","3,958.42","3,899.40","96.20M","-0.71%"
"17/08/2020","3,936.76","3,935.94","3,953.24","3,907.73","87.70M","0.18%"
"14/08/2020","3,929.53","3,963.53","3,963.53","3,897.63","113.92M","-1.56%"
"13/08/2020","3,991.84","4,003.61","4,018.85","3,988.22","104.56M","-0.51%"
"12/08/2020","4,012.11","3,966.36","4,029.22","3,964.15","128.30M","0.86%"
"11/08/2020","3,978.00","3,928.99","3,995.72","3,925.08","159.50M","2.34%"
"10/08/2020","3,886.87","3,881.87","3,907.61","3,860.88","109.15M","0.46%"
"07/08/2020","3,869.15","3,860.42","3,874.04","3,831.64","109.28M","0.12%"
"06/08/2020","3,864.55","3,888.71","3,915.85","3,846.92","132.08M","-0.84%"
"05/08/2020","3,897.18","3,889.60","3,911.77","3,876.21","139.31M","0.98%"
"04/08/2020","3,859.45","3,882.22","3,883.58","3,834.91","159.94M","0.21%"
"03/08/2020","3,851.36","3,791.01","3,867.69","3,762.95","164.64M","1.86%"
"31/07/2020","3,780.88","3,837.81","3,871.51","3,780.88","215.72M","-1.27%"
"30/07/2020","3,829.65","3,906.62","3,906.62","3,790.67","211.37M","-2.08%"
"29/07/2020","3,911.19","3,902.66","3,925.78","3,900.37","141.65M","0.56%"
"28/07/2020","3,889.35","3,889.77","3,905.47","3,863.41","123.51M","-0.17%"
"27/07/2020","3,896.08","3,902.23","3,909.67","3,881.85","119.04M","-0.39%"
"24/07/2020","3,911.33","3,922.43","3,930.40","3,886.68","116.26M","-1.54%"
"23/07/2020","3,972.54","3,994.56","4,009.45","3,961.32","124.18M","-0.02%"
"22/07/2020","3,973.19","4,004.52","4,016.86","3,965.01","120.41M","-1.16%"
"21/07/2020","4,019.95","4,038.40","4,071.40","4,014.74","139.96M","0.24%"
"20/07/2020","4,010.46","3,981.92","4,015.78","3,949.61","120.40M","0.51%"
"17/07/2020","3,989.92","4,009.03","4,009.03","3,972.36","139.46M","-0.39%"
"16/07/2020","4,005.41","3,990.00","4,018.88","3,976.19","116.90M","-0.34%"
"15/07/2020","4,018.99","3,970.92","4,045.00","3,967.60","157.38M","1.96%"
"14/07/2020","3,941.57","3,924.12","3,941.57","3,891.19","135.30M","-0.96%"
"13/07/2020","3,979.78","3,954.42","3,981.72","3,921.70","120.67M","1.66%"
"10/07/2020","3,914.62","3,853.78","3,916.81","3,846.65","136.33M","1.03%"
"09/07/2020","3,874.77","3,943.91","3,949.86","3,868.45","139.22M","-1.27%"
"08/07/2020","3,924.69","3,943.56","3,967.66","3,916.66","133.58M","-1.20%"
"07/07/2020","3,972.40","3,981.56","3,983.94","3,945.04","121.36M","-0.75%"
"06/07/2020","4,002.46","4,021.87","4,033.13","3,983.73","142.34M","1.50%"
"03/07/2020","3,943.47","3,979.22","3,984.43","3,924.44","101.56M","-0.75%"
"02/07/2020","3,973.24","3,908.07","3,989.82","3,902.88","176.99M","2.42%"
"01/07/2020","3,879.44","3,886.69","3,907.83","3,818.79","153.25M","-0.12%"
"30/06/2020","3,884.04","3,897.03","3,904.99","3,856.43","177.12M","-0.10%"
"29/06/2020","3,887.81","3,844.87","3,912.06","3,827.91","150.88M","0.68%"
"26/06/2020","3,861.37","3,904.08","3,942.85","3,860.54","146.71M","-0.18%"
"25/06/2020","3,868.26","3,807.27","3,883.92","3,770.52","180.05M","1.04%"
"24/06/2020","3,828.50","3,919.76","3,935.06","3,828.50","164.49M","-2.91%"
"23/06/2020","3,943.43","3,911.29","3,966.23","3,904.00","170.91M","1.33%"
"22/06/2020","3,891.71","3,879.66","3,938.63","3,857.75","153.88M","-0.68%"
"19/06/2020","3,918.24","3,936.88","3,966.11","3,918.24","363.44M","0.25%"
"18/06/2020","3,908.40","3,921.87","3,952.23","3,869.85","168.16M","-0.66%"
"17/06/2020","3,934.24","3,905.77","3,960.41","3,905.77","183.25M","0.71%"
"16/06/2020","3,906.41","3,884.77","3,948.02","3,858.77","234.90M","2.80%"
"15/06/2020","3,799.89","3,721.36","3,819.45","3,702.17","179.83M","-0.38%"
"12/06/2020","3,814.36","3,759.94","3,891.94","3,747.55","222.13M","0.53%"
"11/06/2020","3,794.39","3,879.21","3,900.85","3,794.39","258.52M","-4.69%"
"10/06/2020","3,981.07","4,035.99","4,065.21","3,974.41","207.44M","-0.91%"
"09/06/2020","4,017.83","4,092.42","4,105.35","3,985.30","281.40M","-1.59%"
"08/06/2020","4,082.61","4,070.74","4,111.59","4,052.87","294.83M","-0.42%"
"05/06/2020","4,099.95","4,000.77","4,100.46","4,000.77","317.93M","3.42%"
"04/06/2020","3,964.56","3,945.52","3,992.66","3,928.41","230.83M","-0.10%"
"03/06/2020","3,968.42","3,884.62","3,968.76","3,882.90","265.93M","3.22%"
"02/06/2020","3,844.68","3,794.93","3,859.04","3,791.48","212.83M","2.09%"
"01/06/2020","3,766.02","3,773.07","3,778.53","3,733.20","132.09M","1.50%"
"29/05/2020","3,710.32","3,739.14","3,765.33","3,709.69","305.26M","-1.58%"
"28/05/2020","3,769.72","3,732.67","3,777.59","3,718.34","202.37M","1.63%"
"27/05/2020","3,709.25","3,665.00","3,730.40","3,656.98","276.81M","1.52%"
"26/05/2020","3,653.69","3,635.22","3,662.64","3,630.32","224.24M","1.52%"
"25/05/2020","3,599.01","3,543.48","3,599.01","3,526.31","109.11M","2.31%"
"22/05/2020","3,517.86","3,465.17","3,539.29","3,453.93","168.07M","0.13%"
"21/05/2020","3,513.22","3,512.00","3,555.58","3,497.80","149.19M","-1.10%"
"20/05/2020","3,552.37","3,501.71","3,553.64","3,469.90","187.01M","0.88%"
"19/05/2020","3,521.51","3,586.99","3,586.99","3,494.07","243.22M","-1.35%"
"18/05/2020","3,569.76","3,462.87","3,572.63","3,459.81","165.14M","5.06%"
"15/05/2020","3,397.70","3,433.35","3,437.36","3,378.55","156.34M","0.35%"
"14/05/2020","3,385.90","3,411.19","3,423.80","3,329.86","178.36M","-1.77%"
"13/05/2020","3,446.94","3,503.40","3,504.11","3,442.92","153.84M","-2.72%"
"12/05/2020","3,543.38","3,550.47","3,563.62","3,528.94","152.32M","-0.38%"
"11/05/2020","3,556.78","3,616.87","3,620.50","3,537.22","122.88M","-1.33%"
"08/05/2020","3,604.55","3,593.61","3,610.48","3,577.52","76.28M","1.25%"
"07/05/2020","3,559.89","3,527.75","3,561.76","3,517.24","117.97M","1.45%"
"06/05/2020","3,509.17","3,545.61","3,548.87","3,503.53","123.56M","-1.00%"
"05/05/2020","3,544.63","3,521.49","3,552.31","3,497.74","140.29M","2.47%"
"04/05/2020","3,459.11","3,492.46","3,501.69","3,451.87","183.99M","-4.19%"
"30/04/2020","3,610.57","3,701.87","3,722.93","3,600.03","221.50M","-2.00%"
"29/04/2020","3,684.29","3,603.85","3,686.84","3,595.60","181.64M","2.29%"
"28/04/2020","3,601.73","3,555.52","3,625.36","3,541.70","167.15M","1.42%"
"27/04/2020","3,551.45","3,532.17","3,551.45","3,510.02","122.44M","2.51%"
"24/04/2020","3,464.55","3,459.84","3,506.70","3,441.73","125.48M","-1.22%"
"23/04/2020","3,507.49","3,499.65","3,537.78","3,462.76","137.82M","1.05%"
"22/04/2020","3,470.94","3,450.41","3,475.58","3,435.23","132.24M","1.19%"
"21/04/2020","3,430.03","3,517.65","3,520.27","3,430.03","151.07M","-3.58%"
"20/04/2020","3,557.39","3,552.83","3,557.39","3,485.50","123.62M","0.54%"
"17/04/2020","3,538.15","3,512.98","3,570.21","3,509.11","195.34M","3.53%"
"16/04/2020","3,417.56","3,462.19","3,473.47","3,395.97","169.58M","-0.21%"
"15/04/2020","3,424.67","3,557.59","3,566.70","3,414.50","185.87M","-3.87%"
"14/04/2020","3,562.63","3,594.57","3,601.69","3,548.64","169.75M","0.14%"
"09/04/2020","3,557.79","3,554.57","3,582.10","3,483.15","206.86M","1.67%"
"08/04/2020","3,499.45","3,464.60","3,499.45","3,420.29","149.32M","0.20%"
"07/04/2020","3,492.60","3,526.23","3,554.49","3,445.09","245.95M","2.24%"
"06/04/2020","3,416.20","3,378.46","3,418.85","3,352.84","222.34M","4.71%"
"03/04/2020","3,262.43","3,309.98","3,314.89","3,254.72","274.26M","-1.67%"
"02/04/2020","3,317.69","3,333.71","3,348.75","3,261.31","238.53M","0.44%"
"01/04/2020","3,303.23","3,343.25","3,348.68","3,290.60","209.30M","-4.10%"
"31/03/2020","3,444.49","3,471.70","3,497.88","3,381.21","230.90M","0.58%"
"30/03/2020","3,424.75","3,423.67","3,430.13","3,314.09","185.69M","0.29%"
"27/03/2020","3,414.93","3,484.91","3,507.97","3,370.48","243.21M","-4.22%"
"26/03/2020","3,565.47","3,400.36","3,565.47","3,370.03","263.14M","2.60%"
"25/03/2020","3,475.19","3,421.72","3,506.74","3,324.11","290.93M","4.05%"
"24/03/2020","3,339.80","3,216.94","3,339.80","3,179.78","278.18M","8.35%"
"23/03/2020","3,082.31","3,055.82","3,220.01","3,043.31","283.91M","-3.57%"
"20/03/2020","3,196.27","3,199.93","3,236.15","3,141.70","446.93M","5.32%"
"19/03/2020","3,034.89","3,015.11","3,069.32","2,913.71","316.43M","2.90%"
"18/03/2020","2,949.24","3,063.78","3,065.52","2,924.68","326.04M","-5.43%"
"17/03/2020","3,118.74","3,176.56","3,178.51","2,951.35","348.98M","2.34%"
"16/03/2020","3,047.49","3,064.23","3,109.38","2,857.67","476.21M","-6.24%"
"13/03/2020","3,250.15","3,348.33","3,502.90","3,207.40","500.40M","1.56%"
"12/03/2020","3,200.37","3,463.75","3,487.80","3,187.48","547.71M","-12.33%"
"11/03/2020","3,650.58","3,741.91","3,776.81","3,645.01","351.74M","-0.78%"
"10/03/2020","3,679.28","3,781.83","3,902.76","3,663.90","439.66M","-1.53%"
"09/03/2020","3,736.32","3,854.04","3,857.91","3,724.95","510.20M","-8.21%"
"06/03/2020","4,070.41","4,159.91","4,180.18","4,048.14","307.98M","-4.11%"
"05/03/2020","4,244.83","4,351.66","4,354.34","4,222.17","245.92M","-1.97%"
"04/03/2020","4,330.02","4,281.97","4,353.68","4,250.10","223.63M","1.29%"
"03/03/2020","4,274.73","4,287.16","4,362.70","4,261.29","274.84M","1.12%"
"02/03/2020","4,227.54","4,295.18","4,307.05","4,125.13","304.98M","0.28%"
"28/02/2020","4,215.94","4,215.62","4,263.65","4,156.16","380.56M","-3.37%"
"27/02/2020","4,363.05","4,425.44","4,455.10","4,303.94","309.61M","-3.25%"
"26/02/2020","4,509.64","4,474.61","4,526.69","4,382.61","245.40M","0.11%"
"25/02/2020","4,504.56","4,615.08","4,619.94","4,496.66","223.19M","-1.89%"
"24/02/2020","4,591.43","4,649.65","4,655.40","4,564.43","257.57M","-3.74%"
"21/02/2020","4,769.97","4,771.51","4,797.28","4,745.02","148.52M","-0.50%"
"20/02/2020","4,794.12","4,828.51","4,831.85","4,794.12","171.36M","-0.80%"
"19/02/2020","4,832.59","4,814.70","4,832.59","4,804.92","121.30M","0.81%"
"18/02/2020","4,793.61","4,779.15","4,807.88","4,776.50","134.39M","-0.41%"
"17/02/2020","4,813.34","4,808.64","4,814.98","4,797.62","95.19M","0.29%"
"14/02/2020","4,799.31","4,815.17","4,816.04","4,796.89","128.59M","-0.26%"
"13/02/2020","4,811.90","4,798.17","4,813.30","4,763.35","143.25M","-0.13%"
"12/02/2020","4,818.03","4,791.61","4,818.06","4,788.04","148.87M","0.75%"
"11/02/2020","4,782.00","4,774.58","4,785.43","4,764.28","131.49M","0.68%"
"10/02/2020","4,749.79","4,743.38","4,750.68","4,731.11","106.75M","-0.19%"
"07/02/2020","4,759.04","4,760.04","4,771.09","4,737.45","139.95M","-0.16%"
"06/02/2020","4,766.87","4,775.55","4,779.58","4,745.23","167.33M","0.80%"
"05/02/2020","4,729.27","4,677.35","4,743.24","4,674.40","171.16M","0.90%"
"04/02/2020","4,687.07","4,635.96","4,687.08","4,635.12","133.07M","1.61%"
"03/02/2020","4,612.80","4,602.20","4,630.81","4,586.33","125.23M","0.55%"
"31/01/2020","4,587.35","4,650.26","4,653.43","4,581.69","149.47M","-1.01%"
"30/01/2020","4,634.18","4,643.11","4,657.42","4,615.03","141.36M","-1.32%"
"29/01/2020","4,696.08","4,672.86","4,707.98","4,669.25","122.34M","0.46%"
"28/01/2020","4,674.67","4,644.45","4,681.19","4,623.80","133.32M","1.02%"
"27/01/2020","4,627.29","4,667.47","4,680.13","4,616.59","161.04M","-2.45%"
"24/01/2020","4,743.30","4,740.38","4,774.46","4,738.12","126.57M","0.77%"
"23/01/2020","4,706.86","4,723.20","4,744.88","4,696.85","134.17M","-0.64%"
"22/01/2020","4,737.33","4,767.36","4,778.17","4,733.19","108.14M","-0.50%"
"21/01/2020","4,761.21","4,754.34","4,761.84","4,723.52","100.63M","-0.53%"
"20/01/2020","4,786.63","4,794.03","4,796.41","4,779.15","75.76M","-0.24%"
"17/01/2020","4,798.09","4,775.50","4,806.12","4,775.50","137.48M","0.90%"
"16/01/2020","4,755.34","4,753.70","4,767.44","4,740.87","112.48M","0.12%"
"15/01/2020","4,749.42","4,753.72","4,761.56","4,731.19","124.14M","-0.05%"
"14/01/2020","4,751.71","4,749.69","4,754.62","4,706.56","113.92M","0.08%"
"13/01/2020","4,747.97","4,752.71","4,765.50","4,734.65","98.86M","-0.02%"
"10/01/2020","4,748.70","4,763.37","4,764.52","4,742.62","101.88M","-0.10%"
"09/01/2020","4,753.41","4,772.53","4,773.54","4,746.86","111.39M","0.20%"
"08/01/2020","4,743.78","4,711.40","4,743.78","4,698.64","116.19M","0.30%"
"07/01/2020","4,729.76","4,741.95","4,767.87","4,720.17","106.64M","0.04%"
"06/01/2020","4,727.88","4,716.87","4,730.04","4,679.91","113.53M","-0.52%"
"03/01/2020","4,752.62","4,729.42","4,752.62","4,715.20","107.23M","-0.03%"
"02/01/2020","4,754.15","4,733.46","4,768.27","4,729.94","102.93M","1.07%"
"31/12/2019","4,703.82","4,701.27","4,712.68","4,691.11","36.88M","-0.12%"
"30/12/2019","4,709.29","4,742.71","4,748.79","4,709.29","65.18M","-0.82%"
"27/12/2019","4,748.39","4,749.65","4,769.03","4,741.54","80.50M","0.11%"
"24/12/2019","4,743.13","4,738.96","4,746.09","4,738.42","24.79M","0.05%"
"23/12/2019","4,740.70","4,727.46","4,746.09","4,723.30","78.47M","0.15%"
"20/12/2019","4,733.46","4,702.83","4,735.40","4,694.99","219.42M","0.76%"
"19/12/2019","4,697.77","4,689.82","4,697.77","4,674.58","111.37M","0.22%"
"18/12/2019","4,687.66","4,696.56","4,703.85","4,687.29","123.54M","-0.17%"
"17/12/2019","4,695.46","4,709.90","4,709.90","4,684.41","129.71M","-0.34%"
"16/12/2019","4,711.55","4,677.37","4,720.70","4,675.12","123.79M","1.19%"
"13/12/2019","4,655.99","4,693.37","4,696.15","4,647.33","176.43M","0.57%"
"12/12/2019","4,629.46","4,620.16","4,654.58","4,599.71","144.40M","0.35%"
"11/12/2019","4,613.14","4,602.97","4,616.70","4,586.87","102.61M","0.17%"
"10/12/2019","4,605.13","4,594.89","4,607.64","4,551.61","120.87M","0.14%"
"09/12/2019","4,598.60","4,618.60","4,621.74","4,597.88","97.02M","-0.53%"
"06/12/2019","4,623.22","4,584.48","4,623.22","4,579.06","117.97M","1.10%"
"05/12/2019","4,572.80","4,576.17","4,608.22","4,572.74","111.50M","0.09%"
"04/12/2019","4,568.75","4,521.44","4,578.73","4,516.54","131.46M","1.22%"
"03/12/2019","4,513.72","4,560.54","4,571.32","4,489.86","135.89M","-0.99%"
"02/12/2019","4,558.95","4,649.20","4,679.42","4,554.10","152.75M","-1.87%"
"29/11/2019","4,645.82","4,641.30","4,664.29","4,632.43","98.70M","-0.19%"
"28/11/2019","4,654.76","4,653.66","4,657.68","4,645.16","75.33M","-0.26%"
"27/11/2019","4,666.77","4,678.41","4,682.20","4,663.29","114.03M","-0.03%"
"26/11/2019","4,668.35","4,663.00","4,676.56","4,649.14","195.34M","0.17%"
"25/11/2019","4,660.52","4,653.50","4,667.21","4,648.76","100.78M","0.56%"
"22/11/2019","4,634.78","4,625.52","4,661.00","4,625.39","112.73M","0.22%"
"21/11/2019","4,624.70","4,609.54","4,634.32","4,587.56","115.16M","-0.25%"
"20/11/2019","4,636.38","4,625.48","4,642.59","4,608.60","120.68M","-0.21%"
"19/11/2019","4,646.28","4,670.23","4,691.20","4,636.39","118.55M","-0.39%"
"18/11/2019","4,664.62","4,671.38","4,673.44","4,641.31","116.60M","-0.13%"
"15/11/2019","4,670.69","4,663.89","4,674.31","4,642.81","141.86M","0.65%"
"14/11/2019","4,640.38","4,641.68","4,651.24","4,634.77","116.94M","-0.11%"
"13/11/2019","4,645.31","4,647.09","4,653.35","4,618.86","134.15M","-0.28%"
"12/11/2019","4,658.29","4,650.20","4,667.47","4,641.76","120.38M","0.40%"
"11/11/2019","4,639.94","4,625.27","4,651.02","4,623.54","98.85M","0.04%"
"08/11/2019","4,638.01","4,622.38","4,638.01","4,616.30","150.84M","-0.05%"
"07/11/2019","4,640.38","4,638.64","4,644.56","4,624.73","165.28M","0.42%"
"06/11/2019","4,621.20","4,609.36","4,629.93","4,601.08","151.27M","0.27%"
"05/11/2019","4,608.76","4,594.84","4,613.04","4,589.42","131.02M","0.37%"
"04/11/2019","4,591.91","4,565.73","4,600.24","4,565.05","140.62M","1.02%"
"01/11/2019","4,545.60","4,534.28","4,556.38","4,527.68","111.05M","0.57%"
"31/10/2019","4,519.84","4,546.01","4,552.73","4,505.95","175.76M","-0.57%"
"30/10/2019","4,545.63","4,536.86","4,545.63","4,511.84","138.88M","0.32%"
"29/10/2019","4,531.29","4,520.35","4,532.01","4,508.41","115.30M","0.20%"
"28/10/2019","4,522.03","4,511.48","4,532.84","4,507.13","113.22M","0.21%"
"25/10/2019","4,512.70","4,502.25","4,513.03","4,473.56","112.91M","0.64%"
"24/10/2019","4,483.82","4,479.15","4,488.20","4,463.98","136.14M","0.51%"
"23/10/2019","4,461.04","4,433.64","4,464.18","4,429.55","115.66M","-0.04%"
"22/10/2019","4,462.99","4,453.93","4,462.99","4,428.92","103.13M","0.13%"
"21/10/2019","4,457.19","4,445.93","4,468.94","4,439.26","116.65M","0.22%"
"18/10/2019","4,447.36","4,458.13","4,471.20","4,435.34","130.87M","-0.59%"
"17/10/2019","4,473.69","4,475.12","4,520.82","4,471.39","136.02M","-0.35%"
"16/10/2019","4,489.32","4,496.46","4,499.40","4,476.16","130.31M","-0.14%"
"15/10/2019","4,495.60","4,474.69","4,512.46","4,461.81","130.56M","1.05%"
"14/10/2019","4,448.99","4,449.53","4,453.40","4,413.45","103.72M","-0.34%"
"11/10/2019","4,464.13","4,394.27","4,465.87","4,392.54","168.94M","1.75%"
"10/10/2019","4,387.30","4,350.01","4,395.73","4,322.70","135.61M","1.22%"
"09/10/2019","4,334.46","4,302.97","4,346.08","4,293.27","113.02M","0.74%"
"08/10/2019","4,302.43","4,358.15","4,362.45","4,297.76","117.31M","-1.19%"
"07/10/2019","4,354.42","4,321.66","4,355.91","4,309.09","103.08M","0.58%"
"04/10/2019","4,329.45","4,304.46","4,329.45","4,282.07","120.85M","0.91%"
"03/10/2019","4,290.33","4,285.41","4,318.64","4,256.23","129.32M","0.25%"
"02/10/2019","4,279.82","4,406.23","4,407.32","4,279.82","160.59M","-3.05%"
"01/10/2019","4,414.36","4,488.52","4,496.43","4,411.51","122.67M","-1.34%"
"30/09/2019","4,474.16","4,444.56","4,474.67","4,436.82","114.65M","0.58%"
"27/09/2019","4,448.21","4,437.12","4,450.51","4,432.98","104.41M","0.39%"
"26/09/2019","4,431.12","4,398.50","4,441.97","4,397.11","111.83M","0.64%"
"25/09/2019","4,403.05","4,413.19","4,414.58","4,359.61","131.83M","-0.75%"
"24/09/2019","4,436.46","4,446.65","4,453.09","4,434.90","104.17M","-0.02%"
"23/09/2019","4,437.19","4,475.48","4,479.06","4,428.02","131.52M","-1.08%"
"20/09/2019","4,485.48","4,463.96","4,490.44","4,457.25","259.55M","0.47%"
"19/09/2019","4,464.70","4,432.37","4,467.45","4,431.43","125.09M","0.68%"
"18/09/2019","4,434.36","4,427.42","4,445.07","4,422.80","108.18M","0.07%"
"17/09/2019","4,431.20","4,420.14","4,431.70","4,407.73","129.15M","0.21%"
"16/09/2019","4,421.72","4,437.76","4,442.17","4,421.72","134.64M","-0.89%"
"13/09/2019","4,461.53","4,454.65","4,473.46","4,448.47","134.36M","0.24%"
"12/09/2019","4,450.66","4,445.27","4,467.28","4,417.97","170.37M","0.44%"
"11/09/2019","4,431.08","4,419.07","4,438.40","4,416.21","148.48M","0.52%"
"10/09/2019","4,408.26","4,405.10","4,411.07","4,376.77","178.11M","0.02%"
"09/09/2019","4,407.23","4,425.24","4,425.36","4,400.21","123.69M","-0.27%"
"06/09/2019","4,419.37","4,413.82","4,425.63","4,402.89","116.85M","0.11%"
"05/09/2019","4,414.43","4,403.17","4,423.64","4,389.46","140.01M","1.08%"
"04/09/2019","4,367.16","4,355.54","4,371.67","4,348.67","103.72M","1.20%"
"03/09/2019","4,315.50","4,332.27","4,332.27","4,296.59","103.16M","-0.56%"
"02/09/2019","4,339.84","4,333.27","4,346.55","4,329.96","86.35M","0.20%"
"30/08/2019","4,331.27","4,303.50","4,347.22","4,300.90","121.94M","0.68%"
"29/08/2019","4,302.22","4,232.38","4,303.98","4,229.52","107.02M","1.46%"
"28/08/2019","4,240.18","4,245.87","4,245.87","4,204.56","96.57M","-0.39%"
"27/08/2019","4,256.94","4,228.47","4,266.01","4,205.91","111.09M","0.66%"
"26/08/2019","4,228.82","4,198.74","4,247.72","4,188.20","81.03M","0.38%"
"23/08/2019","4,212.96","4,278.85","4,286.15","4,212.96","109.24M","-1.10%"
"22/08/2019","4,260.01","4,280.83","4,299.79","4,252.87","109.64M","-0.87%"
"21/08/2019","4,297.27","4,246.77","4,299.93","4,246.77","99.32M","1.76%"
"20/08/2019","4,222.79","4,241.75","4,263.54","4,212.48","109.00M","-0.58%"
"19/08/2019","4,247.59","4,213.48","4,251.19","4,209.86","112.01M","1.42%"
"16/08/2019","4,187.95","4,146.79","4,191.34","4,144.04","145.21M","1.32%"
"15/08/2019","4,133.48","4,167.87","4,168.02","4,083.85","142.40M","-0.38%"
"14/08/2019","4,149.41","4,241.07","4,241.07","4,137.16","145.43M","-2.08%"
"13/08/2019","4,237.62","4,186.29","4,268.47","4,165.77","157.79M","0.90%"
"12/08/2019","4,199.90","4,241.69","4,261.63","4,186.52","101.36M","-0.35%"
"09/08/2019","4,214.60","4,248.32","4,253.15","4,208.08","117.55M","-1.12%"
"08/08/2019","4,262.45","4,215.32","4,262.45","4,200.18","126.24M","2.24%"
"07/08/2019","4,168.86","4,158.48","4,205.59","4,138.15","144.41M","0.60%"
"06/08/2019","4,143.91","4,151.24","4,193.50","4,143.91","142.88M","-0.13%"
"05/08/2019","4,149.10","4,197.66","4,207.48","4,141.42","172.37M","-2.28%"
"02/08/2019","4,245.77","4,297.18","4,315.82","4,238.42","197.88M","-3.38%"
"01/08/2019","4,394.30","4,350.35","4,398.76","4,350.16","135.20M","0.70%"
"31/07/2019","4,363.57","4,357.66","4,378.56","4,352.55","149.42M","0.13%"
"30/07/2019","4,357.97","4,422.57","4,425.54","4,345.95","147.68M","-1.56%"
"29/07/2019","4,427.18","4,425.88","4,443.62","4,420.05","104.52M","-0.19%"
"26/07/2019","4,435.56","4,405.81","4,438.11","4,403.29","140.07M","0.66%"
"25/07/2019","4,406.46","4,458.18","4,476.41","4,384.45","214.56M","-0.47%"
"24/07/2019","4,427.17","4,435.89","4,439.97","4,407.81","121.69M","-0.11%"
"23/07/2019","4,431.99","4,407.40","4,447.44","4,401.74","134.77M","0.95%"
"22/07/2019","4,390.49","4,378.56","4,396.22","4,374.46","105.22M","0.23%"
"19/07/2019","4,380.30","4,399.15","4,414.60","4,365.61","104.05M","0.15%"
"18/07/2019","4,373.74","4,365.33","4,399.37","4,360.75","106.07M","-0.39%"
"17/07/2019","4,391.03","4,414.72","4,428.24","4,386.62","115.50M","-0.75%"
"16/07/2019","4,424.03","4,394.11","4,432.36","4,393.52","103.22M","0.61%"
"15/07/2019","4,397.39","4,396.42","4,417.42","4,375.41","94.81M","0.17%"
"12/07/2019","4,389.73","4,376.32","4,400.51","4,371.38","103.54M","0.42%"
"11/07/2019","4,371.24","4,399.06","4,401.47","4,368.65","97.03M","-0.26%"
"10/07/2019","4,382.80","4,377.68","4,410.84","4,374.64","103.98M","-0.06%"
"09/07/2019","4,385.61","4,392.02","4,394.72","4,363.71","109.62M","-0.37%"
"08/07/2019","4,401.85","4,395.77","4,412.86","4,389.26","98.55M","-0.12%"
"05/07/2019","4,407.26","4,427.49","4,429.24","4,392.58","109.44M","-0.55%"
"04/07/2019","4,431.79","4,432.28","4,439.25","4,425.86","84.43M","0.08%"
"03/07/2019","4,428.35","4,396.10","4,429.38","4,396.10","113.28M","0.75%"
"02/07/2019","4,395.39","4,393.95","4,399.23","4,379.62","124.86M","0.12%"
"01/07/2019","4,389.93","4,402.01","4,423.55","4,389.51","145.32M","0.54%"
"28/06/2019","4,366.43","4,327.85","4,370.13","4,325.94","129.82M","0.84%"
"27/06/2019","4,329.87","4,337.19","4,340.65","4,306.89","123.95M","-0.04%"
"26/06/2019","4,331.53","4,333.64","4,354.76","4,328.24","126.43M","-0.21%"
"25/06/2019","4,340.77","4,329.74","4,347.44","4,329.72","133.47M","-0.09%"
"24/06/2019","4,344.59","4,354.22","4,367.78","4,339.30","124.82M","-0.14%"
"21/06/2019","4,350.73","4,361.09","4,391.66","4,342.90","310.85M","-0.26%"
"20/06/2019","4,362.16","4,377.04","4,388.60","4,362.16","180.22M","0.21%"
"19/06/2019","4,352.83","4,346.45","4,355.36","4,334.90","150.43M","0.17%"
"18/06/2019","4,345.38","4,250.19","4,348.76","4,240.11","179.10M","2.17%"
"17/06/2019","4,253.09","4,239.32","4,266.22","4,236.16","101.82M","0.38%"
"14/06/2019","4,237.09","4,241.25","4,242.27","4,219.74","107.78M","-0.23%"
"13/06/2019","4,247.01","4,237.24","4,260.35","4,230.88","118.30M","0.03%"
"12/06/2019","4,245.63","4,248.73","4,259.83","4,231.69","123.60M","-0.60%"
"11/06/2019","4,271.45","4,251.99","4,288.97","4,250.45","135.44M","0.48%"
"10/06/2019","4,251.21","4,250.52","4,263.42","4,241.50","77.27M","0.36%"
"07/06/2019","4,236.09","4,184.68","4,253.54","4,184.68","138.50M","1.61%"
"06/06/2019","4,169.11","4,184.86","4,212.53","4,158.43","149.48M","-0.34%"
"05/06/2019","4,183.40","4,164.85","4,194.58","4,160.97","138.39M","0.55%"
"04/06/2019","4,160.67","4,112.54","4,168.44","4,101.30","167.54M","0.49%"
"03/06/2019","4,140.31","4,092.12","4,140.31","4,073.51","140.06M","0.53%"
"31/05/2019","4,118.56","4,108.38","4,118.61","4,080.63","153.94M","-0.73%"
"30/05/2019","4,148.64","4,140.97","4,154.66","4,133.10","89.99M","0.56%"
"29/05/2019","4,125.40","4,147.92","4,150.90","4,113.17","150.82M","-1.66%"
"28/05/2019","4,195.04","4,217.18","4,222.95","4,187.73","213.68M","-0.37%"
"27/05/2019","4,210.82","4,215.23","4,231.98","4,201.03","83.30M","0.35%"
"24/05/2019","4,196.33","4,188.55","4,213.26","4,186.77","141.46M","0.66%"
"23/05/2019","4,168.70","4,213.97","4,216.73","4,162.25","158.76M","-1.85%"
"22/05/2019","4,247.11","4,249.06","4,264.00","4,221.15","122.08M","-0.12%"
"21/05/2019","4,252.24","4,238.78","4,259.00","4,224.07","125.25M","0.53%"
"20/05/2019","4,229.96","4,282.83","4,292.30","4,210.19","137.54M","-1.50%"
"17/05/2019","4,294.38","4,288.79","4,304.00","4,266.10","156.31M","-0.23%"
"16/05/2019","4,304.48","4,241.24","4,304.48","4,228.51","138.07M","1.30%"
"15/05/2019","4,249.05","4,230.64","4,249.05","4,190.29","165.59M","0.59%"
"14/05/2019","4,223.99","4,182.17","4,223.99","4,180.43","137.83M","1.50%"
"13/05/2019","4,161.73","4,219.19","4,220.39","4,150.44","140.92M","-1.32%"
"10/05/2019","4,217.28","4,244.30","4,254.24","4,206.48","127.64M","0.25%"
"09/05/2019","4,206.68","4,247.47","4,248.93","4,201.59","148.17M","-1.95%"
"08/05/2019","4,290.23","4,269.46","4,296.97","4,261.61","120.35M","0.36%"
"07/05/2019","4,274.84","4,335.64","4,345.19","4,268.06","150.38M","-1.49%"
"06/05/2019","4,339.39","4,314.80","4,342.87","4,292.93","119.12M","-1.18%"
"03/05/2019","4,391.38","4,383.50","4,402.30","4,382.79","114.57M","0.11%"
"02/05/2019","4,386.65","4,407.76","4,410.98","4,385.30","146.59M","-0.79%"
"30/04/2019","4,421.63","4,410.89","4,421.63","4,400.64","143.44M","-0.01%"
"29/04/2019","4,422.12","4,408.82","4,431.82","4,395.62","107.69M","0.25%"
"26/04/2019","4,411.09","4,405.59","4,413.67","4,390.55","129.06M","0.30%"
"25/04/2019","4,397.99","4,411.07","4,413.01","4,383.93","121.07M","-0.42%"
"24/04/2019","4,416.72","4,417.66","4,432.39","4,403.02","134.66M","-0.18%"
"23/04/2019","4,424.76","4,410.67","4,428.13","4,402.44","145.58M","0.21%"
"18/04/2019","4,415.60","4,392.68","4,430.23","4,376.10","152.65M","0.30%"
"17/04/2019","4,402.37","4,378.40","4,407.34","4,373.52","149.24M","0.51%"
"16/04/2019","4,379.91","4,365.07","4,382.28","4,359.66","116.53M","0.38%"
"15/04/2019","4,363.48","4,358.42","4,372.00","4,355.57","105.75M","0.15%"
"12/04/2019","4,356.90","4,333.23","4,361.58","4,330.83","130.21M","0.38%"
"11/04/2019","4,340.61","4,327.94","4,349.89","4,309.17","113.93M","0.69%"
"10/04/2019","4,311.05","4,303.36","4,319.54","4,301.86","114.16M","0.27%"
"09/04/2019","4,299.26","4,315.67","4,344.61","4,299.26","110.01M","-0.69%"
"08/04/2019","4,329.18","4,330.78","4,340.00","4,322.71","95.97M","-0.14%"
"05/04/2019","4,335.46","4,329.27","4,342.86","4,326.73","117.52M","0.24%"
"04/04/2019","4,325.13","4,324.86","4,333.66","4,314.48","110.24M","-0.15%"
"03/04/2019","4,331.75","4,318.02","4,331.75","4,317.82","136.27M","0.92%"
"02/04/2019","4,292.19","4,279.67","4,298.23","4,275.36","114.54M","0.39%"
"01/04/2019","4,275.44","4,262.19","4,280.10","4,250.24","125.04M","1.13%"
"29/03/2019","4,227.67","4,212.92","4,231.90","4,199.86","130.13M","1.03%"
"28/03/2019","4,184.40","4,188.13","4,210.50","4,181.46","114.49M","-0.13%"
"27/03/2019","4,189.84","4,201.98","4,220.45","4,175.11","145.94M","-0.14%"
"26/03/2019","4,195.84","4,167.40","4,201.48","4,156.25","106.66M","0.89%"
"25/03/2019","4,158.74","4,129.26","4,172.86","4,129.26","126.87M","-0.32%"
"22/03/2019","4,172.22","4,269.66","4,273.60","4,168.63","165.38M","-2.01%"
"21/03/2019","4,257.86","4,258.01","4,267.96","4,234.58","117.64M","-0.08%"
"20/03/2019","4,261.07","4,292.30","4,300.80","4,261.07","125.86M","-0.88%"
"19/03/2019","4,298.74","4,280.89","4,309.95","4,278.72","104.51M","0.30%"
"18/03/2019","4,285.80","4,280.23","4,290.03","4,277.61","110.20M","0.13%"
"15/03/2019","4,280.19","4,243.02","4,292.85","4,242.49","297.50M","0.94%"
"14/03/2019","4,240.46","4,207.66","4,246.08","4,207.66","132.54M","0.83%"
"13/03/2019","4,205.47","4,172.96","4,207.19","4,172.19","116.51M","0.64%"
"12/03/2019","4,178.60","4,193.10","4,196.08","4,160.97","122.98M","0.13%"
"11/03/2019","4,173.35","4,162.73","4,174.58","4,145.07","112.07M","0.66%"
"08/03/2019","4,146.18","4,146.73","4,161.23","4,138.62","159.75M","-0.68%"
"07/03/2019","4,174.36","4,189.08","4,203.39","4,160.64","154.49M","-0.49%"
"06/03/2019","4,194.97","4,197.09","4,214.77","4,190.87","","-0.22%"
"05/03/2019","4,204.16","4,202.02","4,209.27","4,183.15","122.00M","0.04%"
"04/03/2019","4,202.55","4,206.24","4,220.53","4,200.14","115.57M","0.40%"
"01/03/2019","4,185.60","4,182.53","4,199.87","4,180.31","145.78M","0.60%"
"28/02/2019","4,160.67","4,128.40","4,165.18","4,128.40","188.48M","0.44%"
"27/02/2019","4,142.44","4,135.90","4,151.32","4,132.50","166.17M","-0.26%"
"26/02/2019","4,153.30","4,134.38","4,160.63","4,121.93","131.14M","0.10%"
"25/02/2019","4,149.33","4,146.31","4,156.44","4,140.37","123.59M","0.31%"
"22/02/2019","4,136.68","4,116.56","4,145.35","4,116.20","142.47M","0.39%"
"21/02/2019","4,120.70","4,123.94","4,129.13","4,109.67","206.11M","0.01%"
"20/02/2019","4,120.48","4,098.97","4,125.37","4,093.38","127.25M","0.66%"
"19/02/2019","4,093.58","4,096.44","4,106.35","4,076.47","118.57M","-0.17%"
"18/02/2019","4,100.41","4,082.09","4,101.30","4,081.65","108.92M","0.39%"
"15/02/2019","4,084.66","4,018.33","4,092.71","4,014.67","165.52M","1.64%"
"14/02/2019","4,018.71","4,056.94","4,059.28","4,018.71","141.41M","-0.18%"
"13/02/2019","4,025.80","4,020.69","4,038.19","4,016.00","140.10M","0.47%"
"12/02/2019","4,006.89","4,005.86","4,020.61","3,996.86","126.87M","0.75%"
"11/02/2019","3,976.99","3,956.31","3,983.70","3,955.82","112.47M","1.05%"
"08/02/2019","3,935.81","3,960.88","3,973.46","3,925.88","144.29M","-0.65%"
"07/02/2019","3,961.42","4,031.63","4,037.70","3,961.42","154.48M","-1.83%"
"06/02/2019","4,035.33","4,024.43","4,039.35","4,021.77","134.12M","-0.15%"
"05/02/2019","4,041.39","3,981.80","4,041.39","3,971.61","139.38M","1.72%"
"04/02/2019","3,973.24","3,983.37","3,986.85","3,952.47","119.82M","-0.31%"
"01/02/2019","3,985.67","3,976.93","3,988.81","3,958.59","131.50M","0.51%"
"31/01/2019","3,965.28","3,970.55","3,989.00","3,939.90","174.49M","0.22%"
"30/01/2019","3,956.42","3,933.21","3,956.42","3,932.23","107.55M","0.86%"
"29/01/2019","3,922.54","3,896.99","3,937.82","3,888.79","109.46M","0.70%"
"28/01/2019","3,895.14","3,908.71","3,916.43","3,888.57","110.94M","-0.76%"
"25/01/2019","3,924.97","3,901.11","3,928.39","3,897.81","127.87M","1.09%"
"24/01/2019","3,882.72","3,858.67","3,891.73","3,854.77","129.96M","0.61%"
"23/01/2019","3,859.34","3,848.46","3,884.87","3,844.86","121.69M","-0.23%"
"22/01/2019","3,868.16","3,864.54","3,882.05","3,851.33","106.97M","-0.38%"
"21/01/2019","3,882.89","3,881.38","3,885.37","3,876.97","86.36M","-0.15%"
"18/01/2019","3,888.85","3,847.11","3,892.18","3,845.97","154.91M","1.75%"
"17/01/2019","3,821.84","3,812.56","3,827.80","3,803.39","124.13M","-0.29%"
"16/01/2019","3,832.83","3,828.90","3,836.07","3,812.00","126.07M","0.61%"
"15/01/2019","3,809.47","3,822.63","3,836.99","3,787.97","129.38M","0.42%"
"14/01/2019","3,793.67","3,783.27","3,800.95","3,770.15","111.02M","-0.52%"
"11/01/2019","3,813.63","3,838.84","3,841.34","3,798.60","123.46M","-0.46%"
"10/01/2019","3,831.41","3,815.58","3,831.41","3,795.44","131.24M","-0.08%"
"09/01/2019","3,834.38","3,831.05","3,856.64","3,823.84","165.10M","0.88%"
"08/01/2019","3,801.02","3,756.84","3,828.94","3,754.94","151.79M","1.25%"
"07/01/2019","3,754.04","3,779.43","3,781.41","3,732.59","122.60M","-0.22%"
"04/01/2019","3,762.46","3,692.99","3,771.17","3,683.51","155.32M","2.70%"
"03/01/2019","3,663.66","3,689.01","3,710.38","3,660.28","128.31M","-1.63%"
"02/01/2019","3,724.34","3,692.03","3,731.36","3,659.30","124.28M","-0.84%"
"31/12/2018","3,755.93","3,734.55","3,756.00","3,726.57","45.67M","1.16%"
"28/12/2018","3,712.78","3,679.43","3,729.04","3,667.21","109.10M","1.78%"
"27/12/2018","3,647.74","3,719.22","3,721.91","3,617.11","146.08M","-0.65%"
"24/12/2018","3,671.51","3,687.66","3,698.25","3,669.06","43.64M","-1.31%"
"21/12/2018","3,720.14","3,708.10","3,723.25","3,673.54","283.00M","-0.02%"
"20/12/2018","3,721.03","3,732.57","3,744.93","3,718.76","193.29M","-1.88%"
"19/12/2018","3,792.32","3,784.18","3,805.05","3,779.15","161.96M","0.42%"
"18/12/2018","3,776.40","3,793.02","3,814.81","3,776.40","174.53M","-0.94%"
"17/12/2018","3,812.18","3,847.73","3,852.72","3,804.33","133.36M","-1.18%"
"14/12/2018","3,857.72","3,858.74","3,872.10","3,831.55","139.90M","-0.89%"
"13/12/2018","3,892.27","3,915.12","3,922.26","3,887.41","151.25M","-0.24%"
"12/12/2018","3,901.62","3,841.44","3,912.26","3,836.92","166.23M","2.13%"
"11/12/2018","3,820.27","3,798.82","3,855.89","3,790.41","167.42M","1.34%"
"10/12/2018","3,769.59","3,817.73","3,826.24","3,762.83","171.68M","-1.63%"
"07/12/2018","3,831.94","3,831.00","3,880.95","3,830.52","157.66M","0.73%"
"06/12/2018","3,804.33","3,902.23","3,902.23","3,790.66","215.66M","-3.38%"
"05/12/2018","3,937.29","3,949.87","3,963.07","3,934.47","129.15M","-1.32%"
"04/12/2018","3,990.12","4,014.77","4,017.30","3,990.01","137.43M","-0.94%"
"03/12/2018","4,028.10","4,075.07","4,076.73","4,021.25","160.36M","0.92%"
"30/11/2018","3,991.41","4,003.50","4,003.80","3,970.50","176.82M","-0.14%"
"29/11/2018","3,997.10","4,017.69","4,023.47","3,988.81","135.89M","0.50%"
"28/11/2018","3,977.18","3,987.66","3,994.88","3,972.79","156.46M","0.00%"
"27/11/2018","3,977.21","3,980.87","3,997.82","3,955.46","172.55M","-0.15%"
"26/11/2018","3,983.28","3,969.72","4,002.92","3,964.85","157.09M","1.03%"
"23/11/2018","3,942.61","3,937.72","3,956.92","3,916.83","113.08M","0.22%"
"22/11/2018","3,934.12","3,952.33","3,952.33","3,923.67","120.29M","-0.77%"
"21/11/2018","3,964.54","3,943.48","3,967.02","3,929.74","158.16M","1.03%"
"20/11/2018","3,923.96","3,959.06","3,963.01","3,900.95","180.50M","-1.36%"
"19/11/2018","3,977.96","4,023.36","4,042.74","3,974.30","182.54M","-0.88%"
"16/11/2018","4,013.27","4,052.91","4,060.00","3,982.85","201.77M","-0.22%"
"15/11/2018","4,021.97","4,076.91","4,086.35","3,992.56","157.04M","-0.81%"
"14/11/2018","4,054.92","4,050.01","4,101.68","4,021.23","149.19M","-0.59%"
"13/11/2018","4,078.82","4,060.74","4,084.65","4,042.52","140.33M","0.75%"
"12/11/2018","4,048.34","4,106.58","4,113.98","4,048.12","142.49M","-0.98%"
"09/11/2018","4,088.42","4,086.41","4,092.82","4,065.13","155.94M","-0.55%"
"08/11/2018","4,111.13","4,123.58","4,143.06","4,103.01","147.13M","-0.11%"
"07/11/2018","4,115.46","4,086.20","4,125.23","4,086.20","156.87M","1.25%"
"06/11/2018","4,064.75","4,089.33","4,090.07","4,056.68","110.08M","-0.42%"
"05/11/2018","4,081.87","4,088.41","4,100.86","4,079.52","111.79M","-0.16%"
"02/11/2018","4,088.33","4,120.33","4,135.96","4,087.74","149.13M","0.39%"
"01/11/2018","4,072.48","4,062.88","4,098.34","4,053.86","135.78M","-0.06%"
"31/10/2018","4,074.90","4,050.96","4,085.53","4,043.40","197.52M","2.12%"
"30/10/2018","3,990.39","4,004.36","4,012.46","3,952.81","145.14M","-0.22%"
"29/10/2018","3,999.04","3,972.17","4,031.99","3,972.17","129.06M","0.49%"
"26/10/2018","3,979.52","3,984.37","3,984.37","3,926.45","206.31M","-1.23%"
"25/10/2018","4,028.93","3,951.40","4,030.62","3,943.94","195.54M","1.52%"
"24/10/2018","3,968.70","4,000.40","4,037.35","3,967.29","174.00M","-0.21%"
"23/10/2018","3,976.99","3,999.66","4,011.76","3,968.68","179.29M","-1.79%"
"22/10/2018","4,049.60","4,109.88","4,114.37","4,048.51","115.77M","-0.66%"
"19/10/2018","4,076.70","4,102.49","4,114.82","4,053.66","196.73M","-0.66%"
"18/10/2018","4,103.77","4,127.98","4,150.56","4,102.28","159.86M","-0.48%"
"17/10/2018","4,123.52","4,153.89","4,170.55","4,102.70","135.19M","-0.43%"
"16/10/2018","4,141.15","4,073.12","4,143.42","4,064.62","134.47M","1.67%"
"15/10/2018","4,073.02","4,077.60","4,081.79","4,046.04","127.12M","-0.12%"
"12/10/2018","4,077.75","4,125.07","4,129.52","4,077.75","154.19M","-0.13%"
"11/10/2018","4,082.96","4,087.50","4,134.69","4,079.86","231.53M","-1.83%"
"10/10/2018","4,159.26","4,253.92","4,253.92","4,156.43","163.39M","-2.18%"
"09/10/2018","4,252.06","4,245.43","4,259.90","4,207.83","130.92M","0.24%"
"08/10/2018","4,242.04","4,274.87","4,281.43","4,234.41","121.57M","-1.09%"
"05/10/2018","4,288.95","4,326.10","4,330.18","4,285.42","135.33M","-0.93%"
"04/10/2018","4,329.32","4,378.58","4,382.12","4,324.71","151.37M","-1.43%"
"03/10/2018","4,392.14","4,385.37","4,404.36","4,375.07","120.29M","0.46%"
"02/10/2018","4,372.20","4,379.08","4,383.17","4,351.92","129.18M","-0.70%"
"01/10/2018","4,402.90","4,393.99","4,413.94","4,391.85","124.44M","0.24%"
"28/09/2018","4,392.26","4,407.08","4,414.39","4,365.21","174.19M","-0.76%"
"27/09/2018","4,425.92","4,399.79","4,431.38","4,387.53","116.99M","0.40%"
"26/09/2018","4,408.40","4,389.53","4,408.58","4,380.08","120.22M","0.50%"
"25/09/2018","4,386.46","4,380.03","4,402.54","4,379.43","126.78M","0.05%"
"24/09/2018","4,384.35","4,387.33","4,394.65","4,375.15","115.83M","-0.29%"
"21/09/2018","4,397.14","4,376.13","4,402.10","4,376.13","326.75M","0.71%"
"20/09/2018","4,365.94","4,329.84","4,373.60","4,329.84","163.16M","0.90%"
"19/09/2018","4,326.90","4,309.57","4,336.37","4,308.11","133.83M","0.39%"
"18/09/2018","4,309.93","4,297.63","4,328.34","4,292.16","128.82M","0.31%"
"17/09/2018","4,296.54","4,293.79","4,303.62","4,281.71","105.40M","-0.05%"
"14/09/2018","4,298.67","4,298.41","4,304.73","4,288.17","114.73M","0.46%"
"13/09/2018","4,279.06","4,282.50","4,309.57","4,278.19","123.99M","-0.14%"
"12/09/2018","4,285.20","4,256.70","4,289.87","4,255.68","119.27M","0.84%"
"11/09/2018","4,249.34","4,251.42","4,251.98","4,219.40","116.06M","0.24%"
"10/09/2018","4,239.01","4,221.93","4,255.04","4,214.98","112.10M","0.36%"
"07/09/2018","4,223.92","4,222.52","4,232.27","4,202.28","134.65M","0.19%"
"06/09/2018","4,215.72","4,223.23","4,250.41","4,215.65","129.16M","-0.27%"
"05/09/2018","4,226.99","4,278.01","4,279.36","4,226.84","154.34M","-1.50%"
"04/09/2018","4,291.43","4,351.04","4,353.79","4,276.07","123.04M","-1.16%"
"03/09/2018","4,341.64","4,335.74","4,346.29","4,324.80","84.21M","0.01%"
"31/08/2018","4,341.18","4,384.99","4,385.46","4,336.80","154.13M","-1.18%"
"30/08/2018","4,392.86","4,405.08","4,407.18","4,383.03","110.47M","-0.40%"
"29/08/2018","4,410.58","4,407.30","4,413.51","4,392.03","89.30M","0.26%"
"28/08/2018","4,398.95","4,403.65","4,415.75","4,394.76","97.80M","0.09%"
"27/08/2018","4,394.81","4,376.28","4,401.18","4,372.12","70.38M","0.82%"
"24/08/2018","4,358.93","4,353.26","4,372.59","4,352.35","85.00M","0.20%"
"23/08/2018","4,350.40","4,351.47","4,363.90","4,348.05","90.52M","0.01%"
"22/08/2018","4,350.06","4,335.76","4,359.05","4,335.76","110.18M","0.22%"
"21/08/2018","4,340.39","4,312.63","4,354.20","4,309.48","94.61M","0.51%"
"20/08/2018","4,318.32","4,301.31","4,330.83","4,296.47","81.28M","0.71%"
"17/08/2018","4,288.07","4,295.06","4,303.27","4,264.48","98.52M","-0.06%"
"16/08/2018","4,290.51","4,273.24","4,295.30","4,259.30","103.86M","0.76%"
"15/08/2018","4,258.26","4,338.52","4,340.41","4,243.01","133.70M","-1.66%"
"14/08/2018","4,329.99","4,354.60","4,363.15","4,321.13","105.04M","-0.16%"
"13/08/2018","4,336.96","4,331.47","4,347.38","4,315.59","106.45M","-0.12%"
"10/08/2018","4,342.30","4,369.86","4,375.54","4,322.17","149.37M","-1.40%"
"09/08/2018","4,403.76","4,390.69","4,403.76","4,376.04","91.14M","0.08%"
"08/08/2018","4,400.37","4,410.44","4,418.20","4,395.30","100.97M","-0.27%"
"07/08/2018","4,412.25","4,390.76","4,426.19","4,390.75","111.11M","0.71%"
"06/08/2018","4,381.26","4,389.24","4,399.36","4,365.14","104.82M","-0.03%"
"03/08/2018","4,382.67","4,377.16","4,393.11","4,367.45","131.46M","0.37%"
"02/08/2018","4,366.37","4,376.53","4,380.55","4,354.43","162.80M","-0.56%"
"01/08/2018","4,391.05","4,407.98","4,418.31","4,389.23","140.57M","-0.23%"
"31/07/2018","4,401.35","4,386.99","4,415.06","4,379.60","153.96M","0.27%"
"30/07/2018","4,389.67","4,390.48","4,402.29","4,384.16","111.92M","-0.34%"
"27/07/2018","4,404.85","4,381.90","4,407.50","4,380.58","161.17M","0.59%"
"26/07/2018","4,378.86","4,368.21","4,379.07","4,348.59","170.56M","0.90%"
"25/07/2018","4,339.83","4,352.20","4,357.90","4,330.79","137.24M","-0.10%"
"24/07/2018","4,344.06","4,320.62","4,361.25","4,313.19","146.49M","0.94%"
"23/07/2018","4,303.60","4,310.94","4,311.48","4,290.16","98.13M","-0.39%"
"20/07/2018","4,320.54","4,330.84","4,341.11","4,280.76","137.76M","-0.34%"
"19/07/2018","4,335.14","4,353.24","4,357.16","4,329.00","114.40M","-0.54%"
"18/07/2018","4,358.59","4,355.72","4,368.49","4,352.66","113.03M","0.41%"
"17/07/2018","4,340.58","4,330.54","4,343.18","4,312.50","104.19M","0.16%"
"16/07/2018","4,333.74","4,348.15","4,358.59","4,329.70","99.46M","-0.30%"
"13/07/2018","4,346.62","4,352.77","4,360.08","4,340.54","119.92M","0.32%"
"12/07/2018","4,332.79","4,302.64","4,333.81","4,288.08","127.75M","0.96%"
"11/07/2018","4,291.58","4,317.17","4,319.55","4,289.78","132.16M","-1.29%"
"10/07/2018","4,347.63","4,327.20","4,350.22","4,324.06","120.58M","0.66%"
"09/07/2018","4,319.13","4,319.68","4,334.97","4,311.10","124.65M","0.44%"
"06/07/2018","4,300.18","4,304.50","4,310.58","4,278.46","117.18M","0.26%"
"05/07/2018","4,289.05","4,259.95","4,307.52","4,259.36","142.48M","0.77%"
"04/07/2018","4,256.08","4,254.94","4,266.93","4,248.96","101.17M","-0.02%"
"03/07/2018","4,257.09","4,249.38","4,272.87","4,234.05","127.92M","0.70%"
"02/07/2018","4,227.54","4,221.72","4,237.53","4,202.65","129.99M","-0.88%"
"29/06/2018","4,265.24","4,274.21","4,290.35","4,262.33","161.01M","0.79%"
"28/06/2018","4,231.98","4,257.98","4,282.01","4,210.50","153.60M","-0.94%"
"27/06/2018","4,271.93","4,242.65","4,306.07","4,209.61","171.59M","0.78%"
"26/06/2018","4,238.79","4,260.23","4,263.92","4,238.79","113.00M","-0.05%"
"25/06/2018","4,240.91","4,292.11","4,301.12","4,240.91","98.25M","-1.79%"
"22/06/2018","4,318.04","4,279.59","4,321.77","4,277.03","127.38M","1.13%"
"21/06/2018","4,269.71","4,320.67","4,329.24","4,258.84","145.59M","-0.94%"
"20/06/2018","4,310.01","4,327.57","4,343.62","4,310.01","132.45M","-0.31%"
"19/06/2018","4,323.31","4,321.27","4,328.31","4,304.55","147.76M","-1.01%"
"18/06/2018","4,367.37","4,394.78","4,397.97","4,342.79","140.36M","-0.86%"
"15/06/2018","4,405.23","4,435.78","4,450.57","4,405.23","278.15M","-0.43%"
"14/06/2018","4,424.34","4,351.33","4,436.25","4,336.83","157.01M","1.23%"
"13/06/2018","4,370.50","4,369.57","4,384.94","4,364.81","129.87M","0.12%"
"12/06/2018","4,365.45","4,392.24","4,393.49","4,361.72","120.83M","-0.24%"
"11/06/2018","4,376.00","4,367.23","4,381.23","4,364.06","134.35M","0.38%"
"08/06/2018","4,359.29","4,338.70","4,365.54","4,326.46","129.79M","0.00%"
"07/06/2018","4,359.41","4,391.18","4,402.03","4,354.29","122.01M","-0.29%"
"06/06/2018","4,372.24","4,382.02","4,389.66","4,344.36","130.08M","-0.06%"
"05/06/2018","4,374.98","4,378.66","4,413.49","4,374.98","128.94M","-0.21%"
"04/06/2018","4,384.36","4,398.20","4,402.91","4,382.37","129.17M","0.22%"
"01/06/2018","4,374.56","4,357.29","4,388.01","4,356.54","153.25M","1.08%"
"31/05/2018","4,327.68","4,353.47","4,365.08","4,313.88","232.77M","-0.32%"
"30/05/2018","4,341.72","4,335.87","4,346.83","4,311.55","169.10M","-0.16%"
"29/05/2018","4,348.72","4,372.99","4,381.03","4,311.87","207.19M","-1.29%"
"28/05/2018","4,405.71","4,446.23","4,455.48","4,393.37","93.66M","-0.56%"
"25/05/2018","4,430.65","4,447.69","4,465.24","4,412.46","145.01M","-0.03%"
"24/05/2018","4,431.96","4,450.18","4,466.51","4,411.12","144.36M","-0.22%"
"23/05/2018","4,441.94","4,485.10","4,485.10","4,424.76","160.50M","-1.21%"
"22/05/2018","4,496.56","4,494.13","4,507.53","4,488.44","139.59M","0.04%"
"21/05/2018","4,494.91","4,484.67","4,510.48","4,484.67","101.82M","0.44%"
"18/05/2018","4,475.40","4,473.81","4,498.12","4,467.52","193.04M","-0.15%"
"17/05/2018","4,481.98","4,441.70","4,481.98","4,441.58","129.76M","0.96%"
"16/05/2018","4,439.53","4,428.68","4,442.22","4,420.80","135.85M","0.18%"
"15/05/2018","4,431.53","4,420.03","4,440.84","4,416.71","144.53M","0.01%"
"14/05/2018","4,431.19","4,429.87","4,431.58","4,418.01","97.69M","-0.04%"
"11/05/2018","4,433.05","4,429.09","4,435.54","4,419.51","102.98M","-0.06%"
"10/05/2018","4,435.67","4,425.41","4,436.95","4,419.64","85.10M","0.21%"
"09/05/2018","4,426.58","4,416.16","4,426.97","4,408.50","123.11M","0.21%"
"08/05/2018","4,417.43","4,415.23","4,419.37","4,395.33","118.09M","-0.05%"
"07/05/2018","4,419.63","4,404.09","4,420.09","4,398.35","92.41M","0.30%"
"04/05/2018","4,406.23","4,396.21","4,406.23","4,387.07","142.90M","0.27%"
"03/05/2018","4,394.45","4,407.06","4,411.80","4,385.30","132.21M","-0.47%"
"02/05/2018","4,415.09","4,397.78","4,421.21","4,396.34","164.20M","0.29%"
"30/04/2018","4,402.50","4,372.51","4,403.26","4,370.56","129.08M","0.56%"
"27/04/2018","4,377.85","4,354.24","4,377.85","4,354.24","121.60M","0.61%"
"26/04/2018","4,351.13","4,319.38","4,356.11","4,311.55","153.16M","0.79%"
"25/04/2018","4,317.12","4,323.22","4,341.56","4,298.51","132.82M","-0.65%"
"24/04/2018","4,345.33","4,336.50","4,349.93","4,322.64","138.85M","0.04%"
"23/04/2018","4,343.57","4,324.51","4,345.05","4,312.97","110.08M","0.29%"
"20/04/2018","4,330.92","4,324.38","4,340.77","4,309.41","142.50M","0.30%"
"19/04/2018","4,318.18","4,315.69","4,323.54","4,308.73","121.63M","0.23%"
"18/04/2018","4,308.30","4,293.61","4,308.95","4,291.51","132.82M","0.48%"
"17/04/2018","4,287.87","4,265.98","4,300.85","4,259.71","128.46M","0.77%"
"16/04/2018","4,255.31","4,262.52","4,262.52","4,243.29","94.83M","-0.02%"
"13/04/2018","4,256.20","4,257.48","4,272.76","4,247.98","116.15M","0.18%"
"12/04/2018","4,248.66","4,227.86","4,249.51","4,215.59","138.25M","0.54%"
"11/04/2018","4,225.80","4,237.24","4,245.71","4,214.38","129.11M","-0.51%"
"10/04/2018","4,247.67","4,242.03","4,253.08","4,229.03","133.75M","0.76%"
"09/04/2018","4,215.59","4,220.95","4,236.01","4,202.59","101.73M","0.12%"
"06/04/2018","4,210.51","4,207.21","4,227.20","4,197.09","118.64M","-0.26%"
"05/04/2018","4,221.54","4,175.87","4,225.91","4,173.59","152.34M","2.49%"
"04/04/2018","4,118.86","4,133.38","4,141.85","4,085.91","145.18M","-0.32%"
"03/04/2018","4,132.27","4,128.33","4,145.91","4,105.21","138.11M","-0.37%"
"29/03/2018","4,147.46","4,139.61","4,167.21","4,126.90","143.60M","0.58%"
"28/03/2018","4,123.54","4,082.18","4,123.54","4,053.07","160.93M","0.27%"
"27/03/2018","4,112.46","4,129.90","4,136.73","4,102.05","128.52M","1.00%"
"26/03/2018","4,071.56","4,102.58","4,119.92","4,053.62","127.50M","-0.54%"
"23/03/2018","4,093.84","4,107.65","4,116.42","4,061.50","160.39M","-1.28%"
"22/03/2018","4,147.11","4,175.44","4,196.14","4,110.65","159.55M","-1.33%"
"21/03/2018","4,202.97","4,212.85","4,216.60","4,188.41","119.09M","-0.20%"
"20/03/2018","4,211.26","4,198.22","4,213.42","4,180.40","109.01M","0.46%"
"19/03/2018","4,191.81","4,220.25","4,221.54","4,181.49","120.71M","-1.03%"
"16/03/2018","4,235.28","4,222.92","4,250.17","4,220.71","246.18M","0.19%"
"15/03/2018","4,227.33","4,216.73","4,233.26","4,202.29","126.66M","0.58%"
"14/03/2018","4,202.95","4,206.91","4,232.95","4,195.61","116.68M","-0.18%"
"13/03/2018","4,210.69","4,244.22","4,262.90","4,196.37","133.93M","-0.66%"
"12/03/2018","4,238.75","4,252.84","4,258.62","4,225.69","103.66M","0.12%"
"09/03/2018","4,233.64","4,207.24","4,245.98","4,205.89","124.43M","0.42%"
"08/03/2018","4,216.13","4,164.04","4,225.21","4,162.85","155.17M","1.25%"
"07/03/2018","4,164.09","4,134.04","4,174.40","4,121.72","151.79M","0.39%"
"06/03/2018","4,148.01","4,168.50","4,179.81","4,147.93","139.98M","0.21%"
"05/03/2018","4,139.50","4,100.31","4,146.88","4,099.45","179.94M","0.57%"
"02/03/2018","4,116.10","4,178.79","4,181.77","4,103.83","206.87M","-2.23%"
"01/03/2018","4,210.09","4,243.42","4,251.68","4,194.49","163.00M","-1.04%"
"28/02/2018","4,254.53","4,256.30","4,281.05","4,248.69","135.08M","-0.45%"
"27/02/2018","4,273.75","4,287.29","4,289.88","4,263.21","121.88M","-0.08%"
"26/02/2018","4,277.13","4,276.94","4,289.23","4,266.53","120.68M","0.47%"
"23/02/2018","4,256.95","4,254.55","4,260.05","4,237.46","120.43M","0.13%"
"22/02/2018","4,251.61","4,213.37","4,260.67","4,209.92","170.72M","0.01%"
"21/02/2018","4,251.13","4,231.45","4,252.10","4,213.24","117.19M","0.27%"
"20/02/2018","4,239.49","4,214.93","4,242.87","4,210.38","122.70M","0.61%"
"19/02/2018","4,213.66","4,243.43","4,244.78","4,207.18","95.05M","-0.43%"
"16/02/2018","4,231.68","4,207.19","4,240.19","4,204.22","163.72M","1.11%"
"15/02/2018","4,185.17","4,176.63","4,209.88","4,172.09","145.91M","1.04%"
"14/02/2018","4,142.13","4,116.27","4,160.75","4,081.78","168.89M","1.12%"
"13/02/2018","4,096.15","4,117.87","4,132.79","4,096.15","123.86M","-0.55%"
"12/02/2018","4,118.85","4,113.66","4,140.07","4,100.43","145.12M","1.10%"
"09/02/2018","4,073.85","4,110.66","4,129.00","4,052.00","207.10M","-1.28%"
"08/02/2018","4,126.77","4,190.22","4,204.13","4,111.01","185.81M","-1.98%"
"07/02/2018","4,210.23","4,165.76","4,220.59","4,141.87","171.82M","1.83%"
"06/02/2018","4,134.55","4,084.96","4,182.26","4,084.96","253.30M","-2.29%"
"05/02/2018","4,231.35","4,263.76","4,266.48","4,227.95","145.01M","-1.51%"
"02/02/2018","4,296.29","4,351.29","4,354.37","4,295.81","142.17M","-1.60%"
"01/02/2018","4,365.96","4,403.08","4,421.50","4,351.80","133.27M","-0.38%"
"31/01/2018","4,382.40","4,381.52","4,392.88","4,373.51","128.26M","0.21%"
"30/01/2018","4,373.41","4,389.47","4,407.46","4,367.35","119.04M","-0.81%"
"29/01/2018","4,409.07","4,419.90","4,423.08","4,406.60","93.46M","-0.16%"
"26/01/2018","4,416.19","4,391.05","4,423.89","4,389.83","104.13M","0.81%"
"25/01/2018","4,380.50","4,393.89","4,414.33","4,362.36","130.07M","-0.32%"
"24/01/2018","4,394.39","4,423.13","4,426.78","4,394.39","138.13M","-0.76%"
"23/01/2018","4,427.90","4,448.69","4,450.86","4,418.91","124.22M","-0.10%"
"22/01/2018","4,432.20","4,415.38","4,432.38","4,410.02","114.60M","0.27%"
"19/01/2018","4,420.31","4,393.95","4,423.20","4,391.44","118.32M","0.58%"
"18/01/2018","4,394.92","4,407.05","4,409.92","4,380.00","127.03M","0.02%"
"17/01/2018","4,394.22","4,393.48","4,410.01","4,385.17","124.40M","-0.27%"
"16/01/2018","4,405.94","4,402.12","4,420.29","4,396.44","116.00M","0.16%"
"15/01/2018","4,398.92","4,403.38","4,409.18","4,393.08","89.25M","-0.11%"
"12/01/2018","4,403.55","4,394.70","4,405.94","4,381.71","118.91M","0.45%"
"11/01/2018","4,383.86","4,404.97","4,405.49","4,377.10","126.07M","-0.33%"
"10/01/2018","4,398.27","4,408.89","4,417.78","4,387.35","147.96M","-0.41%"
"09/01/2018","4,416.26","4,391.78","4,417.52","4,391.78","123.18M","0.65%"
"08/01/2018","4,387.61","4,383.75","4,396.71","4,381.70","112.28M","0.31%"
"05/01/2018","4,374.01","4,344.28","4,374.01","4,343.16","117.25M","0.99%"
"04/01/2018","4,331.32","4,292.24","4,343.37","4,292.24","141.22M","1.41%"
"03/01/2018","4,271.26","4,242.79","4,283.81","4,242.79","115.21M","0.80%"
"02/01/2018","4,237.50","4,256.13","4,256.59","4,213.68","100.90M","-0.32%"
"29/12/2017","4,251.22","4,268.01","4,273.31","4,250.16","69.60M","-0.44%"
"28/12/2017","4,270.11","4,288.63","4,290.63","4,263.60","66.42M","-0.45%"
"27/12/2017","4,289.59","4,280.25","4,300.69","4,274.80","70.20M","0.11%"
"22/12/2017","4,284.79","4,289.04","4,299.22","4,277.31","86.22M","-0.33%"
"21/12/2017","4,299.06","4,262.30","4,300.72","4,253.60","111.06M","0.53%"
"20/12/2017","4,276.50","4,293.71","4,297.89","4,265.89","107.67M","-0.52%"
"19/12/2017","4,298.96","4,316.70","4,324.53","4,296.51","110.73M","-0.59%"
"18/12/2017","4,324.40","4,299.47","4,330.18","4,297.40","137.64M","1.34%"
"15/12/2017","4,267.01","4,261.27","4,274.81","4,251.73","233.12M","-0.16%"
"14/12/2017","4,274.04","4,298.28","4,304.69","4,274.04","127.55M","-0.71%"
"13/12/2017","4,304.48","4,316.62","4,326.37","4,300.32","139.22M","-0.47%"
"12/12/2017","4,324.77","4,302.36","4,324.77","4,275.64","143.66M","0.69%"
"11/12/2017","4,295.28","4,312.42","4,312.42","4,291.46","104.74M","-0.19%"
"08/12/2017","4,303.54","4,312.58","4,320.98","4,299.03","131.17M","0.28%"
"07/12/2017","4,291.46","4,283.72","4,298.67","4,276.55","117.62M","0.20%"
"06/12/2017","4,282.77","4,253.12","4,290.91","4,238.58","120.84M","-0.06%"
"05/12/2017","4,285.33","4,289.26","4,293.58","4,265.22","117.34M","-0.23%"
"04/12/2017","4,295.13","4,277.43","4,304.32","4,267.55","120.41M","1.24%"
"01/12/2017","4,242.47","4,285.31","4,288.42","4,228.02","146.17M","-0.99%"
"30/11/2017","4,284.87","4,300.69","4,321.45","4,284.61","227.04M","-0.29%"
"29/11/2017","4,297.30","4,310.52","4,330.78","4,294.44","134.37M","0.13%"
"28/11/2017","4,291.86","4,273.15","4,297.00","4,266.98","100.08M","0.55%"
"27/11/2017","4,268.34","4,275.43","4,303.95","4,268.34","98.07M","-0.46%"
"24/11/2017","4,288.02","4,278.37","4,310.64","4,277.88","86.95M","0.14%"
"23/11/2017","4,281.93","4,248.62","4,289.57","4,243.83","95.43M","0.49%"
"22/11/2017","4,261.05","4,269.21","4,289.45","4,261.05","108.82M","-0.22%"
"21/11/2017","4,270.60","4,248.44","4,284.47","4,240.46","123.27M","0.45%"
"20/11/2017","4,251.42","4,229.79","4,256.58","4,220.96","109.84M","0.39%"
"17/11/2017","4,234.88","4,247.56","4,257.53","4,223.60","134.74M","-0.39%"
"16/11/2017","4,251.39","4,239.00","4,256.41","4,229.88","118.49M","0.72%"
"15/11/2017","4,221.12","4,224.50","4,231.01","4,194.15","152.16M","-0.33%"
"14/11/2017","4,235.26","4,255.32","4,271.88","4,225.65","141.66M","-0.37%"
"13/11/2017","4,251.10","4,285.53","4,285.94","4,220.59","149.65M","-0.80%"
"10/11/2017","4,285.59","4,304.46","4,311.95","4,280.96","145.93M","-0.47%"
"09/11/2017","4,305.67","4,354.61","4,359.48","4,299.96","154.79M","-1.14%"
"08/11/2017","4,355.15","4,365.56","4,371.93","4,339.06","149.08M","-0.11%"
"07/11/2017","4,359.76","4,391.10","4,393.91","4,356.39","123.47M","-0.48%"
"06/11/2017","4,380.82","4,382.16","4,385.50","4,371.32","113.86M","-0.19%"
"03/11/2017","4,389.06","4,384.10","4,390.89","4,374.85","133.58M","0.18%"
"02/11/2017","4,380.99","4,383.24","4,390.99","4,364.50","116.42M","-0.09%"
"01/11/2017","4,385.15","4,391.36","4,401.94","4,385.15","118.85M","0.23%"
"31/10/2017","4,375.30","4,367.72","4,381.49","4,364.51","115.54M","0.17%"
"30/10/2017","4,367.87","4,363.98","4,378.16","4,363.50","113.89M","-0.01%"
"27/10/2017","4,368.13","4,352.93","4,381.05","4,352.93","155.42M","0.62%"
"26/10/2017","4,341.38","4,288.80","4,344.26","4,280.85","143.03M","1.37%"
"25/10/2017","4,282.59","4,299.46","4,312.04","4,275.16","126.10M","-0.36%"
"24/10/2017","4,298.06","4,289.99","4,313.68","4,289.99","113.92M","0.04%"
"23/10/2017","4,296.55","4,289.67","4,311.74","4,284.31","99.65M","0.19%"
"20/10/2017","4,288.39","4,298.77","4,301.61","4,285.41","133.43M","0.13%"
"19/10/2017","4,282.77","4,291.74","4,296.09","4,264.07","133.69M","-0.43%"
"18/10/2017","4,301.32","4,287.77","4,308.38","4,281.64","102.46M","0.43%"
"17/10/2017","4,282.74","4,291.00","4,294.78","4,274.14","105.45M","-0.04%"
"16/10/2017","4,284.43","4,284.86","4,291.30","4,273.70","99.76M","0.16%"
"13/10/2017","4,277.61","4,282.60","4,291.85","4,272.30","119.73M","-0.19%"
"12/10/2017","4,285.56","4,284.15","4,286.04","4,271.98","93.34M","0.02%"
"11/10/2017","4,284.58","4,287.93","4,287.93","4,267.00","120.58M","-0.03%"
"10/10/2017","4,285.72","4,285.47","4,291.74","4,276.72","96.32M","-0.04%"
"09/10/2017","4,287.24","4,285.70","4,296.80","4,277.39","88.46M","0.10%"
"06/10/2017","4,282.94","4,296.61","4,296.66","4,275.77","108.90M","-0.33%"
"05/10/2017","4,297.26","4,282.80","4,299.57","4,282.22","122.34M","0.23%"
"04/10/2017","4,287.45","4,292.67","4,292.67","4,273.38","131.34M","-0.08%"
"03/10/2017","4,290.69","4,285.84","4,294.17","4,280.70","111.79M","0.33%"
"02/10/2017","4,276.57","4,260.78","4,276.57","4,258.67","127.44M","0.39%"
"29/09/2017","4,259.79","4,239.27","4,259.79","4,227.29","141.69M","0.62%"
"28/09/2017","4,233.67","4,226.02","4,233.67","4,220.45","129.10M","0.28%"
"27/09/2017","4,221.67","4,219.13","4,227.40","4,215.87","123.27M","0.23%"
"26/09/2017","4,211.87","4,209.86","4,217.10","4,203.09","111.20M","0.00%"
"25/09/2017","4,211.68","4,211.06","4,225.15","4,206.96","107.42M","-0.20%"
"22/09/2017","4,220.10","4,214.70","4,229.60","4,210.97","117.31M","0.28%"
"21/09/2017","4,208.23","4,204.26","4,214.83","4,201.41","182.07M","0.38%"
"20/09/2017","4,192.26","4,186.90","4,197.98","4,186.55","106.31M","0.01%"
"19/09/2017","4,191.75","4,179.84","4,192.91","4,179.31","100.94M","0.19%"
"18/09/2017","4,183.81","4,182.69","4,192.41","4,178.65","100.86M","0.34%"
"15/09/2017","4,169.45","4,176.52","4,186.56","4,161.22","343.05M","-0.24%"
"14/09/2017","4,179.62","4,163.36","4,185.44","4,159.90","127.33M","0.18%"
"13/09/2017","4,171.98","4,164.78","4,179.19","4,161.59","135.04M","0.08%"
"12/09/2017","4,168.63","4,156.66","4,176.67","4,151.38","121.71M","0.59%"
"11/09/2017","4,144.27","4,118.89","4,147.87","4,118.69","119.43M","1.21%"
"08/09/2017","4,094.71","4,082.17","4,097.04","4,071.97","131.76M","0.01%"
"07/09/2017","4,094.21","4,096.09","4,116.96","4,083.95","126.15M","0.28%"
"06/09/2017","4,082.85","4,050.47","4,093.00","4,046.50","219.72M","0.24%"
"05/09/2017","4,073.13","4,087.05","4,102.18","4,069.28","117.26M","-0.22%"
"04/09/2017","4,082.28","4,070.76","4,090.55","4,070.76","79.74M","-0.37%"
"01/09/2017","4,097.51","4,093.67","4,109.09","4,092.78","113.76M","0.68%"
"31/08/2017","4,069.94","4,062.99","4,083.39","4,053.09","153.27M","0.68%"
"30/08/2017","4,042.62","4,040.66","4,051.46","4,032.96","94.38M","0.58%"
"29/08/2017","4,019.12","4,019.15","4,027.98","3,990.98","125.56M","-0.99%"
"28/08/2017","4,059.11","4,058.61","4,078.31","4,049.19","58.11M","-0.48%"
"25/08/2017","4,078.60","4,092.82","4,105.40","4,073.82","85.79M","-0.18%"
"24/08/2017","4,086.05","4,098.39","4,104.11","4,086.05","84.18M","-0.08%"
"23/08/2017","4,089.38","4,097.98","4,114.66","4,082.13","85.35M","-0.32%"
"22/08/2017","4,102.36","4,087.80","4,106.46","4,079.61","85.24M","0.83%"
"21/08/2017","4,068.53","4,073.27","4,082.52","4,051.83","87.96M","-0.49%"
"18/08/2017","4,088.40","4,081.12","4,090.27","4,059.03","106.58M","-0.67%"
"17/08/2017","4,116.07","4,128.12","4,141.26","4,109.10","98.21M","-0.50%"
"16/08/2017","4,136.55","4,120.55","4,152.65","4,120.54","88.68M","0.73%"
"15/08/2017","4,106.46","4,115.83","4,119.45","4,093.34","73.33M","0.34%"
"14/08/2017","4,092.49","4,059.76","4,102.88","4,059.38","85.27M","1.21%"
"11/08/2017","4,043.56","4,061.42","4,062.97","4,031.93","128.68M","-1.07%"
"10/08/2017","4,087.10","4,107.39","4,113.69","4,073.40","109.61M","-0.58%"
"09/08/2017","4,110.86","4,137.42","4,137.42","4,091.97","125.07M","-1.28%"
"08/08/2017","4,164.36","4,150.36","4,172.93","4,143.39","94.63M","0.23%"
"07/08/2017","4,155.00","4,157.53","4,164.58","4,145.89","96.78M","0.07%"
"04/08/2017","4,152.17","4,099.23","4,161.72","4,088.48","122.24M","1.28%"
"03/08/2017","4,099.87","4,075.33","4,107.91","4,063.81","124.93M","0.45%"
"02/08/2017","4,081.50","4,095.83","4,103.33","4,072.74","145.27M","-0.38%"
"01/08/2017","4,096.94","4,086.74","4,111.85","4,064.68","119.74M","0.68%"
"31/07/2017","4,069.47","4,092.83","4,107.44","4,067.78","142.15M","-0.64%"
"28/07/2017","4,095.73","4,107.03","4,107.03","4,075.83","164.30M","-1.05%"
"27/07/2017","4,139.07","4,139.44","4,162.35","4,127.60","162.93M","-0.09%"
"26/07/2017","4,142.78","4,120.05","4,155.09","4,120.05","119.21M","0.59%"
"25/07/2017","4,118.38","4,105.62","4,142.62","4,105.62","137.65M","0.57%"
"24/07/2017","4,095.07","4,100.87","4,106.67","4,071.06","115.41M","0.05%"
"21/07/2017","4,093.17","4,146.44","4,159.50","4,075.48","155.01M","-1.44%"
"20/07/2017","4,152.96","4,183.06","4,192.75","4,137.05","128.92M","-0.31%"
"19/07/2017","4,165.97","4,145.06","4,167.58","4,132.92","107.43M","0.80%"
"18/07/2017","4,133.06","4,165.56","4,176.79","4,125.72","117.20M","-1.00%"
"17/07/2017","4,174.87","4,181.08","4,187.01","4,162.90","93.54M","-0.06%"
"14/07/2017","4,177.38","4,182.39","4,183.67","4,161.75","94.23M","0.08%"
"13/07/2017","4,173.87","4,168.32","4,190.60","4,161.50","118.45M","0.29%"
"12/07/2017","4,161.95","4,113.64","4,174.33","4,113.45","126.43M","1.53%"
"11/07/2017","4,099.39","4,122.77","4,133.04","4,095.87","101.70M","-0.44%"
"10/07/2017","4,117.62","4,112.74","4,127.08","4,102.43","100.86M","0.40%"
"07/07/2017","4,101.33","4,101.62","4,105.64","4,083.74","113.89M","-0.07%"
"06/07/2017","4,104.03","4,127.97","4,128.23","4,073.91","138.98M","-0.61%"
"05/07/2017","4,129.29","4,122.08","4,137.62","4,111.13","133.78M","0.15%"
"04/07/2017","4,122.99","4,122.43","4,140.14","4,119.07","97.70M","-0.43%"
"03/07/2017","4,140.81","4,111.91","4,144.78","4,111.91","374.10M","1.29%"
"30/06/2017","4,088.16","4,112.95","4,139.83","4,085.28","153.45M","-0.55%"
"29/06/2017","4,110.62","4,201.05","4,204.12","4,102.74","169.51M","-1.86%"
"28/06/2017","4,188.63","4,178.40","4,204.26","4,151.00","145.77M","-0.17%"
"27/06/2017","4,195.95","4,214.41","4,219.38","4,184.00","139.79M","-0.78%"
"26/06/2017","4,228.94","4,227.96","4,251.95","4,225.18","111.60M","0.50%"
"23/06/2017","4,207.80","4,213.73","4,220.53","4,193.08","104.25M","-0.27%"
"22/06/2017","4,219.08","4,202.55","4,221.87","4,183.22","129.57M","0.13%"
"21/06/2017","4,213.44","4,212.32","4,220.76","4,174.85","129.29M","-0.32%"
"20/06/2017","4,226.88","4,255.11","4,262.96","4,226.88","128.13M","-0.34%"
"19/06/2017","4,241.11","4,236.87","4,256.17","4,233.90","123.10M","0.85%"
"16/06/2017","4,205.55","4,188.42","4,212.62","4,186.67","242.52M","0.88%"
"15/06/2017","4,168.99","4,183.99","4,184.04","4,137.16","175.48M","-0.50%"
"14/06/2017","4,189.84","4,216.04","4,240.96","4,189.84","168.17M","-0.24%"
"13/06/2017","4,200.06","4,190.32","4,209.30","4,186.54","116.80M","0.48%"
"12/06/2017","4,180.01","4,218.65","4,220.72","4,173.76","131.29M","-1.23%"
"09/06/2017","4,231.97","4,212.43","4,244.37","4,205.20","128.99M","0.63%"
"08/06/2017","4,205.50","4,211.03","4,225.10","4,195.07","132.33M","-0.06%"
"07/06/2017","4,208.19","4,203.25","4,245.73","4,197.18","145.47M","-0.01%"
"06/06/2017","4,208.59","4,219.85","4,227.77","4,202.17","123.37M","-0.74%"
"05/06/2017","4,239.92","4,264.10","4,268.30","4,233.67","79.44M","-0.64%"
"02/06/2017","4,267.15","4,268.71","4,288.48","4,255.60","143.84M","0.48%"
"01/06/2017","4,246.97","4,218.76","4,251.40","4,217.54","131.12M","0.79%"
"31/05/2017","4,213.76","4,228.48","4,249.98","4,213.30","238.96M","-0.35%"
"30/05/2017","4,228.62","4,214.66","4,231.04","4,203.17","118.47M","-0.40%"
"29/05/2017","4,245.47","4,242.90","4,248.54","4,234.55","64.15M","-0.09%"
"26/05/2017","4,249.12","4,240.72","4,249.12","4,208.15","119.28M","0.04%"
"25/05/2017","4,247.40","4,264.71","4,268.17","4,235.49","104.53M","-0.05%"
"24/05/2017","4,249.48","4,243.60","4,254.06","4,235.87","119.93M","-0.04%"
"23/05/2017","4,251.29","4,226.44","4,263.42","4,224.61","133.78M","0.49%"
"22/05/2017","4,230.65","4,239.10","4,242.70","4,223.33","117.52M","-0.01%"
"19/05/2017","4,231.00","4,205.54","4,234.70","4,201.20","162.64M","0.78%"
"18/05/2017","4,198.44","4,216.44","4,226.84","4,160.36","199.91M","-0.64%"
"17/05/2017","4,225.48","4,271.91","4,284.65","4,210.42","181.63M","-1.63%"
"16/05/2017","4,295.52","4,287.50","4,302.94","4,281.42","150.27M","-0.13%"
"15/05/2017","4,301.22","4,294.38","4,301.22","4,275.22","149.34M","0.26%"
"12/05/2017","4,290.05","4,273.26","4,290.05","4,267.24","226.38M","0.46%"
"11/05/2017","4,270.52","4,289.77","4,290.95","4,251.18","184.00M","-0.41%"
"10/05/2017","4,288.27","4,286.20","4,288.53","4,270.40","158.79M","0.06%"
"09/05/2017","4,285.63","4,288.38","4,295.52","4,282.17","148.13M","0.27%"
"08/05/2017","4,274.20","4,317.26","4,317.26","4,266.12","167.35M","-0.80%"
"05/05/2017","4,308.75","4,245.76","4,308.75","4,245.13","211.47M","1.05%"
"04/05/2017","4,264.04","4,214.36","4,264.04","4,210.50","219.13M","1.32%"
"03/05/2017","4,208.46","4,209.01","4,209.01","4,193.67","151.38M","-0.08%"
"02/05/2017","4,211.77","4,191.44","4,212.87","4,183.25","159.61M","0.79%"
"28/04/2017","4,178.83","4,180.01","4,190.97","4,177.44","183.41M","-0.06%"
"27/04/2017","4,181.40","4,181.82","4,185.64","4,171.12","172.32M","-0.20%"
"26/04/2017","4,189.93","4,179.31","4,195.95","4,176.67","167.04M","0.14%"
"25/04/2017","4,183.99","4,177.05","4,194.42","4,168.35","167.71M","0.21%"
"24/04/2017","4,175.27","4,169.90","4,192.10","4,142.91","309.79M","3.97%"
"21/04/2017","4,015.65","4,018.48","4,032.17","3,994.04","216.71M","-0.38%"
"20/04/2017","4,030.78","3,968.21","4,041.82","3,966.32","183.98M","1.33%"
"19/04/2017","3,977.75","3,963.31","3,982.97","3,958.54","163.59M","0.31%"
"18/04/2017","3,965.29","4,030.57","4,033.69","3,965.29","198.03M","-1.55%"
"13/04/2017","4,027.77","4,041.54","4,041.54","4,020.38","147.31M","-0.55%"
"12/04/2017","4,049.93","4,057.14","4,078.73","4,044.32","144.63M","0.04%"
"11/04/2017","4,048.22","4,039.29","4,062.81","4,024.40","141.36M","-0.18%"
"10/04/2017","4,055.47","4,068.03","4,068.78","4,046.40","108.77M","-0.47%"
"07/04/2017","4,074.42","4,047.84","4,074.42","4,044.71","125.21M","0.31%"
"06/04/2017","4,061.98","4,018.59","4,065.52","4,010.20","126.62M","0.53%"
"05/04/2017","4,040.39","4,047.19","4,061.35","4,037.39","126.04M","-0.13%"
"04/04/2017","4,045.71","4,036.39","4,046.43","4,028.78","123.08M","0.26%"
"03/04/2017","4,035.21","4,067.86","4,070.37","4,033.44","125.37M","-0.65%"
"31/03/2017","4,061.62","4,025.00","4,061.62","4,018.83","154.73M","0.71%"
"30/03/2017","4,032.89","4,016.97","4,033.34","4,011.02","117.15M","0.50%"
"29/03/2017","4,012.64","4,009.39","4,014.20","3,994.02","137.29M","0.40%"
"28/03/2017","3,996.70","3,982.58","3,997.38","3,968.59","128.60M","0.60%"
"27/03/2017","3,972.81","3,943.24","3,972.81","3,940.12","135.68M","-0.11%"
"24/03/2017","3,977.15","3,977.67","3,980.20","3,961.92","109.36M","-0.12%"
"23/03/2017","3,981.94","3,952.59","3,981.94","3,940.56","127.16M","0.78%"
"22/03/2017","3,951.07","3,938.14","3,957.90","3,918.74","149.37M","-0.25%"
"21/03/2017","3,961.10","3,985.56","4,001.37","3,954.21","139.80M","-0.28%"
"20/03/2017","3,972.31","3,970.31","3,984.71","3,965.16","103.83M","-0.30%"
"17/03/2017","3,984.40","3,967.26","3,988.20","3,963.39","243.96M","0.32%"
"16/03/2017","3,971.84","3,978.28","3,983.28","3,964.87","174.22M","0.62%"
"15/03/2017","3,947.37","3,937.90","3,949.41","3,931.67","131.87M","0.16%"
"14/03/2017","3,941.04","3,961.30","3,961.30","3,930.96","143.80M","-0.45%"
"13/03/2017","3,959.02","3,956.85","3,967.02","3,948.50","130.84M","0.14%"
"10/03/2017","3,953.47","3,953.62","3,973.33","3,950.77","153.76M","0.23%"
"09/03/2017","3,944.57","3,921.51","3,948.94","3,913.85","175.40M","0.42%"
"08/03/2017","3,928.20","3,913.23","3,938.54","3,907.73","146.20M","0.11%"
"07/03/2017","3,923.95","3,939.19","3,939.19","3,915.73","130.40M","-0.34%"
"06/03/2017","3,937.22","3,945.69","3,946.09","3,928.73","131.37M","-0.43%"
"03/03/2017","3,954.17","3,926.06","3,960.01","3,924.21","153.14M","0.53%"
"02/03/2017","3,933.21","3,934.38","3,939.66","3,926.12","159.52M","0.05%"
"01/03/2017","3,931.36","3,884.55","3,938.70","3,884.55","181.73M","1.90%"
"28/02/2017","3,858.06","3,861.15","3,863.23","3,840.90","153.96M","0.29%"
"27/02/2017","3,846.96","3,857.33","3,861.23","3,836.74","142.77M","0.08%"
"24/02/2017","3,843.89","3,877.95","3,880.34","3,815.82","186.25M","-0.95%"
"23/02/2017","3,880.85","3,887.02","3,898.64","3,873.68","174.26M","-0.09%"
"22/02/2017","3,884.19","3,890.24","3,905.86","3,862.95","147.66M","0.13%"
"21/02/2017","3,879.21","3,863.56","3,887.42","3,851.35","127.62M","0.45%"
"20/02/2017","3,861.85","3,880.51","3,887.34","3,854.98","106.15M","0.02%"
"17/02/2017","3,861.12","3,883.69","3,888.62","3,843.61","153.76M","-0.60%"
"16/02/2017","3,884.56","3,901.92","3,904.92","3,877.76","148.34M","-0.40%"
"15/02/2017","3,900.24","3,889.85","3,905.28","3,883.69","140.44M","0.54%"
"14/02/2017","3,879.44","3,872.87","3,880.19","3,866.12","136.04M","0.15%"
"13/02/2017","3,873.77","3,840.01","3,886.96","3,838.71","148.57M","1.16%"
"10/02/2017","3,829.30","3,838.54","3,840.36","3,818.97","176.31M","0.10%"
"09/02/2017","3,825.38","3,802.29","3,828.66","3,785.50","150.11M","1.11%"
"08/02/2017","3,783.29","3,783.71","3,799.78","3,759.77","158.46M","0.25%"
"07/02/2017","3,773.67","3,777.11","3,797.07","3,770.25","120.60M","-0.36%"
"06/02/2017","3,787.45","3,828.20","3,834.88","3,784.37","116.46M","-0.98%"
"03/02/2017","3,824.90","3,817.00","3,839.18","3,814.93","119.81M","0.60%"
"02/02/2017","3,801.96","3,790.34","3,814.94","3,782.91","141.40M","0.15%"
"01/02/2017","3,796.38","3,789.95","3,817.78","3,787.12","141.06M","0.93%"
"31/01/2017","3,761.37","3,793.94","3,809.15","3,761.37","154.64M","-0.76%"
"30/01/2017","3,790.26","3,822.91","3,827.43","3,780.59","125.22M","-1.13%"
"27/01/2017","3,833.72","3,851.32","3,852.16","3,824.68","118.26M","-0.45%"
"26/01/2017","3,851.15","3,869.33","3,876.69","3,843.79","142.68M","-0.15%"
"25/01/2017","3,856.79","3,847.00","3,865.85","3,840.22","163.96M","0.92%"
"24/01/2017","3,821.45","3,820.35","3,826.88","3,810.06","128.26M","0.22%"
"23/01/2017","3,813.14","3,809.48","3,827.83","3,796.98","120.59M","-0.49%"
"20/01/2017","3,831.99","3,821.47","3,844.77","3,808.88","168.89M","0.14%"
"19/01/2017","3,826.45","3,840.54","3,843.78","3,818.83","146.73M","-0.10%"
"18/01/2017","3,830.14","3,845.60","3,846.55","3,810.44","132.93M","-0.13%"
"17/01/2017","3,835.27","3,838.59","3,855.66","3,821.51","135.16M","-0.41%"
"16/01/2017","3,851.08","3,854.24","3,873.37","3,850.81","115.19M","-0.79%"
"13/01/2017","3,881.91","3,858.60","3,882.28","3,850.32","153.32M","1.13%"
"12/01/2017","3,838.35","3,846.46","3,855.76","3,833.94","147.10M","-0.52%"
"11/01/2017","3,858.39","3,858.55","3,878.04","3,834.26","144.08M","0.02%"
"10/01/2017","3,857.62","3,862.68","3,870.52","3,842.40","140.88M","0.02%"
"09/01/2017","3,856.83","3,877.21","3,877.85","3,842.61","118.67M","-0.39%"
"06/01/2017","3,871.87","3,854.33","3,872.65","3,846.33","109.50M","0.15%"
"05/01/2017","3,866.06","3,852.27","3,869.79","3,848.47","130.19M","0.02%"
"04/01/2017","3,865.20","3,877.39","3,878.08","3,850.98","121.19M","-0.07%"
"03/01/2017","3,867.78","3,871.48","3,889.60","3,864.78","134.28M","0.34%"
"02/01/2017","3,854.49","3,824.97","3,863.95","3,823.75","53.10M","0.49%"
"30/12/2016","3,835.62","3,818.79","3,837.21","3,809.24","73.59M","0.41%"
"29/12/2016","3,819.81","3,807.46","3,823.92","3,806.93","66.21M","-0.15%"
"28/12/2016","3,825.64","3,825.47","3,829.47","3,819.64","76.88M","-0.03%"
"27/12/2016","3,826.90","3,819.24","3,830.33","3,819.24","53.30M","0.22%"
"23/12/2016","3,818.55","3,813.65","3,820.08","3,807.77","72.22M","0.17%"
"22/12/2016","3,811.98","3,807.38","3,818.02","3,800.41","95.48M","0.00%"
"21/12/2016","3,812.16","3,807.76","3,822.83","3,801.61","107.73M","-0.22%"
"20/12/2016","3,820.41","3,800.49","3,822.65","3,796.00","130.16M","0.54%"
"19/12/2016","3,799.92","3,796.87","3,804.84","3,791.50","134.65M","-0.16%"
"16/12/2016","3,806.18","3,791.60","3,821.90","3,785.11","284.53M","0.30%"
"15/12/2016","3,794.89","3,763.60","3,802.60","3,763.60","204.93M","0.93%"
"14/12/2016","3,760.06","3,767.29","3,775.30","3,757.08","159.26M","-0.66%"
"13/12/2016","3,785.01","3,747.76","3,787.80","3,742.89","163.06M","0.88%"
"12/12/2016","3,751.85","3,758.25","3,766.82","3,746.01","156.18M","-0.06%"
"09/12/2016","3,754.10","3,733.81","3,765.18","3,732.19","177.18M","0.67%"
"08/12/2016","3,729.29","3,708.60","3,736.39","3,695.45","214.57M","0.85%"
"07/12/2016","3,697.81","3,685.36","3,697.81","3,671.37","198.72M","1.26%"
"06/12/2016","3,651.83","3,608.35","3,656.95","3,598.54","175.68M","1.17%"
"05/12/2016","3,609.55","3,557.78","3,631.10","3,554.37","160.74M","1.00%"
"02/12/2016","3,573.97","3,575.97","3,586.05","3,547.13","150.22M","-0.75%"
"01/12/2016","3,600.81","3,612.48","3,620.27","3,587.74","166.67M","-0.46%"
"30/11/2016","3,617.35","3,595.71","3,630.10","3,595.71","222.10M","0.53%"
"29/11/2016","3,598.26","3,565.82","3,598.26","3,556.84","128.19M","0.81%"
"28/11/2016","3,569.24","3,592.69","3,593.50","3,560.89","122.89M","-0.79%"
"25/11/2016","3,597.64","3,595.52","3,599.82","3,577.45","96.32M","0.18%"
"24/11/2016","3,591.00","3,585.35","3,596.05","3,573.20","87.58M","0.32%"
"23/11/2016","3,579.48","3,601.90","3,603.74","3,565.65","143.79M","-0.43%"
"22/11/2016","3,594.82","3,602.90","3,610.85","3,591.04","178.03M","0.43%"
"21/11/2016","3,579.58","3,577.12","3,586.17","3,541.22","123.28M","0.51%"
"18/11/2016","3,561.29","3,585.35","3,589.82","3,554.42","151.51M","-0.36%"
"17/11/2016","3,574.18","3,548.98","3,574.18","3,539.85","130.03M","0.58%"
"16/11/2016","3,553.52","3,584.59","3,587.49","3,538.60","147.64M","-0.66%"
"15/11/2016","3,577.25","3,567.83","3,580.42","3,553.85","164.52M","0.65%"
"14/11/2016","3,554.18","3,573.81","3,597.14","3,544.53","185.49M","0.28%"
"11/11/2016","3,544.26","3,587.41","3,591.51","3,533.24","175.00M","-0.83%"
"10/11/2016","3,573.84","3,612.93","3,636.29","3,554.25","307.34M","-0.41%"
"09/11/2016","3,588.55","3,441.32","3,588.55","3,438.21","294.21M","1.32%"
"08/11/2016","3,541.81","3,528.49","3,545.61","3,520.14","164.63M","0.33%"
"07/11/2016","3,530.19","3,516.15","3,533.36","3,507.90","128.97M","1.78%"
"04/11/2016","3,468.37","3,491.13","3,491.13","3,452.17","154.52M","-0.83%"
"03/11/2016","3,497.30","3,491.05","3,529.99","3,488.57","152.26M","-0.06%"
"02/11/2016","3,499.48","3,520.19","3,525.15","3,499.48","144.79M","-1.24%"
"01/11/2016","3,543.35","3,591.49","3,595.50","3,536.21","117.39M","-0.89%"
"31/10/2016","3,575.13","3,586.24","3,595.65","3,567.46","135.04M","-0.74%"
"28/10/2016","3,601.64","3,572.58","3,604.69","3,565.47","147.41M","0.36%"
"27/10/2016","3,588.73","3,585.14","3,607.61","3,566.15","146.81M","0.00%"
"26/10/2016","3,588.78","3,581.90","3,591.86","3,559.59","131.32M","-0.13%"
"25/10/2016","3,593.56","3,612.18","3,617.84","3,584.13","131.28M","-0.36%"
"24/10/2016","3,606.56","3,605.82","3,626.65","3,605.81","123.25M","0.35%"
"21/10/2016","3,593.83","3,600.85","3,607.35","3,580.40","152.57M","-0.07%"
"20/10/2016","3,596.44","3,592.92","3,605.20","3,567.85","145.65M","0.29%"
"19/10/2016","3,586.03","3,579.63","3,591.78","3,566.12","128.35M","0.29%"
"18/10/2016","3,575.49","3,551.95","3,580.37","3,549.24","137.19M","1.28%"
"17/10/2016","3,530.38","3,534.99","3,549.71","3,523.29","111.20M","-0.48%"
"14/10/2016","3,547.42","3,511.76","3,566.41","3,511.76","138.06M","1.43%"
"13/10/2016","3,497.57","3,508.54","3,508.54","3,471.46","159.44M","-0.92%"
"12/10/2016","3,530.02","3,540.01","3,547.46","3,523.76","142.62M","-0.41%"
"11/10/2016","3,544.55","3,560.31","3,580.10","3,542.75","145.99M","-0.56%"
"10/10/2016","3,564.36","3,533.37","3,566.56","3,513.11","132.88M","1.03%"
"07/10/2016","3,527.96","3,553.89","3,556.21","3,523.96","170.12M","-0.76%"
"06/10/2016","3,554.82","3,574.25","3,580.98","3,548.69","149.97M","-0.27%"
"05/10/2016","3,564.58","3,548.23","3,572.25","3,531.62","145.00M","-0.39%"
"04/10/2016","3,578.39","3,549.04","3,591.87","3,545.79","144.49M","0.93%"
"03/10/2016","3,545.26","3,539.13","3,553.89","3,530.09","94.81M","0.11%"
"30/09/2016","3,541.42","3,490.87","3,552.49","3,461.70","178.63M","0.10%"
"29/09/2016","3,537.71","3,577.59","3,583.88","3,530.86","128.45M","0.17%"
"28/09/2016","3,531.81","3,517.41","3,551.69","3,517.41","119.93M","0.80%"
"27/09/2016","3,503.89","3,534.93","3,536.16","3,476.61","135.55M","-0.28%"
"26/09/2016","3,513.68","3,549.19","3,549.26","3,510.05","123.37M","-1.68%"
"23/09/2016","3,573.68","3,579.22","3,579.57","3,564.55","122.53M","-0.47%"
"22/09/2016","3,590.71","3,542.74","3,605.05","3,541.95","159.03M","2.10%"
"21/09/2016","3,516.79","3,540.33","3,549.48","3,516.39","127.85M","0.42%"
"20/09/2016","3,502.10","3,498.04","3,525.11","3,491.82","113.56M","-0.10%"
"19/09/2016","3,505.67","3,486.39","3,508.78","3,486.39","119.33M","1.35%"
"16/09/2016","3,459.00","3,477.02","3,492.23","3,441.86","274.94M","-0.81%"
"15/09/2016","3,487.13","3,474.45","3,492.83","3,463.72","147.36M","0.13%"
"14/09/2016","3,482.64","3,511.22","3,511.22","3,476.20","155.72M","-0.40%"
"13/09/2016","3,496.77","3,551.07","3,557.26","3,496.77","136.95M","-1.04%"
"12/09/2016","3,533.61","3,514.96","3,533.61","3,491.43","149.10M","-1.09%"
"09/09/2016","3,572.47","3,601.50","3,610.37","3,565.03","136.70M","-1.03%"
"08/09/2016","3,609.69","3,619.65","3,630.52","3,569.01","143.40M","-0.32%"
"07/09/2016","3,621.23","3,604.64","3,623.56","3,591.23","119.53M","0.61%"
"06/09/2016","3,599.44","3,615.03","3,619.52","3,594.61","113.17M","-0.25%"
"05/09/2016","3,608.52","3,613.30","3,626.26","3,608.30","116.46M","0.04%"
"02/09/2016","3,607.15","3,546.32","3,610.83","3,534.76","160.18M","2.11%"
"01/09/2016","3,532.53","3,535.30","3,569.12","3,519.84","156.43M","0.14%"
"31/08/2016","3,527.47","3,537.38","3,563.03","3,527.47","159.69M","-0.39%"
"30/08/2016","3,541.20","3,527.04","3,553.72","3,526.72","108.42M","0.72%"
"29/08/2016","3,515.82","3,512.48","3,525.55","3,489.84","71.96M","-0.35%"
"26/08/2016","3,528.14","3,497.59","3,538.51","3,488.36","108.16M","0.73%"
"25/08/2016","3,502.42","3,510.12","3,510.12","3,481.78","95.12M","-0.67%"
"24/08/2016","3,525.97","3,493.28","3,539.25","3,487.20","97.97M","0.26%"
"23/08/2016","3,516.66","3,503.83","3,527.74","3,502.65","99.82M","0.71%"
"22/08/2016","3,491.78","3,493.75","3,530.03","3,480.85","99.06M","-0.11%"
"19/08/2016","3,495.66","3,517.74","3,517.74","3,476.02","108.04M","-0.74%"
"18/08/2016","3,521.83","3,522.16","3,526.34","3,504.03","96.48M","0.51%"
"17/08/2016","3,503.95","3,549.77","3,551.17","3,502.31","98.84M","-0.97%"
"16/08/2016","3,538.21","3,552.40","3,568.94","3,538.02","118.66M","-0.87%"
"15/08/2016","3,569.22","3,571.38","3,590.11","3,566.44","74.02M","-0.01%"
"12/08/2016","3,569.41","3,569.98","3,576.64","3,561.87","99.00M","-0.08%"
"11/08/2016","3,572.18","3,547.05","3,572.18","3,528.48","106.19M","1.10%"
"10/08/2016","3,533.27","3,524.74","3,541.48","3,523.71","124.42M","-0.28%"
"09/08/2016","3,543.31","3,501.71","3,543.43","3,500.65","116.27M","1.13%"
"08/08/2016","3,503.61","3,505.44","3,522.13","3,497.42","103.41M","0.10%"
"05/08/2016","3,500.20","3,463.55","3,503.80","3,463.55","128.27M","1.41%"
"04/08/2016","3,451.51","3,445.65","3,461.74","3,435.32","127.20M","0.67%"
"03/08/2016","3,428.49","3,438.37","3,446.82","3,409.62","151.85M","-0.23%"
"02/08/2016","3,436.48","3,483.98","3,487.40","3,431.08","159.03M","-1.70%"
"01/08/2016","3,495.74","3,537.13","3,547.77","3,486.40","126.38M","-0.65%"
"29/07/2016","3,518.50","3,510.14","3,518.50","3,495.84","189.49M","0.45%"
"28/07/2016","3,502.82","3,522.28","3,544.99","3,502.82","158.90M","-0.54%"
"27/07/2016","3,521.77","3,501.91","3,537.18","3,501.91","165.42M","1.17%"
"26/07/2016","3,481.06","3,474.05","3,489.02","3,450.20","131.90M","0.16%"
"25/07/2016","3,475.65","3,466.92","3,495.42","3,460.22","117.31M","0.26%"
"22/07/2016","3,466.55","3,452.83","3,477.63","3,438.55","115.05M","0.16%"
"21/07/2016","3,460.96","3,465.88","3,472.72","3,435.28","141.01M","-0.11%"
"20/07/2016","3,464.62","3,444.44","3,473.41","3,429.23","131.41M","1.13%"
"19/07/2016","3,425.77","3,436.27","3,446.03","3,406.06","130.33M","-0.56%"
"18/07/2016","3,445.16","3,454.50","3,480.50","3,427.55","113.21M","-0.19%"
"15/07/2016","3,451.88","3,449.91","3,461.05","3,429.02","130.40M","-0.36%"
"14/07/2016","3,464.18","3,458.35","3,475.45","3,434.26","139.57M","1.09%"
"13/07/2016","3,426.74","3,423.03","3,444.98","3,416.62","180.40M","0.08%"
"12/07/2016","3,423.86","3,382.67","3,432.53","3,381.64","189.88M","1.42%"
"11/07/2016","3,375.80","3,338.99","3,381.11","3,330.73","140.25M","1.76%"
"08/07/2016","3,317.42","3,259.77","3,330.73","3,258.09","166.03M","1.80%"
"07/07/2016","3,258.86","3,255.66","3,298.31","3,253.42","155.27M","0.82%"
"06/07/2016","3,232.28","3,266.43","3,284.87","3,213.15","209.23M","-1.82%"
"05/07/2016","3,292.14","3,330.26","3,338.20","3,282.02","171.18M","-1.75%"
"04/07/2016","3,350.74","3,394.30","3,394.84","3,349.15","117.42M","-0.95%"
"01/07/2016","3,382.86","3,369.43","3,392.77","3,338.72","174.74M","0.93%"
"30/06/2016","3,351.73","3,310.35","3,360.53","3,288.89","222.45M","1.03%"
"29/06/2016","3,317.42","3,272.91","3,323.05","3,263.74","209.61M","2.59%"
"28/06/2016","3,233.66","3,219.74","3,256.67","3,210.65","256.27M","2.68%"
"27/06/2016","3,149.26","3,234.91","3,261.04","3,129.48","345.06M","-3.37%"
"24/06/2016","3,259.01","3,265.04","3,324.34","3,178.21","558.31M","-7.62%"
"23/06/2016","3,527.79","3,481.45","3,545.71","3,472.39","178.58M","1.85%"
"22/06/2016","3,463.75","3,476.64","3,491.47","3,457.28","141.75M","0.27%"
"21/06/2016","3,454.50","3,432.50","3,465.94","3,422.18","153.15M","0.53%"
"20/06/2016","3,436.44","3,403.37","3,444.01","3,399.21","172.86M","3.41%"
"17/06/2016","3,323.13","3,309.98","3,340.82","3,305.88","285.21M","1.05%"
"16/06/2016","3,288.60","3,268.36","3,296.29","3,258.11","188.58M","-0.58%"
"15/06/2016","3,307.74","3,305.30","3,331.04","3,299.36","189.73M","1.02%"
"14/06/2016","3,274.42","3,312.35","3,326.01","3,272.77","206.35M","-2.21%"
"13/06/2016","3,348.40","3,377.38","3,384.48","3,348.40","181.63M","-1.83%"
"10/06/2016","3,410.74","3,478.38","3,478.38","3,407.66","176.98M","-2.29%"
"09/06/2016","3,490.61","3,511.45","3,514.50","3,482.28","160.68M","-0.90%"
"08/06/2016","3,522.37","3,532.62","3,540.25","3,512.65","179.07M","-0.65%"
"07/06/2016","3,545.39","3,520.52","3,551.86","3,518.38","158.98M","1.13%"
"06/06/2016","3,505.84","3,496.68","3,513.37","3,496.68","119.77M","0.00%"
"03/06/2016","3,505.71","3,547.74","3,558.71","3,487.13","161.79M","-0.94%"
"02/06/2016","3,539.00","3,538.86","3,552.53","3,525.52","142.86M","-0.11%"
"01/06/2016","3,543.05","3,564.79","3,566.64","3,530.06","143.34M","-0.64%"
"31/05/2016","3,565.86","3,585.68","3,586.97","3,558.91","189.00M","-0.44%"
"30/05/2016","3,581.74","3,566.16","3,582.80","3,563.10","69.10M","0.28%"
"27/05/2016","3,571.76","3,561.89","3,572.33","3,557.72","136.26M","-0.07%"
"26/05/2016","3,574.10","3,547.20","3,575.59","3,547.20","163.33M","0.66%"
"25/05/2016","3,550.82","3,534.90","3,557.23","3,526.64","166.61M","1.02%"
"24/05/2016","3,515.04","3,426.06","3,521.15","3,418.51","157.57M","2.26%"
"23/05/2016","3,437.39","3,449.80","3,459.31","3,417.11","128.35M","-0.53%"
"20/05/2016","3,455.54","3,431.41","3,455.54","3,424.19","162.52M","1.57%"
"19/05/2016","3,401.97","3,411.12","3,425.94","3,396.48","157.26M","-0.87%"
"18/05/2016","3,431.93","3,398.99","3,433.31","3,393.70","138.45M","0.46%"
"17/05/2016","3,416.30","3,434.01","3,462.30","3,398.98","163.42M","-0.26%"
"16/05/2016","3,425.13","3,408.80","3,427.13","3,392.79","105.14M","-0.15%"
"13/05/2016","3,430.12","3,393.04","3,440.67","3,383.95","171.28M","0.38%"
"12/05/2016","3,417.00","3,420.81","3,468.85","3,398.88","159.13M","-0.55%"
"11/05/2016","3,436.00","3,450.08","3,454.07","3,416.02","161.86M","-0.45%"
"10/05/2016","3,451.66","3,452.52","3,476.12","3,438.09","175.31M","0.38%"
"09/05/2016","3,438.43","3,438.42","3,469.31","3,424.91","167.93M","0.49%"
"06/05/2016","3,421.74","3,405.28","3,431.32","3,383.48","159.74M","-0.43%"
"05/05/2016","3,436.45","3,435.76","3,455.44","3,423.24","117.02M","-0.01%"
"04/05/2016","3,436.93","3,466.84","3,482.86","3,432.16","181.20M","-1.01%"
"03/05/2016","3,471.89","3,518.80","3,520.52","3,465.55","171.50M","-1.49%"
"02/05/2016","3,524.51","3,534.77","3,536.25","3,513.25","107.21M","0.29%"
"29/04/2016","3,514.22","3,562.51","3,568.75","3,514.01","196.93M","-2.45%"
"28/04/2016","3,602.32","3,575.27","3,602.32","3,545.17","167.26M","-0.01%"
"27/04/2016","3,602.71","3,583.83","3,607.11","3,577.49","165.17M","0.64%"
"26/04/2016","3,579.95","3,598.01","3,614.03","3,567.83","148.75M","-0.20%"
"25/04/2016","3,587.11","3,599.25","3,609.06","3,569.96","137.02M","-0.53%"
"22/04/2016","3,606.37","3,606.30","3,614.15","3,593.56","162.43M","-0.22%"
"21/04/2016","3,614.35","3,634.67","3,634.67","3,590.34","198.45M","-0.23%"
"20/04/2016","3,622.53","3,591.80","3,625.80","3,586.32","171.25M","0.45%"
"19/04/2016","3,606.20","3,572.02","3,614.54","3,572.02","174.19M","1.27%"
"18/04/2016","3,561.09","3,502.67","3,568.22","3,500.52","145.32M","0.23%"
"15/04/2016","3,553.06","3,559.66","3,563.90","3,544.06","162.77M","-0.37%"
"14/04/2016","3,566.42","3,551.93","3,569.45","3,539.43","173.55M","0.39%"
"13/04/2016","3,552.44","3,491.05","3,552.44","3,490.04","229.91M","3.09%"
"12/04/2016","3,445.86","3,425.09","3,447.70","3,388.32","177.60M","0.69%"
"11/04/2016","3,422.33","3,408.48","3,442.22","3,385.29","155.56M","0.21%"
"08/04/2016","3,415.02","3,379.17","3,424.01","3,379.14","156.99M","1.35%"
"07/04/2016","3,369.64","3,401.44","3,421.86","3,356.90","152.49M","-0.83%"
"06/04/2016","3,397.72","3,381.31","3,397.72","3,367.15","161.71M","0.74%"
"05/04/2016","3,372.63","3,400.22","3,401.60","3,366.68","188.72M","-2.10%"
"04/04/2016","3,445.06","3,419.29","3,470.68","3,396.34","155.72M","0.42%"
"01/04/2016","3,430.49","3,436.66","3,436.66","3,385.25","189.28M","-1.32%"
"31/03/2016","3,476.22","3,497.24","3,500.16","3,471.05","160.93M","-1.21%"
"30/03/2016","3,518.94","3,480.21","3,533.98","3,479.85","152.34M","1.72%"
"29/03/2016","3,459.32","3,450.62","3,471.75","3,434.26","127.96M","0.78%"
"24/03/2016","3,432.69","3,476.43","3,479.44","3,428.25","158.61M","-2.00%"
"23/03/2016","3,502.80","3,514.39","3,534.90","3,482.84","146.58M","-0.08%"
"22/03/2016","3,505.68","3,481.85","3,505.68","3,450.04","165.41M","0.07%"
"21/03/2016","3,503.10","3,501.54","3,542.77","3,494.19","134.79M","-0.69%"
"18/03/2016","3,527.46","3,518.86","3,534.56","3,493.76","346.90M","0.49%"
"17/03/2016","3,510.33","3,552.47","3,552.47","3,452.28","206.70M","-0.40%"
"16/03/2016","3,524.52","3,539.75","3,552.89","3,512.08","169.41M","-0.19%"
"15/03/2016","3,531.25","3,532.22","3,542.63","3,514.73","162.17M","-0.67%"
"14/03/2016","3,555.08","3,548.65","3,575.01","3,545.77","172.90M","0.42%"
"11/03/2016","3,540.22","3,488.89","3,540.22","3,485.31","205.58M","3.16%"
"10/03/2016","3,431.93","3,491.09","3,601.60","3,431.93","260.27M","-1.59%"
"09/03/2016","3,487.32","3,473.50","3,511.92","3,466.58","188.29M","0.43%"
"08/03/2016","3,472.26","3,474.62","3,497.07","3,441.97","190.96M","-0.87%"
"07/03/2016","3,502.68","3,501.35","3,516.89","3,476.63","229.41M","-0.37%"
"04/03/2016","3,515.82","3,501.37","3,535.18","3,483.69","225.11M","0.92%"
"03/03/2016","3,483.78","3,493.87","3,494.59","3,467.73","221.08M","-0.15%"
"02/03/2016","3,489.01","3,498.53","3,511.16","3,460.82","198.92M","0.22%"
"01/03/2016","3,481.24","3,427.45","3,481.24","3,417.38","238.85M","1.34%"
"29/02/2016","3,435.30","3,375.36","3,435.46","3,359.74","197.96M","0.93%"
"26/02/2016","3,403.77","3,389.43","3,430.98","3,385.81","190.10M","1.49%"
"25/02/2016","3,353.78","3,341.14","3,368.44","3,318.59","192.83M","1.98%"
"24/02/2016","3,288.77","3,349.19","3,349.73","3,260.72","193.34M","-1.90%"
"23/02/2016","3,352.55","3,375.86","3,399.57","3,351.88","171.21M","-1.22%"
"22/02/2016","3,393.84","3,364.09","3,397.11","3,362.81","164.13M","1.72%"
"19/02/2016","3,336.60","3,344.89","3,361.01","3,305.72","187.03M","-0.47%"
"18/02/2016","3,352.26","3,359.64","3,380.65","3,327.73","210.89M","0.28%"
"17/02/2016","3,342.84","3,254.88","3,345.95","3,250.85","230.93M","2.84%"
"16/02/2016","3,250.52","3,283.46","3,283.46","3,232.73","194.52M","-0.01%"
"15/02/2016","3,250.81","3,225.88","3,271.15","3,218.61","192.54M","3.05%"
"12/02/2016","3,154.51","3,122.62","3,154.51","3,103.55","226.42M","2.28%"
"11/02/2016","3,084.32","3,162.26","3,162.26","3,081.22","274.30M","-3.92%"
"10/02/2016","3,210.26","3,181.95","3,250.41","3,151.68","232.14M","1.58%"
"09/02/2016","3,160.47","3,214.95","3,229.69","3,119.51","291.19M","-1.61%"
"08/02/2016","3,212.03","3,337.59","3,340.15","3,197.02","247.50M","-3.39%"
"05/02/2016","3,324.79","3,353.18","3,379.47","3,315.32","262.22M","-0.70%"
"04/02/2016","3,348.36","3,386.54","3,388.56","3,307.76","253.51M","-0.02%"
"03/02/2016","3,349.02","3,394.69","3,403.33","3,311.79","226.12M","-1.41%"
"02/02/2016","3,396.77","3,461.87","3,467.55","3,373.47","183.29M","-2.33%"
"01/02/2016","3,477.78","3,488.22","3,494.54","3,445.78","164.62M","-0.43%"
"29/01/2016","3,492.82","3,466.33","3,492.82","3,432.93","221.70M","2.20%"
"28/01/2016","3,417.69","3,450.40","3,479.52","3,391.06","219.05M","-1.32%"
"27/01/2016","3,463.52","3,440.56","3,463.52","3,417.60","175.37M","0.54%"
"26/01/2016","3,444.75","3,357.94","3,452.35","3,345.15","193.18M","0.95%"
"25/01/2016","3,412.35","3,449.05","3,449.05","3,397.57","169.91M","-0.43%"
"22/01/2016","3,426.94","3,388.86","3,452.06","3,380.95","219.51M","3.14%"
"21/01/2016","3,322.65","3,266.58","3,344.69","3,255.96","234.56M","1.84%"
"20/01/2016","3,262.60","3,300.72","3,305.86","3,234.19","223.55M","-3.35%"
"19/01/2016","3,375.84","3,368.53","3,402.01","3,360.05","182.12M","1.98%"
"18/01/2016","3,310.41","3,332.78","3,363.35","3,290.83","179.68M","-0.62%"
"15/01/2016","3,330.96","3,406.77","3,417.56","3,307.73","245.78M","-2.32%"
"14/01/2016","3,410.21","3,437.40","3,438.94","3,354.43","241.35M","-1.85%"
"13/01/2016","3,474.32","3,499.27","3,529.23","3,462.30","162.70M","0.32%"
"12/01/2016","3,463.16","3,417.78","3,499.80","3,408.55","182.25M","1.45%"
"11/01/2016","3,413.56","3,436.25","3,466.11","3,413.56","155.29M","-0.51%"
"08/01/2016","3,431.02","3,481.94","3,508.23","3,431.02","170.99M","-1.45%"
"07/01/2016","3,481.47","3,441.83","3,496.78","3,419.94","189.19M","-1.70%"
"06/01/2016","3,541.52","3,581.19","3,584.29","3,511.46","146.08M","-1.28%"
"05/01/2016","3,587.33","3,613.06","3,614.89","3,545.20","142.65M","0.34%"
"04/01/2016","3,575.13","3,623.63","3,626.24","3,551.82","175.13M","-2.42%"