Date,AAPL,ABBV,ABT,ACN,ADBE,ADI,ADM,ADP,ADSK,AJG,AMAT,AMD,AMGN,AMT,AMZN,ANET,AON,APD,APH,ATVI,AVGO,AXP,AZO,BA,BAC,BDX,BKNG,BLK,BMY,BRKB,BSX,C,CARR,CAT,CB,CCI,CDNS,CHTR,CI,CL,CMCSA,CME,CMG,COP,COST,CRM,CSCO,CSX,CTAS,CVS,CVX,DE,DHR,DIS,DUK,ECL,ELV,EMR,EOG,EQIX,ETN,EW,F,FCX,FDX,FI,GBP,GD,GE,GILD,GM,GOOG,GOOGL,GS,HCA,HD,HON,HUM,IBM,ICE,INTC,INTU,ISRG,ITW,JNJ,JPM,KLAC,KMB,KO,LIN,LLY,LMT,LOW,LRCX,MA,MAR,MCD,MCHP,MCK,MCO,MDLZ,MDT,META,MMC,MMM,MNST,MO,MPC,MRK,MS,MSCI,MSFT,MSI,MU,NEE,NFLX,NKE,NOC,NOW,NSC,NVDA,NXPI,ORCL,ORLY,OXY,PANW,PCAR,PEP,PFE,PG,PGR,PH,PLD,PM,PNC,PSA,PSX,PXD,PYPL,QCOM,REGN,ROP,RTX,SBUX,SCHW,SHW,SLB,SNPS,SO,SPGI,SRE,SYK,T,TDG,TGT,TJX,TMO,TMUS,TSLA,TT,TXN,UNH,UNP,UPS,USB,V,VLO,VRTX,VZ,WFC,WM,WMT,XOM,ZTS
2024-10-01,225.16209411621094,188.7981719970703,110.92545318603516,345.6186828613281,502.79998779296875,219.8873291015625,57.22781753540039,274.3564147949219,267.4700012207031,284.0064392089844,195.16929626464844,159.75,309.95611572265625,222.76901245117188,185.1300048828125,95.4625015258789,345.7707824707031,284.18890380859375,63.11732482910156,,165.8434600830078,265.0447998046875,3172.97998046875,154.22000122070312,38.3182487487793,236.71566772460938,4071.783203125,915.1813354492188,49.837120056152344,,84.13999938964844,59.9682731628418,78.39106750488281,,289.2632751464844,112.79710388183594,263.32000732421875,328.95001220703125,341.5614929199219,99.41720581054688,39.883216857910156,215.6615447998047,57.16999816894531,105.95350646972656,872.900390625,269.24029541015625,51.02418899536133,33.989410400390625,202.3264617919922,58.842994689941406,143.20486450195312,410.66815185546875,272.9047546386719,93.23750305175781,112.06999206542969,251.0135040283203,502.0856018066406,107.45459747314453,121.83939361572266,864.3339233398438,323.3975524902344,65.0999984741211,9.988431930541992,49.471038818359375,263.37774658203125,181.30999755859375,,297.7496643066406,185.1546173095703,81.5113754272461,44.40863800048828,167.68609619140625,166.25682067871094,480.3682861328125,402.1776428222656,399.5770568847656,201.88108825683594,275.5799560546875,213.32302856445312,159.3482666015625,22.690000534057617,601.2926025390625,484.760009765625,255.08787536621094,156.91754150390625,201.51315307617188,746.4853515625,137.24862670898438,69.61618041992188,469.0125427246094,877.7672119140625,589.283935546875,267.4657287597656,78.90217590332031,492.8890075683594,243.72763061523438,296.06988525390625,75.27812957763672,496.2805480957031,467.92742919921875,70.84268188476562,87.79666900634766,574.6630249023438,218.4801788330078,134.38357543945312,51.59000015258789,47.47045135498047,162.10049438476562,110.6422119140625,101.39250183105469,568.8178100585938,417.55517578125,444.67144775390625,99.78057861328125,82.69631958007812,706.1300048828125,87.19520568847656,534.5054931640625,867.1799926757812,242.79832458496094,116.9664535522461,227.91726684570312,165.14239501953125,77.46600341796875,52.168643951416016,164.64500427246094,94.13887023925781,165.00148010253906,26.790185928344727,168.7725372314453,249.0838165283203,623.9269409179688,120.21356201171875,116.2461929321289,172.0262451171875,346.0483703613281,128.1336212158203,,77.47000122070312,162.13070678710938,1042.441162109375,544.149169921875,121.94649505615234,95.00821685791016,63.09968566894531,377.4052734375,41.88097381591797,495.55999755859375,87.93472290039062,508.5693664550781,81.29800415039062,354.0552062988281,20.91265296936035,1272.5654296875,146.5467529296875,115.18679809570312,610.7853393554688,203.20651245117188,258.0199890136719,383.07305908203125,195.71481323242188,570.9182739257812,239.84622192382812,125.3243637084961,42.54716491699219,275.66412353515625,133.1024627685547,469.760009765625,41.64768600463867,54.184776306152344,204.98434448242188,80.4852294921875,115.74498748779297,192.0831298828125
2024-10-02,225.7294464111328,188.6639862060547,111.00359344482422,349.85076904296875,505.80999755859375,223.87867736816406,56.52592849731445,277.75543212890625,270.1700134277344,283.61956787109375,199.07861328125,159.77999877929688,309.3852233886719,222.58660888671875,184.75999450683594,97.40499877929688,345.98907470703125,282.79443359375,61.64902114868164,,169.00245666503906,267.3341369628906,3083.429931640625,152.88999938964844,38.3280143737793,234.84483337402344,4095.6318359375,937.9427490234375,50.6473274230957,,84.48999786376953,60.18171691894531,79.56668853759766,,288.4809875488281,109.64359283447266,267.010009765625,329.239990234375,334.3199157714844,99.15489196777344,39.79648971557617,214.02456665039062,57.68000030517578,106.9125747680664,874.0446166992188,277.79852294921875,51.297149658203125,33.6447868347168,203.75563049316406,59.5123176574707,144.40060424804688,410.7174377441406,272.2586975097656,93.33663177490234,112.5135726928711,251.42930603027344,496.0950927734375,108.64459991455078,123.15413665771484,867.8577880859375,323.80230712890625,65.1500015258789,9.73755931854248,49.903099060058594,260.8080749511719,182.4499969482422,,296.37469482421875,185.2937469482422,82.28822326660156,44.34926986694336,166.58091735839844,165.13177490234375,482.15185546875,400.590576171875,401.7358703613281,199.73561096191406,243.076416015625,213.69256591796875,159.13072204589844,22.389999389648438,602.2843627929688,486.6199951171875,255.6149444580078,156.1232147216797,201.75648498535156,769.9290771484375,136.6221923828125,68.9366226196289,469.8221740722656,884.3072509765625,586.6967163085938,266.7004699707031,80.55564880371094,492.0846862792969,246.4414520263672,296.8320617675781,75.98729705810547,486.6233215332031,466.72637939453125,70.15355682373047,86.9382095336914,571.0145874023438,218.77438354492188,132.785400390625,50.939998626708984,47.15354537963867,161.6703643798828,108.07721710205078,101.4896011352539,583.26171875,414.0217590332031,445.08734130859375,99.3230209350586,82.85150146484375,711.0900268554688,81.29609680175781,529.581787109375,880.4099731445312,241.7122344970703,118.81593322753906,230.9990997314453,165.685791015625,76.99466705322266,52.35478973388672,166.06500244140625,94.0140609741211,163.2395782470703,26.734121322631836,167.68014526367188,249.24053955078125,621.31298828125,119.7987289428711,115.29185485839844,171.5576629638672,341.4736022949219,129.55955505371094,,77.44000244140625,164.61480712890625,1035.8294677734375,547.2258911132812,121.6033706665039,94.1013412475586,62.546775817871094,375.0054931640625,42.65762710571289,496.82000732421875,88.62171173095703,511.0416564941406,80.77487182617188,351.9146423339844,20.9693546295166,1278.3878173828125,144.8135986328125,114.9991683959961,610.5659790039062,205.15872192382812,249.02000427246094,384.2818298339844,197.4913787841797,579.7369995117188,237.69732666015625,125.079833984375,42.3462028503418,275.06829833984375,131.3693389892578,462.1400146484375,41.50029754638672,54.09673309326172,204.38299560546875,79.6533432006836,117.27950286865234,190.14671325683594
2024-10-03,224.62457275390625,187.35073852539062,109.62631225585938,354.7113037109375,503.79998779296875,222.72848510742188,56.21825408935547,278.8036193847656,268.5899963378906,283.7683410644531,197.53468322753906,162.85000610351562,307.2080383300781,220.09080505371094,181.9600067138672,97.52749633789062,344.77862548828125,278.48419189453125,61.57957077026367,,170.22052001953125,265.0348815917969,3066.919921875,150.52000427246094,38.34755325317383,232.49403381347656,4074.890869140625,932.2989501953125,51.061851501464844,,83.81999969482422,59.48316955566406,79.08261108398438,,285.71832275390625,108.2325668334961,265.7900085449219,322.3900146484375,334.1726989746094,97.12437438964844,39.32433319091797,214.69468688964844,56.70000076293945,108.9082260131836,871.1991577148438,279.21990966796875,51.1119270324707,33.595558166503906,203.0112762451172,60.162513732910156,144.68760681152344,403.0748291015625,268.88909912109375,92.82112121582031,111.62641906738281,248.26132202148438,489.3090515136719,107.8184814453125,125.51490783691406,857.697265625,322.78546142578125,65.37000274658203,9.709685325622559,48.87204360961914,256.0693054199219,183.36000061035156,,292.1716613769531,182.75941467285156,81.73470306396484,44.507591247558594,166.4813690185547,165.13177490234375,476.3796691894531,389.29248046875,402.0484313964844,198.7559356689453,238.431640625,216.60043334960938,161.44468688964844,22.260000228881836,598.8428955078125,479.6300048828125,253.7604522705078,155.47418212890625,199.75146484375,767.1558227539062,134.96453857421875,68.46092224121094,463.8092346191406,878.8290405273438,589.2449951171875,265.081787109375,80.25979614257812,491.4888916015625,247.09510803222656,296.5291442871094,75.1227035522461,480.1420593261719,464.1851806640625,69.06651306152344,85.62125396728516,580.943359375,217.5681610107422,132.14810180664062,50.310001373291016,46.584983825683594,170.91815185546875,106.24507141113281,101.53815460205078,581.2265625,413.4361267089844,444.7011413574219,101.28260803222656,82.48297119140625,706.7999877929688,80.31781005859375,528.3141479492188,890.6400146484375,239.6085205078125,122.81478118896484,228.91839599609375,164.8460235595703,76.62066650390625,53.67737579345703,167.97000122070312,97.21123504638672,162.25755310058594,26.481821060180664,165.924560546875,247.2217559814453,620.1347045898438,117.73423767089844,114.11579895019531,170.591796875,339.2630920410156,133.85667419433594,,77.30999755859375,165.20159912109375,1010.259033203125,544.8040771484375,121.24063873291016,93.18470001220703,62.59614562988281,369.9877014160156,43.57990264892578,495.4100036621094,87.76055908203125,510.93243408203125,79.95143127441406,348.44610595703125,20.837055206298828,1257.614990234375,144.0433349609375,113.62648010253906,598.8075561523438,205.10940551757812,240.66000366210938,383.3702697753906,195.78274536132812,580.167724609375,235.04049682617188,122.9263916015625,42.08781814575195,274.92926025390625,139.45407104492188,453.54998779296875,41.012062072753906,53.78369903564453,206.1279296875,79.6533432006836,118.3025131225586,188.69436645507812
2024-10-04,225.74935913085938,186.23880004882812,110.02680206298828,355.6932067871094,507.2200012207031,224.37022399902344,56.94898223876953,279.3326110839844,271.1600036621094,287.2998352050781,199.8901824951172,170.89999389648438,309.3174743652344,214.69606018066406,186.50999450683594,98.99250030517578,345.34417724609375,278.40625,61.90696716308594,,174.9243927001953,273.02880859375,3033.580078125,155.0,39.18778610229492,233.33639526367188,4157.8759765625,930.0452880859375,51.404808044433594,,84.54000091552734,60.773536682128906,79.82354736328125,,287.74822998046875,105.5715103149414,268.6499938964844,326.32000732421875,335.29132080078125,96.2208480834961,39.69049835205078,214.84783935546875,57.11000061035156,110.9620132446289,878.6011962890625,286.0187683105469,51.42388153076172,33.95987319946289,203.36856079101562,61.75932693481445,144.19972229003906,402.3352355957031,268.4020690917969,94.32798767089844,109.97749328613281,248.50881958007812,483.239990234375,109.59857940673828,127.75093841552734,858.3433837890625,328.7976989746094,65.48999786376953,9.821184158325195,49.637969970703125,254.8577880859375,185.4199981689453,,293.19561767578125,185.9298095703125,82.14254760742188,45.20022964477539,167.82546997070312,166.3264923095703,485.2585144042969,390.8894958496094,398.90301513671875,199.6376495361328,236.70587158203125,219.79029846191406,160.95025634765625,22.59000015258789,605.6463623046875,481.95001220703125,252.2183380126953,155.27076721191406,206.8413848876953,779.8632202148438,135.7837371826172,68.12115478515625,462.2590637207031,880.4268798828125,588.5739135742188,262.6783142089844,80.68528747558594,494.19970703125,252.1761016845703,296.8320617675781,75.46270751953125,483.2781677246094,457.13751220703125,69.40621948242188,86.0992660522461,594.0720825195312,218.66563415527344,132.6285400390625,50.95000076293945,46.69683074951172,168.122314453125,105.84971618652344,104.75218200683594,582.6195678710938,412.9596862792969,445.87945556640625,101.7103500366211,81.31918334960938,719.7000122070312,80.46455383300781,527.4885864257812,917.6799926757812,242.58306884765625,124.88418579101562,229.8998565673828,168.7977752685547,76.99333190917969,54.62767791748047,171.17999267578125,99.28507995605469,161.7183837890625,26.706087112426758,164.7151336669922,250.2499237060547,624.4616088867188,118.10082244873047,114.80986785888672,174.2926483154297,331.9588317871094,133.55801391601562,,79.36000061035156,165.18202209472656,1008.4966430664062,540.7647705078125,122.4562759399414,94.17935180664062,63.92902374267578,368.2026672363281,44.13326644897461,499.1199951171875,87.3832015991211,508.51971435546875,80.01924896240234,348.0596008300781,20.704757690429688,1268.25341796875,147.20150756835938,113.26109313964844,596.5056762695312,205.3559112548828,250.0800018310547,384.7871398925781,196.7924041748047,578.6505737304688,233.31161499023438,123.4247817993164,42.77684020996094,275.9917907714844,137.8951873779297,455.30999755859375,40.698848724365234,55.72061538696289,205.14210510253906,80.15841674804688,120.47400665283203,187.7459259033203
2024-10-07,220.6630401611328,185.58700561523438,110.7301025390625,350.3515319824219,487.29998779296875,222.6793212890625,56.593231201171875,276.3547058105469,267.2300109863281,284.60162353515625,198.06912231445312,170.97000122070312,307.178955078125,214.4176788330078,180.8000030517578,98.13500213623047,341.2167663574219,304.9206237792969,62.35340881347656,,173.37954711914062,270.8720703125,3053.449951171875,155.91000366210938,39.041229248046875,232.5919647216797,4140.12255859375,921.6971435546875,50.909427642822266,,84.41000366210938,60.7347297668457,79.44812774658203,,274.4693908691406,105.30633544921875,262.8599853515625,324.57000732421875,333.88812255859375,95.76422119140625,39.08343505859375,212.26312255859375,56.72999954223633,111.13638305664062,869.1298217773438,282.85791015625,51.189910888671875,33.132789611816406,202.93186950683594,62.39039993286133,144.563232421875,400.4122619628906,267.1695556640625,91.59182739257812,106.29389190673828,246.55853271484375,483.1908264160156,110.66072845458984,128.82577514648438,851.6185302734375,330.3575439453125,64.54000091552734,9.746850967407227,49.87364196777344,254.52557373046875,184.97999572753906,,289.9093017578125,184.81671142578125,81.98719024658203,45.49708557128906,163.67364501953125,162.26438903808594,484.7292785644531,379.442626953125,398.6100158691406,199.19677734375,233.01766967773438,220.87953186035156,157.76605224609375,22.3799991607666,597.4742431640625,471.2300109863281,249.90512084960938,154.5345458984375,206.55738830566406,774.1978759765625,135.67771911621094,66.9950180053711,457.38153076171875,891.58154296875,588.97265625,263.4434814453125,79.7650375366211,487.8447265625,252.72084045410156,293.9884338378906,74.26781463623047,481.5359191894531,454.149658203125,68.91121673583984,84.90912628173828,582.9470825195312,216.3230743408203,132.2167510986328,49.2400016784668,46.529056549072266,169.3833770751953,104.71186065673828,104.51914978027344,577.45263671875,406.4883117675781,444.7803649902344,102.48212432861328,77.86663818359375,701.9199829101562,79.07537841796875,524.7662353515625,905.9400024414062,238.51260375976562,127.68339538574219,229.68394470214844,167.91848754882812,76.7613296508789,54.774627685546875,168.97000122070312,98.87223052978516,160.98667907714844,27.285436630249023,162.99853515625,240.60684204101562,623.5012817382812,115.7662124633789,114.626708984375,174.26393127441406,333.2178649902344,133.44239807128906,,80.26000213623047,163.26516723632812,991.7982788085938,533.827392578125,122.5935287475586,93.70152282714844,63.47486114501953,364.7120361328125,44.25947189331055,494.8699951171875,86.00921630859375,502.8107604980469,78.96331024169922,342.03436279296875,20.581907272338867,1269.2734375,143.46560668945312,110.73298645019531,596.7447509765625,205.4052276611328,240.8300018310547,386.739013671875,195.3944549560547,571.1727905273438,231.36782836914062,123.37775421142578,42.55673599243164,271.88067626953125,139.4056396484375,448.6000061035156,40.38563919067383,55.916259765625,202.5000762939453,78.336181640625,120.99515533447266,185.02896118164062
2024-10-08,224.72413635253906,185.0118408203125,111.97062683105469,353.8668518066406,496.239990234375,225.5204315185547,55.33367919921875,279.5873107910156,275.0799865722656,290.8114929199219,198.81141662597656,172.8000030517578,307.4015197753906,215.2912139892578,182.72000122070312,100.05500030517578,351.19793701171875,302.6485290527344,63.821720123291016,,178.9746551513672,266.2419128417969,3102.090087890625,154.64999389648438,39.011924743652344,232.3079071044922,4203.03173828125,929.9277954101562,49.99489212036133,,85.83999633789062,61.35566711425781,79.8630599975586,,277.2221984863281,106.15863800048828,270.1499938964844,327.29998779296875,337.4794921875,97.71701049804688,39.45923614501953,212.21524047851562,57.97999954223633,107.33883666992188,885.8738403320312,289.8157653808594,51.40438461303711,33.34939956665039,205.46270751953125,63.01191329956055,142.29608154296875,394.7320861816406,267.1894226074219,91.71080017089844,106.7181625366211,250.09278869628906,480.6866149902344,107.6119613647461,125.11185455322266,854.0657348632812,331.2953796386719,68.54000091552734,9.746850967407227,47.71333312988281,255.4049072265625,187.94000244140625,,289.5289611816406,186.31741333007812,82.74461364746094,45.526771545410156,164.97793579101562,163.6582794189453,486.6402893066406,375.5245361328125,404.5882568359375,202.79217529296875,239.83197021484375,222.3383026123047,160.28770446777344,23.31999969482422,608.32421875,480.7900085449219,249.59278869628906,154.68954467773438,206.38111877441406,776.4065551757812,136.86312866210938,67.1600570678711,463.5031433105469,906.7852783203125,591.4140014648438,268.0837097167969,80.16085052490234,493.564208984375,254.1272430419922,295.01446533203125,75.10326385498047,492.9054870605469,467.5303649902344,68.76564025878906,85.98220825195312,591.0315551757812,220.44715881347656,132.0598602294922,49.4900016784668,46.1841926574707,156.40127563476562,104.64435577392578,104.37348937988281,589.64404296875,411.6197509765625,453.414794921875,102.11366271972656,78.07029724121094,721.760009765625,79.01667022705078,523.4691162109375,922.0,237.96466064453125,132.85189819335938,230.6065216064453,172.265380859375,77.83533477783203,53.2169189453125,177.56500244140625,98.69940185546875,164.0771942138672,27.266746520996094,164.01290893554688,244.03680419921875,621.1546020507812,115.12950134277344,114.52067565917969,172.95384216308594,334.4000244140625,127.4977035522461,,81.16000366210938,162.67837524414062,1000.9688720703125,539.5818481445312,121.07398223876953,93.81854248046875,64.07711791992188,370.2851867675781,42.85178756713867,517.760009765625,86.39625549316406,514.6557006835938,79.0601806640625,347.6335144042969,20.657506942749023,1287.116455078125,145.69944763183594,112.03653717041016,593.3567504882812,208.205322265625,244.5,392.852294921875,196.3070068359375,569.2348022460938,232.0417938232422,123.15208435058594,42.355770111083984,273.0425109863281,132.00836181640625,458.94000244140625,40.542240142822266,56.05321502685547,205.72372436523438,78.94029235839844,117.78135681152344,185.1178741455078
2024-10-09,228.47665405273438,186.67974853515625,113.25999450683594,358.48187255859375,494.0799865722656,229.29550170898438,54.77602005004883,281.8892517089844,276.8800048828125,292.5772399902344,202.9483642578125,171.02000427246094,311.978515625,213.47341918945312,185.1699981689453,101.73249816894531,356.21832275390625,306.1688232421875,64.42689514160156,,184.14395141601562,268.5273132324219,3146.070068359375,149.3699951171875,39.26594161987305,233.32659912109375,4261.4326171875,936.6395263671875,50.29973602294922,,86.69999694824219,62.209442138671875,81.08808135986328,,280.0641174316406,105.5620346069336,279.55999755859375,334.0199890136719,340.2171936035156,98.12505340576172,39.89285659790039,212.00465393066406,57.93000030517578,107.50353240966797,904.45849609375,286.1877136230469,52.21352005004883,33.7334098815918,207.56674194335938,63.07884979248047,143.1570281982422,399.8600158691406,267.60687255859375,92.7913818359375,107.34496307373047,253.12217712402344,484.6541442871094,109.0478286743164,125.6780776977539,858.2258911132812,333.9313049316406,68.0199966430664,9.86764144897461,47.988285064697266,258.5706481933594,187.74000549316406,,291.2745361328125,188.1162872314453,83.64771270751953,47.42660140991211,162.3494415283203,161.14932250976562,495.0780944824219,383.24169921875,406.43450927734375,209.35598754882812,242.05081176757812,227.86224365234375,159.94158935546875,23.459999084472656,616.4963989257812,490.3800048828125,251.7986297607422,155.61949157714844,208.99575805664062,796.9384155273438,137.02699279785156,67.53865814208984,463.6314697265625,912.7595825195312,588.554443359375,271.9195556640625,81.991455078125,497.0939636230469,259.3765869140625,296.9004211425781,75.95816040039062,499.90447998046875,469.55535888671875,68.95975494384766,86.18706512451172,588.6589965820312,223.19326782226562,132.3736114501953,49.77000045776367,46.81800079345703,158.9624786376953,106.33184814453125,105.8785629272461,597.1525268554688,414.3492431640625,461.969970703125,101.27715301513672,78.14788055419922,727.4299926757812,80.66020965576172,523.0563354492188,938.6500244140625,239.88250732421875,132.61196899414062,233.89443969726562,176.13807678222656,78.47733306884766,52.80544662475586,181.43499755859375,99.6307144165039,166.11831665039062,28.21052360534668,165.09552001953125,245.74195861816406,626.55078125,114.64713287353516,115.85096740722656,175.25848388671875,334.4192199707031,129.8004150390625,,81.6500015258789,166.4729766845703,1007.8693237304688,542.5833129882812,121.51512908935547,93.49674224853516,65.85429382324219,375.7987976074219,42.919742584228516,529.0,86.04792022705078,517.75341796875,78.97298431396484,350.7749328613281,20.723657608032227,1297.726806640625,148.59765625,112.55995178222656,597.1433715820312,209.1124267578125,241.0500030517578,396.0426330566406,198.98643493652344,578.670166015625,232.1590118408203,125.07044219970703,43.159629821777344,274.998779296875,134.9324188232422,467.9700012207031,40.63436508178711,56.287994384765625,209.22344970703125,79.62362670898438,117.82959747314453,187.88421630859375
2024-10-10,227.97897338867188,186.29632568359375,112.93766784667969,355.9875183105469,503.57000732421875,226.7984619140625,55.08369445800781,281.0468444824219,277.7099914550781,283.4112854003906,201.8596954345703,164.17999267578125,310.6238098144531,210.68873596191406,186.64999389648438,102.44000244140625,350.91021728515625,306.7929382324219,64.04989624023438,,183.88648986816406,267.58746337890625,3106.550048828125,146.6199951171875,39.051002502441406,230.71131896972656,4257.6796875,936.3162231445312,49.91868209838867,,86.19999694824219,61.58851623535156,79.45802307128906,,281.9158935546875,104.11312103271484,280.6400146484375,328.7799987792969,343.9262390136719,96.41514587402344,39.60377502441406,211.80361938476562,58.33000183105469,108.36573028564453,889.0674438476562,288.4241638183594,52.19402313232422,33.9992561340332,204.5793914794922,63.920284271240234,144.08493041992188,400.13616943359375,264.8436584472656,92.18665313720703,109.0806884765625,253.24099731445312,483.34796142578125,109.0478286743164,126.85845947265625,852.1373901367188,332.6380615234375,68.26000213623047,9.923391342163086,48.64619445800781,258.2091064453125,187.99000549316406,,288.7000427246094,186.9634246826172,82.2202377319336,47.18912124633789,162.4689178466797,161.36837768554688,493.6473083496094,384.12451171875,400.4659423828125,209.2580108642578,247.95785522460938,226.61741638183594,158.86370849609375,23.219999313354492,615.2348022460938,483.8399963378906,250.67617797851562,155.48387145996094,208.4278106689453,790.3519287109375,135.94757080078125,67.22801208496094,463.4833984375,903.7783813476562,581.1429443359375,268.02490234375,81.19983673095703,495.1749572753906,258.0494079589844,297.1056823730469,75.13240814208984,504.0162658691406,465.9421691894531,69.04710388183594,86.67481994628906,581.9999389648438,220.0140838623047,130.8538818359375,50.77000045776367,46.305362701416016,161.15225219726562,105.49293518066406,104.9463882446289,592.2127075195312,412.7413330078125,460.06878662109375,105.25057220458984,78.49700927734375,730.2899780273438,80.31781005859375,518.0049438476562,944.6300048828125,240.6163330078125,134.7713623046875,231.79409790039062,173.68251037597656,78.09066772460938,53.46184158325195,184.6999969482422,99.4866943359375,166.55154418945312,27.4162540435791,164.78341674804688,246.74156188964844,625.2933959960938,114.10689544677734,115.08940887451172,175.35411071777344,328.7584228515625,131.43833923339844,,78.9800033569336,164.81040954589844,994.7555541992188,536.14306640625,120.52498626708984,91.54646301269531,65.80493927001953,373.30975341796875,43.298362731933594,533.0800170898438,85.3996353149414,511.4487609863281,78.78893280029297,350.1902770996094,20.310176849365234,1280.9036865234375,150.17672729492188,111.18724822998047,591.70263671875,208.4813995361328,238.77000427246094,389.8402099609375,196.55941772460938,585.0126342773438,233.27255249023438,124.91999816894531,43.00651550292969,275.5350036621094,138.17601013183594,476.1499938964844,40.18341064453125,56.49342727661133,208.2474822998047,78.84125518798828,118.84296417236328,187.99290466308594
2024-10-11,226.49588012695312,186.14295959472656,113.42607116699219,355.66217041015625,495.4200134277344,228.9219207763672,55.73750686645508,282.4671936035156,281.6700134277344,285.60357666015625,202.9483642578125,167.88999938964844,317.726318359375,212.01341247558594,188.82000732421875,104.23249816894531,352.3686828613281,308.7920227050781,65.04199981689453,,179.7173614501953,273.216796875,3129.780029296875,151.02000427246094,40.985477447509766,231.65167236328125,4254.21435546875,970.2870483398438,49.7281494140625,,87.0999984741211,63.781166076660156,80.62376403808594,,284.0249938964844,104.93701171875,282.3900146484375,326.04998779296875,343.73004150390625,97.25067901611328,39.75794982910156,212.25355529785156,58.650001525878906,107.03852081298828,884.4910888671875,286.3666687011719,52.886173248291016,34.42264938354492,206.4849395751953,63.70991897583008,144.8502197265625,405.38238525390625,268.70025634765625,93.31680297851562,110.09319305419922,251.458984375,492.8739318847656,110.20833587646484,127.10795593261719,853.1358642578125,337.03125,68.12999725341797,9.96055793762207,49.127349853515625,258.2970275878906,190.35000610351562,,293.4132385253906,189.9847412109375,82.49214172363281,47.36723327636719,163.8031005859375,162.5232696533203,505.9757385253906,391.355712890625,402.36102294921875,211.5994415283203,254.49603271484375,226.850830078125,160.7623748779297,23.559999465942383,612.6320190429688,484.7799987792969,254.34608459472656,156.4041290283203,217.68190002441406,796.0469970703125,137.0944366455078,67.53865814208984,468.0449523925781,924.9861450195312,587.64013671875,270.5264892578125,82.0211410522461,499.3907165527344,260.1194152832031,298.0828857421875,75.754150390625,503.3591613769531,471.610107421875,68.58122253417969,87.17233276367188,588.100830078125,221.5101776123047,132.11868286132812,51.310001373291016,46.45449447631836,160.57546997070312,105.81114959716797,107.25737762451172,598.2985229492188,413.2177429199219,463.3463134765625,106.47544860839844,79.38925170898438,722.7899780273438,80.3667221069336,519.587158203125,938.5900268554688,244.78465270996094,134.76136779785156,233.68833923339844,174.03895568847656,79.16867065429688,53.64798355102539,186.60000610351562,102.53984069824219,168.30381774902344,27.248058319091797,166.87062072753906,249.0053253173828,630.867919921875,115.99774169921875,115.77384948730469,179.561767578125,329.48883056640625,131.37091064453125,,80.51000213623047,166.23825073242188,1011.3344116210938,548.1689453125,121.49552917480469,93.1749496459961,66.8218765258789,375.82855224609375,43.47311019897461,539.9199829101562,86.07694244384766,518.2896728515625,79.59300231933594,352.4002685546875,20.45374870300293,1319.6776123046875,152.57424926757812,112.31305694580078,594.8215942382812,210.049072265625,217.8000030517578,396.1813659667969,199.12234497070312,585.355224609375,236.68148803710938,126.57506561279297,44.26972198486328,275.9024353027344,137.8177490234375,481.7099914550781,40.230194091796875,59.662925720214844,208.8094024658203,79.32653045654297,119.29656219482422,187.79531860351562
2024-10-14,230.228515625,187.54244995117188,114.52985382080078,359.46783447265625,509.6499938964844,232.43154907226562,55.6798210144043,285.0532531738281,285.30999755859375,287.38909912109375,211.6874237060547,165.27000427246094,314.1169738769531,214.3629913330078,187.5399932861328,103.36750030517578,355.7718505859375,312.38055419921875,66.84761810302734,,180.539306640625,273.57293701171875,3153.0400390625,148.99000549316406,40.94639587402344,235.0994873046875,4267.1123046875,971.7174072265625,50.1758918762207,,87.55000305175781,64.04312133789062,81.67095184326172,,285.8866271972656,106.09234619140625,282.1400146484375,331.79998779296875,344.85845947265625,97.86275482177734,40.44210433959961,214.62767028808594,59.279998779296875,106.05038452148438,885.2172241210938,289.8853454589844,52.905670166015625,34.74757766723633,209.9089813232422,64.50354766845703,145.19461059570312,402.0689697265625,269.9228515625,94.14955139160156,110.98033905029297,253.87460327148438,499.88580322265625,110.77875518798828,126.16749572753906,847.712890625,341.19732666015625,69.62999725341797,10.146388053894043,47.97846221923828,261.316162109375,193.22999572753906,,295.7845458984375,191.4456787109375,82.5892562866211,48.1192512512207,165.6251220703125,164.23573303222656,512.2967529296875,392.585693359375,405.799560546875,213.1767120361328,263.89410400390625,228.7958526611328,162.55223083496094,23.440000534057617,613.1088256835938,487.6099853515625,255.23431396484375,156.5397491455078,216.88868713378906,821.71923828125,138.33767700195312,68.28617858886719,471.5401306152344,922.4555053710938,594.1569213867188,275.4021911621094,84.80167388916016,503.7655944824219,259.0596618652344,302.77337646484375,76.73532104492188,507.03289794921875,475.908203125,68.45504760742188,87.8064193725586,588.5692138671875,223.9413299560547,133.1089630126953,51.68000030517578,46.47313690185547,158.85494995117188,105.77257537841797,109.02462005615234,600.0471801757812,416.0167541503906,468.3466796875,107.8895492553711,80.40755462646484,713.0,79.82865905761719,524.8645629882812,944.6900024414062,248.37564086914062,138.0304412841797,238.9293975830078,174.385498046875,80.17266845703125,52.815242767333984,186.9550018310547,103.90321350097656,169.54579162597656,27.173303604125977,168.25559997558594,246.8395538330078,637.1849975585938,116.2099838256836,115.75456237792969,180.2790069580078,330.34423828125,130.474853515625,,80.66999816894531,174.12083435058594,1009.9205322265625,550.4348754882812,122.19158172607422,92.40458679199219,66.9601058959961,380.9554443359375,43.39544677734375,545.4600219726562,86.92842864990234,523.7604370117188,80.55206298828125,356.47320556640625,20.348464965820312,1320.8096923828125,152.10243225097656,113.80423736572266,601.6674194335938,212.87879943847656,219.16000366210938,401.2442932128906,202.56871032714844,592.5491943359375,239.57272338867188,126.54685974121094,45.09272384643555,278.7226257324219,136.68492126464844,484.82000732421875,40.4079475402832,60.807472229003906,210.4754638671875,79.51469421386719,119.75017547607422,190.33441162109375
2024-10-15,232.76670837402344,185.37814331054688,113.89193725585938,363.470703125,508.0299987792969,222.05014038085938,55.449058532714844,284.11285400390625,286.4800109863281,285.26629638671875,189.05294799804688,156.63999938964844,314.57177734375,221.837158203125,187.69000244140625,98.07749938964844,355.0872802734375,315.1987609863281,65.1808853149414,,174.27078247070312,274.3545227050781,3100.0,152.35000610351562,41.17110824584961,236.8625946044922,4277.09033203125,986.6892700195312,50.26163101196289,,86.7699966430664,60.773536682128906,80.62376403808594,,284.5894470214844,108.2420425415039,269.4700012207031,331.94000244140625,342.29742431640625,98.65940856933594,40.57701110839844,215.22120666503906,59.810001373291016,101.9234619140625,890.04248046875,286.6151428222656,52.7204475402832,34.95435333251953,209.11500549316406,62.15135955810547,141.3203125,396.4183654785156,271.03607177734375,93.4060287475586,112.93785858154297,255.66647338867188,475.1871337890625,107.44477081298828,122.146484375,859.4690551757812,333.7239990234375,68.9000015258789,10.07205581665039,46.5699348449707,259.8212585449219,194.02000427246094,,294.167724609375,189.3983612060547,83.33697509765625,47.347442626953125,166.17269897460938,164.7335205078125,511.93414306640625,398.021484375,405.9558410644531,212.85342407226562,254.03256225585938,226.55906677246094,163.3433380126953,22.65999984741211,613.8340454101562,478.4700012207031,255.08787536621094,158.96145629882812,217.7798309326172,700.9547119140625,139.9664306640625,68.28617858886719,474.6305847167969,906.3883056640625,588.4474487304688,276.48126220703125,75.55958557128906,504.3323669433594,258.0889892578125,306.1935729980469,73.08264923095703,511.4035339355469,483.5911865234375,69.68768310546875,87.64057922363281,584.432373046875,222.5042724609375,133.07955932617188,52.619998931884766,46.51041793823242,153.4978790283203,107.5468521118164,108.96635437011719,605.915771484375,415.6197204589844,468.7625732421875,103.88626098632812,80.29117584228516,705.97998046875,80.3373794555664,517.84765625,927.9600219726562,248.85508728027344,131.56228637695312,228.5355987548828,172.37547302246094,79.33333587646484,50.512969970703125,187.22000122070312,102.1654052734375,169.35325622558594,27.50969886779785,169.28948974609375,246.56515502929688,631.7293701171875,117.10717010498047,116.08232879638672,183.93199157714844,331.5647888183594,126.60164642333984,,79.55000305175781,170.25778198242188,1012.1908569335938,552.7705078125,122.57392120361328,92.67762756347656,71.047607421875,385.30877685546875,41.69651794433594,517.5599975585938,87.77023315429688,524.6837158203125,81.40457153320312,355.7497863769531,20.587743759155273,1301.057861328125,154.72142028808594,115.30530548095703,598.4089965820312,213.98306274414062,219.57000732421875,393.8430480957031,194.0061798095703,544.4816284179688,240.0806427001953,125.82274627685547,44.97788619995117,277.3423767089844,130.37205505371094,484.29998779296875,40.92252731323242,61.658531188964844,210.7613525390625,80.86156463623047,116.15032196044922,190.07754516601562
2024-10-16,230.70626831054688,184.0254364013672,115.62901306152344,367.0199890136719,502.5400085449219,223.6427459716797,56.04518508911133,284.7593994140625,289.19000244140625,287.20062255859375,182.6891632080078,156.1300048828125,311.2237243652344,219.99037170410156,186.88999938964844,101.5199966430664,355.5833435058594,318.5825500488281,66.47061920166016,,175.10264587402344,278.67791748046875,3128.639892578125,154.89999389648438,41.81593322753906,235.31500244140625,4306.38037109375,995.2628173828125,50.84274673461914,,87.0,62.335567474365234,80.07052612304688,,290.23370361328125,109.54888916015625,262.95001220703125,330.2200012207031,351.854736328125,98.30965423583984,40.711910247802734,217.47085571289062,59.119998931884766,101.8750228881836,882.8494262695312,289.11004638671875,54.962623596191406,34.92481231689453,211.32823181152344,62.17048263549805,142.2769317626953,403.69610595703125,266.4140930175781,95.91416931152344,115.50287628173828,257.1514587402344,488.042236328125,108.76262664794922,122.22325897216797,861.5931396484375,336.74493408203125,68.30000305175781,10.248595237731934,47.249576568603516,265.5663757324219,197.6999969482422,,298.7339782714844,190.99844360351562,84.24005889892578,48.495262145996094,166.01341247558594,164.43482971191406,519.2645263671875,405.9271545410156,408.9156799316406,214.5090789794922,252.03067016601562,227.2495574951172,163.2938995361328,22.309999465942383,605.389892578125,476.5899963378906,254.58030700683594,159.1358184814453,219.00392150878906,676.0650634765625,140.6507110595703,68.50946044921875,477.8592529296875,909.4647827148438,596.0632934570312,278.6591491699219,73.36285400390625,511.13323974609375,260.05999755859375,305.78314208984375,73.72380065917969,508.67559814453125,486.4301452636719,69.7944564819336,87.78691101074219,574.9820556640625,224.32518005371094,133.68746948242188,53.58000183105469,46.75275802612305,154.35813903808594,106.47649383544922,116.04499053955078,600.1954345703125,413.0192565917969,471.87176513671875,108.78580474853516,81.84288787841797,702.0,82.11787414550781,522.2701416015625,918.8699951171875,250.14666748046875,135.6810760498047,228.4178009033203,173.04881286621094,79.92666625976562,50.21905517578125,186.61500549316406,102.76067352294922,167.98609924316406,27.72461700439453,168.1288299560547,250.2597198486328,631.194580078125,122.49029541015625,116.53539276123047,183.15089416503906,334.1116943359375,127.47843933105469,,80.81999969482422,167.7052459716797,1003.6574096679688,557.4218139648438,123.74054718017578,93.0871810913086,71.16609191894531,386.14178466796875,42.40521240234375,501.3500061035156,89.29902648925781,525.2298583984375,82.98365020751953,358.058837890625,20.7791690826416,1295.0228271484375,152.968994140625,115.93733215332031,589.4705200195312,216.6747283935547,221.3300018310547,391.6038513183594,194.83139038085938,559.212158203125,242.3369903564453,127.7411117553711,47.09280014038086,285.5149230957031,131.2144317626953,487.25,41.081573486328125,62.49982452392578,210.12054443359375,80.43572235107422,116.44951629638672,192.1029052734375
2024-10-17,231.07456970214844,182.19927978515625,115.69771575927734,369.86932373046875,496.8299865722656,223.49526977539062,56.372093200683594,285.99359130859375,290.57000732421875,288.43072509765625,181.3530731201172,156.25,310.9333801269531,216.7415771484375,187.52999877929688,101.84750366210938,355.9405517578125,320.6011047363281,67.00635528564453,,179.76690673828125,282.7342529296875,3158.0,155.30999755859375,41.62053298950195,235.40313720703125,4339.6416015625,982.2800903320312,50.661739349365234,,86.41999816894531,62.06391525268555,80.45581817626953,,298.937744140625,105.82719421386719,263.0299987792969,327.5299987792969,346.4971618652344,97.6684341430664,40.69264221191406,217.52828979492188,58.86000061035156,102.8340835571289,880.77001953125,289.3585205078125,54.98212432861328,32.581390380859375,212.2115478515625,60.87964630126953,144.6397705078125,399.52471923828125,270.34033203125,95.70598602294922,116.27429962158203,254.52798461914062,436.37628173828125,108.62493896484375,122.79354858398438,870.0602416992188,344.0405578613281,68.47000122070312,10.285760879516602,47.229881286621094,267.969970703125,195.74000549316406,,302.0263366699219,191.4357452392578,84.83240509033203,48.86137390136719,163.79310607910156,162.21461486816406,518.4218139648438,403.1993408203125,405.9753723144531,215.08706665039062,262.6515197753906,226.4812469482422,162.97744750976562,22.440000534057617,605.2308349609375,473.7300109863281,254.4144287109375,159.3198699951172,219.76773071289062,663.8428955078125,140.7952423095703,67.85902404785156,479.9129333496094,910.1595458984375,592.9410400390625,275.97113037109375,72.37333679199219,510.8250732421875,262.0408630371094,307.5225830078125,74.39411163330078,506.475341796875,482.5290222167969,69.02769470214844,87.59181213378906,575.12158203125,223.35073852539062,133.03053283691406,53.439998626708984,46.361289978027344,154.75892639160156,105.83042907714844,115.9770278930664,598.515869140625,413.6147766113281,472.9312744140625,111.58412170410156,81.25128936767578,687.6500244140625,81.58959197998047,518.8697509765625,917.1199951171875,242.8961944580078,136.8907470703125,227.97616577148438,173.9498291015625,80.28133392333984,50.66971969604492,188.0749969482422,103.26953125,168.1690216064453,27.350845336914062,168.03128051757812,246.31036376953125,633.5313720703125,118.3709487915039,115.81240844726562,182.06124877929688,331.9588317871094,128.48045349121094,,79.81999969482422,167.33360290527344,993.9689331054688,560.2841796875,123.27977752685547,92.90190124511719,70.99825286865234,385.8343505859375,42.70616912841797,504.69000244140625,89.69573974609375,515.2613525390625,82.8189468383789,356.4930725097656,20.798309326171875,1311.7618408203125,150.0996856689453,116.0163345336914,597.1433715820312,218.833984375,220.88999938964844,396.45880126953125,192.51113891601562,554.0149536132812,236.1051788330078,127.33677673339844,47.82011032104492,288.3649597167969,132.3085174560547,498.7300109863281,41.02543258666992,62.979164123535156,210.06143188476562,80.10889434814453,116.15032196044922,188.70425415039062
2024-10-18,233.91136169433594,182.4794921875,117.1698226928711,371.55523681640625,494.8999938964844,224.46853637695312,54.227970123291016,286.31689453125,292.989990234375,286.93280029296875,184.44093322753906,155.97000122070312,311.25274658203125,218.8107452392578,188.99000549316406,100.5,355.126953125,323.8483581542969,66.9269790649414,,178.142822265625,273.8400573730469,3182.070068359375,155.0,41.34697341918945,238.75302124023438,4319.83349609375,986.708984375,50.69984817504883,,88.06999969482422,60.9772834777832,80.56448364257812,,298.7099914550781,106.42379760742188,258.5199890136719,325.6099853515625,329.6982116699219,98.0882797241211,40.40355682373047,218.57176208496094,59.38999938964844,102.36908721923828,885.0182495117188,291.1775207519531,55.33306884765625,33.595558166503906,212.41001892089844,57.695587158203125,144.2093048095703,403.0649719238281,272.72589111328125,96.43959045410156,116.4478759765625,258.8443908691406,423.0399475097656,108.6151123046875,122.38758850097656,876.276123046875,343.7345275878906,70.2699966430664,10.313636779785156,47.45642852783203,268.10675048828125,197.2899932861328,,302.27130126953125,191.42581176757812,84.21092224121094,48.663475036621094,164.33078002929688,162.70249938964844,517.9317626953125,412.18621826171875,405.3892517089844,217.50686645507812,263.4404602050781,225.81993103027344,164.97499084472656,22.770000457763672,609.2642822265625,521.1500244140625,254.77557373046875,159.9495086669922,220.69802856445312,672.0338745117188,140.13990783691406,68.38326263427734,480.29803466796875,911.0031127929688,595.0711669921875,276.2948913574219,72.07647705078125,513.3903198242188,263.06103515625,309.3401184082031,75.13240814208984,506.9532775878906,484.86175537109375,69.47415924072266,89.98182678222656,574.6630249023438,221.12631225585938,132.50106811523438,54.04999923706055,46.240116119384766,154.74916076660156,104.81792449951172,117.550048828125,600.6992797851562,415.0440673828125,470.5350646972656,110.68787384033203,81.83318328857422,763.8900146484375,81.12001037597656,521.6410522460938,921.75,246.937255859375,137.96043395996094,229.12448120117188,172.96958923339844,80.73066711425781,50.610939025878906,187.4149932861328,105.69861602783203,168.54449462890625,27.30412483215332,168.03814697265625,246.0947723388672,634.1254272460938,118.1780014038086,115.8798828125,182.62054443359375,332.1702575683594,127.75785064697266,,80.94000244140625,167.1575469970703,986.4511108398438,554.20166015625,123.44644165039062,94.43287658691406,70.45521545410156,385.1203918457031,40.69657516479492,507.0299987792969,90.21823120117188,521.0596923828125,83.2742691040039,366.2345886230469,20.91316795349121,1307.2706298828125,151.01441955566406,116.24346923828125,599.5947875976562,220.07630920410156,220.6999969482422,398.8367004394531,192.6761932373047,557.5188598632812,238.42991638183594,127.82575988769531,47.04495620727539,288.59332275390625,132.68612670898438,483.0,41.15642547607422,62.95960235595703,209.73609924316406,80.52484130859375,115.82218933105469,190.95684814453125
2024-10-21,235.38450622558594,180.2378387451172,114.81446075439453,370.7369384765625,497.7099914550781,221.85353088378906,53.96836853027344,284.9651184082031,289.7799987792969,287.2998352050781,182.5605010986328,157.89999389648438,306.4919128417969,214.14059448242188,189.07000732421875,101.50250244140625,354.630859375,323.32177734375,66.3416519165039,,178.24183654785156,267.8544921875,3218.47998046875,159.82000732421875,40.799842834472656,235.5892333984375,4332.6416015625,980.3497924804688,49.65193176269531,,88.05000305175781,59.98767852783203,80.39653015136719,,294.937255859375,104.34986877441406,253.14999389648438,315.4100036621094,314.22406005859375,97.0142593383789,39.054527282714844,217.35598754882812,59.70000076293945,101.71031951904297,882.2425537109375,289.5374755859375,55.16734313964844,33.14263153076172,209.9586181640625,56.24050521850586,144.3336639404297,401.31951904296875,270.44964599609375,95.78529357910156,115.60894012451172,256.5970764160156,414.6827087402344,108.58560180664062,121.50800323486328,861.338623046875,342.6387023925781,70.05000305175781,10.109223365783691,47.22002410888672,262.6449890136719,197.1699981689453,,301.87933349609375,193.0358428955078,83.79337310791016,48.41610336303711,165.0775146484375,163.34963989257812,507.4457092285156,407.4447937011719,396.9884033203125,216.99745178222656,256.96142578125,225.38230895996094,164.49044799804688,22.84000015258789,609.9000244140625,518.8599853515625,252.1792755126953,157.73123168945312,218.37718200683594,667.1708374023438,138.9833984375,67.42216491699219,477.2470703125,899.2529296875,597.7945556640625,271.5859680175781,72.07647705078125,512.0679321289062,262.43707275390625,307.708251953125,73.03406524658203,506.0771484375,483.372802734375,68.35799407958984,88.80145263671875,573.357177734375,218.56719970703125,132.20693969726562,53.77000045776367,45.72747802734375,153.3903350830078,102.54219818115234,114.85065460205078,596.5399780273438,415.659423828125,472.4164123535156,108.62648010253906,81.49374389648438,772.0700073242188,79.71126556396484,520.5208129882812,918.3400268554688,242.8179168701172,143.66880798339844,225.8856201171875,172.0487518310547,81.267333984375,50.76768493652344,189.2050018310547,105.23776245117188,168.49636840820312,27.033138275146484,166.3311004638672,245.7223663330078,632.9373168945312,113.61488342285156,114.6749038696289,179.01402282714844,318.9361267089844,126.52459716796875,,80.55999755859375,165.2895965576172,964.3657836914062,553.3866577148438,123.42683410644531,94.05257415771484,69.97142791748047,378.5655212402344,41.19169616699219,505.5899963378906,89.72477722167969,519.4612426757812,82.27645874023438,363.94537353515625,20.731311798095703,1297.63330078125,145.30467224121094,114.21900939941406,593.2769775390625,219.64248657226562,218.85000610351562,397.1127014160156,190.05499267578125,559.33935546875,234.76702880859375,123.5000228881836,45.858306884765625,284.849609375,131.19505310058594,478.0899963378906,40.885101318359375,62.62699508666992,208.81927490234375,80.02967071533203,115.88975524902344,187.17288208007812
2024-10-22,234.76739501953125,182.38284301757812,113.96063995361328,366.5566101074219,493.1099853515625,220.82127380371094,53.545310974121094,285.3862609863281,288.4800109863281,284.9190368652344,181.1155242919922,154.08999633789062,309.3174743652344,214.1309356689453,189.6999969482422,99.13999938964844,353.35101318359375,322.1613464355469,66.3218002319336,,177.63778686523438,269.4968566894531,3172.050048828125,159.8800048828125,41.327430725097656,234.79583740234375,4346.60205078125,980.6242065429688,50.26163101196289,,88.01000213623047,61.666133880615234,79.18140411376953,,294.2044677734375,103.95213317871094,251.50999450683594,329.82000732421875,311.5059814453125,97.31693267822266,40.03739547729492,216.51353454589844,59.880001068115234,101.72001647949219,888.92822265625,286.5952453613281,55.177093505859375,33.3297119140625,209.94869995117188,54.964290618896484,144.37191772460938,401.0137939453125,259.7048034667969,95.90425109863281,115.59930419921875,255.65658569335938,412.3061218261719,107.67097473144531,120.88939666748047,859.8018188476562,339.16363525390625,69.23999786376953,10.322928428649902,47.80116271972656,263.60247802734375,199.6699981689453,,299.8313903808594,175.57388305664062,85.60926818847656,53.16568374633789,166.0930633544922,164.41493225097656,507.9357604980469,404.875732421875,392.5437927246094,217.8301544189453,258.67730712890625,225.8685760498047,164.0949249267578,22.399999618530273,605.5885620117188,517.5,250.82260131835938,158.33180236816406,219.4739532470703,663.6746215820312,132.75753784179688,67.42216491699219,475.85491943359375,902.2500610351562,561.1940307617188,267.0536804199219,72.23480224609375,510.0892333984375,262.96197509765625,307.5128173828125,73.27693939208984,503.1501159667969,464.28448486328125,69.25093078613281,88.8892593383789,580.1856689453125,218.3506622314453,129.1576690673828,53.599998474121094,46.65955352783203,154.69052124023438,102.83149719238281,114.88948822021484,596.8067626953125,424.32440185546875,465.5643005371094,107.37171173095703,81.1737060546875,764.239990234375,79.65257263183594,511.2336730957031,917.9500122070312,254.82376098632812,143.54884338378906,227.23023986816406,173.58348083496094,80.3586654663086,51.04199981689453,188.0500030517578,100.61002349853516,167.88018798828125,26.94904136657715,166.48806762695312,243.28219604492188,623.0755004882812,114.74362182617188,126.67644500732422,179.6311798095703,321.88671875,126.63057708740234,,80.91000366210938,169.3677978515625,958.2321166992188,548.7154541015625,123.06409454345703,94.41338348388672,70.01093292236328,358.365478515625,40.7062873840332,502.4100036621094,90.06343078613281,509.86016845703125,82.35395050048828,362.7264404296875,20.57817268371582,1263.5284423828125,143.64854431152344,113.75486755371094,584.3187255859375,215.9352569580078,217.97000122070312,388.5918273925781,188.3075408935547,557.7635498046875,235.84144592285156,123.5000228881836,45.96356964111328,282.80401611328125,131.3983917236328,474.9100036621094,38.826812744140625,63.39980697631836,208.06016540527344,81.22797393798828,116.48811340332031,187.23214721679688
2024-10-23,229.69100952148438,181.5325927734375,114.8340835571289,365.4129333496094,485.0299987792969,223.01358032226562,53.920291900634766,284.11285400390625,286.29998779296875,286.6153869628906,180.81861877441406,152.91000366210938,304.7114562988281,218.78175354003906,184.7100067138672,98.51000213623047,355.484130859375,318.5045471191406,67.92900085449219,,171.8247833251953,268.3393249511719,3196.550048828125,157.05999755859375,41.36650848388672,235.5892333984375,4282.29248046875,968.229248046875,50.54742431640625,,87.44999694824219,61.2198371887207,78.98381805419922,,292.1151123046875,104.81389617919922,249.08999633789062,332.2200012207031,311.6139221191406,96.64322662353516,40.03739547729492,217.442138671875,59.02000045776367,101.24532318115234,894.5791625976562,282.7187194824219,54.86513900756836,33.073707580566406,208.13246154785156,54.896610260009766,143.9510040283203,402.97625732421875,254.45663452148438,95.40857696533203,116.26466369628906,256.13177490234375,408.08331298828125,106.71700286865234,120.56076049804688,872.3214111328125,340.5556335449219,70.61000061035156,10.276472091674805,47.200321197509766,261.9023742675781,202.36000061035156,,298.2734069824219,180.5729522705078,84.70616912841797,52.36419677734375,163.7632598876953,162.06527709960938,506.8578186035156,406.7206726074219,390.385009765625,215.86099243164062,255.06802368164062,226.35482788085938,163.16534423828125,21.979999542236328,598.0582885742188,512.5800170898438,250.17840576171875,160.6663360595703,218.77870178222656,658.2766723632812,131.92869567871094,66.02421569824219,471.3920593261719,896.394775390625,555.4749145507812,266.10791015625,72.09626770019531,510.79522705078125,255.35537719726562,291.76043701171875,73.12149047851562,499.54608154296875,465.4061279296875,68.48416137695312,90.01109313964844,561.9231567382812,219.9747314453125,125.41226196289062,53.560001373291016,46.41720962524414,150.3109893798828,102.58078002929688,114.85065460205078,589.199462890625,421.4360656738281,462.4947509765625,104.61323547363281,82.39567565917969,749.2899780273438,78.31231689453125,507.49920654296875,907.6799926757812,251.4480438232422,139.51998901367188,231.9413299560547,171.39524841308594,79.94999694824219,50.27783966064453,179.09500122070312,99.6595230102539,166.51304626464844,26.967729568481445,166.37033081054688,242.30221557617188,623.4912719726562,116.56692504882812,126.67644500732422,181.49229431152344,326.54791259765625,124.40491485595703,,80.83000183105469,162.9326629638672,937.37158203125,539.6116333007812,124.71109771728516,95.22274780273438,70.80078125,359.69427490234375,40.900447845458984,493.4100036621094,91.0987548828125,507.2787170410156,83.2742691040039,359.9714660644531,21.525726318359375,1270.2464599609375,142.5509033203125,112.79695129394531,574.46337890625,217.8480224609375,213.64999389648438,392.18841552734375,195.85073852539062,552.6543579101562,235.74378967285156,123.57524871826172,46.44205856323242,281.7811584472656,128.66798400878906,470.04998779296875,40.099212646484375,63.155242919921875,208.79953002929688,82.4659194946289,116.07311248779297,186.71841430664062
2024-10-24,229.50189208984375,183.2427978515625,114.3728256225586,359.1030578613281,482.8699951171875,225.7957000732422,54.324119567871094,283.51531982421875,285.7699890136719,285.2464294433594,181.85780334472656,153.44000244140625,305.4759216308594,218.45298767089844,186.3800048828125,98.92500305175781,354.055419921875,314.0968322753906,69.24850463867188,,169.68577575683594,267.1026916503906,3153.25,155.1999969482422,41.66938400268555,233.72817993164062,4307.830078125,964.1532592773438,50.41405487060547,,85.0999984741211,61.12281799316406,72.0190200805664,,291.08526611328125,105.54308319091797,251.27999877929688,332.0199890136719,312.2713317871094,97.38528442382812,40.13375473022461,219.88327026367188,59.439998626708984,101.10969543457031,888.8584594726562,285.03472900390625,54.55318069458008,32.59123992919922,207.5568084716797,54.258506774902344,143.9223175048828,405.3725280761719,246.50486755371094,94.5758285522461,114.77001190185547,253.7755889892578,411.5204772949219,106.47113037109375,120.28045654296875,876.8242797851562,340.8814392089844,70.3499984741211,10.443719863891602,46.13655090332031,266.6118469238281,203.2899932861328,,295.2064208984375,178.63494873046875,86.2113265991211,52.166297912597656,163.81304931640625,162.00555419921875,514.0117797851562,395.6805114746094,393.35455322265625,204.84950256347656,254.9989776611328,212.38938903808594,165.04421997070312,22.34000015258789,600.0153198242188,511.6300048828125,249.40731811523438,158.544921875,220.31614685058594,659.7920532226562,132.04434204101562,65.3349380493164,468.45965576171875,884.5553588867188,548.7734985351562,267.3393249511719,75.76738739013672,507.7029724121094,258.1385498046875,294.7017517089844,73.69465637207031,502.7319641113281,463.50030517578125,67.89210510253906,88.7624282836914,566.0003051757812,218.9805908203125,124.00038146972656,53.439998626708984,46.54770278930664,149.4507293701172,102.0986328125,115.71484375,583.1432495117188,421.5650634765625,460.8114318847656,106.40574645996094,80.3105697631836,754.5499877929688,77.32422637939453,514.6536865234375,956.5800170898438,247.96466064453125,140.3697509765625,234.6305389404297,172.6626434326172,79.98466491699219,50.30723190307617,182.2899932861328,100.65803527832031,165.75245666503906,26.76215362548828,166.40956115722656,241.92982482910156,617.9861450195312,116.14244842529297,128.01637268066406,182.1962432861328,325.2408752441406,123.79792785644531,,81.38999938964844,164.39964294433594,924.9348754882812,538.7767944335938,122.71117401123047,94.73518371582031,71.66962432861328,358.5736999511719,40.04612731933594,495.25,90.57624816894531,489.69488525390625,83.0902099609375,356.6614990234375,21.24816131591797,1258.990478515625,144.60177612304688,112.7771987915039,555.4205932617188,230.28099060058594,260.4800109863281,388.95843505859375,200.57855224609375,548.9057006835938,225.38999938964844,130.1014862060547,46.36550521850586,281.24493408203125,127.18660736083984,471.9100036621094,39.16362380981445,64.00631713867188,205.95050048828125,82.2381362915039,115.41683959960938,179.3184356689453
2024-10-25,230.3380126953125,181.50360107421875,112.0959701538086,355.7213134765625,483.7200012207031,226.27740478515625,54.381813049316406,282.0753479003906,286.0400085449219,280.703125,184.59927368164062,156.22999572753906,306.72418212890625,215.4265899658203,187.8300018310547,98.52249908447266,372.49981689453125,310.1181640625,68.86157989501953,,171.31973266601562,264.5007019042969,3130.9599609375,155.00999450683594,40.926856994628906,233.2482452392578,4316.85498046875,954.4234619140625,49.46140670776367,,84.7300033569336,59.91976547241211,73.01942443847656,,285.1736755371094,103.1377182006836,257.29998779296875,336.0,310.9073791503906,93.35279083251953,40.14339065551758,216.48484802246094,59.439998626708984,101.29376220703125,886.6697387695312,288.7124328613281,54.33871078491211,32.75862503051758,205.84976196289062,54.616233825683594,144.26669311523438,402.27606201171875,243.91061401367188,94.20902252197266,113.02464294433594,250.9541015625,417.6386413574219,106.34327697753906,119.05290222167969,895.001708984375,340.0916442871094,69.37999725341797,10.285760879516602,45.900150299072266,265.8790283203125,199.52000427246094,,296.4312744140625,177.99888610839844,86.42496490478516,51.52312088012695,166.2623291015625,164.5443572998047,502.3497314453125,360.61578369140625,389.671875,203.77186584472656,257.11920166015625,208.77159118652344,163.47190856933594,22.68000030517578,605.2706298828125,511.2699890136719,247.99208068847656,155.84228515625,217.70147705078125,666.635986328125,130.60833740234375,64.9660415649414,467.76849365234375,885.9248046875,546.9059448242188,263.6745300292969,76.8657455444336,504.4615783691406,259.6142883300781,285.93634033203125,74.11238098144531,505.171142578125,459.3907775878906,67.19329833984375,88.37222290039062,571.453125,217.82899475097656,122.31396484375,53.369998931884766,46.33332061767578,148.94239807128906,100.2665023803711,113.49124145507812,581.6316528320312,424.9595642089844,457.781494140625,107.46134185791016,78.97222137451172,754.6799926757812,77.13835144042969,510.3982849121094,950.8499755859375,245.68482971191406,141.49942016601562,238.6545867919922,171.8111114501953,79.68133544921875,50.532562255859375,183.22000122070312,101.67574310302734,165.39620971679688,26.584611892700195,165.0360870361328,238.90164184570312,615.6098022460938,113.39300537109375,125.18228149414062,179.18760681152344,323.2514343261719,123.48960876464844,,81.69999694824219,166.52186584472656,929.0372924804688,538.6774291992188,122.70137023925781,94.89119720458984,70.90937805175781,356.04498291015625,40.52183532714844,501.5799865722656,88.90231323242188,487.1134033203125,81.74363708496094,349.6452331542969,20.894023895263672,1267.6639404296875,145.54537963867188,112.40193176269531,552.43115234375,223.18206787109375,269.19000244140625,388.95843505859375,200.8892059326172,552.5760498046875,224.95045471191406,129.236328125,45.68605041503906,279.76531982421875,128.19354248046875,477.70001220703125,38.714542388916016,63.12589645385742,203.87037658691406,81.71326446533203,115.32034301757812,177.84634399414062
2024-10-28,232.3187713623047,183.2717742919922,111.94876098632812,356.2339782714844,481.0400085449219,226.2479248046875,55.03561782836914,280.58642578125,286.5199890136719,283.69891357421875,183.4314422607422,159.9199981689453,306.9080505371094,214.86575317382812,188.38999938964844,98.09500122070312,368.79901123046875,310.35223388671875,68.13734436035156,,170.34927368164062,268.5767517089844,3105.929931640625,150.69000244140625,41.640071868896484,234.0122528076172,4316.626953125,966.3284301757812,50.14731216430664,,84.76000213623047,62.248252868652344,74.94098663330078,,287.183837890625,103.27030181884766,252.77000427246094,329.6700134277344,309.0135803222656,93.4797134399414,40.316837310791016,218.38027954101562,60.599998474121094,100.03437042236328,886.4111938476562,292.00250244140625,53.89027404785156,32.748779296875,207.02088928222656,55.45737838745117,144.00840759277344,406.6347961425781,242.64828491210938,95.3689193725586,112.8800048828125,253.88450622558594,409.7724304199219,106.8645248413086,117.98966979980469,893.3277587890625,341.0986328125,68.5199966430664,10.564509391784668,46.0281982421875,269.1326904296875,201.4199981689453,,297.8031005859375,174.2818603515625,86.19190979003906,52.17619323730469,167.6064453125,165.98800659179688,513.1102294921875,353.7120056152344,393.5596923828125,201.9104766845703,257.4742126464844,207.05996704101562,164.58934020996094,22.920000076293945,608.0721435546875,510.8800048828125,250.71522521972656,156.5397491455078,220.82534790039062,667.9036865234375,130.70472717285156,64.72333526611328,469.98016357421875,888.79296875,539.9807739257812,263.9996032714844,74.65912628173828,505.3067321777344,260.0401611328125,290.0210266113281,74.99640655517578,506.7043762207031,458.7356872558594,67.49417877197266,88.38197326660156,576.3477783203125,218.3506622314453,127.74577331542969,53.099998474121094,46.83664321899414,147.6813507080078,100.507568359375,115.67601013183594,588.102783203125,423.4112548828125,452.8998718261719,105.9476547241211,80.36876678466797,749.1199951171875,77.19705963134766,503.32244873046875,945.0,248.13101196289062,140.479736328125,245.07339477539062,170.72193908691406,79.80733489990234,49.60185241699219,181.1750030517578,102.79907989501953,163.51878356933594,26.967729568481445,166.09564208984375,239.42103576660156,617.5010375976562,113.65348052978516,125.79922485351562,183.05447387695312,323.5108642578125,124.18331146240234,,83.58999633789062,168.42893981933594,924.6460571289062,541.7882690429688,122.966064453125,95.58354949951172,71.12660217285156,360.2396545410156,40.182044982910156,496.17999267578125,88.81523895263672,483.76739501953125,82.50895690917969,352.8065490722656,21.162019729614258,1252.9273681640625,143.7544708251953,112.74757385253906,550.5975952148438,224.61172485351562,262.510009765625,389.1466979980469,199.82131958007812,553.2416381835938,226.59141540527344,127.27094268798828,46.499481201171875,282.2081604003906,128.05799865722656,476.3699951171875,38.93907928466797,64.1823959350586,205.30967712402344,81.95093536376953,114.75092315673828,180.5632781982422
2024-10-29,232.5875244140625,183.04954528808594,111.29122161865234,357.9297790527344,485.3900146484375,231.2518310546875,54.15105056762695,282.0655822753906,289.6600036621094,282.8359069824219,188.16220092773438,166.25,305.77587890625,205.86387634277344,190.8300018310547,100.39250183105469,368.04498291015625,307.4657897949219,68.33575439453125,,177.49911499023438,267.5478515625,3060.889892578125,152.97999572753906,41.55214309692383,232.6409454345703,4396.0078125,963.3399047851562,50.01394271850586,,84.55999755859375,62.7624626159668,73.89105987548828,,284.39141845703125,100.95960998535156,284.45001220703125,327.2699890136719,302.4490661621094,92.48379516601562,40.53845977783203,217.39427185058594,60.4900016784668,99.12373352050781,882.46142578125,297.0917663574219,54.28022384643555,32.73893356323242,207.56674194335938,54.384193420410156,142.0760498046875,400.4122619628906,241.22689819335938,95.29952239990234,110.32463073730469,251.2213897705078,403.20245361328125,107.11038970947266,116.46247863769531,886.7596435546875,341.13812255859375,69.37000274658203,9.672517776489258,45.870601654052734,268.7320861816406,200.91000366210938,,295.6767578125,172.97991943359375,85.53157806396484,50.99869155883789,170.39422607421875,168.93499755859375,513.7962036132812,357.75909423828125,385.9208068847656,201.7929229736328,254.20018005371094,204.64808654785156,164.86622619628906,22.899999618530273,619.6058959960938,516.3099975585938,249.90512084960938,155.07701110839844,218.27923583984375,689.5745849609375,129.6349639892578,63.645748138427734,468.6571350097656,896.7222900390625,531.8397827148438,259.07366943359375,77.48914337158203,503.38775634765625,261.3674011230469,288.2718505859375,76.7936019897461,496.97747802734375,457.10772705078125,67.11565399169922,88.10884094238281,591.42041015625,218.20303344726562,126.74571990966797,52.47999954223633,46.55702590942383,142.02122497558594,100.02542877197266,115.8410873413086,571.9595336914062,428.7312927246094,453.7316589355469,107.73020935058594,77.1586685180664,759.4400024414062,76.69813537597656,495.362060546875,953.0800170898438,246.97642517089844,141.20950317382812,250.8444366455078,171.7220001220703,78.3933334350586,49.06302261352539,182.69500732421875,102.41503143310547,161.26588439941406,26.59395408630371,164.00595092773438,236.8436737060547,618.946533203125,111.2416763305664,126.83070373535156,181.14515686035156,318.3691101074219,118.76853942871094,,80.27999877929688,172.125732421875,923.3715209960938,545.4456787109375,120.3779296875,94.96920776367188,70.97850036621094,358.60345458984375,39.250064849853516,529.2100219726562,86.90907287597656,483.2809143066406,80.9395751953125,355.7795104980469,21.22901725769043,1250.20458984375,142.4353485107422,112.68832397460938,545.8443603515625,222.87643432617188,259.5199890136719,386.9966125488281,205.18019104003906,550.1976318359375,226.6011962890625,126.30233764648438,46.14540100097656,279.914306640625,123.81715393066406,470.3599853515625,38.667762756347656,63.879150390625,216.00599670410156,80.91107940673828,113.18746185302734,179.09121704101562
2024-10-30,229.03407287597656,194.6924591064453,112.32168579101562,341.691650390625,486.67999267578125,226.22825622558594,53.39147186279297,286.7968444824219,288.82000732421875,282.2010192871094,183.39186096191406,148.60000610351562,305.3307800292969,206.41500854492188,192.72999572753906,99.0,366.57659912109375,304.9986267089844,67.81986999511719,,174.9243927001953,271.158935546875,3017.97998046875,154.2899932861328,41.33720397949219,231.75938415527344,4432.13818359375,960.1064453125,50.16636657714844,,83.98999786376953,62.57811737060547,72.90055084228516,,280.86627197265625,102.09601593017578,290.0,331.29998779296875,307.02166748046875,92.42520904541016,40.70227813720703,217.55702209472656,55.72999954223633,99.76312255859375,874.6017456054688,294.6167297363281,54.19248580932617,33.02447509765625,206.2864532470703,54.51955032348633,141.62644958496094,399.08099365234375,240.859130859375,94.25859832763672,109.92926025390625,250.07302856445312,403.3890380859375,107.21856689453125,116.4914779663086,890.978515625,338.4330749511719,68.62999725341797,9.72826862335205,45.27961730957031,267.79412841796875,199.80999755859375,,295.30438232421875,173.5662841796875,85.7354965209961,51.42417526245117,175.37245178222656,173.6940155029297,513.9138793945312,358.007080078125,383.42987060546875,200.04908752441406,262.63177490234375,199.27005004882812,164.6783447265625,22.299999237060547,617.0328979492188,513.77001953125,257.9964599609375,155.5807342529297,219.75794982910156,685.1869506835938,129.53858947753906,63.99523162841797,467.4130859375,840.4030151367188,531.0033569335938,257.5171203613281,75.64863586425781,510.75543212890625,261.73382568359375,284.8712158203125,73.42265319824219,497.13671875,455.57904052734375,67.73681640625,88.284423828125,589.9449462890625,217.54356384277344,125.069091796875,52.599998474121094,47.06966018676758,141.5128631591797,101.08614349365234,114.50108337402344,562.2379760742188,429.30694580078125,448.552978515625,103.64726257324219,76.70284271240234,753.739990234375,74.79044342041016,496.6297912597656,950.0,247.29931640625,139.300048828125,240.77456665039062,172.8408660888672,77.48066711425781,49.15119552612305,179.7550048828125,100.71563720703125,160.02391052246094,26.650022506713867,163.01507568359375,238.1372528076172,618.1346435546875,111.78192138671875,127.35122680664062,183.43057250976562,322.7612609863281,117.61236572265625,,78.22000122070312,163.93019104003906,918.8508911132812,543.8753662109375,119.46619415283203,94.90095520019531,70.19851684570312,358.8712158203125,38.97823715209961,536.4199829101562,86.46398162841797,482.4767150878906,80.9395751953125,360.15972900390625,21.07588005065918,1244.0853271484375,143.00343322753906,111.54277038574219,548.684326171875,219.64248657226562,257.54998779296875,372.06524658203125,201.86000061035156,551.0100708007812,226.77700805664062,125.82274627685547,46.585609436035156,288.13653564453125,124.64015197753906,475.0799865722656,38.6209831237793,63.986759185791016,211.77676391601562,80.60407257080078,112.6180419921875,180.5435333251953
2024-10-31,224.8634796142578,196.9823760986328,111.26177215576172,339.9662780761719,478.0799865722656,219.33682250976562,53.083797454833984,283.3291931152344,283.79998779296875,278.94732666015625,179.71014404296875,144.07000732421875,309.8013000488281,206.47303771972656,186.39999389648438,96.61000061035156,363.9969177246094,302.8143005371094,66.4904556274414,,168.12110900878906,267.2015686035156,3009.0,149.30999755859375,40.85846710205078,228.80130004882812,4642.94580078125,961.2431030273438,53.129093170166016,,84.0199966430664,62.25794982910156,72.02892303466797,,279.6779479980469,101.79296875,276.1199951171875,327.6099853515625,308.9056396484375,91.49763488769531,42.0802116394043,215.73814392089844,55.77000045776367,106.11820220947266,869.7167358398438,289.6169738769531,53.393104553222656,33.12294006347656,204.26177978515625,54.58722686767578,142.36305236816406,399.08099365234375,244.17898559570312,95.3689193725586,111.15391540527344,243.271728515625,398.4787902832031,106.48095703125,117.88334655761719,888.8838500976562,327.346435546875,67.01000213623047,9.561019897460938,44.34387969970703,267.5694274902344,197.89999389648438,,285.7408142089844,170.72386169433594,86.25016784667969,50.22687911987305,171.9375,170.3587188720703,507.4359130859375,355.8446350097656,384.6313781738281,201.49900817871094,254.2593536376953,201.04005432128906,154.13685607910156,21.520000457763672,606.2939453125,503.8399963378906,254.8731689453125,154.85423278808594,217.319580078125,659.8613891601562,129.31690979003906,63.40304946899414,450.3811950683594,823.4426879882812,531.1103515625,257.9505920410156,73.57064819335938,496.7359619140625,257.53436279296875,285.44775390625,71.2757339477539,498.3812561035156,450.6953125,66.46536254882812,87.06503295898438,565.8009033203125,214.8072967529297,125.9613265991211,52.68000030517578,50.76066970825195,142.2069549560547,98.66577911376953,113.77198028564453,564.3226318359375,403.32208251953125,444.9388122558594,99.23567962646484,76.85802459716797,756.030029296875,75.45569610595703,500.2463684082031,932.989990234375,245.03903198242188,132.72193908691406,230.155029296875,166.18704223632812,76.8759994506836,49.09241485595703,180.1649932861328,100.12036895751953,159.8987274169922,26.444442749023438,162.05360412597656,237.9706573486328,627.8182373046875,108.9552993774414,127.91998291015625,181.5501708984375,316.2547302246094,117.37149047851562,,79.30000305175781,159.1869659423828,834.6220703125,534.43359375,118.61328125,95.2715072631836,69.93194580078125,355.7772521972656,38.900569915771484,513.6099853515625,88.07986450195312,476.9364929199219,80.76520538330078,353.0740661621094,21.573583602905273,1218.513671875,144.46697998046875,111.62178039550781,544.3994750976562,220.02700805664062,249.85000610351562,366.75457763671875,198.52777099609375,552.517333984375,226.67933654785156,126.0672607421875,46.23152542114258,287.82867431640625,125.6374282836914,475.9800109863281,39.41623306274414,63.50741958618164,212.79217529296875,81.15866088867188,112.70491027832031,177.0496826171875
2024-11-01,221.87738037109375,196.67318725585938,116.39451599121094,340.8043212890625,482.79998779296875,221.66673278808594,52.53574752807617,282.2908630371094,286.57000732421875,278.1536865234375,181.4916229248047,141.86000061035156,308.89166259765625,204.26849365234375,197.92999267578125,98.5425033569336,362.23260498046875,301.5270690917969,67.3238296508789,,167.27935791015625,269.7837829589844,2981.18994140625,154.58999633789062,40.799842834472656,230.41748046875,4715.28662109375,965.21142578125,51.74775695800781,,83.62000274658203,61.8116569519043,71.90015411376953,,274.6971435546875,100.93119812011719,282.0899963378906,366.489990234375,310.55413818359375,91.12661743164062,41.97422409057617,214.06285095214844,58.59000015258789,104.47129821777344,873.9906005859375,292.9468078613281,54.1047477722168,32.87678146362305,204.07322692871094,53.95878982543945,146.4286346435547,394.8701477050781,246.26632690429688,94.98228454589844,108.65640258789062,242.1233367919922,406.5807189941406,106.66781616210938,116.80078125,869.5219116210938,330.7228088378906,67.54000091552734,9.495980262756348,44.90531921386719,268.05792236328125,202.0500030517578,,287.0930480957031,170.64437866210938,86.92020416259766,50.424781799316406,171.8976593017578,170.53790283203125,508.9647521972656,354.3071594238281,383.49822998046875,204.93768310546875,257.0994567871094,202.5279998779297,152.92054748535156,23.200000762939453,617.6587524414062,506.3399963378906,256.7764587402344,155.1157684326172,218.3184356689453,662.9813232421875,129.73135375976562,63.11180877685547,451.5265197753906,812.7147216796875,530.429443359375,258.0589599609375,74.01593780517578,505.177490234375,258.0791015625,288.47705078125,72.67462921142578,524.0176391601562,452.99822998046875,66.49447631835938,87.86494445800781,565.3822021484375,215.65377807617188,124.73573303222656,52.29999923706055,50.21074676513672,139.91944885253906,98.24148559570312,114.35918426513672,570.9913940429688,407.31207275390625,449.43426513671875,99.31533813476562,75.01537322998047,756.0999755859375,76.3655014038086,498.2120361328125,943.4099731445312,246.0326385498047,135.36119079589844,234.16925048828125,168.3455810546875,76.4393310546875,48.56337356567383,181.32000732421875,99.22746276855469,159.4269561767578,26.248212814331055,161.97512817382812,237.8628692626953,628.768798828125,109.3990707397461,125.94380950927734,180.47012329101562,311.0648498535156,115.62759399414062,,77.25,161.63194274902344,839.9989624023438,537.5940551757812,116.41728973388672,96.41242218017578,70.0405502319336,354.9839172363281,38.599613189697266,518.4000244140625,85.67056274414062,479.8654479980469,79.09893798828125,363.84625244140625,21.171592712402344,1220.5721435546875,145.2372589111328,110.98974609375,555.958740234375,220.14532470703125,248.97999572753906,372.689453125,200.24765014648438,555.5123901367188,227.28494262695312,126.05785369873047,45.7817497253418,288.7124938964844,124.14634704589844,471.1199951171875,38.695831298828125,63.27263259887695,210.95852661132812,81.3963394165039,110.93875885009766,180.18899536132812
2024-11-04,220.98155212402344,193.69725036621094,115.4621810913086,339.0592041015625,481.3500061035156,220.3985595703125,53.17033004760742,283.9365234375,287.6199951171875,279.3936462402344,179.9476776123047,140.7100067138672,306.65643310546875,205.09034729003906,195.77999877929688,98.72000122070312,363.4452819824219,298.484619140625,67.68097686767578,,166.9129638671875,267.3104248046875,3046.35009765625,155.07000732421875,40.37973403930664,229.52613830566406,4742.4423828125,971.501953125,52.82424545288086,,84.72000122070312,61.02861404418945,71.71196746826172,,273.380126953125,102.61686706542969,289.3399963378906,375.8299865722656,306.4623718261719,91.40000915527344,40.981719970703125,213.5554962158203,56.380001068115234,105.45943450927734,882.7174682617188,296.217041015625,54.426456451416016,32.84724426269531,205.99862670898438,52.8372688293457,147.2895965576172,396.1126708984375,245.6898193359375,94.96246337890625,108.50211334228516,242.0540313720703,410.36163330078125,107.99551391601562,118.8209228515625,876.9808349609375,327.82208251953125,66.47000122070312,9.626060485839844,45.575111389160156,264.96063232421875,200.82000732421875,,287.6907958984375,170.7039794921875,87.24066162109375,51.25595474243164,169.93621826171875,168.49691772460938,501.2423400878906,360.2289733886719,386.40924072265625,203.32119750976562,252.01095581054688,200.6510467529297,152.772216796875,22.520000457763672,614.9466552734375,507.4200134277344,257.5572509765625,153.2849578857422,215.22393798828125,657.0287475585938,128.89288330078125,63.208892822265625,452.5237731933594,800.0218505859375,528.2410278320312,261.0539245605469,73.39253997802734,502.6917419433594,253.9786834716797,286.1708984375,72.34434509277344,523.619384765625,455.03314208984375,66.34889221191406,87.1235580444336,558.9225463867188,217.68136596679688,123.39248657226562,54.060001373291016,50.22006607055664,141.6888427734375,98.23184967041016,113.66432189941406,582.2442626953125,405.4162902832031,453.68212890625,101.3070297241211,76.00458526611328,755.510009765625,75.51439666748047,498.6936340332031,954.5900268554688,243.5731964111328,136.01100158691406,232.5105743408203,167.91981506347656,77.17066955566406,49.53327560424805,180.55999755859375,100.63883209228516,160.1490478515625,25.939851760864258,161.95550537109375,236.64767456054688,631.70947265625,109.84284210205078,125.63534545898438,179.31295776367188,319.6184997558594,116.61033630371094,,78.12999725341797,161.54391479492188,825.302001953125,538.7569580078125,115.68202209472656,94.6181640625,70.06028747558594,371.2768249511719,39.143272399902344,524.52001953125,85.26417541503906,482.30792236328125,78.28516387939453,363.5985412597656,20.980165481567383,1230.761474609375,144.41885375976562,111.28601837158203,553.5172729492188,221.1016845703125,242.83999633789062,373.5217590332031,199.01637268066406,545.9302368164062,224.56951904296875,125.07044219970703,45.15970993041992,289.81475830078125,125.8213882446289,472.79998779296875,38.415157318115234,62.313961029052734,211.20498657226562,81.65382385253906,114.4710464477539,173.48451232910156
2024-11-05,222.41485595703125,194.86634826660156,115.54069519042969,340.6268310546875,486.4200134277344,213.92001342773438,49.99741744995117,285.2295227050781,291.7900085449219,280.87176513671875,184.5596923828125,141.66000366210938,308.9594421386719,206.7727813720703,199.5,101.27999877929688,366.4869079589844,298.75762939453125,69.1592025756836,,172.21099853515625,272.9991455078125,3059.830078125,151.0,40.91708755493164,232.4352569580078,4879.9755859375,993.8910522460938,53.30057144165039,,85.54000091552734,62.32063674926758,73.19771575927734,,274.57830810546875,102.93883514404297,291.2099914550781,382.3800048828125,312.4185485839844,92.03465270996094,41.010623931884766,215.57537841796875,56.18000030517578,105.79850769042969,886.8018798828125,295.70013427734375,54.74815368652344,33.497093200683594,207.41787719726562,53.5043830871582,146.75389099121094,394.82086181640625,248.56240844726562,95.79520416259766,110.00640869140625,244.38052368164062,410.27325439453125,115.72563171386719,118.02832794189453,889.7745361328125,334.1086730957031,66.69000244140625,9.849058151245117,46.284297943115234,269.1033935546875,203.02000427246094,,290.6794128417969,174.18246459960938,87.60966491699219,53.13600540161133,170.66305541992188,168.99473571777344,516.422607421875,363.7007141113281,390.8245849609375,204.5360107421875,256.9909973144531,201.86669921875,156.09486389160156,23.31999969482422,614.7678833007812,515.1699829101562,260.04620361328125,153.39151000976562,216.89846801757812,663.9222412109375,129.94337463378906,63.461299896240234,449.13714599609375,799.9423828125,531.7911376953125,265.1916809082031,75.59916687011719,502.671875,257.1778259277344,290.5389404296875,72.94664001464844,522.9623413085938,458.79522705078125,67.01859283447266,87.48450469970703,570.6357421875,218.0652313232422,124.04940032958984,54.11000061035156,50.509010314941406,146.20521545410156,98.01970672607422,115.29872131347656,581.2364501953125,408.39398193359375,457.5537414550781,105.05139923095703,76.276123046875,763.9099731445312,76.28724670410156,504.05950927734375,971.0399780273438,248.01988220214844,139.86988830566406,220.48751831054688,170.08824157714844,77.4886703491211,49.37652587890625,183.14500427246094,103.75918579101562,161.60284423828125,26.154769897460938,162.6226348876953,243.10580444335938,647.0072021484375,110.39273071289062,127.42835235595703,182.06124877929688,327.3456726074219,117.39076232910156,,79.25,162.2578582763672,825.8894653320312,539.3731689453125,116.64276885986328,94.67666625976562,70.40585327148438,375.0550537109375,39.36656188964844,521.97998046875,85.82537078857422,486.2198181152344,79.68019104003906,366.5318908691406,21.104591369628906,1251.5426025390625,145.3817138671875,112.33280944824219,558.818603515625,223.9215545654297,251.44000244140625,386.6994323730469,197.84375,554.9937133789062,228.43753051757812,125.86036682128906,45.5616455078125,291.24468994140625,127.86434936523438,499.8800048828125,38.60226821899414,62.67591094970703,212.82176208496094,82.87195587158203,114.808837890625,173.5736541748047
2024-11-06,221.68826293945312,194.40257263183594,114.62799072265625,351.1170349121094,504.8299865722656,222.42372131347656,51.20889663696289,298.9434814453125,302.3299865722656,288.35137939453125,185.58897399902344,145.10000610351562,311.3785705566406,190.9348602294922,207.08999633789062,105.77999877929688,378.9913635253906,299.10870361328125,71.59976959228516,,177.80612182617188,292.0143127441406,3196.3798828125,147.16000366210938,44.36592483520508,235.13865661621094,4965.57177734375,1009.0489501953125,52.66230010986328,,86.44000244140625,67.56704711914062,74.66363525390625,,277.271728515625,97.98603820800781,296.75,408.0199890136719,309.3079833984375,88.09004211425781,43.496700286865234,211.72702026367188,57.689998626708984,110.08042907714844,895.8475341796875,305.0535583496094,56.415164947509766,36.31313705444336,215.38746643066406,59.566402435302734,150.8768768310547,400.0868225097656,246.26632690429688,98.03568267822266,109.57247924804688,242.26193237304688,421.2330322265625,124.76377868652344,122.94818878173828,871.9886474609375,355.59185791015625,65.75,10.397260665893555,46.16609573364258,273.6369323730469,211.1999969482422,,302.2517395019531,179.64866638183594,89.03713989257812,54.471824645996094,177.5529022216797,175.73501586914062,584.0623779296875,345.9352722167969,379.3759460449219,212.0010986328125,284.51446533203125,207.73101806640625,154.05775451660156,25.049999237060547,644.1339111328125,515.5499877929688,268.86956787109375,152.9362335205078,241.93841552734375,663.258544921875,126.86897277832031,61.840057373046875,456.7792663574219,770.4876708984375,536.722412109375,257.8520812988281,75.97518157958984,518.1528930664062,273.6191101074219,287.294677734375,71.64488983154297,546.88623046875,457.7430725097656,64.41744232177734,87.90397644042969,570.2568969726562,219.7384796142578,131.3048858642578,54.439998626708984,50.60221862792969,151.76759338378906,97.13257598876953,128.68711853027344,567.8989868164062,417.04901123046875,464.5246276855469,111.36504364013672,72.2707748413086,780.2100219726562,73.68498229980469,514.123046875,994.47998046875,272.506103515625,145.56826782226562,227.0928497314453,179.45509338378906,82.27666473388672,50.34642028808594,192.58999633789062,111.3824691772461,158.57974243164062,25.56608009338379,158.00177001953125,253.5720672607422,702.4649047851562,109.7270736694336,120.79618072509766,197.6540985107422,312.650634765625,123.22947692871094,,81.41000366210938,169.18199157714844,813.1640014648438,561.2083740234375,119.20149230957031,93.6917724609375,74.78955841064453,377.5540771484375,42.492584228515625,553.1500244140625,84.58685302734375,486.4978332519531,85.5024185180664,365.6994323730469,21.363014221191406,1293.6473388671875,141.81912231445312,114.18938446044922,557.7125244140625,228.93023681640625,288.5299987792969,388.25494384765625,210.0684814453125,584.0240478515625,242.71792602539062,125.93559265136719,49.05460739135742,305.2563171386719,134.3031005859375,493.6400146484375,38.50871276855469,70.89312744140625,215.38491821289062,82.63428497314453,116.77764129638672,168.7210693359375
2024-11-07,226.4261932373047,193.7358856201172,113.1558837890625,355.6325988769531,500.9200134277344,223.9180145263672,50.46854782104492,298.6202087402344,305.510009765625,288.2322998046875,192.09130859375,149.82000732421875,311.4946594238281,191.32162475585938,210.0500030517578,107.75499725341797,377.58984375,305.04742431640625,73.36570739746094,,182.0247344970703,283.76318359375,3150.179931640625,150.97999572753906,43.74064254760742,222.45413208007812,4885.82421875,1015.1632690429688,52.119293212890625,,86.87999725341797,66.66654205322266,74.416015625,,275.27142333984375,98.68681335449219,301.7200012207031,393.0400085449219,313.4978332519531,88.62705993652344,42.5812873840332,212.55987548828125,58.209999084472656,108.88885498046875,910.4719848632812,308.9101867675781,56.61989212036133,35.013427734375,217.86868286132812,55.17699432373047,149.96812438964844,405.4613037109375,244.6163330078125,98.07533264160156,107.11353302001953,243.8261260986328,421.6356506347656,125.08832550048828,122.2329330444336,888.5509643554688,356.9580993652344,65.83999633789062,10.321918487548828,47.85041427612305,276.7146911621094,208.8699951171875,,299.8412170410156,177.75042724609375,95.06745147705078,54.808250427246094,181.48568725585938,179.95639038085938,570.5285034179688,353.1565246582031,390.1896057128906,213.0787353515625,283.77490234375,207.81854248046875,154.37420654296875,26.229999542236328,669.7247924804688,524.280029296875,266.37091064453125,151.82223510742188,231.4798126220703,679.5909423828125,127.45687103271484,61.80122756958008,459.58331298828125,791.3977661132812,536.7418823242188,262.3543395996094,78.37970733642578,514.9215087890625,275.02557373046875,287.9396057128906,72.21804809570312,604.8294677734375,462.1404113769531,63.786556243896484,85.96269226074219,589.8453369140625,219.66958618164062,130.47149658203125,54.72999954223633,49.90316390991211,150.54562377929688,97.55685424804688,125.70213317871094,568.7289428710938,422.2598571777344,465.33660888671875,112.93848419189453,72.3677749633789,796.5399780273438,74.27196502685547,511.6071472167969,1015.280029296875,266.3180847167969,148.83734130859375,231.74502563476562,184.53456115722656,80.96733093261719,50.170074462890625,193.5,108.22370147705078,157.8961639404297,25.659523010253906,160.31710815429688,250.16171264648438,682.9690551757812,110.18048858642578,119.32128143310547,195.95692443847656,320.1663513183594,122.05402374267578,,81.3499984741211,169.10374450683594,820.9605712890625,568.7518920898438,117.72115325927734,93.73078918457031,72.24227905273438,380.7967529296875,41.97805404663086,573.5900268554688,84.11273956298828,493.55718994140625,86.9555435180664,366.5021667480469,21.09501838684082,1243.86083984375,145.30467224121094,115.39418029785156,553.9358520507812,228.2400665283203,296.9100036621094,392.2776184082031,212.57989501953125,592.5980834960938,236.92567443847656,126.1518783569336,47.42774963378906,303.6674499511719,131.78567504882812,502.45001220703125,37.95671463012695,68.30078887939453,217.31715393066406,83.04031372070312,116.92241668701172,172.5635223388672
2024-11-08,226.15716552734375,192.760009765625,114.4218978881836,350.5254821777344,494.67999267578125,221.98130798339844,50.122413635253906,298.5026550292969,305.55999755859375,292.4085693359375,190.0525360107422,147.9499969482422,314.755615234375,195.12158203125,208.17999267578125,100.11250305175781,381.4764099121094,305.2131652832031,73.28634643554688,,181.85638427734375,284.53485107421875,3110.1201171875,151.67999267578125,44.09236145019531,226.89126586914062,4908.06396484375,1018.3182373046875,51.57628631591797,,88.25,67.1755142211914,75.9512939453125,,278.6084899902344,100.23989868164062,301.25,393.7099914550781,313.7726135253906,90.38455963134766,42.31147766113281,216.0253448486328,58.810001373291016,108.8595962524414,940.22900390625,320.0130310058594,56.60039138793945,35.4466667175293,224.0220184326172,53.69774627685547,150.12115478515625,388.5982971191406,243.91061401367188,98.16455078125,109.186767578125,247.5386199951172,415.0362243652344,125.15717315673828,129.6368865966797,901.5894165039062,363.0070495605469,66.2300033569336,10.331336975097656,45.663753509521484,279.71429443359375,210.6999969482422,,303.24139404296875,183.67376708984375,93.77593231201172,54.99625778198242,179.07623291015625,177.56692504882812,577.476806640625,351.3016357421875,396.5,215.02830505371094,284.1298828125,207.8477325439453,154.68075561523438,26.200000762939453,679.7285766601562,536.4500122070312,265.43389892578125,150.60169982910156,232.06736755371094,680.8389282226562,128.767578125,62.05363464355469,453.6690979003906,825.22900390625,549.1138305664062,267.0832214355469,77.38029479980469,521.76220703125,278.1156921386719,292.15130615234375,70.79000854492188,610.2952270507812,473.66485595703125,64.25243377685547,85.5724868774414,587.4927368164062,221.8153076171875,131.71669006347656,54.13999938964844,50.378517150878906,150.30123901367188,99.24435424804688,126.7688980102539,586.8480834960938,419.39141845703125,499.6464538574219,111.43474578857422,74.64683532714844,795.0399780273438,74.23282623291016,519.8721313476562,1008.0800170898438,267.2625732421875,147.58766174316406,229.5563507080078,187.38619995117188,81.18000030517578,49.503883361816406,195.6999969482422,109.81748962402344,158.96482849121094,25.355857849121094,164.53573608398438,256.2866516113281,690.3530883789062,111.74333190917969,121.69268035888672,196.68980407714844,326.2115783691406,121.8324203491211,,83.01000213623047,167.14779663085938,824.8837280273438,564.140380859375,121.12299346923828,95.125244140625,73.21316528320312,383.4444885253906,41.91980743408203,561.5499877929688,85.76731872558594,499.2364196777344,88.39899444580078,372.5769958496094,21.382158279418945,1264.061767578125,144.21664428710938,116.36197662353516,549.8004150390625,232.00643920898438,321.2200012207031,406.8027038574219,215.26718139648438,602.7382202148438,235.8805389404297,124.54383087158203,48.04977798461914,305.7230224609375,132.34725952148438,516.739990234375,37.87251281738281,68.91079711914062,220.9450225830078,84.01085662841797,116.88380432128906,175.10867309570312
2024-11-11,223.4368133544922,168.53700256347656,114.62799072265625,352.27056884765625,504.4800109863281,216.74147033691406,50.34355545043945,300.5107727050781,313.8900146484375,290.37506103515625,186.61827087402344,147.35000610351562,311.39788818359375,189.5908660888672,206.83999633789062,99.32749938964844,381.07879638671875,306.1103210449219,72.82997131347656,,177.17233276367188,289.8476257324219,3173.39990234375,148.9600067138672,45.02052307128906,229.80038452148438,5029.32421875,1032.5845947265625,56.98731231689453,,88.4800033569336,68.32072448730469,75.56499481201172,,277.9549865722656,98.5826416015625,300.8999938964844,396.0400085449219,336.6258239746094,89.78895568847656,42.59092330932617,216.28379821777344,59.27000045776367,109.30834197998047,929.350341796875,339.67401123046875,57.156063079833984,35.95867156982422,222.4241180419922,53.95878982543945,149.70980834960938,397.0692138671875,241.78350830078125,99.98866271972656,108.44425964355469,248.0534210205078,417.75653076171875,127.06511688232422,128.65097045898438,894.189208984375,368.23431396484375,66.69999694824219,10.576199531555176,44.22568893432617,283.1438293457031,214.86000061035156,,307.5920104980469,183.42529296875,94.22262573242188,57.05441665649414,181.17703247070312,179.55813598632812,590.2952270507812,355.1006774902344,398.83465576171875,220.6614227294922,278.5285339355469,207.70184326171875,155.33340454101562,25.049999237060547,692.7723999023438,535.75,267.6982727050781,150.18515014648438,234.32948303222656,659.663330078125,128.43026733398438,61.509986877441406,450.66754150390625,826.1222534179688,554.9691162109375,270.44268798828125,75.37156677246094,527.0916137695312,283.1768798828125,294.65289306640625,67.8853530883789,612.8738403320312,474.925537109375,64.1553726196289,86.10901641845703,581.342041015625,220.26998901367188,130.40284729003906,55.7400016784668,50.26667022705078,152.55941772460938,97.13257598876953,130.67384338378906,590.0589599609375,414.8951721191406,492.0814208984375,108.19825744628906,73.61883544921875,805.4400024414062,74.93721008300781,524.5010375976562,1036.010009765625,266.7116394042969,145.21835327148438,222.833251953125,187.2673797607422,81.90133666992188,49.7781982421875,199.0500030517578,111.78571319580078,158.14645385742188,24.90036392211914,162.8875274658203,254.6892852783203,702.8286743164062,110.07437133789062,120.44914245605469,202.22491455078125,323.78961181640625,123.26801300048828,,86.94000244140625,164.58544921875,822.1554565429688,561.6755981445312,122.1131591796875,97.8166275024414,77.12645721435547,386.0029296875,42.99740982055664,556.260009765625,85.46736907958984,503.6448059082031,89.24181365966797,375.4508972167969,21.353443145751953,1286.311767578125,147.58663940429688,116.58910369873047,544.997314453125,234.97418212890625,350.0,411.1028137207031,210.94796752929688,611.9779052734375,236.329833984375,123.7633285522461,48.84407424926758,308.75177001953125,133.635009765625,501.7200012207031,37.83509063720703,71.39017486572266,220.45208740234375,83.39683532714844,116.26614379882812,174.44512939453125
2024-11-12,223.4368133544922,165.30982971191406,114.2746810913086,355.53399658203125,526.4199829101562,215.8370361328125,49.449371337890625,301.6177062988281,309.7300109863281,292.90460205078125,184.68833923339844,143.6300048828125,289.17108154296875,187.30897521972656,208.91000366210938,98.88749694824219,381.35711669921875,303.3896484375,71.42118835449219,,174.50845336914062,285.4351806640625,3175.719970703125,145.1699981689453,44.805580139160156,226.52886962890625,4987.14697265625,1015.4473266601562,56.225196838378906,,88.72000122070312,67.5572509765625,74.72307586669922,,280.1235656738281,96.83069610595703,297.7699890136719,392.0,333.4956359863281,89.3398208618164,42.43674850463867,216.64756774902344,60.4900016784668,107.9328384399414,928.8522338867188,339.09747314453125,57.234046936035156,35.574668884277344,223.0394744873047,52.237831115722656,148.55230712890625,388.2926025390625,238.15553283691406,100.11753845214844,107.88495635986328,245.825927734375,405.51031494140625,126.27832794189453,128.67999267578125,883.9307861328125,365.3038330078125,65.80999755859375,10.453768730163574,42.94520568847656,280.6816101074219,214.05999755859375,,305.7694396972656,181.51710510253906,91.62017059326172,56.807037353515625,182.5211639404297,180.82257080078125,580.740234375,347.7008972167969,393.7452697753906,229.15518188476562,276.1815185546875,206.6824493408203,154.32473754882812,24.15999984741211,694.8785400390625,537.0700073242188,264.701904296875,147.8603057861328,234.59388732910156,658.4252319335938,127.3508529663086,61.35466003417969,449.82830810546875,812.6452026367188,550.4756469726562,265.9010009765625,74.90650177001953,526.14697265625,283.28582763671875,291.838623046875,65.37899780273438,614.9346923828125,471.97735595703125,64.56301879882812,86.13829040527344,582.9868774414062,221.6282958984375,127.80461120605469,56.02000045776367,50.742027282714844,151.72848510742188,95.0593490600586,129.48963928222656,595.3840942382812,419.87774658203125,492.5666198730469,103.66717529296875,72.01863861083984,819.5,74.99589538574219,522.2308349609375,1048.2900390625,263.11102294921875,148.24746704101562,220.6249237060547,187.71295166015625,82.4566650390625,49.26875686645508,199.00999450683594,112.13134765625,158.22349548339844,24.85291862487793,162.70111083984375,257.0902404785156,694.0650024414062,108.77200317382812,119.74544525146484,203.50743103027344,317.3887634277344,123.03677368164062,,86.4000015258789,159.81288146972656,817.4954223632812,561.3079223632812,120.946533203125,96.34416198730469,77.46329498291016,380.469482421875,43.03624725341797,553.469970703125,84.86746215820312,499.8818054199219,89.3193130493164,383.62664794921875,21.200302124023438,1268.216064453125,149.8686065673828,118.3568115234375,538.8489990234375,235.64463806152344,328.489990234375,407.3575744628906,207.9284210205078,601.6224365234375,233.3604736328125,122.38096618652344,48.57611846923828,308.2742004394531,132.66677856445312,490.0,37.79766845703125,71.42951965332031,221.5956573486328,84.16930389404297,116.15032196044922,172.27633666992188
2024-11-13,224.3236541748047,164.59483337402344,113.58769226074219,365.0086975097656,532.5,209.24050903320312,49.87242126464844,301.216064453125,313.1400146484375,295.93017578125,180.90768432617188,139.3000030517578,291.6869812011719,188.70130920410156,214.10000610351562,98.79000091552734,384.5975341796875,305.1156921386719,71.75850677490234,,171.8941192626953,284.574462890625,3161.8701171875,139.97000122070312,44.81534957885742,226.47987365722656,4951.91943359375,1010.1857299804688,55.64408493041992,,88.7699966430664,67.43000793457031,75.6739501953125,,280.6087646484375,97.31366729736328,306.4700012207031,406.2200012207031,325.8125305175781,88.91996765136719,42.31147766113281,218.39944458007812,59.27000045776367,109.0839614868164,930.1970825195312,339.6640319824219,57.69223403930664,35.919288635253906,221.93780517578125,52.469871520996094,151.83349609375,384.05218505859375,240.07386779785156,101.83259582519531,107.33531951904297,247.4000244140625,403.5167236328125,128.00926208496094,129.8592071533203,886.2813720703125,365.9671936035156,66.5199966430664,10.453768730163574,42.47241973876953,285.1956481933594,213.17999267578125,,307.7095947265625,182.43145751953125,89.9499282836914,57.10388946533203,179.7034912109375,178.09458923339844,582.3375854492188,346.50067138671875,400.690673828125,228.33224487304688,285.4118957519531,206.7412567138672,154.10720825195312,24.920000076293945,701.614013671875,536.6900024414062,266.4197082519531,148.4415283203125,236.1607208251953,638.3885498046875,127.39905548095703,61.160499572753906,450.4700622558594,805.6487426757812,542.470703125,268.28515625,73.07588958740234,518.8986206054688,283.7315673828125,290.5682373046875,64.68925476074219,621.8440551757812,475.88836669921875,64.05831909179688,85.81636047363281,578.1819458007812,222.17947387695312,128.88314819335938,56.380001068115234,51.497005462646484,155.54100036621094,94.98220825195312,129.93003845214844,603.1791381835938,422.0315856933594,491.823974609375,99.50455474853516,71.99922943115234,830.469970703125,74.85893249511719,511.44989013671875,1045.550048828125,264.89166259765625,146.2280731201172,218.828857421875,187.76246643066406,82.58533477783203,50.0818977355957,201.17999267578125,112.42976379394531,158.60862731933594,25.355857849121094,163.42710876464844,256.1396179199219,701.1513671875,112.45722198486328,120.72869110107422,201.82952880859375,321.9058837890625,125.16607666015625,,87.30999755859375,156.88870239257812,800.8966064453125,567.6984252929688,121.3190689086914,97.3193130493164,77.52273559570312,384.059326171875,42.317840576171875,557.9600219726562,84.68360900878906,506.6531677246094,89.30962371826172,384.8456115722656,21.343873977661133,1275.308349609375,149.23313903808594,119.62085723876953,539.9950561523438,237.49822998046875,330.239990234375,411.1820373535156,201.0294189453125,593.00927734375,234.8256072998047,125.70990753173828,48.968475341796875,307.9060974121094,135.12606811523438,494.6099853515625,38.48999786376953,71.59678649902344,222.48292541503906,84.67437744140625,117.23124694824219,175.32652282714844
2024-11-14,227.41270446777344,163.899169921875,112.89089965820312,356.97344970703125,529.8699951171875,208.65065002441406,50.48777389526367,295.81866455078125,306.6499938964844,292.34906005859375,184.0846405029297,138.83999633789062,286.3552551269531,188.32421875,211.47999572753906,96.48750305175781,374.0710754394531,308.0314025878906,71.97676849365234,,168.7251739501953,285.22735595703125,3136.06005859375,138.13999938964844,44.84465789794922,222.51290893554688,4935.57666015625,1025.9609375,55.72982406616211,,87.58999633789062,66.70569610595703,74.2575454711914,,284.1240234375,97.4651870727539,303.0400085449219,394.25,317.8055419921875,89.2909927368164,41.897132873535156,213.88096618652344,59.90999984741211,110.15704345703125,920.394287109375,329.6546325683594,56.463905334472656,35.08235168457031,215.41725158691406,53.262672424316406,154.77987670898438,389.1702880859375,237.93685913085938,108.17730712890625,106.72781372070312,245.13291931152344,399.7358093261719,126.86841583251953,130.67112731933594,883.3013916015625,358.2450866699219,66.16000366210938,10.425514221191406,42.62016296386719,285.58648681640625,210.85000610351562,,286.5345458984375,177.3031768798828,89.44497680664062,57.01483154296875,176.57717895507812,174.80908203125,576.83984375,342.721435546875,396.32415771484375,225.9810333251953,279.2188720703125,204.84950256347656,154.73020935058594,25.030000686645508,696.16015625,537.7999877929688,263.40374755859375,147.1144256591797,236.85598754882812,638.8342895507812,126.90752410888672,60.723636627197266,447.75482177734375,780.2628784179688,524.2434692382812,266.3443298339844,74.00604248046875,517.4271240234375,279.3240661621094,291.75067138671875,63.727516174316406,607.4677734375,478.5386657714844,63.631256103515625,83.89459228515625,575.3508911132812,218.01602172851562,129.73614501953125,55.959999084472656,51.62749481201172,154.59275817871094,94.84720611572266,129.60707092285156,598.8419189453125,423.7090148925781,488.85345458984375,98.76763153076172,73.00785064697266,837.260009765625,74.03717803955078,491.7159729003906,1039.800048828125,260.46466064453125,146.71792602539062,219.81033325195312,185.20785522460938,81.62666320800781,49.64103698730469,197.19500732421875,110.75486755371094,159.0033416748047,24.69159698486328,163.9176483154297,252.3470916748047,692.3876953125,110.70143127441406,123.58206939697266,200.53738403320312,318.87847900390625,125.02155303955078,,85.79000091552734,160.36056518554688,779.1697387695312,561.3079223632812,116.58394622802734,96.76348114013672,79.44470977783203,385.21954345703125,42.18193054199219,548.3099975585938,83.96760559082031,507.00067138671875,87.61429595947266,379.83111572265625,21.296016693115234,1189.8917236328125,147.7695770263672,118.78380584716797,531.146240234375,234.41217041015625,311.17999267578125,406.346923828125,201.30300903320312,580.5592041015625,230.10780334472656,124.73192596435547,48.14548110961914,306.68231201171875,135.57147216796875,483.9599914550781,38.237388610839844,71.62630462646484,218.57901000976562,83.65433502197266,117.30908203125,172.93984985351562
2024-11-15,224.2041015625,159.41592407226562,113.7447280883789,348.59307861328125,503.3699951171875,202.86026000976562,51.29542541503906,291.55755615234375,299.1499938964844,292.2200622558594,167.1409454345703,134.89999389648438,274.433837890625,189.9486083984375,202.61000061035156,93.59750366210938,377.0133361816406,309.2210693359375,69.96279907226562,,163.23898315429688,283.8126220703125,3107.530029296875,140.19000244140625,45.675113677978516,220.53431701660156,4939.7568359375,1026.2451171875,53.55778884887695,,86.98999786376953,67.30277252197266,73.82171630859375,,285.1835632324219,98.29854583740234,289.7099914550781,389.57000732421875,315.48980712890625,91.35118103027344,41.31897735595703,215.6615447998047,58.630001068115234,109.57173919677734,903.637939453125,323.3030700683594,56.015472412109375,34.59003448486328,213.9656219482422,51.425689697265625,154.41635131835938,393.4205322265625,229.11036682128906,114.0858154296875,109.19559478759766,242.78665161132812,393.499755859375,125.19754028320312,130.0621795654297,882.5636596679688,355.40374755859375,67.76000213623047,10.36900806427002,42.05872344970703,287.7066650390625,210.9199981689453,,282.1936950683594,175.8422088623047,85.84232330322266,56.44092559814453,173.1322479248047,171.73265075683594,581.6712036132812,340.1920166015625,398.7272033691406,225.43955993652344,271.8523254394531,200.92874145507812,153.8204345703125,24.350000381469727,683.3546752929688,527.6099853515625,264.1357727050781,149.17771911621094,240.2246856689453,608.5863037109375,129.22055053710938,59.937294006347656,443.42034912109375,741.76318359375,520.1973266601562,265.4084167480469,69.31572723388672,518.9086303710938,276.1150207519531,285.9559020996094,61.065731048583984,603.6148071289062,469.8233337402344,62.592742919921875,85.38713073730469,552.34326171875,218.6459503173828,127.93232727050781,52.0,52.13081741333008,153.98666381835938,92.87042236328125,131.20233154296875,588.2625732421875,411.9075927734375,484.1995544433594,95.93943786621094,74.0455551147461,823.9600219726562,74.99589538574219,485.4754333496094,1011.3900146484375,257.02142333984375,141.9392852783203,213.0185546875,181.9304656982422,80.8913345336914,48.95525360107422,193.5,108.05963134765625,152.7163848876953,23.53388023376465,166.3311004638672,250.6614990234375,693.6580810546875,109.41836547851562,123.95802307128906,200.26736450195312,321.9731750488281,126.12956237792969,,85.83000183105469,156.96693420410156,753.5794677734375,544.8692626953125,116.82048034667969,96.56723022460938,79.89051818847656,376.5215759277344,41.91980743408203,520.75,85.08032989501953,499.70306396484375,89.30962371826172,386.5699462890625,21.70758056640625,1173.470947265625,146.4793701171875,118.8432388305664,511.2763671875,232.30221557617188,320.7200012207031,403.74114990234375,196.53428649902344,579.6587524414062,230.09803771972656,126.07666778564453,47.753116607666016,308.0652770996094,135.70701599121094,465.70001220703125,38.96714782714844,73.1414794921875,214.8131103515625,83.43645477294922,116.0927963256836,173.44491577148438
2024-11-18,227.2134246826172,160.66233825683594,115.17757415771484,347.8240661621094,499.510009765625,206.1044464111328,50.680076599121094,291.8024597167969,302.04998779296875,291.2380065917969,168.97186279296875,138.92999267578125,271.89788818359375,192.259521484375,201.6999969482422,92.61750030517578,378.22601318359375,319.74298095703125,69.32786560058594,,164.06092834472656,282.4968566894531,3166.929931640625,143.8699951171875,45.645809173583984,219.505859375,4982.04345703125,1028.7926025390625,54.11032485961914,,90.44999694824219,67.53768920898438,73.3462905883789,,285.90643310546875,99.04667663574219,294.3299865722656,385.0199890136719,316.4023742675781,92.38615417480469,41.434608459472656,217.84420776367188,58.810001373291016,110.97650146484375,916.0308227539062,320.3111572265625,55.86924362182617,34.4324951171875,214.95986938476562,54.19083023071289,155.35372924804688,398.9231872558594,228.67303466796875,112.55912017822266,110.52926635742188,243.50933837890625,393.50958251953125,127.54783630371094,131.97598266601562,894.473876953125,354.25531005859375,69.88999938964844,10.557364463806152,42.895957946777344,288.4394836425781,212.74000549316406,,280.2437744140625,176.42857360839844,85.90058135986328,55.65922164916992,176.02955627441406,174.5303192138672,576.232177734375,333.139404296875,400.9348449707031,225.30172729492188,267.59210205078125,203.96731567382812,155.9366455078125,24.84000015258789,674.3541870117188,531.6400146484375,263.5892028808594,149.9236297607422,239.9504852294922,616.03515625,131.08059692382812,60.05378341674805,442.8970642089844,722.8761596679688,516.4331665039062,267.7432861328125,69.83026885986328,518.6500854492188,278.759521484375,284.4608459472656,63.387508392333984,612.8837890625,468.4634704589844,61.96186447143555,85.44566345214844,552.6622924804688,220.15188598632812,128.30690002441406,53.27000045776367,52.512962341308594,156.33282470703125,93.11148834228516,130.9282989501953,587.529541015625,412.6619567871094,485.53631591796875,97.10458374023438,74.08434295654297,847.0499877929688,73.26431274414062,480.2569274902344,1005.3400268554688,257.9658508300781,140.10980224609375,216.1101837158203,183.90086364746094,81.11133575439453,49.876163482666016,193.4149932861328,107.69384002685547,152.43719482421875,23.590818405151367,167.5181884765625,251.38670349121094,686.482421875,110.60497283935547,126.97528076171875,199.44769287109375,324.1644592285156,127.64591979980469,,84.66999816894531,160.87887573242188,758.7472534179688,546.0022583007812,117.66808319091797,98.50997161865234,80.63355255126953,372.9053039550781,42.220760345458984,523.97998046875,85.89006042480469,499.4151306152344,90.01680755615234,385.89605712890625,22.004289627075195,1171.77734375,150.74481201171875,118.54605102539062,499.5278015136719,233.7022705078125,338.739990234375,405.5047912597656,202.4561004638672,577.133544921875,228.96498107910156,128.63742065429688,48.43257141113281,310.57244873046875,139.4346923828125,467.010009765625,39.52850341796875,72.89550018310547,215.21731567382812,83.26809692382812,117.06582641601562,174.7125244140625
2024-11-19,227.4724884033203,160.94253540039062,114.95184326171875,348.96771240234375,499.6099853515625,206.87124633789062,50.94929504394531,291.4596252441406,305.20001220703125,290.1468505859375,167.5664825439453,139.38999938964844,273.0585632324219,194.49307250976562,204.61000061035156,94.42500305175781,376.8741760253906,319.8502502441406,70.41918182373047,,163.74404907226562,282.5067138671875,3106.909912109375,145.60000610351562,45.342933654785156,218.07577514648438,4941.54443359375,1007.3735961914062,55.47261047363281,,90.33000183105469,67.14615631103516,73.62362670898438,,281.0939636230469,98.93303680419922,299.6300048828125,384.8399963378906,316.451416015625,91.40000915527344,40.779361724853516,219.85455322265625,58.72999954223633,110.32289123535156,926.6306762695312,321.48406982421875,55.576786041259766,34.06818389892578,216.71974182128906,53.92011260986328,154.2327423095703,394.54473876953125,229.4483184814453,111.44879150390625,110.56820678710938,241.85604858398438,387.126220703125,127.94284057617188,130.66143798828125,907.7708129882812,360.0567932128906,70.19999694824219,10.406679153442383,43.457393646240234,286.33880615234375,215.1199951171875,,275.3052062988281,176.46835327148438,85.21112060546875,54.531192779541016,178.7974395751953,177.33792114257812,569.75439453125,332.4053649902344,397.379150390625,224.6618194580078,273.93310546875,206.08453369140625,156.17396545410156,24.200000762939453,639.9414672851562,538.8200073242188,260.0754699707031,148.2090301513672,238.05068969726562,611.4664916992188,130.6951141357422,60.76247024536133,438.444091796875,725.3910522460938,518.6702880859375,255.41867065429688,69.4344711303711,516.4924926757812,276.600341796875,284.0992431640625,63.028072357177734,612.93359375,465.3267517089844,61.99098205566406,82.9190673828125,559.331298828125,217.25811767578125,126.35523223876953,53.72999954223633,52.06557083129883,155.23794555664062,93.09220886230469,129.42112731933594,591.5017700195312,414.67681884765625,482.6746826171875,97.32366943359375,74.7535171508789,871.3200073242188,72.30560302734375,482.5566101074219,1022.0999755859375,255.49655151367188,146.9678497314453,215.8353729248047,187.0396270751953,80.0393295288086,49.474491119384766,194.02999877929688,106.24996948242188,150.88710021972656,23.81856346130371,167.52798461914062,249.41693115234375,684.5768432617188,111.06803131103516,124.8738021850586,197.5480194091797,321.43499755859375,127.27653503417969,,84.08999633789062,161.08425903320312,741.4215698242188,544.6008911132812,117.2442855834961,96.4985580444336,79.44470977783203,371.06732177734375,41.84213638305664,534.02001953125,86.13394927978516,498.73004150390625,90.46244812011719,385.18255615234375,21.755434036254883,1170.1585693359375,150.20559692382812,118.43708038330078,507.33026123046875,229.92604064941406,346.0,409.23016357421875,196.4854278564453,564.7520141601562,227.87100219726562,126.80012512207031,48.23160934448242,310.2640075683594,137.4982147216797,448.010009765625,39.2291145324707,72.24614715576172,215.94683837890625,85.76375579833984,115.4311294555664,173.86083984375
2024-11-20,228.18994140625,162.0923309326172,113.774169921875,352.0438537597656,499.5,207.44143676757812,51.45888137817383,292.4881286621094,307.8399963378906,293.50970458984375,168.73435974121094,137.60000610351562,280.7835998535156,194.2320098876953,202.8800048828125,95.42749786376953,377.7986145019531,319.7039794921875,70.32987976074219,,161.6644287109375,284.6436462402344,3049.580078125,146.0800018310547,45.00098419189453,217.83090209960938,4980.70361328125,1004.0029907226562,55.13917922973633,,90.16999816894531,66.83293151855469,73.79200744628906,,280.07403564453125,98.83834075927734,304.010009765625,389.1199951171875,317.32476806640625,91.69293212890625,41.42497634887695,218.26544189453125,58.880001068115234,110.65457153320312,924.5684814453125,323.7404479980469,56.05447006225586,34.03864288330078,217.49525451660156,54.9449577331543,155.90455627441406,399.3472595214844,231.69471740722656,113.27289581298828,110.72396087646484,239.3513641357422,390.34735107421875,127.48859405517578,131.67636108398438,903.77783203125,356.85906982421875,69.54000091552734,10.105307579040527,43.043704986572266,281.4241638183594,217.94000244140625,,274.41351318359375,176.8857421875,86.06566619873047,54.2937126159668,176.55726623535156,175.2073211669922,570.2933959960938,330.3124084472656,390.73663330078125,223.15553283691406,289.89886474609375,210.3483428955078,154.03799438476562,24.010000228881836,646.329345703125,541.8200073242188,259.9973449707031,148.3155975341797,235.78860473632812,612.6285400390625,131.42755126953125,61.150794982910156,444.4472351074219,748.9302368164062,520.1000366210938,259.1328125,69.31572723388672,509.6119689941406,277.5016784667969,284.275146484375,63.2612190246582,618.3994140625,471.09393310546875,62.52479934692383,82.05086517333984,563.7474365234375,218.46878051757812,126.01023864746094,53.70000076293945,52.17742156982422,156.7029266357422,93.9600601196289,128.88284301757812,576.5143432617188,412.3939208984375,487.7641906738281,97.96100616455078,74.5595474243164,883.8499755859375,71.76753234863281,483.5001220703125,1022.97998046875,254.72923278808594,145.84817504882812,216.2574005126953,188.8714141845703,79.25800323486328,49.876163482666016,196.44500732421875,105.87456512451172,152.8319091796875,23.666732788085938,167.65553283691406,251.87667846679688,685.2417602539062,110.49884796142578,125.69319152832031,196.67050170898438,319.9068298339844,127.77227020263672,,84.73999786376953,150.8740692138672,740.1768188476562,546.081787109375,117.4315414428711,96.4102554321289,79.71219635009766,369.23931884765625,42.259586334228516,541.5599975585938,85.82176971435547,499.5442199707031,90.2105712890625,382.2095031738281,21.85114860534668,1209.9149169921875,118.0464096069336,118.61538696289062,511.0372009277344,232.16416931152344,342.0299987792969,407.3774108886719,193.6710968017578,587.753173828125,228.1347198486328,125.74346160888672,48.55698013305664,305.82672119140625,137.7518768310547,451.2300109863281,39.50043869018555,72.39372253417969,215.6806640625,86.3381576538086,117.0755615234375,173.9697723388672
2024-11-21,227.71165466308594,165.92820739746094,115.07942962646484,355.9677734375,504.44000244140625,210.34156799316406,51.62387466430664,298.3459167480469,315.4100036621094,300.01715087890625,174.3492431640625,137.49000549316406,282.7636413574219,196.09814453125,198.3800048828125,101.24250030517578,380.3233337402344,320.7084045410156,72.66131591796875,,162.3477325439453,289.8773193359375,3068.68994140625,143.41000366210938,45.391780853271484,220.82818603515625,5173.80810546875,1007.2657470703125,55.47261047363281,,91.5,67.48873138427734,75.28765869140625,,282.32183837890625,98.9614486694336,306.510009765625,383.8399963378906,323.87945556640625,92.02488708496094,41.91640853881836,216.8868865966797,59.97999954223633,109.1620101928711,952.0341796875,333.7597961425781,56.11296081542969,34.796810150146484,220.2195587158203,55.205997467041016,156.19448852539062,431.47564697265625,233.63294982910156,113.72892761230469,111.81427001953125,240.98484802246094,396.3575439453125,126.66895294189453,130.9707489013672,908.3609008789062,367.2442932128906,70.37999725341797,10.171234130859375,43.102806091308594,288.3906555175781,217.41000366210938,,274.2959289550781,177.60133361816406,87.16297149658203,55.095211029052734,168.5025177001953,166.8939971923828,584.1898193359375,329.5585021972656,400.9446105957031,222.58450317382812,291.61474609375,217.99380493164062,156.5892791748047,24.440000534057617,674.244873046875,550.6199951171875,263.3842468261719,150.6307373046875,239.68609619140625,628.8472900390625,132.06362915039062,61.8983039855957,449.31488037109375,745.4610595703125,527.1807861328125,261.29034423828125,72.36343383789062,512.1573486328125,281.3631286621094,281.8907775878906,64.61154174804688,625.4979248046875,474.3994140625,62.8839225769043,82.66543579101562,561.3250122070312,220.89007568359375,125.49768829345703,53.97999954223633,52.22401809692383,156.6144256591797,96.29363250732422,132.11251831054688,575.8606567382812,410.61370849609375,489.9822082519531,102.33274841308594,75.02507019042969,897.47998046875,73.46976470947266,487.8537292480469,1047.050048828125,259.9727783203125,146.62796020507812,220.40902709960938,190.53488159179688,80.31600189208984,50.493370056152344,198.85000610351562,109.78265380859375,154.3723602294922,23.847034454345703,169.4803466796875,258.1682434082031,697.3997802734375,109.94896697998047,126.48365783691406,198.40623474121094,322.7804870605469,127.73339080810547,,84.81999969482422,152.0378875732422,741.3219604492188,550.8622436523438,118.79163360595703,98.1763687133789,80.04903411865234,380.8233642578125,42.77412414550781,557.9400024414062,85.98761749267578,507.7254638671875,91.73151397705078,386.6294250488281,21.99471664428711,1160.343505859375,117.92032623291016,118.64511108398438,514.28564453125,233.2586212158203,339.6400146484375,411.5684509277344,193.6808624267578,584.8070068359375,233.46791076660156,125.05805969238281,49.179012298583984,308.3239440917969,137.66407775878906,450.3699951171875,39.76239776611328,73.62358093261719,218.3917236328125,87.5364761352539,118.64214324951172,174.99972534179688
2024-11-22,229.05686950683594,170.97183227539062,115.57014465332031,353.6114196777344,512.1500244140625,210.96090698242188,51.565643310546875,298.9140930175781,321.2699890136719,301.85235595703125,173.48617553710938,138.35000610351562,287.2796630859375,197.54847717285156,197.1199951171875,101.62000274658203,383.89178466796875,323.5850830078125,73.70301818847656,,162.63490295410156,298.0888366699219,3099.3798828125,149.2899932861328,45.919368743896484,219.40789794921875,5140.2783203125,1015.55517578125,56.082298278808594,,90.0,68.35987091064453,76.26824951171875,,282.4208679199219,99.85162353515625,311.8699951171875,388.2699890136719,322.28985595703125,92.67906951904297,41.88749313354492,219.26100158691406,62.0099983215332,109.01567840576172,960.362548828125,339.9622497558594,57.07807159423828,35.23004913330078,220.4879913330078,56.085811614990234,156.89993286132812,440.4593811035156,234.41818237304688,114.65089416503906,111.65850830078125,242.84605407714844,395.3263854980469,128.44650268554688,131.7923583984375,920.9202270507812,373.6397399902344,70.4800033569336,10.5291109085083,43.06340408325195,293.09033203125,221.55999755859375,,276.1380615234375,180.03627014160156,87.58052825927734,57.91527557373047,165.84417724609375,164.03659057617188,590.7265014648438,322.3075256347656,410.2734680175781,225.5576934814453,293.9815368652344,218.55250549316406,157.51882934570312,24.5,635.9181518554688,547.8699951171875,267.3860168457031,150.3110809326172,243.39752197265625,635.1937866210938,133.40325927734375,62.05363464355469,449.0285339355469,743.5624389648438,527.3850708007812,260.7583312988281,71.87857818603516,517.8844604492188,282.2069091796875,283.6594543457031,65.232666015625,620.4403076171875,477.96929931640625,62.50539016723633,84.09945678710938,557.3873901367188,224.23660278320312,126.58194732666016,54.060001373291016,52.87647247314453,155.8180389404297,95.63792419433594,131.81890869140625,584.0130615234375,414.7211608886719,495.9827575683594,102.21324157714844,74.20008087158203,897.7899780273438,75.71983337402344,488.3058166503906,1060.5999755859375,264.586669921875,141.9093017578125,222.1855010986328,190.39625549316406,81.82466888427734,50.87545394897461,191.67999267578125,110.45645904541016,155.9705810546875,24.340486526489258,172.94351196289062,260.73583984375,701.5582275390625,111.71440124511719,125.3075942993164,202.5720672607422,324.4431457519531,129.54136657714844,,86.7699966430664,153.33859252929688,734.8497314453125,556.7062377929688,119.0281753540039,100.5704345703125,80.5047607421875,385.77093505859375,42.93916320800781,565.0700073242188,85.46080017089844,510.79351806640625,91.32463836669922,381.38702392578125,22.186141967773438,1179.2344970703125,121.23711395263672,120.32915496826172,511.4556884765625,234.9347381591797,352.55999755859375,413.6491394042969,193.48541259765625,578.32763671875,236.75961303710938,128.34230041503906,50.231685638427734,308.3438415527344,137.46897888183594,450.9700012207031,40.37052917480469,74.7353515625,221.2309112548828,89.56668853759766,118.50592041015625,175.24729919433594
2024-11-25,232.04624938964844,171.078125,115.9332504272461,356.2044372558594,518.72998046875,219.7988739013672,51.44917678833008,298.4438781738281,319.3900146484375,303.9355163574219,173.15879821777344,141.1300048828125,286.7626647949219,200.6812744140625,201.4499969482422,99.93000030517578,387.3807373046875,325.6719055175781,72.71092224121094,,163.2191925048828,301.9571838378906,3109.56005859375,153.10000610351562,46.40787124633789,220.8575439453125,5072.4453125,1010.6853637695312,55.996559143066406,,89.25,69.25059509277344,78.1204833984375,,283.6190490722656,100.45771026611328,312.3900146484375,384.4700012207031,326.7643127441406,93.08916473388672,41.6273307800293,219.57691955566406,62.0,103.50392150878906,957.2543334960938,337.0697326660156,57.26329803466797,36.057132720947266,222.61570739746094,58.087154388427734,154.96717834472656,456.2770690917969,236.24710083007812,114.99787139892578,111.95055389404297,244.4498291015625,400.2857666015625,131.09303283691406,127.56841278076172,958.2735595703125,372.91705322265625,71.2699966430664,10.736302375793457,43.71349334716797,298.1515197753906,221.75999450683594,,275.6873474121094,179.10205078125,87.8718490600586,59.5677375793457,168.69168090820312,166.9138946533203,590.9714965820312,322.9919738769531,418.7427062988281,227.02459716796875,299.96746826171875,221.64991760253906,157.8550567626953,24.8700008392334,630.4542236328125,536.5499877929688,269.74798583984375,150.90199279785156,245.10147094726562,640.2789306640625,134.09715270996094,62.50020217895508,449.927001953125,750.5108642578125,507.611328125,271.2406921386719,72.9373550415039,523.5917358398438,285.88970947265625,289.4347229003906,68.3236083984375,614.0087890625,491.26446533203125,63.02950668334961,83.65071105957031,563.338623046875,227.08114624023438,128.45474243164062,54.97999954223633,52.895118713378906,153.8712921142578,97.54721069335938,130.8108673095703,587.1432495117188,416.5013732910156,483.5757141113281,104.04560852050781,74.82492065429688,865.5900268554688,77.53945922851562,476.9057312011719,1052.7099609375,271.45343017578125,135.9810028076172,229.51710510253906,186.13861083984375,82.58399963378906,49.41571044921875,193.19000244140625,112.17948913574219,156.9815216064453,24.833940505981445,174.0325164794922,260.5594177246094,699.126708984375,113.90430450439453,126.00166320800781,204.8863983154297,334.2943115234375,129.5510711669922,,87.7699966430664,155.3239288330078,746.3106079101562,554.5197143554688,116.93875122070312,99.9228515625,81.010009765625,397.10662841796875,42.473175048828125,561.8699951171875,86.26077270507812,516.8003540039062,91.80901336669922,381.44647216796875,22.109573364257812,1179.85205078125,126.59051513671875,123.61795806884766,512.392333984375,236.57144165039062,338.5899963378906,409.5174865722656,198.30300903320312,592.9700317382812,243.52865600585938,130.93161010742188,51.3226432800293,311.59722900390625,136.4055938720703,461.7099914550781,41.14706039428711,75.66020965576172,222.45333862304688,88.6357650756836,116.73500061035156,176.98036193847656
2024-11-26,234.22850036621094,175.02029418945312,115.76641845703125,358.06781005859375,525.2999877929688,215.34547424316406,52.138275146484375,301.67645263671875,317.9599914550781,310.4528503417969,171.81954956054688,137.72000122070312,273.1170959472656,201.1163787841797,207.86000061035156,102.0824966430664,387.90753173828125,326.4617919921875,72.68115997314453,,163.1399688720703,302.3133544921875,3144.2099609375,150.75999450683594,46.652122497558594,219.65277099609375,5177.5810546875,1005.7763671875,55.958457946777344,,90.20999908447266,68.27178192138672,76.20882415771484,,285.6589050292969,100.66604614257812,310.1000061035156,390.2900085449219,328.71697998046875,94.29988861083984,41.08771896362305,224.38259887695312,62.709999084472656,104.16728973388672,967.8241577148438,341.115234375,58.09192657470703,36.12605667114258,225.1709747314453,57.05263900756836,157.06419372558594,454.64996337890625,235.15374755859375,114.4526138305664,113.93645477294922,244.90524291992188,394.7469482421875,131.33990478515625,128.1096954345703,962.119140625,373.5209655761719,71.55000305175781,10.453768730163574,42.82700729370117,296.03131103515625,222.4499969482422,,276.3438415527344,183.46507263183594,88.70697021484375,54.21455764770508,169.8765106201172,168.37744140625,593.3920288085938,326.2950744628906,419.5729675292969,226.82769775390625,291.4964294433594,224.29641723632812,158.7055206298828,24.049999237060547,634.6365966796875,542.0999755859375,269.8846435546875,150.88246154785156,244.7880859375,627.1688232421875,134.665771484375,62.66524124145508,450.8255310058594,784.6267700195312,507.18341064453125,270.4032897949219,71.92805480957031,525.4608764648438,286.0683898925781,289.5715026855469,66.91508483886719,622.2423095703125,496.8629455566406,62.97126770019531,83.58242797851562,571.7422485351562,229.10874938964844,131.04708862304688,54.83000183105469,53.67805480957031,154.50054931640625,97.99078369140625,128.48158264160156,596.2862548828125,425.6510925292969,491.7051086425781,101.37673950195312,75.65478515625,872.5999755859375,75.9252700805664,480.0112609863281,1070.0699462890625,271.61083984375,136.88075256347656,224.42323303222656,188.4951629638672,82.947998046875,48.83769226074219,198.1999969482422,111.4864273071289,156.12464904785156,24.454360961914062,175.91616821289062,262.6565856933594,701.5383911132812,112.07134246826172,127.5151138305664,206.55465698242188,336.4183044433594,130.4939422607422,,86.94000244140625,153.4755096435547,749.8156127929688,558.445556640625,118.8704833984375,98.78469848632812,81.48555755615234,393.55987548828125,42.21105194091797,553.9500122070312,87.1485595703125,519.1476440429688,90.37525177001953,386.2032775878906,22.100000381469727,1181.377197265625,122.73062896728516,125.01472473144531,511.1766357421875,241.48150634765625,338.2300109863281,415.2839660644531,196.3681640625,593.9096069335938,239.9243621826172,128.4755859375,51.351348876953125,310.23419189453125,136.38609313964844,467.07000732421875,41.51194381713867,76.10294342041016,224.22784423828125,90.42827606201172,114.78893280029297,173.99948120117188
2024-11-27,234.0989532470703,176.89476013183594,116.73800659179688,357.0621643066406,513.6799926757812,213.49728393554688,52.76913070678711,300.64788818359375,290.6400146484375,312.63525390625,169.95455932617188,136.24000549316406,273.1756286621094,202.37335205078125,205.74000549316406,100.57250213623047,390.9491882324219,324.9405212402344,72.1652603149414,,158.1192169189453,301.0074157714844,3190.10009765625,152.39999389648438,46.671661376953125,217.42930603027344,5185.951171875,998.8882446289062,56.46335983276367,,90.75,68.673095703125,76.16919708251953,,287.5007019042969,101.04483795166016,304.67999267578125,389.80999755859375,330.1888732910156,94.47563934326172,41.010623931884766,227.1970672607422,62.04999923706055,104.76235961914062,957.9118041992188,328.0245361328125,57.799468994140625,36.01775360107422,222.76486206054688,57.971134185791016,156.65830993652344,459.5412292480469,237.39015197753906,116.58403778076172,114.3063735961914,245.22203063964844,395.5227966308594,130.9350128173828,128.64132690429688,962.9451293945312,368.2640075683594,72.06999969482422,10.453768730163574,43.102806091308594,296.4319152832031,220.58999633789062,,276.6280517578125,179.48965454101562,89.7363052368164,54.91709518432617,170.0756378173828,168.48696899414062,593.323486328125,322.8431701660156,419.49444580078125,226.07948303222656,292.5713195800781,222.42425537109375,159.397705078125,23.649999618530273,631.9940795898438,538.5499877929688,269.4259338378906,151.74172973632812,244.61180114746094,627.8342895507812,134.1549835205078,62.548744201660156,451.3389587402344,783.5034790039062,511.3657531738281,269.14227294921875,70.81978607177734,529.338623046875,283.50732421875,288.3500061035156,66.38688659667969,623.6162109375,498.0761413574219,63.14597702026367,84.1579818725586,567.415771484375,229.57135009765625,130.58383178710938,55.13999938964844,53.73398208618164,152.75045776367188,99.43721008300781,128.4130859375,599.2579956054688,420.6784362792969,495.7451171875,97.79170989990234,76.660400390625,877.3400268554688,76.6394271850586,480.6500549316406,1041.4000244140625,270.9123840332031,135.3011932373047,222.3327178955078,180.9007110595703,82.93399810791016,49.29814910888672,192.18499755859375,111.83295440673828,156.66378784179688,24.511295318603516,175.96524047851562,261.519775390625,694.6207885742188,113.64382934570312,127.07169342041016,207.3260955810547,337.6868896484375,129.61911010742188,,86.56999969482422,152.95716857910156,751.6477661132812,560.8904418945312,118.60437774658203,99.59906768798828,81.83230590820312,391.3940734863281,42.385799407958984,547.739990234375,87.54853820800781,520.042724609375,91.33432006835938,384.6474304199219,22.27228546142578,1168.9515380859375,126.16378784179688,125.1732177734375,519.826171875,243.61886596679688,332.8900146484375,412.2619934082031,194.64830017089844,595.4660034179688,239.53366088867188,129.16098022460938,51.17909240722656,313.09954833984375,135.1763458251953,464.55999755859375,41.52130126953125,75.96520233154297,225.22352600097656,90.9927749633789,114.48728942871094,175.0294189453125
2024-11-29,236.490478515625,176.74981689453125,116.56134796142578,357.26922607421875,515.9299926757812,214.36239624023438,52.99235916137695,300.6577453613281,291.8999938964844,309.7386169433594,173.31753540039062,137.17999267578125,275.9066467285156,202.08328247070312,207.88999938964844,101.45500183105469,389.1898193359375,326.0229797363281,72.07597351074219,,160.50579833984375,301.43280029296875,3169.5400390625,155.44000244140625,46.417640686035156,217.3509521484375,5164.93212890625,1002.1705932617188,56.41572952270508,,90.66000366210938,69.36804962158203,76.6347427368164,,285.90643310546875,100.61869812011719,306.80999755859375,396.9700012207031,331.4644775390625,94.34870910644531,41.6176872253418,227.83847045898438,61.52000045776367,105.6891098022461,968.2027587890625,328.0046081542969,57.72148132324219,36.10665512084961,224.494873046875,57.864784240722656,156.48435974121094,459.44256591796875,238.24497985839844,116.45516967773438,113.94619750976562,246.2813262939453,399.6572265625,130.9449005126953,128.8056182861328,965.2859497070312,371.6696472167969,71.3499984741211,10.48202133178711,43.536197662353516,295.72845458984375,220.9600067138672,,278.2938232421875,181.04005432128906,89.90138244628906,55.00615310668945,169.7470703125,168.20819091796875,596.400634765625,324.5790100097656,421.3995056152344,229.31846618652344,292.2755126953125,222.90455627441406,159.1702880859375,24.049999237060547,637.517578125,542.0,270.8703918457031,151.3609161376953,244.54327392578125,642.6228637695312,134.29954528808594,62.6807975769043,455.15997314453125,790.6209106445312,514.9255981445312,268.3935241699219,73.10557556152344,529.8954467773438,286.97174072265625,289.2588195800781,66.68032836914062,625.7268676757812,497.1811828613281,63.03919982910156,84.42137145996094,572.5198364257812,229.56150817871094,131.6188201904297,55.130001068115234,53.817867279052734,153.52716064453125,98.01006317138672,128.80455017089844,603.8839111328125,421.1458435058594,494.7945251464844,97.5427474975586,76.80684661865234,886.8099975585938,77.06008911132812,481.2102355957031,1049.43994140625,271.374755859375,138.2103729248047,225.12008666992188,183.0196075439453,82.88133239746094,49.55287170410156,193.91000366210938,112.62227630615234,157.3666229248047,24.871896743774414,175.86712646484375,263.4993896484375,697.6181640625,112.6598129272461,128.26699829101562,207.05609130859375,334.5057067871094,130.23147583007812,,86.7699966430664,155.040283203125,747.0175170898438,562.9675903320312,120.07289123535156,100.53118133544922,81.99081420898438,394.8116455078125,42.65762710571289,558.489990234375,86.95343780517578,519.6946411132812,90.74337768554688,388.621337890625,22.1669979095459,1172.357421875,128.31678771972656,124.509521484375,527.7681274414062,244.35110473632812,345.1600036621094,412.390869140625,196.44635009765625,597.247314453125,238.97691345214844,129.19906616210938,50.99726867675781,313.4775695800781,135.6836700439453,468.1300048828125,41.4838752746582,74.94196319580078,224.98690795898438,91.60678100585938,114.77920532226562,173.55386352539062
2024-12-02,238.7424774169922,175.62901306152344,114.63780212402344,356.29315185546875,516.2000122070312,219.3466339111328,52.67207717895508,299.776123046875,296.6499938964844,305.4929504394531,181.80929565429688,142.05999755859375,271.2541198730469,200.46856689453125,210.7100067138672,102.5250015258789,385.3827819824219,327.2809143066406,72.5025863647461,,164.89276123046875,299.0386657714844,3179.52001953125,156.5399932861328,45.95844650268555,218.25209045410156,5187.07275390625,999.5348510742188,57.101627349853516,,90.43000030517578,69.87702941894531,75.56499481201172,,287.0749206542969,99.73797607421875,310.2699890136719,394.42999267578125,330.73834228515625,94.81737518310547,41.714054107666016,225.55052185058594,60.540000915527344,103.5429458618164,971.3109130859375,329.0184631347656,57.93594741821289,35.899208068847656,221.36293029785156,57.12032699584961,156.7549591064453,456.53350830078125,239.8353271484375,116.1478500366211,112.12577819824219,245.96453857421875,403.02569580078125,132.1002960205078,126.8531494140625,948.9205322265625,368.5015869140625,70.52999877929688,10.340754508972168,42.98460388183594,289.88555908203125,218.50999450683594,,270.87615966796875,179.3306427001953,91.29971313476562,54.4619255065918,172.22622680664062,170.737060546875,592.59912109375,324.9857177734375,419.2685546875,226.38467407226562,289.07049560546875,222.88494873046875,156.5299530029297,23.93000030517578,629.9078369140625,542.8499755859375,271.82696533203125,151.15586853027344,241.1452178955078,661.4934692382812,134.50193786621094,62.260189056396484,453.8764343261719,795.04443359375,509.27825927734375,268.0191345214844,77.68704223632812,528.324462890625,284.1426086425781,287.48931884765625,68.7735595703125,619.2482299804688,494.62554931640625,63.310977935791016,84.42137145996094,590.9718017578125,229.37451171875,130.98797607421875,54.97999954223633,53.29590606689453,154.76602172851562,97.01685333251953,128.23692321777344,603.2301635742188,428.6247863769531,491.823974609375,98.1402587890625,75.24473571777344,897.739990234375,77.76805877685547,478.40740966796875,1048.4300537109375,268.32501220703125,138.59027099609375,229.28152465820312,179.6234130859375,83.12133026123047,49.396114349365234,195.0850067138672,111.89070892333984,156.9815216064453,24.501806259155273,176.2987823486328,258.7562561035156,695.4246826171875,111.75298309326172,126.30049896240234,203.81600952148438,330.68060302734375,132.61293029785156,,86.52999877929688,159.4412384033203,759.0858764648438,565.1441650390625,116.96831512451172,99.59906768798828,80.63355255126953,393.0035095214844,42.35667419433594,565.9299926757812,85.62664031982422,520.0526733398438,89.22242736816406,386.1239929199219,21.726722717285156,1179.3748779296875,126.77478790283203,125.00482177734375,528.0870971679688,242.2533416748047,357.0899963378906,410.9739990234375,197.1792449951172,595.6029663085938,235.18702697753906,127.58073425292969,50.49964141845703,315.03961181640625,136.7177734375,465.7300109863281,41.02543258666992,74.06631469726562,221.9308319091797,91.74543762207031,114.67215728759766,175.0987548828125
2024-12-03,241.79165649414062,175.36814880371094,114.12747192382812,347.57757568359375,516.260009765625,217.79335021972656,51.60446548461914,297.3663330078125,298.9599914550781,307.328125,181.70018005371094,141.97999572753906,271.46868896484375,200.91331481933594,213.44000244140625,103.61499786376953,383.24566650390625,322.4246520996094,72.55218505859375,,166.51683044433594,298.89019775390625,3189.5,155.0,45.74350357055664,216.72406005859375,5177.24365234375,1018.0439453125,55.91082000732422,,90.47000122070312,69.9063949584961,74.86174774169922,,283.4507141113281,99.14137268066406,313.25,397.6099853515625,328.618896484375,92.37640380859375,41.29970932006836,230.45188903808594,60.939998626708984,103.45515441894531,978.4338989257812,329.4359436035156,57.98469543457031,35.563331604003906,221.3728790283203,57.2266731262207,156.4747314453125,452.884765625,239.41786193847656,115.4439697265625,110.62661743164062,245.68731689453125,400.747314453125,131.7349090576172,127.39444732666016,947.7501831054688,370.0163269042969,70.19999694824219,10.190069198608398,43.171756744384766,276.36297607421875,215.3800048828125,,271.83648681640625,179.60890197753906,89.8139877319336,53.09642028808594,172.26605224609375,170.5876922607422,592.9635009765625,324.43023681640625,421.6155700683594,223.44105529785156,287.09820556640625,224.46304321289062,154.5225372314453,22.469999313354492,631.8450317382812,541.7100219726562,269.37713623046875,148.7733154296875,239.744873046875,661.185546875,131.8516082763672,62.13302230834961,453.69818115234375,808.4940795898438,506.0092468261719,270.324462890625,77.5188217163086,523.1741333007812,282.84222412109375,289.5144348144531,63.96107482910156,615.9192504882812,490.9263610839844,62.903324127197266,83.6116943359375,611.7265014648438,226.5496368408203,129.2728729248047,54.189998626708984,53.03492736816406,152.87826538085938,98.21256256103516,127.65949249267578,602.3683471679688,428.84356689453125,492.8735656738281,99.42488861083984,74.48320770263672,902.1699829101562,77.54190826416016,478.8613586425781,1057.3199462890625,265.7377014160156,140.2198028564453,224.12879943847656,181.0888214111328,83.19933319091797,49.37652587890625,196.2949981689453,112.4778823852539,155.68173217773438,24.255081176757812,172.0998077392578,257.3548278808594,695.6331787109375,112.29322814941406,125.0184097290039,201.5498809814453,323.0111389160156,130.71749877929688,,85.13999938964844,159.00115966796875,746.370361328125,563.385009765625,116.39668273925781,99.65794372558594,80.3660659790039,392.7452087402344,42.3760871887207,570.1900024414062,84.15352630615234,515.39794921875,89.13524627685547,387.45196533203125,22.722131729125977,1177.7281494140625,127.48274230957031,123.57833862304688,532.541259765625,242.28302001953125,351.4200134277344,408.7644958496094,192.73297119140625,592.3828125,231.48504638671875,123.47782135009766,49.85846710205078,311.41815185546875,134.1129608154297,456.9700012207031,41.0067253112793,72.9447021484375,221.82240295410156,92.60704040527344,114.49701690673828,175.2274932861328
2024-12-04,242.15037536621094,170.49839782714844,113.81341552734375,354.9621276855469,536.489990234375,214.608154296875,50.24568557739258,297.2879943847656,304.2300109863281,304.79852294921875,179.7161102294922,143.99000549316406,271.4101867675781,200.6329345703125,218.16000366210938,105.43000030517578,379.70709228515625,319.3431701660156,73.8121566772461,,168.90342712402344,299.3750305175781,3189.97998046875,158.27999877929688,45.30385208129883,216.89056396484375,5205.818359375,1014.1245727539062,55.60597229003906,,90.83999633789062,69.98470306396484,74.66363525390625,,281.81683349609375,97.96708679199219,324.5400085449219,402.1199951171875,325.288330078125,92.57167053222656,41.0009880065918,232.625,63.88999938964844,100.97730255126953,987.1707153320312,365.65673828125,58.12117385864258,34.87181854248047,222.3174591064453,56.12448501586914,152.99578857421875,449.93621826171875,234.83566284179688,115.97931671142578,110.27616119384766,246.3704376220703,392.9301452636719,132.65330505371094,125.20030212402344,949.707275390625,373.7486267089844,74.19999694824219,10.114727020263672,42.39361572265625,276.9296875,215.85000610351562,,272.0716247558594,181.52703857421875,88.94001770019531,52.79957580566406,175.32266235351562,173.60440063476562,589.64453125,321.4742736816406,420.2113037109375,226.22715759277344,284.0904235839844,228.86410522460938,154.36431884765625,21.959999084472656,650.3428344726562,549.9500122070312,269.2892150878906,146.92779541015625,238.35427856445312,661.6820678710938,131.8323211669922,60.851627349853516,455.015380859375,824.9058837890625,506.49859619140625,268.23590087890625,77.4396743774414,518.1629028320312,287.5077819824219,290.0944519042969,60.29301834106445,609.9788208007812,495.4111328125,61.408634185791016,83.23123931884766,611.8560791015625,226.1264190673828,128.5828857421875,53.75,52.6154899597168,147.87374877929688,97.74971008300781,127.21910095214844,610.12451171875,435.0295715332031,492.9825134277344,102.77091217041016,73.94622802734375,911.0599975585938,77.06008911132812,480.2529296875,1123.1300048828125,263.2881164550781,145.09840393066406,219.51588439941406,186.33663940429688,82.86133575439453,47.906982421875,202.2899932861328,113.97952270507812,154.21832275390625,23.941926956176758,171.79566955566406,255.14007568359375,691.2562866210938,110.99085235595703,125.77993774414062,200.49879455566406,321.5887145996094,126.94605255126953,,89.33000183105469,159.74441528320312,751.040283203125,572.4193115234375,117.51038360595703,98.80431365966797,80.75243377685547,389.5163879394531,41.755714416503906,588.0,83.7535400390625,517.456787109375,88.64118194580078,386.2528076171875,22.521135330200195,1223.669189453125,126.1444091796875,124.32130432128906,527.0108032226562,240.5315704345703,357.92999267578125,413.6392517089844,192.16619873046875,597.8248291015625,229.54127502441406,122.59249877929688,49.772335052490234,308.3239440917969,130.7960205078125,463.9800109863281,39.78110885620117,71.8821029663086,222.0984344482422,93.53795623779297,111.19842529296875,173.6231689453125
2024-12-05,242.18028259277344,170.21820068359375,113.44049072265625,353.0888977050781,538.219970703125,210.9215850830078,50.74066925048828,295.6325378417969,305.1700134277344,301.14801025390625,170.6588897705078,141.36000061035156,267.576904296875,202.2379913330078,220.5500030517578,106.83000183105469,377.4507141113281,313.97003173828125,73.80223083496094,,168.81431579589844,297.3270263671875,3190.070068359375,156.6699981689453,45.919368743896484,217.68399047851562,5250.279296875,1028.7767333984375,56.05372619628906,,90.52999877929688,70.69922637939453,73.28685760498047,,283.81707763671875,97.84398651123047,303.7900085449219,404.1400146484375,317.88824462890625,92.85482788085938,41.23225402832031,235.5160369873047,65.22000122070312,101.88453674316406,978.5435180664062,359.20574951171875,58.51111602783203,34.200069427490234,221.9396209716797,54.973960876464844,153.97181701660156,441.90899658203125,226.49623107910156,115.4935531616211,110.98680877685547,245.4992218017578,387.50677490234375,131.48802185058594,125.67393493652344,957.732666015625,367.34326171875,72.43000030517578,9.832191467285156,42.14737319946289,273.0116271972656,204.0,,269.61212158203125,171.84693908691406,90.68794250488281,52.82925796508789,173.55043029785156,171.8820037841797,587.763427734375,317.4668884277344,418.8561706542969,222.7814178466797,279.13995361328125,230.09913635253906,154.6313018798828,20.799999237060547,644.4417724609375,547.6500244140625,268.6743469238281,146.0001678466797,240.39117431640625,638.23291015625,133.1430206298828,61.54612350463867,444.2502136230469,820.7109985351562,506.47900390625,266.0684814453125,74.42163848876953,521.7721557617188,290.3369140625,294.4002685546875,56.97710037231445,605.5234985351562,488.4105224609375,61.3795166015625,82.08012390136719,607.021240234375,224.669677734375,131.4216766357422,53.099998474121094,53.044246673583984,147.57879638671875,99.85186004638672,127.54206848144531,604.1613159179688,440.20111083984375,490.1109619140625,100.45060729980469,74.39533996582031,917.8699951171875,77.26658630371094,473.295166015625,1123.719970703125,259.7170104980469,145.02841186523438,213.9394073486328,184.4058380126953,82.32066345214844,47.495513916015625,201.51499938964844,113.21907806396484,154.5167999267578,24.38793182373047,172.69825744628906,256.0612487792969,689.4896850585938,109.77530670166016,127.71753692626953,201.37632751464844,319.7242736816406,126.19760131835938,,89.04499816894531,157.67990112304688,764.6221313476562,554.47998046875,116.81062316894531,97.36199188232422,81.04964447021484,382.7308349609375,41.05229568481445,515.2899780273438,84.08523559570312,511.1211242675781,88.69971466064453,379.00860595703125,22.808273315429688,1209.6810302734375,125.27156066894531,124.73735046386719,519.0289306640625,241.382568359375,369.489990234375,411.24151611328125,188.58966064453125,566.68017578125,229.1798858642578,121.45967102050781,49.87760543823242,307.5080871582031,129.8009033203125,459.9200134277344,39.809173583984375,72.4724349975586,220.8760223388672,94.37975311279297,111.68495178222656,173.0784912109375
2024-12-06,241.98098754882812,170.23753356933594,113.45030212402344,357.5945739746094,552.9600219726562,214.50985717773438,49.90599060058594,298.3361511230469,307.7099914550781,294.91595458984375,171.6409912109375,138.58999633789062,265.8699645996094,200.2461700439453,227.02999877929688,108.25,375.7310791015625,312.1562194824219,73.62364959716797,,177.78631591796875,300.7501525878906,3309.43994140625,153.92999267578125,45.92919158935547,215.50949096679688,5271.3134765625,1026.8958740234375,56.56814956665039,,90.06999969482422,70.62092590332031,72.96989440917969,,280.5493469238281,96.451904296875,307.510009765625,403.05999755859375,313.15850830078125,92.00537109375,41.57914733886719,229.1595458984375,65.4000015258789,100.69439697265625,988.8543090820312,359.81207275390625,58.3843879699707,34.03213119506836,222.42681884765625,53.45603561401367,150.0193634033203,437.84613037109375,228.732666015625,115.72156524658203,109.12744903564453,247.8356170654297,376.8177490234375,129.34512329101562,123.53779602050781,968.747802734375,367.5115966796875,71.52999877929688,9.898118019104004,41.43818283081055,274.2427062988281,207.27999877929688,,266.3295593261719,174.50051879882812,89.46439361572266,52.968101501464844,175.72091674804688,173.9429168701172,590.599853515625,317.1693420410156,423.59912109375,222.87002563476562,277.8283996582031,233.32394409179688,154.19619750976562,20.920000076293945,642.2264404296875,550.4099731445312,266.97601318359375,145.7950897216797,242.23220825195312,643.9240112304688,131.00387573242188,61.164642333984375,445.1019592285156,821.7944946289062,502.1236877441406,269.3786926269531,75.78717041015625,525.5504150390625,290.44610595703125,293.9186096191406,57.9943733215332,601.546630859375,491.9903869628906,61.01069259643555,81.95330810546875,621.8148803710938,221.61843872070312,131.20481872558594,52.27000045776367,53.426395416259766,148.40467834472656,99.40827941894531,127.18975067138672,611.36279296875,441.14593505859375,485.1501159667969,100.74935150146484,73.45807647705078,934.739990234375,77.57140350341797,467.45263671875,1124.3399658203125,256.5492248535156,142.40899658203125,215.58590698242188,189.8021697998047,83.85199737548828,46.57460403442383,202.9499969482422,111.5441665649414,153.2108154296875,24.41640281677246,170.53009033203125,249.46591186523438,690.9287719726562,108.04846954345703,125.85706329345703,201.18345642089844,321.0024719238281,125.07976531982422,,89.87999725341797,156.8147735595703,774.6790161132812,547.821044921875,116.28826904296875,98.22542572021484,80.71280670166016,382.4526672363281,40.01670455932617,517.280029296875,82.73892974853516,513.985595703125,87.39271545410156,381.5554504394531,22.85612678527832,1196.9091796875,128.3943634033203,124.90574645996094,527.4990844726562,241.2242431640625,389.2200012207031,409.2161865234375,188.6971435546875,537.9532470703125,228.14450073242188,119.57481384277344,49.93502426147461,309.4283142089844,128.30825805664062,462.1000061035156,39.640769958496094,73.13163757324219,219.77804565429688,94.77588653564453,110.50757598876953,174.75213623046875
2024-12-09,245.8771514892578,170.6046905517578,112.76332092285156,354.4396057128906,547.9299926757812,216.24740600585938,50.44950485229492,291.4791564941406,308.54998779296875,290.0852966308594,170.490234375,130.8699951171875,270.795654296875,202.12196350097656,226.08999633789062,105.91999816894531,365.6916809082031,308.7529602050781,73.0879135131836,,177.20204162597656,293.5576477050781,3324.010009765625,157.0399932861328,45.10394287109375,219.4756317138672,5121.3994140625,1030.35205078125,55.929874420166016,,88.72000122070312,70.33706665039062,72.50435638427734,,274.6080322265625,96.59394073486328,309.75,365.9599914550781,314.4788818359375,90.7458267211914,37.62840270996094,227.70704650878906,64.58000183105469,100.6358642578125,984.122314453125,349.45477294921875,57.468017578125,33.557952880859375,207.10519409179688,54.21016311645508,151.79750061035156,443.18115234375,234.48776245117188,113.619873046875,108.8938217163086,246.90501403808594,390.1494140625,128.80197143554688,123.57645416259766,952.9921875,360.423095703125,70.9000015258789,9.982877731323242,43.0732536315918,274.46856689453125,202.88999938964844,,264.1444396972656,170.26670837402344,87.96894836425781,52.27389144897461,176.52830505371094,174.8001251220703,585.1240234375,315.9294128417969,421.4486083984375,221.60003662109375,282.2759094238281,225.4432373046875,154.33465576171875,20.809999465942383,642.3357543945312,538.8599853515625,267.50311279296875,146.0782928466797,238.7557830810547,647.926513671875,129.2731170654297,61.23310852050781,438.3081359863281,798.802001953125,499.1678466796875,270.0880432128906,76.63815307617188,519.8333129882812,284.8672790527344,296.26812744140625,60.51799392700195,589.954833984375,487.77410888671875,59.632469177246094,81.90453338623047,611.646728515625,214.73838806152344,129.60801696777344,53.209999084472656,52.06557083129883,150.410400390625,100.08328247070312,125.83914947509766,612.6702880859375,443.58251953125,474.2086181640625,102.39249420166016,72.93086242675781,913.6900024414062,76.34230041503906,472.90045166015625,1120.47998046875,252.6731414794922,138.77975463867188,220.46632385253906,188.5743865966797,83.66000366210938,47.73064041137695,194.47000122070312,110.5334701538086,154.84207153320312,24.76751136779785,167.5574188232422,242.8999786376953,680.8451538085938,111.34779357910156,124.0737075805664,197.20086669921875,322.5113830566406,126.44061279296875,,90.0,158.0240020751953,784.6362915039062,545.0580444335938,114.89860534667969,97.44048309326172,80.75243377685547,373.9981384277344,40.221866607666016,508.489990234375,82.25114440917969,510.583984375,86.5929183959961,377.6806335449219,22.367996215820312,1177.522216796875,131.2068328857422,124.71753692626953,535.3414306640625,226.46066284179688,389.7900085449219,398.751953125,189.03916931152344,550.8243408203125,229.4314422607422,122.35452270507812,49.102455139160156,306.7320556640625,131.2642822265625,473.9800109863281,39.63142013549805,71.44921112060547,215.10928344726562,92.9239501953125,109.85564422607422,176.42576599121094
2024-12-10,246.8935546875,169.73507690429688,113.35215759277344,357.791748046875,547.0499877929688,212.86114501953125,50.54656219482422,296.0537109375,303.989990234375,282.0243225097656,166.82965087890625,127.73999786376953,268.96197509765625,192.92666625976562,225.0399932861328,104.77999877929688,359.12139892578125,307.37799072265625,72.03629302978516,,170.1412811279297,298.89019775390625,3347.159912109375,164.10000610351562,44.94675064086914,217.9304962158203,5156.93359375,1040.87841796875,55.3678092956543,,90.19999694824219,70.9635009765625,72.1180648803711,,271.91461181640625,95.23026275634766,302.8599853515625,377.9599914550781,306.812744140625,91.67338562011719,38.0909309387207,230.0830078125,64.83000183105469,99.85543823242188,989.6412963867188,346.7213134765625,57.24380111694336,33.755523681640625,208.9346466064453,53.320682525634766,151.7201690673828,437.8066711425781,232.92723083496094,113.73884582519531,108.16370391845703,244.5785369873047,384.4302062988281,127.5379638671875,122.37791442871094,945.8518676757812,354.9087829589844,73.38999938964844,9.945206642150879,42.0291748046875,274.2623596191406,201.5399932861328,,264.9870910644531,170.21702575683594,89.66831970214844,52.303646087646484,185.92787170410156,184.56826782226562,576.1716918945312,314.23321533203125,414.977294921875,225.52816772460938,281.86175537109375,227.12916564941406,156.64862060546875,20.15999984741211,642.8225708007812,538.0900268554688,267.1907653808594,145.71697998046875,237.82546997070312,637.4979248046875,129.38980102539062,61.53634262084961,440.51666259765625,794.8257446289062,502.0355529785156,266.10791015625,74.34247589111328,525.9879150390625,285.5621643066406,295.6192932128906,60.56690216064453,582.0409545898438,488.7088623046875,59.933349609375,81.53384399414062,617.3787841796875,212.198974609375,127.91263580322266,53.0099983215332,51.720703125,148.5226593017578,97.39292907714844,124.0873031616211,623.0812377929688,440.9072570800781,472.337158203125,97.69212341308594,72.38412475585938,913.3499755859375,75.45733642578125,473.8971862792969,1127.8399658203125,251.9254608154297,135.04058837890625,214.87603759765625,175.98956298828125,84.42333221435547,47.287776947021484,194.8800048828125,111.05326843261719,155.20130920410156,24.264572143554688,169.01922607421875,242.32180786132812,672.8357543945312,109.15788269042969,124.33397674560547,197.14300537109375,315.2263488769531,122.10539245605469,,88.76000213623047,153.81629943847656,775.1768188476562,546.1015625,115.91375732421875,96.3121337890625,81.55491638183594,369.1797180175781,39.928775787353516,505.32000732421875,82.32918548583984,509.3904724121094,86.36858367919922,379.2365417480469,22.501991271972656,1180.404052734375,130.97410583496094,126.00532531738281,533.9662475585938,231.05201721191406,400.989990234375,394.56231689453125,185.84371948242188,555.3145141601562,232.9189910888672,123.96331024169922,49.35126876831055,310.79132080078125,129.0887451171875,469.2200012207031,39.575279235839844,70.88838958740234,213.734375,93.63699340820312,109.63184356689453,174.99972534179688
2024-12-11,245.6180877685547,168.47900390625,112.01744842529297,358.718505859375,549.9299926757812,214.3518829345703,51.36182403564453,294.60400390625,307.4599914550781,281.8653259277344,169.76605224609375,130.14999389648438,266.6795654296875,192.9846954345703,230.25999450683594,107.2300033569336,360.4533386230469,304.5988464355469,72.94902038574219,,181.42066955566406,299.1177673339844,3342.719970703125,165.9600067138672,45.270957946777344,217.53684997558594,5264.013671875,1048.9429931640625,53.967430114746094,,90.55999755859375,70.43495178222656,72.99960327148438,,273.5187683105469,93.92340850830078,308.7799987792969,378.489990234375,289.7265319824219,90.570068359375,38.26437759399414,225.37918090820312,65.56999969482422,99.68959045410156,990.9264526367188,352.7150573730469,57.1170654296875,33.20232009887695,209.75987243652344,50.04312515258789,150.9567413330078,441.8202819824219,233.9808349609375,113.619873046875,106.68400573730469,243.00445556640625,380.1900939941406,129.23648071289062,123.29615783691406,957.5064697265625,358.2945861816406,73.80999755859375,9.803938865661621,42.354217529296875,276.0690612792969,203.9600067138672,,260.0877685546875,167.6031951904297,89.70716857910156,51.60943603515625,196.07501220703125,194.76502990722656,583.587646484375,312.5965576171875,413.78912353515625,225.5084686279297,274.3472595214844,225.5608673095703,156.42117309570312,20.1200008392334,666.1583251953125,543.5999755859375,266.4197082519531,143.18795776367188,238.48159790039062,644.4205322265625,126.9978256225586,61.272239685058594,436.2779541015625,791.296875,493.5204772949219,263.9306335449219,77.64768981933594,531.3969116210938,289.5924072265625,291.08734130859375,60.17564392089844,574.7947998046875,494.7449035644531,61.26304626464844,80.8899917602539,630.6968383789062,210.97850036621094,127.91263580322266,52.099998474121094,50.97504425048828,149.41738891601562,96.18756866455078,124.87024688720703,623.675537109375,446.5363464355469,473.4164733886719,101.63565826416016,72.2279281616211,936.5599975585938,77.53206634521484,469.3968505859375,1147.1800537109375,243.23873901367188,139.27964782714844,216.7493438720703,176.82127380371094,84.60066986083984,47.701114654541016,199.2100067138672,111.51530456542969,152.22042846679688,23.941926956176758,167.40045166015625,238.85264587402344,681.2322387695312,108.00988006591797,122.25178527832031,196.120849609375,310.75732421875,121.82350158691406,,90.75,157.12936401367188,769.7003173828125,547.0159912109375,115.25341796875,96.56723022460938,81.64408111572266,369.51751708984375,40.60288619995117,512.0599975585938,81.21703338623047,513.48828125,85.25667572021484,372.77520751953125,22.47327995300293,1166.444091796875,131.87603759765625,125.61898803710938,532.4815063476562,231.88320922851562,424.7699890136719,397.2528381347656,187.3290557861328,524.2077026367188,229.667236328125,122.91616821289062,49.112022399902344,312.19415283203125,130.03504943847656,468.2900085449219,39.28525161743164,70.44564819335938,212.19131469726562,94.04302978515625,108.90206146240234,175.45526123046875
2024-12-12,247.0828857421875,167.33889770507812,111.74266815185547,355.11004638671875,474.6300048828125,214.94424438476562,51.517120361328125,292.6448974609375,309.3399963378906,279.48974609375,167.73239135742188,130.60000610351562,267.31353759765625,191.3022918701172,228.97000122070312,106.87999725341797,360.5428161621094,303.16534423828125,73.01847076416016,,178.90533447265625,297.0994873046875,3340.47998046875,167.75,45.270957946777344,223.56968688964844,5240.07568359375,1042.6015625,53.61494827270508,,90.41999816894531,69.91617584228516,72.84113311767578,,272.6869812011719,93.5351333618164,308.2200012207031,388.45001220703125,278.81854248046875,91.35118103027344,38.775081634521484,226.9663543701172,66.16000366210938,98.44092559814453,984.6503295898438,355.87591552734375,57.37052917480469,33.27146911621094,210.37632751464844,47.93544006347656,149.5072021484375,433.3887939453125,233.0862579345703,113.9073715209961,106.26541137695312,246.3209228515625,373.1199645996094,129.5228729248047,122.33924865722656,959.2078857421875,355.0572814941406,73.97000122070312,9.785104751586914,41.448036193847656,278.5532531738281,204.85000610351562,,257.7458801269531,163.8166046142578,89.70716857910156,51.867286682128906,193.00494384765625,191.33621215820312,582.6520385742188,309.4719543457031,406.9544982910156,224.1597137451172,269.0023193359375,227.658447265625,154.80929565429688,20.780000686645508,667.8372192382812,544.719970703125,266.5758361816406,142.79737854003906,236.52304077148438,642.1957397460938,127.27007293701172,62.44603729248047,434.2675476074219,777.6981811523438,486.0233459472656,259.5958557128906,75.01742553710938,529.3684692382812,287.8651123046875,291.6083984375,60.15608215332031,577.38623046875,491.9704895019531,60.78746032714844,80.70465850830078,628.812744140625,212.52377319335938,127.89290618896484,52.91999816894531,51.25466537475586,143.8229522705078,97.63399505615234,125.18343353271484,629.9955444335938,447.10321044921875,465.3068542480469,97.83153533935547,71.48592376708984,925.5499877929688,76.65695190429688,475.20977783203125,1148.4200439453125,244.28152465820312,137.31007385253906,214.66897583007812,173.5933837890625,84.64800262451172,47.42555618286133,200.10499572753906,108.57942962646484,154.28860473632812,24.07478141784668,167.61630249023438,237.9020538330078,677.4408569335938,107.71080780029297,122.42530059814453,195.08901977539062,308.3065490722656,120.52099609375,,89.4000015258789,155.56622314453125,737.8070068359375,544.6705322265625,114.37625122070312,95.9785385131836,82.07997131347656,364.46063232421875,40.15347671508789,511.7300109863281,81.33409881591797,510.1065368652344,85.76385498046875,371.68511962890625,22.35842514038086,1160.70849609375,131.2068328857422,125.23265838623047,523.1544189453125,230.82443237304688,418.1000061035156,396.78619384765625,187.3388671875,506.7481384277344,229.5984649658203,122.78289031982422,48.9014892578125,312.6319274902344,126.5132064819336,464.1199951171875,39.36945343017578,69.6585464477539,212.1220703125,93.18143463134766,108.80476379394531,177.10910034179688
2024-12-13,247.25228881835938,167.51278686523438,111.2715835571289,353.63116455078125,465.69000244140625,213.84840393066406,50.857139587402344,292.2017822265625,303.7699890136719,282.86920166015625,168.00025939941406,126.91000366210938,263.9582214355469,190.63511657714844,227.4600067138672,112.37000274658203,359.0220031738281,304.5403137207031,73.04823303222656,,222.6166229248047,298.919921875,3370.27001953125,169.64999389648438,44.86814880371094,221.98519897460938,5198.98193359375,1040.3565673828125,53.13862228393555,,90.11000061035156,69.50508117675781,72.31617736816406,,274.2964782714844,93.4437255859375,306.75,379.7799987792969,277.73468017578125,91.23402404785156,38.466732025146484,228.15916442871094,64.58999633789062,98.54822540283203,985.6066284179688,352.1783142089844,57.14630889892578,32.83680725097656,210.00843811035156,47.73240280151367,148.6954345703125,434.33551025390625,233.4739227294922,112.36083984375,105.93443298339844,247.69700622558594,376.097900390625,128.57484436035156,122.53256225585938,949.0778198242188,352.45355224609375,73.31999969482422,9.785104751586914,40.96539306640625,278.28814697265625,204.66000366210938,,257.814453125,164.9893341064453,89.95196533203125,52.09538269042969,190.76222229003906,189.20315551757812,576.6148681640625,312.05645751953125,409.4683837890625,224.09080505371094,270.3237609863281,226.24700927734375,153.85009765625,20.34000015258789,652.1409912109375,539.5800170898438,265.5900573730469,143.16842651367188,234.96600341796875,649.3069458007812,127.7076416015625,61.74176025390625,431.0984191894531,784.427978515625,484.1343688964844,258.5022888183594,75.69235229492188,525.97802734375,284.9764709472656,291.578857421875,58.62038803100586,574.3463134765625,486.282470703125,60.10805892944336,80.46076202392578,618.4055786132812,211.68716430664062,128.06048583984375,52.7599983215332,51.18941879272461,143.11505126953125,98.35720825195312,124.68429565429688,619.2080688476562,444.8257141113281,466.2596740722656,102.07383728027344,71.87644958496094,918.8699951171875,75.95881652832031,473.71954345703125,1121.0999755859375,242.22543334960938,134.22076416015625,213.79150390625,171.68240356445312,84.7066650390625,46.88427734375,196.55999755859375,108.78156280517578,153.38560485839844,24.274059295654297,167.82232666015625,246.7611541748047,666.7716674804688,107.20915985107422,122.05899810791016,194.30795288085938,308.1416015625,119.2865219116211,,91.0199966430664,155.851318359375,728.1782836914062,540.3271484375,116.0517349243164,95.58606719970703,78.80075073242188,362.1259460449219,39.29374694824219,508.2799987792969,81.16824340820312,503.0249328613281,86.96356201171875,371.2292785644531,22.61684799194336,1178.1116943359375,130.46009826660156,123.67740631103516,525.4281005859375,229.5083770751953,436.2300109863281,396.48834228515625,187.22157287597656,511.38568115234375,230.8461151123047,122.5734634399414,48.83449935913086,313.13934326171875,125.98640441894531,463.7300109863281,39.55656433105469,69.30435943603516,210.88563537597656,93.54669952392578,107.85118865966797,176.4554901123047
2024-12-16,250.15196228027344,165.8315887451172,110.52572631835938,352.033935546875,461.5299987792969,213.55221557617188,50.16804122924805,292.2509765625,304.8900146484375,284.2707214355469,168.05978393554688,126.69000244140625,259.9396667480469,187.31863403320312,232.92999267578125,116.52999877929688,359.5785827636719,299.0989990234375,74.75465393066406,,247.57188415527344,300.33465576171875,3350.1298828125,173.1699981689453,44.67166519165039,223.95352172851562,5123.9150390625,1048.3424072265625,53.224361419677734,,90.45999908447266,69.97490692138672,70.90966033935547,,273.92889404296875,92.106201171875,313.489990234375,378.9800109863281,269.26055908203125,90.7262954711914,37.44532775878906,226.93748474121094,64.80000305175781,97.13370513916016,989.11328125,355.0807189941406,56.88309860229492,32.540443420410156,210.5851287841797,45.05427932739258,144.3371124267578,432.343505859375,232.76817321777344,111.63394927978516,104.59102630615234,245.91500854492188,368.1008605957031,128.5649871826172,120.45443725585938,942.1736450195312,351.60211181640625,73.91000366210938,9.408390998840332,40.1281623840332,278.3077697753906,203.3800048828125,,260.7148742675781,164.7707061767578,90.13803100585938,51.80778121948242,197.52032470703125,196.02093505859375,577.4520263671875,307.75225830078125,403.3113098144531,232.3408660888672,256.8529357910156,224.78651428222656,153.3046417236328,20.829999923706055,667.0921630859375,541.989990234375,263.1987609863281,140.46365356445312,234.61346435546875,651.660888671875,127.7270736694336,61.184200286865234,424.1659851074219,774.3681030273438,481.1981506347656,256.2462463378906,77.25066375732422,527.280517578125,288.27215576171875,292.6700744628906,57.788963317871094,568.1965942382812,486.4615173339844,59.680999755859375,79.35842895507812,622.7852783203125,209.76780700683594,127.61691284179688,52.25,50.98436737060547,135.8688507080078,97.25884246826172,126.27954864501953,612.5514526367188,449.12213134765625,463.7486572265625,107.80987548828125,71.06610107421875,921.0800170898438,75.90965270996094,476.2855529785156,1129.9300537109375,238.88059997558594,131.9712371826172,215.1126708984375,169.5436553955078,84.59066772460938,45.86077880859375,202.5,108.12701416015625,151.4921875,23.960906982421875,167.9008026123047,245.2421875,668.6771850585938,105.94409942626953,121.40348815917969,193.37257385253906,305.7938232421875,113.03642272949219,,91.30000305175781,155.22215270996094,721.7757568359375,538.7171630859375,116.40654754638672,91.36701965332031,77.21562194824219,362.6524658203125,38.961578369140625,522.1099853515625,79.88047790527344,500.1505126953125,86.44660949707031,369.3463439941406,21.860719680786133,1197.6859130859375,128.4525604248047,122.55802154541016,528.7887573242188,227.0642547607422,463.0199890136719,395.5054626464844,185.14015197753906,489.78973388671875,228.7928924560547,122.3735580444336,49.15030288696289,314.2834777832031,122.01578521728516,468.0899963378906,38.24674987792969,70.81951904296875,209.34259033203125,94.16207122802734,105.54509735107422,174.10842895507812
2024-12-17,252.58334350585938,169.45489501953125,111.18325805664062,352.27056884765625,455.2300109863281,211.09397888183594,49.97393035888672,291.0300598144531,302.82000732421875,281.1993713378906,168.98236083984375,125.0199966430664,259.4031982421875,186.8641815185547,231.14999389648438,112.94999694824219,356.725830078125,297.1388854980469,73.8349380493164,,237.8967742919922,298.12841796875,3319.110107421875,173.02999877929688,44.25904083251953,222.06394958496094,5126.7294921875,1033.148681640625,54.92007064819336,,90.43000030517578,69.61275482177734,69.61211395263672,,274.892578125,91.29791259765625,311.3500061035156,371.0299987792969,261.70281982421875,91.2828369140625,37.387508392333984,227.00482177734375,64.29000091552734,95.85575866699219,978.3641967773438,348.8583984375,57.048824310302734,32.53056716918945,207.1847381591797,42.57919692993164,143.129150390625,437.4418029785156,232.1221160888672,112.54007720947266,105.02909088134766,244.34671020507812,361.1983337402344,126.4813232421875,119.03357696533203,944.9865112304688,343.6127014160156,74.12000274658203,9.389555931091309,40.00996017456055,272.4066162109375,204.14999389648438,,259.8819580078125,164.78065490722656,90.8724594116211,50.726802825927734,196.48367309570312,194.7849578857422,565.9783935546875,305.9431457519531,401.1116638183594,229.51536560058594,230.65089416503906,224.4336395263672,151.52938842773438,20.440000534057617,673.321044921875,545.1599731445312,261.4614562988281,142.96337890625,233.41876220703125,650.4193725585938,127.5131607055664,62.01564407348633,426.04766845703125,773.9904174804688,480.18023681640625,253.93104553222656,77.2308120727539,527.9765014648438,287.3191833496094,291.0676574707031,57.01622772216797,560.9305419921875,482.9114990234375,59.53541564941406,79.37794494628906,617.9964599609375,209.82687377929688,126.21724700927734,51.95000076293945,50.45308303833008,135.67221069335938,97.25884246826172,125.01704406738281,605.736328125,451.9764404296875,458.2800598144531,108.1484603881836,70.55841064453125,919.1300048828125,76.69627380371094,474.0057678222656,1114.719970703125,238.53628540039062,130.36160278320312,215.94085693359375,168.03863525390625,83.0719985961914,45.821414947509766,201.24000549316406,107.48208618164062,151.60870361328125,25.080663681030273,167.10614013671875,242.57659912109375,660.9854736328125,105.94409942626953,121.49988555908203,191.22215270996094,304.00872802734375,112.58929443359375,,90.86000061035156,155.2516326904297,736.8511962890625,533.4595947265625,115.72648620605469,90.35639953613281,76.04658508300781,360.4270935058594,38.03345489501953,511.8699951171875,81.24629974365234,497.81317138671875,84.81775665283203,367.4733581542969,21.85114860534668,1192.2589111328125,127.62822723388672,121.90421295166016,527.3726806640625,218.3961181640625,479.8599853515625,388.9728088378906,183.83070373535156,477.0365295410156,225.83584594726562,121.2026596069336,47.829673767089844,316.68121337890625,121.84017944335938,469.239990234375,38.1531867980957,69.66838073730469,206.73121643066406,94.70796966552734,105.09750366210938,169.1370086669922
2024-12-18,247.1725616455078,167.1746368408203,109.84854888916016,342.71697998046875,441.30999755859375,205.12110900878906,48.38222122192383,284.0686340332031,292.8299865722656,276.80609130859375,164.13131713867188,121.41000366210938,252.40969848632812,178.73251342773438,220.52000427246094,108.06999969482422,350.4636535644531,287.97247314453125,69.6987533569336,,221.44810485839844,284.71295166015625,3238.52001953125,172.6199951171875,42.73625183105469,220.53851318359375,4916.2783203125,1004.671630859375,54.14842987060547,,88.02999877929688,66.67633056640625,66.39299774169922,,269.80584716796875,89.39266967773438,301.239990234375,358.260009765625,278.2766418457031,90.560302734375,36.48172378540039,228.0533447265625,61.34000015258789,93.50472259521484,961.0897827148438,335.58355712890625,56.08371353149414,31.690879821777344,203.21762084960938,43.77806854248047,139.2346649169922,420.0956115722656,226.9236602783203,110.8771743774414,102.95557403564453,235.8997802734375,361.1589050292969,120.85246276855469,115.6312255859375,911.0950317382812,331.7721862792969,72.80999755859375,9.125856399536133,38.12864303588867,268.21392822265625,201.75999450683594,,256.9913330078125,158.96661376953125,88.80628204345703,49.57640075683594,189.5361785888672,187.7877655029297,541.9182739257812,297.3646240234375,386.7255859375,223.3425750732422,236.52838134765625,215.80799865722656,148.36570739746094,19.299999237060547,645.5444946289062,526.469970703125,254.9707489013672,141.3424530029297,225.5944061279297,626.4735717773438,126.76446533203125,61.4776496887207,418.1942138671875,760.1631469726562,472.6733093261719,246.10867309570312,74.6402359008789,516.9896850585938,275.6155700683594,285.9556884765625,54.9132080078125,569.103515625,467.45849609375,58.254249572753906,78.07073974609375,595.79833984375,206.588623046875,123.73331451416016,51.540000915527344,49.63285827636719,132.7914276123047,95.58699035644531,118.45986938476562,592.2644653320312,434.999755859375,459.20306396484375,103.46800994873047,68.84986114501953,889.5499877929688,75.61466217041016,461.541015625,1060.989990234375,233.94204711914062,128.88192749023438,207.33358764648438,163.78099060058594,81.6760025024414,45.28997802734375,188.75999450683594,103.74726104736328,149.9483184814453,24.568233489990234,165.87979125976562,235.4716796875,638.9622192382812,101.11740112304688,120.06355285644531,185.1084442138672,290.9310302734375,108.7303695678711,,85.44999694824219,150.46392822265625,711.5695190429688,523.4910278320312,112.79932403564453,88.20763397216797,73.28251647949219,346.38916015625,36.47030258178711,494.42999267578125,79.509765625,487.4891052246094,82.99382019042969,355.9381103515625,21.516155242919922,1159.2862548828125,126.75538635253906,120.10131072998047,514.747802734375,218.37631225585938,440.1300048828125,375.72869873046875,180.78182983398438,490.9884033203125,220.58978271484375,117.87081146240234,45.5616455078125,308.20452880859375,118.76709747314453,447.5,37.64797592163086,67.65143585205078,203.19998168945312,92.85192108154297,103.55036926269531,165.39358520507812
2024-12-19,248.90638732910156,165.72531127929688,110.32943725585938,366.92138671875,437.3900146484375,205.13096618652344,47.926055908203125,286.85516357421875,293.6300048828125,277.4024658203125,160.15328979492188,118.87999725341797,254.76039123535156,173.46286010742188,223.2899932861328,109.06999969482422,351.62664794921875,285.88568115234375,69.60926818847656,,216.1995849609375,289.9564514160156,3215.2900390625,177.0399932861328,42.61835861206055,220.28262329101562,4953.12548828125,1000.7623901367188,53.63399887084961,,88.66000366210938,66.969970703125,66.05622863769531,,271.385498046875,87.3045883178711,299.8699951171875,352.7699890136719,270.7779846191406,90.7262954711914,36.038475036621094,227.80323791503906,61.7400016784668,92.85111236572266,951.1873168945312,334.5884094238281,56.18120193481445,31.196941375732422,181.7415313720703,42.32781982421875,136.4031982421875,420.7169189453125,224.79653930664062,110.8970947265625,104.24056243896484,233.78553771972656,361.3758239746094,120.82284545898438,114.26836395263672,906.3643798828125,332.28704833984375,73.93000030517578,9.172945976257324,37.66571044921875,270.8846435546875,202.25999450683594,,255.04141235351562,163.7867889404297,89.19796752929688,49.92350387573242,189.08763122558594,187.8974151611328,545.6016235351562,295.7443542480469,378.0841064453125,223.36227416992188,232.51473999023438,219.4836883544922,147.06649780273438,19.059999465942383,632.7689819335938,523.9099731445312,251.92547607421875,140.20001220703125,228.13072204589844,617.9420776367188,127.8145751953125,61.086387634277344,415.54010009765625,753.03564453125,469.4630432128906,240.8970489501953,70.67993927001953,520.2907104492188,276.97552490234375,285.3167419433594,54.7664909362793,577.3164672851562,459.5032958984375,57.52631378173828,78.03172302246094,594.1820068359375,207.04139709472656,125.3104019165039,50.900001525878906,49.39052200317383,129.43869018554688,96.73395538330078,117.93138122558594,594.9192504882812,434.6416931152344,460.3245849609375,86.72789764404297,68.11762237548828,902.0399780273438,75.81131744384766,461.0179443359375,1074.8699951171875,226.8588409423828,130.65151977539062,204.3560333251953,167.12770080566406,80.95933532714844,44.64044952392578,189.36000061035156,103.48735809326172,147.07423400878906,24.454360961914062,165.98773193359375,234.91310119628906,634.4662475585938,98.67486572265625,117.76927947998047,183.24734497070312,280.6958312988281,107.26261901855469,,86.77999877929688,147.85870361328125,705.2266845703125,518.551513671875,113.79476165771484,87.0890884399414,72.9357681274414,340.1499938964844,36.059974670410156,493.3500061035156,79.78292846679688,483.9383544921875,83.78385925292969,353.92633056640625,21.602294921875,1179.04736328125,126.49351501464844,120.06168365478516,515.2564086914062,215.7145233154297,436.1700134277344,374.1898498535156,180.263916015625,480.7013854980469,219.2242431640625,116.75703430175781,45.370243072509766,313.27862548828125,116.02572631835938,396.6400146484375,37.39536666870117,67.73998260498047,203.2989044189453,92.70304107666016,102.6649169921875,161.9373779296875
2024-12-20,253.5897674560547,169.64813232421875,112.10578918457031,361.212890625,447.1700134277344,209.07998657226562,49.003379821777344,289.50384521484375,298.1199951171875,281.38824462890625,162.28616333007812,119.20999908447266,256.8964538574219,177.64956665039062,224.9199981689453,112.80999755859375,356.3183288574219,287.6604309082031,70.1760025024414,,218.64556884765625,295.4670715332031,3253.469970703125,177.35000610351562,43.39448928833008,224.07159423828125,5020.94189453125,1012.9330444335938,54.61522674560547,,88.94999694824219,67.7236557006836,68.06876373291016,,271.4252624511719,87.23723602294922,301.4700012207031,351.5,272.8669738769531,89.85730743408203,36.8286247253418,229.4481201171875,61.869998931884766,92.79258728027344,950.4601440429688,341.97216796875,57.048824310302734,31.463666915893555,185.8677215576172,42.88858413696289,138.04605102539062,426.49566650390625,227.17213439941406,111.55428314208984,105.40874481201172,236.52508544921875,360.8630676269531,122.54112243652344,115.06095886230469,911.921142578125,334.74224853515625,74.80999755859375,9.304795265197754,38.27639389038086,270.73736572265625,206.0500030517578,,258.33380126953125,167.3348388671875,90.64722442626953,51.38134002685547,192.3371124267578,190.78797912597656,557.5282592773438,301.8079528808594,385.5275573730469,224.7799530029297,243.677978515625,218.93479919433594,149.0698699951172,19.520000457763672,639.1666870117188,524.4299926757812,252.61851501464844,141.0690460205078,232.67453002929688,625.0831298828125,127.68819427490234,61.184200286865234,420.21453857421875,763.1950073242188,478.6240539550781,244.0496368408203,71.25563049316406,525.0135498046875,281.87933349609375,287.7251892089844,54.296974182128906,577.834716796875,463.7394104003906,57.64278030395508,79.0462646484375,583.8861083984375,208.40953063964844,127.42964935302734,51.720001220703125,50.18278121948242,131.1396484375,95.30511474609375,120.80870819091797,599.0994262695312,434.21405029296875,466.4085388183594,89.74530029296875,69.97262573242188,909.0499877929688,75.65399169921875,463.39642333984375,1091.25,230.3512420654297,134.670654296875,207.2843017578125,167.9891357421875,81.27400207519531,46.38237380981445,186.77999877929688,104.2894287109375,148.35592651367188,25.014238357543945,164.8791046142578,235.1678924560547,642.336669921875,100.54325866699219,119.74544525146484,185.87989807128906,288.6220397949219,107.28205108642578,,87.12999725341797,150.30662536621094,698.8540649414062,522.17919921875,114.800048828125,86.31396484375,73.61934661865234,343.2198791503906,35.98181915283203,492.17999267578125,80.83655548095703,489.1600341796875,84.67144775390625,361.3192138671875,21.774580001831055,1194.046142578125,127.51183319091797,120.85416412353516,522.595947265625,218.00030517578125,421.05999755859375,374.3983459472656,182.6092071533203,491.39129638671875,222.33848571777344,119.64144897460938,45.858306884765625,316.0942077636719,115.69401550292969,397.2699890136719,37.35794448852539,69.2059555053711,203.59564208984375,91.55168914794922,103.01520538330078,163.2445831298828
2024-12-23,254.3670196533203,172.3632049560547,112.18429565429688,353.7198791503906,446.739990234375,212.15032958984375,48.92572784423828,289.6318359375,297.489990234375,282.7897033691406,166.1253204345703,124.5999984741211,257.5011901855469,178.278076171875,225.05999755859375,113.08999633789062,356.12945556640625,286.2562255859375,70.58365631103516,,230.70980834960938,295.6155090332031,3242.22998046875,177.69000244140625,43.11940383911133,222.8512725830078,5035.392578125,1023.7743530273438,54.853389739990234,,89.86000061035156,68.2913589477539,68.36692810058594,,273.5910949707031,87.32383728027344,304.4100036621094,349.4700012207031,277.508056640625,89.74015045166016,36.59735870361328,228.9479217529297,61.58000183105469,94.0217514038086,946.3158569335938,341.2258605957031,57.49726104736328,31.829181671142578,186.04669189453125,42.67588424682617,138.1619873046875,426.3871765136719,227.77845764160156,110.92696380615234,105.68132019042969,237.3191680908203,365.72442626953125,122.38311767578125,115.84386444091797,924.087158203125,334.3363342285156,74.80999755859375,9.323630332946777,38.6605339050293,264.1390380859375,206.7100067138672,,259.85260009765625,167.98086547851562,91.45999145507812,52.12513732910156,195.35733032226562,193.99754333496094,562.137451171875,301.7085876464844,385.3802490234375,223.61825561523438,252.1983184814453,217.53311157226562,148.9210968017578,20.200000762939453,634.110107421875,527.219970703125,251.466796875,141.8502197265625,233.44815063476562,643.5762329101562,127.80487823486328,61.01791763305664,418.25360107421875,791.54541015625,476.1478271484375,243.70480346679688,73.25067138671875,525.9382934570312,281.5517272949219,286.3587646484375,56.60540008544922,574.8646240234375,471.1079406738281,57.53601837158203,79.40721130371094,598.4520874023438,208.832763671875,127.13391876220703,51.86000061035156,49.94044876098633,131.7295379638672,96.58816528320312,121.79718017578125,599.7135620117188,432.8714294433594,466.2397766113281,89.34696960449219,70.77320861816406,911.4500122070312,75.47700500488281,461.0870361328125,1088.260009765625,231.94497680664062,139.6395721435547,211.08016967773438,167.4742431640625,80.48400115966797,47.08110809326172,188.22000122070312,103.67549896240234,146.89944458007812,25.34636878967285,164.9281463623047,236.1870880126953,640.7984008789062,101.34121704101562,119.32128143310547,186.22705078125,289.90264892578125,107.38897705078125,,86.9000015258789,155.56622314453125,712.077392578125,521.7220458984375,114.9478759765625,85.7939453125,74.01564025878906,342.593994140625,36.401912689208984,492.5799865722656,81.01215362548828,495.5653381347656,84.89578247070312,363.19219970703125,21.860719680786133,1207.5758056640625,127.93856811523438,120.62632751464844,523.83251953125,219.33615112304688,430.6000061035156,374.775634765625,185.8046417236328,497.49273681640625,223.13421630859375,119.70808410644531,46.24109649658203,315.6067199707031,115.75255584716797,405.2699890136719,37.36729431152344,69.40274047851562,201.58767700195312,89.67578887939453,103.4336166381836,162.6900177001953
2024-12-24,257.2866516113281,173.91880798339844,112.62593078613281,356.5396423339844,447.94000244140625,215.30950927734375,49.13925552368164,291.9063720703125,301.2300109863281,286.6064758300781,167.02806091308594,126.29000091552734,257.9791259765625,178.59715270996094,229.0500030517578,114.6500015258789,359.439453125,288.66485595703125,71.24981689453125,,237.98805236816406,300.225830078125,3283.47998046875,179.33999633789062,43.60080337524414,223.35317993164062,5094.884765625,1038.672607421875,55.02486038208008,,91.06999969482422,69.49530029296875,69.02286529541016,,274.7435607910156,87.56439971923828,308.5799865722656,352.19000244140625,275.9610290527344,90.20880126953125,37.00206756591797,230.3523406982422,62.2400016784668,94.73389434814453,955.192138671875,342.74835205078125,58.34539031982422,32.174930572509766,187.26963806152344,42.782230377197266,139.00274658203125,426.8407897949219,229.35887145996094,112.08203125,106.08045959472656,238.9569549560547,367.745849609375,124.6544189453125,116.7911148071289,934.335205078125,338.1280822753906,75.37999725341797,9.436644554138184,38.630985260009766,266.91778564453125,209.4499969482422,,260.5483093261719,170.43565368652344,91.9985580444336,53.0672721862793,196.9322509765625,195.4727325439453,573.965576171875,302.802001953125,389.0037841796875,225.3509521484375,251.9813690185547,219.96400451660156,149.21861267089844,20.399999618530273,641.0541381835938,537.02001953125,252.96011352539062,142.41656494140625,237.28689575195312,646.0990600585938,128.52439880371094,61.467872619628906,421.6604309082031,790.93896484375,477.7529602050781,246.51260375976562,73.28044128417969,532.649658203125,284.2915344238281,289.0130615234375,57.280330657958984,577.2267456054688,477.6908874511719,58.23483657836914,79.54378509521484,606.3336791992188,210.67333984375,128.4941864013672,52.5099983215332,49.83791732788086,133.0765380859375,96.6659164428711,124.35154724121094,602.18017578125,436.9291076660156,468.899658203125,88.90879821777344,71.18326568603516,932.1199951171875,75.50650787353516,464.9261169433594,1105.56005859375,234.06008911132812,140.18946838378906,212.3717498779297,169.72190856933594,81.4433364868164,47.35666275024414,189.50999450683594,104.15080261230469,148.37533569335938,25.374835968017578,165.74244689941406,238.37246704101562,647.6663208007812,101.88616180419922,118.48262786865234,187.15280151367188,291.8235168457031,108.45820617675781,,88.25,156.6673126220703,711.420166015625,524.9024658203125,115.14500427246094,88.21745300292969,74.14441680908203,344.2630310058594,36.861087799072266,500.1600036621094,81.12923431396484,502.0303039550781,85.7931137084961,367.4436340332031,21.966005325317383,1217.9149169921875,128.40406799316406,122.33016967773438,527.5123291015625,220.67198181152344,462.2799987792969,377.19805908203125,188.0522003173828,497.2569580078125,225.7081298828125,120.19358825683594,46.729156494140625,319.0192565917969,115.93791961669922,408.17999267578125,37.2363166809082,70.43579864501953,203.15054321289062,91.98841094970703,103.53091430664062,163.10595703125
2024-12-26,258.1037292480469,173.14584350585938,113.1264419555664,355.35650634765625,450.1600036621094,215.2799072265625,49.119842529296875,292.66455078125,300.2799987792969,286.6164245605469,166.214599609375,125.05999755859375,256.7013854980469,177.89129638671875,227.0500030517578,114.86000061035156,359.29034423828125,287.7481994628906,71.150390625,,243.62796020507812,300.7501525878906,3241.25,180.3800048828125,43.767818450927734,224.504638671875,5068.1328125,1038.1312255859375,55.25349807739258,,91.44999694824219,69.83787536621094,69.21170043945312,,276.4623107910156,87.69911193847656,308.69000244140625,351.7799987792969,277.4587707519531,90.18928527832031,36.8575325012207,230.1022186279297,61.470001220703125,94.51927185058594,952.5222778320312,340.0516052246094,58.47212219238281,32.12553787231445,184.06809997558594,43.43000793457031,139.13803100585938,427.82696533203125,229.88568115234375,112.07208251953125,105.43795013427734,237.58717346191406,368.4558410644531,124.81241607666016,116.38516235351562,932.741943359375,336.7618713378906,75.91999816894531,9.483734130859375,38.601436614990234,273.61431884765625,210.2899932861328,,261.41058349609375,171.0915985107422,92.44900512695312,53.73173141479492,196.46376037597656,194.96438598632812,572.4291381835938,300.953125,388.0218505859375,228.2650604248047,252.59278869628906,220.43447875976562,149.7740020751953,20.440000534057617,641.9483032226562,538.8300170898438,252.5697021484375,142.1529083251953,238.0996856689453,644.1325073242188,129.44813537597656,61.20376205444336,420.2244567871094,789.4181518554688,479.56365966796875,245.7342987060547,73.43924713134766,533.087158203125,284.46026611328125,289.809326171875,57.192298889160156,576.5291137695312,478.496337890625,58.08924865722656,79.6023178100586,601.9439697265625,210.83082580566406,129.30242919921875,52.66999816894531,49.980445861816406,133.11587524414062,97.07416534423828,125.30087280273438,605.2113037109375,435.7157897949219,467.7682189941406,89.44654083251953,70.65605163574219,924.1400146484375,75.65399169921875,466.05120849609375,1099.1099853515625,233.33209228515625,139.89952087402344,212.01681518554688,169.98922729492188,80.4520034790039,47.435401916503906,188.5,104.39835357666016,148.01608276367188,25.20402717590332,166.93934631347656,238.32345581054688,646.52490234375,104.01731872558594,118.62882995605469,187.8181610107422,292.3280334472656,109.06084442138672,,88.13999938964844,155.851318359375,713.6207275390625,524.0078735351562,115.35197448730469,90.13072967529297,74.35247802734375,343.2596435546875,36.861087799072266,495.82000732421875,80.81703186035156,502.0601806640625,85.45173645019531,366.0958557128906,21.97557258605957,1217.512451171875,132.2736358642578,123.83590698242188,525.7172241210938,221.33494567871094,454.1300048828125,375.3216857910156,187.35836791992188,502.2187194824219,226.1796875,120.28877258300781,46.90140914916992,319.2779541015625,116.75741577148438,410.6499938964844,37.386009216308594,70.60307312011719,202.79443359375,92.09758758544922,103.61848449707031,163.91802978515625
2024-12-27,254.6858673095703,171.9960479736328,112.85165405273438,351.16632080078125,446.4800109863281,214.2235565185547,49.09072494506836,291.63067626953125,297.5899963378906,284.80743408203125,165.50033569335938,125.19000244140625,256.1844482421875,177.41329956054688,223.75,113.02999877929688,358.21685791015625,285.53460693359375,70.3350830078125,,240.04344177246094,297.84149169921875,3241.6201171875,180.72000122070312,43.56150436401367,224.8687744140625,5009.80419921875,1028.1859130859375,54.94865036010742,,90.66000366210938,69.49530029296875,68.47624969482422,,275.8761291503906,87.14100646972656,305.0299987792969,348.6499938964844,274.6307678222656,89.64249420166016,36.54917526245117,230.1909637451172,60.779998779296875,94.54853820800781,936.1444702148438,336.7975769042969,58.111419677734375,32.06626510620117,182.3181915283203,43.01427459716797,139.15736389160156,424.09930419921875,229.97525024414062,111.07633209228516,105.46715545654297,235.9990234375,365.90191650390625,124.14089965820312,116.37550354003906,927.1064453125,331.287109375,75.6500015258789,9.446062088012695,38.27639389038086,275.28350830078125,207.9499969482422,,260.7834777832031,169.30970764160156,92.15524291992188,53.830902099609375,193.4136199951172,192.1335906982422,567.4557495117188,300.7145080566406,385.7828674316406,225.9514923095703,252.09970092773438,218.3662872314453,149.0797882080078,20.299999237060547,634.3782958984375,534.8800048828125,250.4028778076172,141.63539123535156,236.17050170898438,640.41796875,128.1549072265625,61.086387634277344,418.8973693847656,778.5133056640625,478.57513427734375,244.6604461669922,72.85364532470703,529.1597290039062,281.58154296875,288.6492919921875,57.06513977050781,574.7449340820312,474.09112548828125,58.438655853271484,79.44486999511719,598.4122314453125,210.11231994628906,128.31674194335938,52.54999923706055,49.77140426635742,133.3911590576172,96.90892028808594,124.05793762207031,603.8442993164062,428.1772155761719,463.818115234375,88.2614974975586,70.40220642089844,907.5499877929688,75.14269256591797,465.1827087402344,1081.4599609375,231.4333953857422,136.98016357421875,210.75479125976562,167.2960205078125,79.82333374023438,47.7896842956543,186.17999267578125,103.54676818847656,148.45301818847656,25.26096534729004,166.32127380371094,236.19688415527344,638.97216796875,102.41165924072266,118.37540435791016,186.38134765625,289.2041320800781,109.43993377685547,,86.86000061035156,154.5831298828125,709.3590087890625,520.6983032226562,115.0267333984375,90.51338958740234,74.04535675048828,341.0541076660156,36.929481506347656,490.9100036621094,81.1097183227539,499.0962219238281,85.6077880859375,363.8066101074219,21.87986183166504,1207.84716796875,131.4105224609375,122.77595520019531,524.6104125976562,220.681884765625,431.6600036621094,370.8440856933594,186.8209228515625,501.0789489746094,225.88494873046875,120.05079650878906,46.403785705566406,317.0393981933594,116.65985107421875,408.760009765625,37.34858703613281,69.96355438232422,201.80531311035156,90.97602081298828,103.60875701904297,163.00692749023438
2024-12-30,251.307861328125,170.2471923828125,110.70237731933594,347.52825927734375,445.79998779296875,209.8500213623047,48.59573745727539,288.4700012207031,297.5299987792969,282.7399597167969,162.33575439453125,122.44000244140625,252.9168701171875,177.4620819091797,221.3000030517578,111.44999694824219,355.8213195800781,281.5169677734375,69.10218048095703,,233.9169921875,294.1611328125,3185.7099609375,176.5500030517578,43.13905334472656,222.92013549804688,4963.5380859375,1011.6924438476562,53.405364990234375,,89.68000030517578,68.89822387695312,67.81037139892578,,273.62091064453125,86.39045715332031,301.8599853515625,343.17999267578125,271.113037109375,88.64657592773438,36.028839111328125,228.24887084960938,60.09000015258789,94.7143783569336,918.720703125,334.10076904296875,57.70198059082031,31.760028839111328,182.6264190673828,42.482513427734375,138.25863647460938,418.75445556640625,228.53228759765625,110.32951354980469,104.8538589477539,232.7830352783203,363.66351318359375,122.7090072631836,116.54946899414062,920.4874877929688,329.0596008300781,74.23999786376953,9.304795265197754,37.5869026184082,275.4700927734375,206.27000427246094,,258.0790100097656,167.33868408203125,90.09886169433594,53.216033935546875,192.06797790527344,190.61854553222656,564.865478515625,296.6390075683594,382.4146423339844,223.0866241455078,250.7388153076172,215.8863983154297,148.13760375976562,19.81999969482422,626.16259765625,526.9600219726562,248.72412109375,139.9656524658203,234.35888671875,629.3240356445312,127.00753784179688,60.67555618286133,413.62872314453125,769.2388305664062,473.09417724609375,243.0742950439453,71.61294555664062,522.5476684570312,278.2560729980469,284.6973571777344,55.87179183959961,568.8743286132812,470.87921142578125,57.80778121948242,78.3330078125,589.8621215820312,208.645751953125,127.28179168701172,52.529998779296875,49.48634719848633,133.32235717773438,95.61615753173828,123.06947326660156,593.9979858398438,422.5083312988281,460.1062316894531,85.06568145751953,70.06050109863281,900.4299926757812,73.40227508544922,460.4158935546875,1067.699951171875,229.70196533203125,137.46005249023438,204.55323791503906,165.26622009277344,78.66133117675781,47.69126892089844,184.1999969482422,102.59616088867188,147.31698608398438,25.07117462158203,163.92745971679688,234.8052978515625,632.0347290039062,102.27542114257812,116.97187042236328,185.65811157226562,286.9824523925781,108.85671997070312,,85.43000030517578,151.9680633544922,699.5908813476562,516.6830444335938,113.55821990966797,88.87483215332031,73.24288940429688,336.54364013671875,36.939247131347656,486.739990234375,80.36827087402344,495.3365783691406,85.1981430053711,359.00030517578125,21.640581130981445,1197.564208984375,130.97410583496094,119.95271301269531,517.4004516601562,218.3466339111328,417.4100036621094,368.1932678222656,183.67434692382812,498.92724609375,223.78260803222656,119.29874420166016,46.174102783203125,313.7064208984375,116.66960906982422,399.3500061035156,37.049198150634766,69.27484130859375,200.0742950439453,89.89414978027344,102.9081802368164,160.6697540283203
2024-12-31,249.5341796875,171.69650268554688,111.0066146850586,346.8381652832031,444.67999267578125,209.75131225585938,49.032493591308594,288.23370361328125,295.57000732421875,282.13372802734375,161.33380126953125,120.79000091552734,254.2239227294922,178.9155731201172,219.38999938964844,110.52999877929688,357.004150390625,282.8334045410156,69.05245971679688,,230.20339965820312,293.6269226074219,3202.0,177.0,43.17835235595703,223.27444458007812,4941.2109375,1009.407958984375,53.881690979003906,,89.31999969482422,68.89822387695312,67.84019470214844,,274.5050964355469,87.33346557617188,300.4599914550781,342.7699890136719,272.0984191894531,88.76374816894531,36.16373825073242,228.93893432617188,60.29999923706055,96.74349212646484,912.8031616210938,332.6976623535156,57.71173095703125,31.87857437133789,181.65203857421875,43.4010009765625,139.9691162109375,419.4276428222656,228.4327850341797,110.8771743774414,104.88306427001953,232.5845184326172,363.7620849609375,122.38311767578125,118.48262023925781,927.3327026367188,328.5546875,74.02999877929688,9.323630332946777,37.50811004638672,276.2359619140625,205.4199981689453,,258.186767578125,166.03460693359375,90.4513931274414,52.829261779785156,189.82525634765625,188.6848602294922,563.9495849609375,298.3586730957031,381.9825744628906,222.3876190185547,251.07032775878906,215.4747314453125,147.78057861328125,20.049999237060547,624.3743896484375,521.9600219726562,248.94992065429688,141.2154998779297,234.74078369140625,625.8279418945312,127.41593170166016,60.90053176879883,414.6289367675781,767.4097900390625,475.6095275878906,243.1432647705078,71.69234466552734,523.5618286132812,276.8961181640625,284.9824523925781,56.09676742553711,568.0370483398438,470.7201232910156,58.43388748168945,78.59867095947266,584.1455078125,209.06898498535156,127.24235534667969,52.560001373291016,49.68588638305664,137.15684509277344,96.69508361816406,123.04010772705078,594.3546142578125,419.1965637207031,458.7564697265625,83.91897583007812,69.99215698242188,891.3200073242188,74.40522003173828,463.149658203125,1060.1199951171875,230.89231872558594,134.26075744628906,204.9279022216797,164.99887084960938,79.05332946777344,48.62620162963867,181.9600067138672,103.00215148925781,147.6470947265625,25.175559997558594,164.47686767578125,234.81509399414062,631.2506103515625,102.85929107666016,117.30326080322266,185.96669006347656,290.504150390625,110.74244689941406,,85.3499984741211,151.0242919921875,709.2893676757812,516.6632080078125,114.05101776123047,89.53221893310547,73.32213592529297,337.7159729003906,37.45704650878906,485.3599853515625,80.30974578857422,495.3465576171875,85.55902862548828,357.63946533203125,21.793720245361328,1185.746826171875,131.10015869140625,119.67534637451172,518.78662109375,218.4158935546875,403.8399963378906,366.69415283203125,183.23460388183594,497.0211486816406,224.0281982421875,120.04126739501953,46.251468658447266,314.4327087402344,119.5963363647461,402.70001220703125,37.41407775878906,69.10757446289062,199.59950256347656,89.67578887939453,104.66936492919922,161.3530731201172
2025-01-02,242.98741149902344,173.3777313232422,111.3304672241211,343.9099426269531,441.0,208.65545654296875,48.74132537841797,285.2009582519531,293.32000732421875,274.2218322753906,162.5639190673828,120.62999725341797,252.89739990234375,176.59388732910156,220.22000122070312,111.79000091552734,352.8492431640625,277.94732666015625,68.614990234375,,230.3424072265625,295.2494201660156,3250.0,171.8699951171875,43.51238250732422,222.9004669189453,4898.31787109375,1001.8160400390625,54.10079574584961,,89.37999725341797,68.457763671875,67.90975952148438,,270.7496337890625,85.89009094238281,297.6600036621094,349.3500061035156,270.4725036621094,88.41224670410156,36.057743072509766,229.42201232910156,59.88999938964844,97.6312255859375,906.3676147460938,329.0456237792969,57.6142463684082,31.769906997680664,181.04554748535156,42.75322723388672,141.77622985839844,413.9632263183594,228.69151306152344,110.34942626953125,104.96094512939453,229.2196044921875,360.7348937988281,120.65496826171875,120.54141998291016,928.6505737304688,328.6437683105469,72.58999633789062,9.088186264038086,37.31110763549805,269.3136291503906,205.97999572753906,,255.75674438476562,167.82644653320312,89.97154998779297,50.944976806640625,190.0146484375,188.81442260742188,566.263916015625,295.9729919433594,381.4621276855469,222.0233612060547,250.02134704589844,215.58255004882812,148.1078643798828,20.219999313354492,618.7018432617188,524.030029296875,245.48410034179688,140.62962341308594,235.02476501464844,632.2837524414062,127.01727294921875,60.48970413208008,410.1723937988281,773.4436645507812,471.99798583984375,243.3206024169922,71.90078735351562,519.4157104492188,272.43902587890625,287.5581359863281,55.63704299926758,564.3493041992188,470.1930847167969,58.20888137817383,78.93321990966797,597.843505859375,208.0158233642578,127.84362030029297,52.310001373291016,49.894927978515625,139.11341857910156,96.39376068115234,122.1201400756836,591.5017700195312,416.2925109863281,455.7790222167969,87.07989501953125,69.91404724121094,886.72998046875,72.43865203857422,461.8864440917969,1054.3399658203125,230.79396057128906,138.27987670898438,203.3109588623047,164.39486694335938,79.1806640625,49.019859313964844,180.74000549316406,102.40802001953125,145.85079956054688,25.251476287841797,162.83847045898438,235.8342742919922,624.78955078125,101.45799255371094,118.03427124023438,184.5587921142578,287.7294616699219,111.20903015136719,,86.18000030517578,151.04396057128906,712.1371459960938,510.64031982421875,114.33683776855469,90.43489837646484,73.15372467041016,330.9900817871094,37.515663146972656,482.75,80.06584930419922,492.8301696777344,84.98355865478516,356.318359375,21.85114860534668,1173.424072265625,133.0495147705078,120.01216125488281,521.1200561523438,217.2284698486328,379.2799987792969,371.15185546875,182.68736267089844,495.6947326660156,225.08921813964844,117.91841888427734,46.280479431152344,312.801025390625,120.1426773071289,405.760009765625,37.61990737915039,69.05838775634766,198.36306762695312,89.32839965820312,104.41637420654297,161.0361785888672
2025-01-03,242.4991455078125,175.09759521484375,111.71322631835938,348.869140625,430.57000732421875,212.6241912841797,48.576332092285156,287.20965576171875,294.05999755859375,278.70452880859375,168.70458984375,125.37000274658203,254.78964233398438,178.08639526367188,224.19000244140625,115.19999694824219,351.85528564453125,278.5556640625,69.6987533569336,,230.9084014892578,300.5548400878906,3268.780029296875,169.89999389648438,44.02325439453125,224.83926391601562,4876.9951171875,1005.1935424804688,54.486061096191406,,90.69000244140625,69.49530029296875,68.83403778076172,,269.9648132324219,86.59252166748047,303.8599853515625,358.3500061035156,276.5917053222656,88.02169036865234,36.298641204833984,229.2051239013672,59.70000076293945,98.61650848388672,913.1119995117188,331.274658203125,57.77128601074219,31.947725296020508,184.7839813232422,44.25181579589844,142.8778839111328,417.9625244140625,233.69705200195312,110.68798828125,104.92200469970703,230.21218872070312,366.38507080078125,121.89923858642578,122.33924865722656,944.130859375,339.1576843261719,73.91000366210938,9.304795265197754,37.14366149902344,269.4413146972656,208.57000732421875,,258.0692443847656,171.1811981201172,89.51132202148438,51.341670989990234,192.50656127929688,191.166748046875,571.3458251953125,294.9292907714844,382.1691589355469,223.0078582763672,259.7391662597656,218.2388458251953,148.60372924804688,20.559999465942383,626.0930786132812,535.2899780273438,247.7030029296875,140.79563903808594,238.23675537109375,652.5348510742188,126.17132568359375,60.40167236328125,409.50885009765625,777.3303833007812,471.5771179199219,244.79837036132812,74.55091094970703,518.381591796875,273.262939453125,289.7897033691406,56.40977478027344,575.5423583984375,476.4677734375,58.56106948852539,79.65150451660156,603.2208862304688,207.94692993164062,128.01119995117188,52.38999938964844,50.493553161621094,140.34242248535156,96.36460876464844,123.25541687011719,595.8107299804688,421.0364685058594,458.369384765625,89.61261749267578,70.28504180908203,881.0499877929688,72.08466339111328,461.69891357421875,1073.77001953125,232.05319213867188,144.43853759765625,205.92369079589844,164.68203735351562,80.28133392333984,49.7087516784668,183.25,103.87353515625,145.3070526123047,25.232494354248047,162.00457763671875,237.37286376953125,632.8882446289062,102.79117584228516,118.93097686767578,188.6474609375,291.4840087890625,112.84201049804688,,87.5999984741211,155.1631622314453,715.08447265625,512.3078002929688,114.1988525390625,90.8371810913086,73.75804901123047,334.34808349609375,37.70128631591797,493.7099914550781,80.30974578857422,496.87823486328125,85.51026153564453,359.099609375,21.698009490966797,1193.494140625,131.69175720214844,119.59609985351562,530.5438232421875,216.81288146972656,410.44000244140625,378.36956787109375,186.16619873046875,504.036376953125,227.42733764648438,117.8422622680664,47.247474670410156,313.3084716796875,121.2255630493164,407.1099853515625,37.66667938232422,70.16032409667969,199.46102905273438,90.10258483886719,104.95154571533203,161.72938537597656
2025-01-06,244.1333465576172,174.01544189453125,110.93791198730469,346.3846130371094,431.17999267578125,215.22067260742188,48.168701171875,282.7196960449219,292.510009765625,274.7486267089844,176.06544494628906,129.5500030517578,252.22439575195312,175.84274291992188,227.61000061035156,118.9800033569336,346.3783264160156,277.8982849121094,70.72284698486328,,234.74114990234375,299.3648986816406,3293.4599609375,170.77999877929688,44.6028938293457,227.0437469482422,4882.90234375,997.2274169921875,54.59200668334961,,91.29000091552734,71.19841766357422,68.28741455078125,,265.5735168457031,85.19727325439453,308.1400146484375,349.54998779296875,275.5668640136719,85.47330474853516,36.12520217895508,222.6197967529297,58.79999923706055,97.54342651367188,919.2188110351562,328.9162292480469,57.68294906616211,31.611846923828125,184.0382843017578,44.30015182495117,142.30772399902344,413.78509521484375,237.04067993164062,110.57845306396484,103.54940032958984,229.66629028320312,374.3623962402344,120.56607818603516,122.16526794433594,924.4903564453125,345.07794189453125,73.54000091552734,9.342466354370117,37.990745544433594,269.0092468261719,205.6300048828125,,252.7974853515625,171.66897583007812,89.3350601196289,53.08710861206055,197.32098388671875,196.23023986816406,574.5565795898438,295.14794921875,382.3557434082031,218.30197143554688,261.5402526855469,218.25843811035156,145.37063598632812,19.8700008392334,621.0563354492188,542.3699951171875,245.80809020996094,140.27810668945312,237.07528686523438,685.5980834960938,122.63200378417969,59.48219680786133,408.9245910644531,760.55078125,456.0934143066406,246.0397186279297,77.39955139160156,509.0054931640625,270.6224060058594,287.2336730957031,57.01622772216797,578.5225219726562,470.4914245605469,56.95665740966797,78.55931091308594,628.7313842773438,205.20079040527344,128.4251708984375,51.869998931884766,49.495845794677734,138.16954040527344,96.92835998535156,125.89786529541016,591.0361328125,425.5118713378906,453.0199279785156,98.97572326660156,69.55281066894531,881.7899780273438,70.79656219482422,449.184814453125,1077.050048828125,233.1156768798828,149.39744567871094,210.40972900390625,164.0582275390625,80.697998046875,49.964630126953125,179.5,106.19063568115234,142.025146484375,25.517181396484375,157.56031799316406,234.7954864501953,636.1832885742188,103.79349517822266,117.93680572509766,188.60888671875,287.0018615722656,111.94775390625,,89.52999877929688,157.14903259277344,713.2025756835938,504.80194091796875,112.45437622070312,91.37681579589844,73.78777313232422,335.6197509765625,37.86737060546875,501.05999755859375,78.98295593261719,491.5272521972656,82.42810821533203,358.940673828125,21.631010055541992,1170.8134765625,135.08612060546875,119.74468994140625,535.6995239257812,210.1534423828125,411.04998779296875,380.7622375488281,187.79811096191406,504.6946716308594,225.96356201171875,118.24208068847656,47.121761322021484,311.4479675292969,119.13782501220703,402.489990234375,37.058555603027344,70.86871337890625,199.56982421875,90.74773406982422,104.83477783203125,164.29432678222656
2025-01-07,241.35321044921875,173.4646759033203,111.29122161865234,351.3734130859375,422.6300048828125,213.11782836914062,47.974586486816406,283.97015380859375,290.82000732421875,278.0783386230469,176.4027557373047,127.33000183105469,255.60897827148438,172.82846069335938,222.11000061035156,115.29000091552734,346.3485107421875,280.92999267578125,71.05096435546875,,227.0260009765625,299.5036926269531,3259.909912109375,172.50999450683594,45.270957946777344,228.4707489013672,4769.8349609375,965.7372436523438,55.035064697265625,,91.98999786376953,72.11849975585938,67.79049682617188,,267.0141296386719,84.15805053710938,301.6700134277344,347.6300048828125,275.8329162597656,85.32684326171875,35.82648468017578,223.7929229736328,57.9900016784668,99.18231964111328,917.8838500976562,323.34356689453125,57.83999252319336,31.799541473388672,187.63751220703125,44.26148223876953,144.55935668945312,409.1027526855469,237.93630981445312,110.91700744628906,103.97772216796875,229.725830078125,375.44708251953125,119.1736831665039,123.29615783691406,924.5592041015625,340.47442626953125,73.63999938964844,9.19178295135498,38.15819549560547,270.0205993652344,203.82000732421875,,254.42410278320312,171.5296173095703,88.74751281738281,51.549930572509766,196.07501220703125,194.85475158691406,571.3359985351562,306.3705749511719,377.3083801269531,217.2091827392578,264.4298400878906,219.52291870117188,145.23179626464844,20.010000228881836,611.39013671875,531.8800048828125,244.07028198242188,142.78761291503906,239.35890197753906,684.6049194335938,123.77936553955078,59.511539459228516,410.94488525390625,768.6920166015625,454.0967712402344,242.91668701171875,76.94296264648438,508.478515625,267.8032531738281,284.4417419433594,56.214149475097656,583.316650390625,461.402587890625,57.02513885498047,78.58883666992188,616.4500732421875,206.67721557617188,130.86968994140625,51.54999923706055,48.897216796875,139.2805633544922,98.19196319580078,124.17537689208984,585.7564086914062,420.0617980957031,451.7296447753906,101.6181411743164,68.76199340820312,879.1900024414062,70.88505554199219,446.4707946777344,1054.1500244140625,233.90267944335938,140.10946655273438,209.59140014648438,160.4342803955078,79.98133087158203,50.73225402832031,175.50999450683594,108.4879379272461,141.1803741455078,25.74492645263672,158.24705505371094,237.43167114257812,630.4566040039062,103.71564483642578,118.32667541503906,187.8181610107422,289.3011779785156,111.96720123291016,,87.97000122070312,157.80770874023438,727.1825561523438,504.80194091796875,113.144287109375,91.09227752685547,71.5884017944336,332.2219543457031,38.463321685791016,487.6199951171875,79.10977935791016,488.7025146484375,82.1550064086914,352.80206298828125,21.24816131591797,1171.571533203125,135.04734802246094,119.01164245605469,544.1360473632812,210.1138458251953,394.3599853515625,377.22784423828125,187.8274383544922,505.2645263671875,226.48422241210938,118.97509002685547,47.09275436401367,310.0849304199219,120.96215057373047,408.32000732421875,36.41299819946289,70.43579864501953,201.18212890625,90.13236236572266,105.81755065917969,161.9076690673828
2025-01-08,241.8414764404297,172.46949768066406,112.12540435791016,352.69451904296875,419.5799865722656,217.6295623779297,48.37251281738281,287.4065856933594,296.3699951171875,283.7737121582031,175.57936096191406,121.83999633789062,257.7060546875,174.79898071289062,222.1300048828125,115.51000213623047,350.33447265625,279.8703918457031,71.4188461303711,,227.69126892089844,300.3267822265625,3303.35009765625,171.75999450683594,45.3986701965332,230.71461486816406,4845.73681640625,970.9954223632812,54.717220306396484,,95.94999694824219,71.7073974609375,68.02901458740234,,264.91778564453125,84.196533203125,302.7300109863281,349.32000732421875,275.23187255859375,85.39520263671875,36.11798858642578,226.05047607421875,57.91999816894531,99.13355255126953,923.8611450195312,325.303955078125,58.10499572753906,31.80942153930664,191.5449676513672,44.48385238647461,145.24549865722656,405.86572265625,236.93121337890625,109.29393005371094,105.36006927490234,232.83265686035156,377.90240478515625,118.79843139648438,124.16608428955078,935.34814453125,341.66241455078125,74.1500015258789,9.172945976257324,39.1431770324707,269.9223937988281,205.22999572753906,,256.20745849609375,172.1069793701172,87.28846740722656,50.57804489135742,194.75926208496094,193.31973266601562,571.237548828125,309.3924255371094,380.2248229980469,216.7563018798828,265.3403015136719,218.7583465576172,145.36073303222656,19.8799991607666,621.9404907226562,544.02001953125,243.1081085205078,138.9208526611328,239.3195343017578,681.526123046875,123.26402282714844,60.362545013427734,415.9560241699219,782.5392456054688,458.88287353515625,243.23193359375,76.466552734375,513.4500122070312,271.5257873535156,282.0430908203125,55.14796829223633,588.3201904296875,469.4572448730469,57.02513885498047,81.353759765625,609.2967529296875,208.02566528320312,132.60447692871094,51.599998474121094,48.92572784423828,139.93931579589844,97.05471801757812,125.13449096679688,596.5536499023438,422.2398681640625,459.2527160644531,99.12530517578125,68.98655700683594,875.0,70.09842681884766,456.16229248046875,1049.0799560546875,233.0664825439453,140.07948303222656,206.7716064453125,161.53334045410156,80.3826675415039,50.377967834472656,172.8300018310547,107.43831634521484,142.28729248046875,25.488710403442383,159.0319061279297,238.7154541015625,636.6795043945312,102.6646728515625,118.77503204345703,187.7313690185547,286.64288330078125,112.99754333496094,,87.94000244140625,156.39202880859375,730.4585571289062,507.9873962402344,114.24812316894531,90.85679626464844,72.32152557373047,335.3415832519531,37.91621780395508,502.0,80.99264526367188,493.1882019042969,80.77973937988281,361.6623840332031,21.22901725769043,1199.819091796875,134.0484161376953,120.50746154785156,543.4180908203125,213.26051330566406,394.94000244140625,383.3236999511719,187.28997802734375,515.3551635742188,227.74171447753906,120.66956329345703,46.91869354248047,311.0102233886719,122.13285064697266,412.1099853515625,36.43170928955078,70.4161376953125,204.33750915527344,91.11497497558594,104.04662322998047,163.42286682128906
2025-01-10,236.01219177246094,169.2519989013672,110.22148132324219,344.8663024902344,405.9200134277344,209.66244506835938,49.58570861816406,282.4440002441406,284.9599914550781,285.27459716796875,170.2819061279297,116.04000091552734,255.7747802734375,169.2093963623047,218.94000244140625,114.33999633789062,347.412109375,287.5527038574219,69.79817962646484,,222.72654724121094,290.8563537597656,3251.320068359375,172.0,44.31798553466797,229.9666748046875,4713.5947265625,941.0020751953125,53.77332305908203,,94.87999725341797,69.88681030273438,66.1009521484375,,256.035888671875,81.14622497558594,299.0,334.8900146484375,274.90667724609375,84.3211669921875,35.33091354370117,225.95188903808594,56.5,99.42619323730469,933.3949584960938,316.2981262207031,57.653507232666016,31.394515991210938,188.2141876220703,46.41751480102539,147.98997497558594,404.4501953125,233.92593383789062,108.18864440917969,103.06265258789062,228.01856994628906,375.8415222167969,116.46788024902344,127.01747131347656,884.983154296875,338.0389709472656,73.41999816894531,9.088186264038086,38.394588470458984,265.82794189453125,200.50999450683594,,254.15953063964844,170.91241455078125,88.01309967041016,49.43755340576172,192.5464324951172,191.4159393310547,551.5206909179688,301.0127258300781,382.8663635253906,214.8070068359375,266.2408142089844,215.3963165283203,141.621826171875,19.149999618530273,620.3682250976562,547.469970703125,240.44737243652344,138.7157745361328,236.11061096191406,678.4074096679688,121.01790618896484,59.73651885986328,410.152587890625,795.1439208984375,458.0998229980469,244.22695922851562,74.0943374633789,502.5265808105469,268.7760314941406,277.5307922363281,53.98396682739258,579.8281860351562,450.27520751953125,55.02940368652344,79.36616516113281,614.4248046875,205.82090759277344,129.33203125,49.7400016784668,48.336605072021484,139.8803253173828,96.47152709960938,120.81848907470703,570.303466796875,416.6604919433594,451.8388366699219,99.05548858642578,65.78422546386719,837.6900024414062,70.00993347167969,452.6883850097656,1024.5699462890625,230.14466857910156,135.8804168701172,203.84335327148438,153.3544464111328,79.83999633789062,50.48622131347656,173.4199981689453,105.53710174560547,138.50047302246094,25.355857849121094,155.55889892578125,235.33934020996094,625.3056030273438,100.80599212646484,114.18426513671875,182.27337646484375,280.365966796875,110.74244689941406,,83.36000061035156,154.3275146484375,693.9052734375,500.4317932128906,113.4498062133789,90.51338958740234,72.09366607666016,328.0096435546875,37.7305908203125,492.5400085449219,79.33415985107422,480.1190490722656,76.79049682617188,363.2119140625,21.023530960083008,1180.909423828125,137.34579467773438,118.93238830566406,540.8052978515625,209.08477783203125,394.739990234375,374.40826416015625,185.81439208984375,511.5920104980469,221.2480010986328,117.35676574707031,45.81631851196289,306.1450500488281,124.04499053955078,409.55999755859375,36.00133514404297,68.83208465576172,205.00022888183594,92.30602264404297,103.66714477539062,161.7393035888672
2025-01-13,233.5708465576172,170.76895141601562,111.08512115478516,344.2254333496094,408.5,210.23504638671875,50.58538055419922,285.7425537109375,284.82000732421875,284.08184814453125,169.4982147216797,117.31999969482422,263.5388488769531,172.60411071777344,218.4600067138672,112.63999938964844,352.5510559082031,296.04937744140625,67.94882202148438,,223.69961547851562,294.54534912109375,3239.6201171875,170.57000732421875,44.268863677978516,232.44674682617188,4737.81103515625,940.3816528320312,53.32063674926758,,94.61000061035156,71.22777557373047,66.697265625,,260.0595703125,82.49337005615234,292.5,337.8399963378906,278.3160400390625,85.04369354248047,35.418365478515625,226.19833374023438,56.2599983215332,101.6796875,921.2012939453125,317.51220703125,57.673133850097656,31.50318145751953,189.50672912597656,49.81108856201172,150.12567138671875,425.5749816894531,238.71250915527344,107.62106323242188,103.32549285888672,231.7308807373047,390.96783447265625,116.99127197265625,129.99453735351562,884.8060913085938,337.47467041015625,71.08999633789062,9.144692420959473,38.81813430786133,269.6180114746094,201.52999877929688,,258.36322021484375,170.79298400878906,88.07185363769531,49.51689529418945,191.6692657470703,190.38929748535156,554.4259643554688,306.3407287597656,382.1691589355469,215.70291137695312,284.3702087402344,213.09286499023438,142.70281982421875,19.200000762939453,610.2083740234375,539.75,245.16009521484375,141.0690460205078,240.38259887695312,686.283447265625,121.9610824584961,60.30385971069336,417.3623046875,792.7382202148438,472.8886413574219,244.9757080078125,73.89582061767578,502.7655029296875,270.29486083984375,278.8283996582031,54.688236236572266,583.1572265625,455.3168640136719,54.951141357421875,80.47803497314453,606.9124145507812,208.17330932617188,132.67349243164062,49.9900016784668,48.317596435546875,144.28506469726562,98.15309143066406,121.34698486328125,575.04833984375,414.9101257324219,453.33746337890625,94.78775024414062,65.37417602539062,840.2899780273438,70.87523651123047,466.1992492675781,1015.739990234375,233.50917053222656,133.20098876953125,203.9222412109375,152.7787322998047,80.6760025024414,51.844329833984375,167.82000732421875,107.10164642333984,140.30648803710938,25.431774139404297,155.8336181640625,235.50914001464844,633.1959228515625,102.53816223144531,114.57414245605469,185.56166076660156,281.57867431640625,112.73509216308594,,83.98999786376953,154.4749755859375,713.83984375,505.6978454589844,116.0418701171875,91.74967956542969,71.98469543457031,333.9308166503906,38.93226623535156,487.42999267578125,79.87073516845703,479.9897155761719,75.04459381103516,358.563232421875,20.897523880004883,1196.2073974609375,134.5818328857422,118.76398468017578,553.9786376953125,211.2221221923828,403.30999755859375,374.269287109375,186.73297119140625,531.6847534179688,222.77072143554688,119.00364685058594,46.79298400878906,305.3591003417969,130.09359741210938,413.3699951171875,36.296504974365234,69.39289093017578,205.2771759033203,90.84699249267578,106.34298706054688,164.7102813720703
2025-01-14,232.45480346679688,169.619140625,110.91827392578125,344.0775451660156,412.7099914550781,211.9133758544922,49.682762145996094,287.20965576171875,286.8699951171875,287.36187744140625,172.26597595214844,116.08999633789062,260.52490234375,174.4185333251953,217.75999450683594,114.91000366210938,360.4732360839844,302.1520690917969,69.86776733398438,,223.11380004882812,297.8575134277344,3227.800048828125,167.02000427246094,44.97622299194336,232.06292724609375,4752.6396484375,948.4166259765625,53.68663787841797,,95.6500015258789,71.94231414794922,67.97932434082031,,263.78521728515625,83.39787292480469,294.19000244140625,346.2900085449219,280.8582763671875,85.60022735595703,35.35034942626953,228.44602966308594,56.439998626708984,102.31377410888672,913.759521484375,321.9603576660156,58.23259353637695,31.75014877319336,191.17709350585938,49.85942840576172,151.62353515625,427.9507751464844,236.4635009765625,107.66089630126953,104.01666259765625,232.16761779785156,387.6842346191406,118.29479217529297,131.23175048828125,883.2718505859375,336.7420654296875,71.04000091552734,9.210616111755371,38.90678024291992,272.5931396484375,204.47000122070312,,259.78399658203125,176.05902099609375,89.10983276367188,50.51853561401367,190.43328857421875,189.04368591308594,562.8760986328125,303.96502685546875,385.7043151855469,215.11219787597656,279.6894226074219,213.43592834472656,144.05160522460938,19.200000762939453,620.7363891601562,538.8800048828125,248.3706512451172,141.3424530029297,243.59152221679688,696.4834594726562,122.69033813476562,60.685340881347656,423.1657409667969,740.4808349609375,474.1609802246094,247.46823120117188,74.50128173828125,506.8580322265625,274.4045104980469,276.8131408691406,55.63704299926758,591.7787475585938,459.99053955078125,55.860958099365234,83.88253021240234,592.8651733398438,210.01388549804688,135.24612426757812,50.099998474121094,48.80220031738281,146.9102020263672,96.86032104492188,121.96356201171875,580.278564453125,413.3984375,457.37689208984375,97.08116149902344,66.37002563476562,828.4000244140625,69.98043060302734,469.2784118652344,1031.2900390625,235.35867309570312,131.73129272460938,207.66880798339844,155.15101623535156,80.28866577148438,51.253849029541016,170.5800018310547,109.12167358398438,140.74343872070312,25.06168556213379,156.71658325195312,239.48455810546875,642.1480712890625,105.2142562866211,115.47085571289062,188.724609375,281.32647705078125,113.98899841308594,,87.18000030517578,156.8344268798828,687.9208984375,508.37567138671875,117.7469253540039,91.31795501708984,71.66766357421875,339.41485595703125,38.951805114746094,490.3599853515625,80.04633331298828,481.8595886230469,76.1857681274414,360.37103271484375,21.130149841308594,1217.044677734375,132.3512420654297,118.12008666992188,555.4445190429688,211.93455505371094,396.3599853515625,379.95806884765625,189.08802795410156,534.2392578125,225.3446502685547,119.79376220703125,47.44087219238281,307.51806640625,130.78623962402344,411.6600036621094,36.448848724365234,70.0422592163086,204.9210968017578,90.11251831054688,106.76139831542969,162.8187713623047
2025-01-15,237.028564453125,167.122314453125,109.60616302490234,344.8071594238281,417.2799987792969,215.43788146972656,49.63423538208008,288.8638610839844,290.94000244140625,288.4353332519531,176.95828247070312,119.95999908447266,262.319580078125,175.90127563476562,223.35000610351562,116.0999984741211,359.01202392578125,301.112060546875,70.54387664794922,,226.39051818847656,309.7178955078125,3206.050048828125,166.1999969482422,46.273048400878906,228.90377807617188,4803.19140625,997.66064453125,53.850372314453125,,96.88999938964844,76.61122131347656,68.37686920166016,,266.6663818359375,83.36900329589844,300.7200012207031,348.0,280.41485595703125,85.78575897216797,35.466957092285156,224.65060424804688,57.369998931884766,102.89909362792969,920.0057983398438,319.5920104980469,58.870567321777344,32.06626510620117,194.5774688720703,50.4105224609375,153.0054473876953,424.5553894042969,236.81179809570312,107.72063446044922,103.62727355957031,234.79798889160156,383.8681335449219,119.21318054199219,132.47862243652344,885.16015625,339.1576843261719,70.27999877929688,9.370719909667969,39.57912063598633,271.581787109375,204.25,,260.7344970703125,179.47344970703125,90.46116638183594,51.272247314453125,196.34413146972656,194.91453552246094,596.745361328125,304.4222717285156,398.7745361328125,216.13607788085938,276.58209228515625,215.67076110839844,147.01693725585938,19.719999313354492,618.39794921875,580.1099853515625,249.18556213378906,141.55728149414062,248.39503479003906,711.3713989257812,122.08748626708984,60.42123794555664,423.84912109375,742.2999267578125,473.681396484375,252.9163055419922,75.58316802978516,520.1314697265625,274.02728271484375,277.52093505859375,55.75442123413086,581.5325927734375,468.7113952636719,55.41094207763672,84.0301284790039,615.681884765625,209.24615478515625,135.8079833984375,49.2599983215332,48.498138427734375,149.39772033691406,97.28800201416016,127.76715850830078,595.3353271484375,423.98028564453125,456.6225891113281,102.89447784423828,67.64898681640625,848.260009765625,69.88211059570312,466.1202697753906,1054.1300048828125,236.4604949951172,136.21034240722656,210.55760192871094,157.1361846923828,80.26933288574219,51.864009857177734,174.19000244140625,108.55725860595703,140.578369140625,24.881383895874023,156.62828063964844,242.1914520263672,651.3881225585938,104.9515151977539,115.50984191894531,194.8789825439453,281.82122802734375,115.67060089111328,,89.63999938964844,161.63197326660156,700.4273071289062,515.61279296875,117.37239837646484,91.32777404785156,72.97540283203125,344.6703796386719,39.70407485961914,507.19000244140625,80.3292465209961,493.84466552734375,80.38959503173828,366.14215087890625,21.236772537231445,1210.3079833984375,130.46978759765625,117.9913101196289,549.9398803710938,211.954345703125,428.2200012207031,382.77764892578125,193.006591796875,533.9248657226562,226.79859924316406,121.34544372558594,49.220149993896484,314.6714782714844,134.54225158691406,424.260009765625,36.353633880615234,74.72550964355469,205.74208068847656,90.65840911865234,108.50312805175781,165.55203247070312
2025-01-16,227.4525604248047,169.41433715820312,112.37837982177734,347.09429931640625,426.92999267578125,212.27867126464844,49.50806427001953,291.6799011230469,290.0799865722656,294.0014953613281,184.9937286376953,118.44000244140625,262.7975158691406,185.41236877441406,220.66000366210938,118.12999725341797,365.90045166015625,306.1747741699219,69.46012115478516,,227.79055786132812,308.8848876953125,3193.9599609375,168.92999267578125,45.82112503051758,232.55499267578125,4838.357421875,980.4680786132812,54.30305862426758,,98.16999816894531,76.84613800048828,69.31108093261719,,271.7530822753906,87.22761535644531,298.8999938964844,346.67999267578125,276.8576965332031,86.46922302246094,35.28232955932617,229.017822265625,58.36000061035156,103.02591705322266,916.2699584960938,318.4376525878906,58.71352767944336,32.5700798034668,196.9139862060547,50.23649215698242,154.02012634277344,434.68218994140625,240.72267150878906,106.00794219970703,106.16805267333984,237.37872314453125,379.894287109375,121.7510986328125,133.43553161621094,904.7122192382812,341.7416076660156,69.86000061035156,9.427227020263672,39.57912063598633,272.34765625,206.25999450683594,,263.4193420410156,178.92596435546875,89.746337890625,51.41109085083008,193.7824249267578,192.2831268310547,603.7083129882812,307.5932312011719,401.9561462402344,219.2372283935547,272.93048095703125,218.24867248535156,148.9905242919922,19.670000076293945,604.28759765625,584.0800170898438,251.27682495117188,144.29136657714844,250.2849578857422,742.170166015625,123.1473388671875,60.8907585144043,428.3155517578125,753.0953369140625,476.50994873046875,254.94577026367188,78.63032531738281,520.9180908203125,273.9776611328125,275.0042724609375,54.96211624145508,593.2340698242188,476.318603515625,56.741432189941406,85.76190185546875,609.8753662109375,212.88795471191406,137.18792724609375,49.650001525878906,48.612159729003906,149.15191650390625,97.88092803955078,132.9150390625,604.220703125,422.25970458984375,459.222900390625,102.30615234375,69.67972564697266,842.3699951171875,69.92144775390625,474.8940124511719,1057.1600341796875,243.1009979248047,133.54090881347656,207.79698181152344,158.3570556640625,80.31466674804688,51.47035598754883,177.1699981689453,108.40872955322266,142.28729248046875,25.137601852416992,157.4622039794922,245.25790405273438,653.7105712890625,107.94873046875,116.76718139648438,191.08717346191406,288.8160705566406,116.28297424316406,,88.91999816894531,158.70233154296875,690.2708129882812,516.7474975585938,118.72264862060547,92.65235137939453,74.8082046508789,351.8632507324219,40.14371109008789,515.8099975585938,81.84140014648438,502.4381103515625,81.92091369628906,379.2339172363281,21.34339141845703,1236.9649658203125,129.22842407226562,120.239990234375,560.1514892578125,213.48809814453125,413.82000732421875,386.0638427734375,183.09779357910156,501.66851806640625,230.75770568847656,123.69676971435547,46.44486618041992,315.6365661621094,135.96656799316406,416.9599914550781,36.505977630615234,74.72550964355469,208.7194061279297,90.61870574951172,108.31824493408203,167.73074340820312
2025-01-17,229.16647338867188,167.32713317871094,111.95416259765625,349.1042175292969,429.989990234375,216.3658905029297,49.779823303222656,291.63067626953125,291.45001220703125,293.037353515625,190.51931762695312,121.45999908447266,265.41156005859375,185.7245330810547,225.94000244140625,119.94999694824219,363.97210693359375,311.8064880371094,69.02263641357422,,235.7638702392578,309.95587158203125,3228.39990234375,171.08999633789062,45.71305465698242,233.61788940429688,4899.8193359375,989.566650390625,54.21637725830078,,98.66000366210938,78.29476928710938,69.23158264160156,,267.7294006347656,87.62213134765625,305.6000061035156,351.3699951171875,279.83349609375,86.5961685180664,35.54469299316406,229.4121551513672,57.52000045776367,103.26004028320312,939.6212768554688,322.9753723144531,59.115943908691406,32.33299255371094,197.17250061035156,50.87459945678711,156.0398406982422,450.8475646972656,237.19989013671875,106.56555938720703,106.36276245117188,235.66152954101562,379.9238586425781,122.97562408447266,132.9536590576172,900.4830932617188,342.8207092285156,69.77999877929688,9.58733081817627,39.76698684692383,270.1187744140625,208.5800018310547,,262.69036865234375,182.02188110351562,89.93238830566406,50.54829406738281,196.91229248046875,195.36306762695312,616.4622192382812,308.59722900390625,402.0052795410156,219.1289520263672,279.6894226074219,220.33645629882812,147.8797607421875,21.489999771118164,601.1630249023438,592.6400146484375,251.71865844726562,143.5687713623047,255.09829711914062,752.3106079101562,123.70157623291016,61.34070587158203,431.79168701171875,721.4049682617188,479.89642333984375,257.1919860839844,79.70228576660156,522.4714965820312,275.1490173339844,276.1938171386719,56.70322036743164,590.6226196289062,473.1862487792969,56.604469299316406,86.6671371459961,611.342041015625,211.84461975097656,139.01145935058594,49.41999816894531,49.27729797363281,150.13511657714844,95.17874908447266,134.9311065673828,606.2514038085938,426.6854248046875,461.3666687011719,105.44713592529297,69.08418273925781,858.0999755859375,69.65595245361328,476.06842041015625,1071.47998046875,241.35971069335938,137.6800079345703,212.33230590820312,159.8360137939453,81.11933135986328,51.14559555053711,177.11000061035156,109.25040435791016,143.9476776123047,24.957300186157227,158.0802764892578,243.4000701904297,664.429443359375,106.53771209716797,118.51185607910156,193.0316925048828,287.2347106933594,117.15779113769531,,91.80999755859375,161.77943420410156,678.6705932617188,519.9530029296875,119.36327362060547,93.33916473388672,75.69983673095703,351.6744689941406,42.57636642456055,526.7000122070312,81.85115814208984,499.1558837890625,83.08160400390625,380.85302734375,21.6050968170166,1253.806884765625,129.57754516601562,120.70557403564453,558.09716796875,216.67434692382812,426.5,386.3914794921875,188.0326385498047,500.8529968261719,230.13877868652344,123.49686431884766,46.76397705078125,317.9945068359375,137.60556030273438,422.0,36.924930572509766,75.8373031616211,209.41183471679688,91.25393676757812,109.29127502441406,164.28443908691406
2025-01-21,221.85243225097656,168.3512420654297,115.21965789794922,352.8963623046875,436.3599853515625,218.62667846679688,49.71187973022461,293.5704040527344,296.9100036621094,294.9755554199219,191.33277893066406,122.27999877929688,268.04510498046875,185.27578735351562,230.7100067138672,121.5,365.87060546875,313.72955322265625,72.30375671386719,,238.61361694335938,315.3009948730469,3297.719970703125,175.55999755859375,45.84077072143555,236.56048583984375,4660.74609375,996.58740234375,54.93874740600586,,100.91000366210938,79.93916320800781,70.11610412597656,,267.1134338378906,87.27571868896484,310.9700012207031,350.55999755859375,284.3661804199219,86.63543701171875,35.92365264892578,228.9586639404297,56.20000076293945,101.72845458984375,944.1441040039062,325.2442626953125,59.90114212036133,32.8664436340332,200.0757598876953,51.38702392578125,152.91848754882812,458.47979736328125,242.9219207763672,108.2384262084961,107.83271789550781,239.28451538085938,383.79913330078125,127.86384582519531,132.42799377441406,918.5892944335938,354.0573425292969,69.97000122070312,9.822774887084961,39.84607696533203,270.5802917480469,208.97999572753906,,267.57635498046875,186.65081787109375,91.02912902832031,53.444129943847656,198.98558044433594,197.4064178466797,625.12890625,316.5693054199219,410.8922424316406,221.58033752441406,281.70819091796875,219.81695556640625,150.46823120117188,21.770000457763672,606.4170532226562,604.1199951171875,256.6375732421875,144.66241455078125,258.90765380859375,762.0140380859375,123.02094268798828,61.057037353515625,438.1893310546875,737.93603515625,495.52691650390625,260.4332580566406,80.89334869384766,525.8171997070312,275.6850891113281,277.82568359375,57.231414794921875,584.1539916992188,482.0364074707031,56.3501091003418,86.96231842041016,615.0234375,214.78759765625,144.78759765625,49.220001220703125,48.90672302246094,148.2866973876953,93.54578399658203,134.37327575683594,611.5609130859375,426.1582946777344,464.32427978515625,109.0667495727539,69.17204284667969,869.6799926757812,71.94700622558594,497.8496398925781,1096.8499755859375,247.7641143798828,140.79933166503906,211.85906982421875,171.29046630859375,82.7386703491211,49.74811935424805,183.50999450683594,109.03256225585938,144.2389678955078,25.279943466186523,158.65908813476562,240.73313903808594,673.322021484375,114.11833953857422,120.6756591796875,193.0511474609375,288.17578125,117.11891174316406,,89.7699966430664,164.4436492919922,684.8640747070312,528.384521484375,123.93634796142578,96.13552856445312,80.1778335571289,359.1653747558594,42.73268127441406,529.75,82.660888671875,507.3017578125,84.37883758544922,393.19976806640625,21.798948287963867,1270.639404296875,133.19497680664062,122.14196014404297,571.469970703125,217.18890380859375,424.07000732421875,394.2942199707031,190.77857971191406,515.81689453125,232.56532287597656,126.48599243164062,47.692291259765625,321.984130859375,136.1226806640625,427.8900146484375,37.15345764160156,76.59487915039062,210.61856079101562,92.38542175292969,108.46420288085938,166.41012573242188
2025-01-22,223.03823852539062,165.0253448486328,116.19633483886719,355.55975341796875,437.32000732421875,221.22314453125,49.032493591308594,291.8078918457031,301.45001220703125,291.7253723144531,193.95175170898438,123.75,266.7088317871094,180.74948120117188,235.00999450683594,129.82000732421875,365.1052551269531,311.0117492675781,77.39443969726562,,239.20938110351562,319.56512451171875,3326.010009765625,174.8000030517578,44.986045837402344,234.1493377685547,4593.91357421875,990.9254760742188,54.986907958984375,,100.30999755859375,79.95874786376953,69.59930419921875,,266.57696533203125,85.0914306640625,321.489990234375,352.79998779296875,284.8095703125,85.96772766113281,36.059688568115234,229.2346954345703,55.900001525878906,100.5383071899414,941.1256103515625,330.9960021972656,60.49005126953125,32.83680725097656,197.87841796875,51.232330322265625,151.15000915527344,455.1141052246094,242.99156188964844,108.34796142578125,105.93443298339844,239.84036254882812,385.2881164550781,128.318115234375,130.46163940429688,909.9640502929688,367.5214538574219,69.04000091552734,9.446062088012695,38.64971160888672,265.5333251953125,209.4499969482422,,264.8279724121094,187.50692749023438,91.10746765136719,52.323482513427734,199.38429260253906,197.72537231445312,623.1494140625,317.6031494140625,402.7123107910156,219.6310272216797,281.9555969238281,218.83676147460938,152.8979949951172,21.860000610351562,608.6759643554688,610.4500122070312,254.42848205566406,141.8502197265625,258.7206115722656,766.6522216796875,122.63200378417969,60.4310188293457,438.3279724121094,749.4968872070312,488.72467041015625,255.2878875732422,82.63031768798828,524.94091796875,278.3553466796875,276.5870361328125,57.20207595825195,582.4595336914062,481.9170837402344,55.08810806274414,86.43098449707031,622.0469970703125,213.92144775390625,146.9856719970703,49.209999084472656,48.27959442138672,145.130615234375,93.00146484375,133.10098266601562,607.2221069335938,443.7616271972656,468.3736572265625,108.91717529296875,66.86793518066406,953.989990234375,72.8024673461914,495.8363342285156,1125.1700439453125,247.7641143798828,147.03799438476562,213.05203247070312,182.8540802001953,82.75533294677734,49.40367126464844,187.6999969482422,108.76520538330078,143.79232788085938,24.68210792541504,161.62193298339844,238.89524841308594,669.4215698242188,112.03585815429688,119.77896118164062,190.85385131835938,282.0734558105469,115.23319244384766,,89.8499984741211,167.36346435546875,677.127197265625,532.0280151367188,122.58610534667969,95.8902359008789,79.85089111328125,355.40997314453125,40.6712760925293,544.7000122070312,80.50485229492188,508.20684814453125,80.76023864746094,387.8756408691406,21.634172439575195,1266.887451171875,131.67236328125,121.4188232421875,572.9957885742188,215.89260864257812,415.1099853515625,396.6869201660156,192.5570831298828,510.638916015625,231.6516876220703,126.18135833740234,47.02507019042969,321.9144592285156,131.78134155273438,428.0,37.0868034362793,76.28987884521484,209.14474487304688,92.53430938720703,106.57650756835938,165.51614379882812
2025-01-23,222.8688507080078,166.45909118652344,121.56320190429688,359.66876220703125,437.2799987792969,225.43873596191406,49.168373107910156,291.2565002441406,301.0799865722656,286.2585754394531,189.18008422851562,123.04000091552734,271.0395202636719,181.82254028320312,235.4199981689453,129.1199951171875,362.4811096191406,317.88958740234375,78.10038757324219,,238.5838165283203,323.15496826171875,3373.570068359375,178.5,45.57551193237305,236.65892028808594,4791.7548828125,1002.1409912109375,56.961387634277344,,101.63999938964844,80.24259185791016,69.4502182006836,,264.7687683105469,85.29349517822266,324.5199890136719,359.9599914550781,290.6724853515625,86.32122039794922,36.40950012207031,230.07266235351562,57.560001373291016,101.44554901123047,938.59521484375,333.02606201171875,61.07895278930664,33.26158905029297,196.66542053222656,52.69610595703125,150.7634735107422,469.9331359863281,244.46437072753906,110.56848907470703,106.44063568115234,241.1208038330078,395.77001953125,129.5327606201172,130.4226837158203,925.4049682617188,365.9968566894531,68.93000030517578,9.56849479675293,38.06635284423828,265.1405944824219,206.49000549316406,,264.5521545410156,199.89059448242188,90.98995208740234,53.771400451660156,198.9357452392578,197.33663940429688,629.8169555664062,323.4181823730469,406.925048828125,222.1612091064453,290.7431945800781,221.56167602539062,156.37905883789062,21.56999969482422,595.3616333007812,608.6599731445312,255.17465209960938,143.18795776367188,261.78192138671875,755.766845703125,123.51683044433594,60.18647384643555,436.5750427246094,762.0418701171875,486.70843505859375,258.572998046875,80.62535858154297,531.9509887695312,282.981201171875,279.6148681640625,58.26825714111328,595.20751953125,483.39874267578125,55.7239990234375,87.81837463378906,634.966796875,214.01004028320312,147.48837280273438,48.11000061035156,48.65966796875,151.71807861328125,93.92486572265625,134.86260986328125,610.154296875,444.2687683105469,472.4726257324219,104.53973388671875,67.59041595458984,984.8599853515625,73.04828643798828,493.2308654785156,1134.199951171875,251.98451232910156,147.1879425048828,216.78878784179688,185.08740234375,84.10800170898438,49.54145431518555,187.32000732421875,108.98304748535156,144.30694580078125,25.09015464782715,163.0052490234375,239.23484802246094,674.9795532226562,115.35421752929688,122.25465393066406,192.16639709472656,282.888427734375,119.18932342529297,,89.7300033569336,171.41384887695312,691.6748046875,530.823486328125,124.46856689453125,96.14533233642578,81.31713104248047,358.7580261230469,41.06206130981445,551.5399780273438,80.25121307373047,510.77294921875,80.76998138427734,390.86553955078125,21.83772087097168,1263.1260986328125,133.10769653320312,121.44853210449219,573.2550048828125,213.77505493164062,412.3800048828125,397.4117126464844,196.03590393066406,520.5133666992188,243.6862030029297,127.1904296875,46.831668853759766,326.5408020019531,137.2738494873047,439.7300109863281,37.30580139160156,76.18165588378906,207.81930541992188,93.10997009277344,107.17980194091797,165.8439483642578
2025-01-24,221.991943359375,166.0982208251953,123.34886169433594,358.8271179199219,435.3800048828125,214.59869384765625,49.02278137207031,292.53656005859375,300.8299865722656,287.7594909667969,185.2615509033203,122.83999633789062,268.6401062011719,180.54464721679688,234.85000610351562,129.1699981689453,366.94415283203125,323.05035400390625,76.74817657470703,,242.9726104736328,318.6627197265625,3332.530029296875,176.05999755859375,45.70323181152344,239.5916748046875,4738.79638671875,1004.8192749023438,57.471858978271484,,101.94000244140625,79.7531967163086,69.68875122070312,,264.9674987792969,85.14915466308594,320.4800109863281,367.5799865722656,289.34228515625,86.29175567626953,36.55525207519531,231.35423278808594,56.70000076293945,99.3384017944336,936.1245727539062,332.2499084472656,61.07895278930664,32.29347610473633,196.2577667236328,53.41086196899414,150.4155731201172,473.94232177734375,244.60369873046875,111.6837387084961,106.94685363769531,240.26718139648438,395.3756103515625,128.96986389160156,128.32005310058594,925.3262939453125,365.2939758300781,68.98999786376953,9.53082275390625,37.38412857055664,268.3415222167969,208.83999633789062,,262.4539489746094,195.85891723632812,91.1368408203125,53.46396255493164,201.2482452392578,199.5594024658203,627.25634765625,311.2015686035156,407.0330505371094,218.07553100585938,291.5645751953125,220.3462677001953,156.1707763671875,20.829999923706055,595.0133666992188,584.0499877929688,255.17465209960938,143.3637237548828,260.68927001953125,744.712646484375,124.85867309570312,60.56795883178711,435.0102844238281,780.739990234375,486.3952331542969,259.4437561035156,79.08690643310547,531.22412109375,282.0281982421875,280.62744140625,55.157745361328125,589.6358642578125,486.9089660644531,56.17401885986328,88.74329376220703,645.9810791015625,215.51597595214844,147.2912139892578,48.279998779296875,49.45783615112305,149.06341552734375,92.87510681152344,134.88218688964844,614.869384765625,441.6332702636719,475.5790710449219,102.89447784423828,71.10516357421875,977.5900268554688,72.34032440185547,490.516845703125,1124.97998046875,250.53836059570312,142.58892822265625,210.429443359375,182.23867797851562,83.5999984741211,48.50811004638672,187.6999969482422,108.82462310791016,144.7924346923828,25.167325973510742,161.9954833984375,238.545654296875,674.2351684570312,115.73373413085938,124.05782318115234,193.99423217773438,283.4704895019531,118.4505844116211,,89.11000061035156,169.20187377929688,672.9052734375,528.9618530273438,123.50269317626953,96.94990539550781,81.06946563720703,357.80426025390625,41.27699661254883,546.1900024414062,81.44142150878906,510.9818420410156,80.67244720458984,391.6700744628906,22.021881103515625,1255.490966796875,133.72837829589844,121.57731628417969,573.2250366210938,216.27854919433594,406.5799865722656,397.9775390625,181.28997802734375,523.2055053710938,244.40335083007812,126.6383056640625,47.45054244995117,328.5207214355469,136.22021484375,439.6199951171875,37.64857864379883,76.07343292236328,207.15655517578125,94.05288696289062,105.72997283935547,167.48291015625
2025-01-27,229.04690551757812,172.53536987304688,127.68968963623047,369.4609680175781,438.6000061035156,212.67356872558594,50.633907318115234,295.5397033691406,299.07000732421875,294.2102355957031,173.17864990234375,115.01000213623047,275.9847412109375,187.33409118652344,235.4199981689453,100.30000305175781,374.53826904296875,320.4601745605469,67.10368347167969,,200.703125,313.78375244140625,3372.820068359375,175.16000366210938,46.263221740722656,244.7584686279297,4649.755859375,1014.1638793945312,58.36760330200195,,102.2699966430664,79.35188293457031,67.01528930664062,,274.69384765625,88.94041442871094,289.8699951171875,367.489990234375,301.2454528808594,89.56157684326172,37.147987365722656,233.59205627441406,58.29999923706055,100.1773681640625,961.5978393554688,345.40533447265625,57.98721694946289,33.23195266723633,201.39813232421875,55.026405334472656,151.9424285888672,479.2680358886719,249.37037658691406,112.85871887207031,109.6336669921875,244.3765106201172,405.5124206542969,127.37007904052734,128.4563446044922,885.2486572265625,308.4376525878906,69.19999694824219,9.775686264038086,36.2569694519043,276.4323425292969,213.1300048828125,,265.81304931640625,193.5792999267578,93.3694839477539,54.465606689453125,193.14450073242188,191.1866912841797,623.6911010742188,330.0185852050781,417.21624755859375,222.21041870117188,294.6620178222656,219.6895294189453,159.50306701660156,20.290000915527344,603.6407470703125,573.47998046875,259.61248779296875,149.29083251953125,261.6834716796875,697.9236450195312,127.77569580078125,62.47538375854492,435.2479553222656,803.3646240234375,492.982177734375,265.598388671875,75.0670394897461,545.3140869140625,285.9393615722656,288.1282958984375,55.97938919067383,602.443603515625,493.3129577636719,57.06427001953125,90.97688293457031,658.3422241210938,220.31918334960938,149.351318359375,49.34000015258789,50.78811264038086,150.03680419921875,95.19819641113281,133.73712158203125,617.8510131835938,432.1851806640625,464.75103759765625,90.84906768798828,72.08146667480469,971.8900146484375,74.31672668457031,496.6455993652344,1140.6199951171875,255.54576110839844,118.39421081542969,212.05625915527344,157.1063995361328,85.50199890136719,48.77382278442383,189.3000030517578,108.83451843261719,150.12310791015625,25.910093307495117,167.4637908935547,246.62635803222656,657.7896728515625,117.99137878417969,127.12805938720703,197.26101684570312,288.4474182128906,119.63645935058594,,90.23999786376953,168.28758239746094,681.7872314453125,538.8768920898438,123.24644470214844,98.13711547851562,81.7629623413086,361.7981262207031,41.56031799316406,510.7300109863281,84.38766479492188,517.9441528320312,80.1262435913086,397.22265625,23.39824867248535,1257.7459716796875,138.1992645263672,123.72693634033203,582.0206298828125,219.10855102539062,397.1499938964844,364.9765930175781,182.7655487060547,534.0231323242188,249.94412231445312,129.71311950683594,47.905033111572266,332.8386535644531,137.85919189453125,443.8800048828125,38.69595718383789,76.68343353271484,211.31097412109375,96.67318725585938,107.19925689697266,171.87335205078125
2025-01-28,237.41717529296875,170.4969482421875,125.67713165283203,374.6492004394531,442.8399963378906,206.84878540039062,49.10042953491211,293.72796630859375,309.92999267578125,291.6358642578125,171.47235107421875,114.16999816894531,273.3999328613281,182.3493194580078,238.14999389648438,106.54000091552734,369.2502136230469,320.8329772949219,68.18744659423828,,205.89620971679688,314.3985595703125,3318.580078125,177.77999877929688,46.017608642578125,245.13246154785156,4659.025390625,1035.09814453125,56.59538269042969,,102.31999969482422,78.24583435058594,66.88609313964844,,270.50128173828125,86.36158752441406,299.29998779296875,365.3800048828125,298.3879089355469,88.23597717285156,36.48723602294922,231.06832885742188,57.83000183105469,98.8994140625,955.042724609375,358.1925964355469,58.33073806762695,32.28359603881836,199.28033447265625,56.1328125,150.9567413330078,475.1499938964844,246.63375854492188,111.663818359375,108.3583984375,247.6719207763672,399.7537536621094,128.37734985351562,126.7917251586914,891.847900390625,309.5464782714844,72.55999755859375,9.493151664733887,35.436317443847656,273.6044921875,211.72000122070312,,258.65155029296875,193.54942321777344,91.90064239501953,49.6259880065918,196.43385314941406,194.6653594970703,628.1426391601562,326.7383117675781,411.2850036621094,217.278076171875,299.9563293457031,221.18922424316406,157.5294647216797,19.799999237060547,597.7100219726562,574.1400146484375,254.00628662109375,146.8399200439453,262.9532470703125,698.1321411132812,125.86018371582031,60.99835205078125,431.3064270019531,800.20361328125,447.7251892089844,261.6305236816406,73.95538330078125,545.0352172851562,286.5250549316406,286.22113037109375,55.050148010253906,600.968505859375,490.240234375,55.67508316040039,90.50458526611328,672.7584838867188,217.40577697753906,149.2330322265625,48.650001525878906,49.980445861816406,148.10972595214844,94.72190856933594,135.58682250976562,622.4176025390625,444.7561340332031,461.7438049316406,87.99726104736328,68.86939239501953,971.8300170898438,73.14661407470703,480.2726745605469,1170.3900146484375,248.22647094726562,128.9619140625,210.429443359375,162.7839813232422,85.22266387939453,48.22270584106445,192.94000244140625,106.20054626464844,145.88963317871094,25.803985595703125,164.03871154785156,244.76849365234375,661.2236328125,116.97933197021484,125.69529724121094,196.12347412109375,288.6026611328125,117.78961181640625,,88.19000244140625,168.6513214111328,683.4003295898438,547.1292724609375,126.49885559082031,98.51978302001953,80.940673828125,361.7981262207031,40.36841583251953,526.1199951171875,81.49994659423828,517.645751953125,79.73609924316406,392.50445556640625,23.650259017944336,1243.9449462890625,136.80270385742188,123.17218780517578,582.6687622070312,218.82159423828125,398.0899963378906,363.1299743652344,176.4528350830078,533.001220703125,244.77667236328125,128.91346740722656,46.841331481933594,332.7789306640625,134.75686645507812,440.67999267578125,38.46744155883789,76.62440490722656,211.33074951171875,96.56401062011719,105.12669372558594,169.28082275390625
2025-01-29,238.51329040527344,170.93585205078125,126.14080810546875,370.7184143066406,441.67999267578125,207.2338104248047,50.13892364501953,295.9532470703125,304.1700134277344,292.32171630859375,173.8829803466797,117.3499984741211,274.7459716796875,179.1301727294922,237.07000732421875,107.83999633789062,364.5386657714844,321.13714599609375,68.98286437988281,,204.89334106445312,312.62347412109375,3314.050048828125,173.66000366210938,45.92919158935547,242.98699951171875,4696.00146484375,1036.4866943359375,56.87470245361328,,102.70999908447266,78.92121124267578,64.4014663696289,,274.03814697265625,84.57180786132812,289.8800048828125,359.3299865722656,298.8707275390625,87.95121765136719,36.3026123046875,229.2051239013672,58.27000045776367,99.07500457763672,960.37255859375,352.2716369628906,58.44852066040039,32.579959869384766,197.4210662841797,55.7117919921875,150.45423889160156,473.33843994140625,222.64111328125,112.70936584472656,107.68669891357422,245.10108947753906,394.72479248046875,127.24171447753906,126.77225494384766,893.2445068359375,314.42724609375,71.12999725341797,9.615582466125488,35.871360778808594,270.0794982910156,212.50999450683594,,247.697509765625,198.1982879638672,93.6044921875,49.36813735961914,196.54347229003906,194.77499389648438,627.72900390625,325.66473388671875,405.9725036621094,217.6226806640625,291.16876220703125,224.1003875732422,155.92283630371094,19.75,590.0776977539062,572.7100219726562,251.71865844726562,147.591796875,262.4020080566406,708.1136474609375,126.08382415771484,61.458091735839844,434.08929443359375,799.299072265625,444.7008972167969,258.97869873046875,74.59061431884766,546.4690551757812,287.53759765625,285.19873046875,54.80561065673828,601.19775390625,487.5752258300781,55.89031219482422,89.9437255859375,674.9135131835938,215.86045837402344,149.37103271484375,49.099998474121094,50.03746032714844,148.8471221923828,95.52867126464844,135.75320434570312,587.4601440429688,439.9127197265625,459.9275817871094,88.75508117675781,69.21109771728516,978.1500244140625,75.30001831054688,475.23944091796875,1143.6300048828125,252.5747528076172,123.67305755615234,210.0153350830078,160.81869506835938,85.87200164794922,48.0554084777832,185.4199981689453,109.80492401123047,146.0061492919922,25.6785831451416,164.07818603515625,246.11692810058594,660.8068237304688,115.96728515625,126.30934143066406,196.57069396972656,285.4787292480469,118.74219512939453,,88.76000213623047,168.80862426757812,684.3363037109375,540.5591430664062,123.3252944946289,106.53598022460938,81.29732513427734,358.0625915527344,39.997161865234375,512.7100219726562,80.80728912353516,514.43310546875,79.96044158935547,388.4517822265625,23.485483169555664,1252.7777099609375,135.8619842529297,123.04341125488281,566.6533813476562,232.68470764160156,389.1000061035156,361.3825988769531,176.15968322753906,528.6978149414062,245.15980529785156,127.3522720336914,46.08707809448242,334.17181396484375,136.07388305664062,441.5199890136719,38.353179931640625,77.10650634765625,207.2752685546875,96.7724380493164,105.73970794677734,169.08213806152344
2025-01-30,236.7495574951172,171.3162078857422,127.07803344726562,376.98583984375,446.0,209.6920623779297,50.14863204956055,298.6019592285156,309.95001220703125,297.2218933105469,180.27166748046875,118.86000061035156,277.0283508300781,181.26651000976562,234.63999938964844,113.86000061035156,369.91619873046875,328.7802429199219,71.24981689453125,,214.13763427734375,316.2926330566406,3351.010009765625,179.52999877929688,45.899715423583984,244.5518035888672,4748.1845703125,1055.10693359375,56.961387634277344,,103.04000091552734,80.12513732910156,65.56427001953125,,272.9949645996094,85.66876983642578,297.760009765625,336.6199951171875,278.8382873535156,89.24736022949219,32.308937072753906,232.57664489746094,58.9900016784668,98.97745513916016,975.3057861328125,341.892578125,59.351505279541016,32.4614143371582,201.02029418945312,55.633460998535156,151.06304931640625,475.1499938964844,221.99427795410156,112.9483413696289,109.28321838378906,250.6397705078125,393.7584533691406,128.81187438964844,126.33421325683594,906.9151611328125,323.8323059082031,73.22000122070312,9.56849479675293,36.2273063659668,264.3648681640625,215.91000366210938,,253.09571838378906,204.63897705078125,94.93624877929688,49.0904541015625,201.97589111328125,200.2172393798828,635.9230346679688,332.6130065917969,407.0330505371094,220.58599853515625,293.82086181640625,253.15313720703125,158.12452697753906,20.010000228881836,601.6306762695312,580.1799926757812,255.40048217773438,149.2712860107422,264.0261535644531,737.373046875,127.231201171875,62.651451110839844,442.071533203125,818.335205078125,449.87841796875,261.2248229980469,80.12908935546875,563.6060180664062,290.396484375,285.4051818847656,53.95462417602539,602.613037109375,496.405517578125,57.14253616333008,90.51441955566406,685.3990478515625,218.16732788085938,152.19009399414062,49.36000061035156,48.973236083984375,147.44114685058594,96.17991638183594,136.95700073242188,585.162109375,412.7221374511719,469.0584411621094,92.2350845336914,69.61138916015625,973.239990234375,77.02076721191406,477.0454406738281,1012.75,253.0272979736328,124.62286376953125,208.41812133789062,169.11669921875,87.34400177001953,48.14397430419922,187.4199981689453,111.4090805053711,147.4917449951172,25.95832633972168,165.24290466308594,248.93370056152344,698.6006469726562,117.40751647949219,127.02086639404297,196.46376037597656,289.1556091308594,117.45912170410156,,89.56999969482422,169.02490234375,680.1642456054688,568.01416015625,127.11975860595703,106.94807434082031,82.82301330566406,363.1690673828125,40.07532501220703,526.3599853515625,82.85601043701172,520.7191162109375,81.2381591796875,387.8160705566406,23.281938552856445,1277.0767822265625,136.20143127441406,124.90574645996094,605.0565185546875,231.9128875732422,400.2799987792969,363.68597412109375,181.0457000732422,536.037353515625,245.52330017089844,109.37940216064453,46.415855407714844,341.3053283691406,133.1920928955078,438.3999938964844,37.581932067871094,77.54924774169922,220.01544189453125,97.91386413574219,106.61544036865234,171.5554962158203
2025-01-31,235.16519165039062,179.3626708984375,126.2098617553711,381.1443176269531,437.45001220703125,209.18858337402344,49.721588134765625,298.35577392578125,311.3399963378906,299.99505615234375,178.91258239746094,115.94999694824219,278.3939208984375,180.41783142089844,237.67999267578125,115.2300033569336,368.5942077636719,328.937255859375,70.3748550415039,,219.70802307128906,314.8051452636719,3350.2099609375,176.52000427246094,45.48709487915039,243.67591857910156,4711.61572265625,1059.0260009765625,56.778385162353516,,102.36000061035156,79.7042465209961,64.97789764404297,,270.11383056640625,85.90933227539062,297.6199951171875,345.489990234375,289.9039001464844,85.13308715820312,32.707332611083984,233.1681671142578,58.349998474121094,96.41181182861328,976.1725463867188,340.0317077636719,59.479103088378906,32.47129440307617,199.41954040527344,55.300559997558594,144.17282104492188,471.75457763671875,221.6559295654297,112.57991027832031,109.0203628540039,248.3369598388672,390.1888732910156,128.32797241210938,122.45014953613281,898.5849609375,323.1789245605469,72.44999694824219,9.493151664733887,35.44620132446289,260.0740051269531,216.0399932861328,,253.14500427246094,202.6480255126953,95.1810531616211,49.05078125,204.93630981445312,203.35702514648438,630.7033081054688,327.9410705566406,404.5584716796875,220.25128173828125,290.17913818359375,250.63406372070312,158.5113067626953,19.43000030517578,598.5558471679688,571.8800048828125,254.44810485839844,148.5682373046875,263.1107177734375,733.2115478515625,126.37552642822266,62.093894958496094,441.81402587890625,806.2574462890625,453.1082763671875,257.3064880371094,80.44670867919922,553.0709838867188,288.46075439453125,283.8126220703125,53.1134147644043,592.7954711914062,496.6441955566406,56.731651306152344,89.36318969726562,687.5739135742188,214.26495361328125,150.02157592773438,48.709999084472656,49.628875732421875,143.26254272460938,96.05355834960938,136.38064575195312,591.1452026367188,412.7917785644531,465.72369384765625,90.97869110107422,69.865234375,976.760009765625,75.61466217041016,480.8944091796875,1018.3800048828125,251.1581268310547,120.04385375976562,205.61807250976562,168.79905700683594,86.29467010498047,45.90998458862305,184.4199981689453,109.79502868652344,146.31686401367188,25.58211898803711,163.84129333496094,246.15689086914062,701.7368774414062,116.04513549804688,126.90389251708984,195.3748321533203,289.57281494140625,114.57221984863281,,88.58000183105469,170.00799560546875,670.1072998046875,573.041259765625,127.09019470214844,105.65292358398438,81.9511947631836,355.8272399902344,39.35236358642578,525.47998046875,81.89993286132812,518.6005249023438,80.88703155517578,388.6703186035156,23.0008487701416,1266.2698974609375,133.74777221679688,123.61795806884766,596.0914306640625,230.52757263183594,404.6000061035156,360.1416015625,181.73477172851562,533.0111083984375,243.43075561523438,108.74159240722656,46.2031135559082,340.06170654296875,130.81192016601562,461.67999267578125,37.50575256347656,77.52957153320312,217.86900329589844,97.42752075195312,103.94932556152344,169.75759887695312
2025-02-03,227.20343017578125,185.44871520996094,126.72286987304688,381.4017028808594,438.6000061035156,202.62335205078125,48.547218322753906,302.5995788574219,306.2300109863281,307.131591796875,177.37493896484375,114.2699966430664,281.75897216796875,180.82752990722656,237.4199981689453,111.5,373.309326171875,331.6942443847656,69.71863555908203,,216.19300842285156,313.892822265625,3432.199951171875,175.8699951171875,45.3986701965332,243.6857452392578,4667.2001953125,998.221923828125,57.74155044555664,,103.06999969482422,78.46240997314453,62.76161575317383,,272.1504821777344,85.95744323730469,298.29998779296875,341.5,288.1795654296875,85.45712280273438,32.250633239746094,237.23960876464844,58.36000061035156,96.07038116455078,1002.0243530273438,337.5837097167969,59.91096115112305,32.115657806396484,201.0501251220703,54.7816276550293,144.31776428222656,462.3404541015625,213.21719360351562,113.51592254638672,110.19828033447266,247.66200256347656,399.45794677734375,126.25418853759766,123.04395294189453,899.90283203125,312.2591247558594,71.37999725341797,9.314212799072266,35.45608901977539,242.86143493652344,216.6199951171875,,252.7608184814453,203.1855926513672,96.33654022216797,47.50368881225586,201.98587036132812,200.57608032226562,622.7948608398438,332.3048400878906,401.3964538574219,218.96157836914062,289.9515075683594,255.56442260742188,159.0666961669922,19.3799991607666,597.8095703125,578.5499877929688,250.7957305908203,148.2948455810547,262.6283874511719,735.1681518554688,126.84225463867188,61.966732025146484,449.825927734375,805.6112670898438,445.73834228515625,253.8036651611328,79.59310913085938,561.5548095703125,288.3316955566406,285.1397399902344,51.11799240112305,597.8488159179688,493.6908264160156,56.16423797607422,89.07784271240234,695.8346557617188,216.6458740234375,147.89248657226562,47.5,50.217994689941406,144.53086853027344,96.99639892578125,135.12945556640625,576.9403076171875,408.6744079589844,469.812744140625,89.66246795654297,69.36731719970703,978.9400024414062,75.30984497070312,481.3681335449219,1020.9400024414062,246.25892639160156,116.63459777832031,201.85174560546875,167.34988403320312,87.73733520507812,45.63442611694336,182.7899932861328,108.0621566772461,145.9090576171875,25.273435592651367,166.57542419433594,248.63404846191406,690.541748046875,114.67302703857422,127.0890884399414,192.15667724609375,287.0794982910156,114.5625,,89.51000213623047,167.36346435546875,664.0034790039062,574.4249267578125,128.0462188720703,106.12389373779297,81.98091125488281,355.3106384277344,39.23512649536133,520.25,81.91944885253906,515.5868530273438,80.55540466308594,388.5213317871094,23.504871368408203,1265.7459716796875,130.11094665527344,123.14247131347656,592.1026000976562,235.60379028320312,383.67999267578125,357.9276123046875,178.12193298339844,538.6016845703125,238.74468994140625,105.94285583496094,45.32314682006836,344.061279296875,133.9395751953125,470.3699951171875,38.067527770996094,76.88021087646484,221.29144287109375,98.7972183227539,104.20230865478516,170.79066467285156
2025-02-04,231.9765167236328,185.26339721679688,127.3641357421875,387.74835205078125,440.2300109863281,203.38352966308594,46.091712951660156,299.9902648925781,306.8500061035156,310.3221740722656,177.1368408203125,119.5,281.9052734375,179.617919921875,242.05999755859375,112.31999969482422,375.8785095214844,329.3395080566406,69.31097412109375,,220.8598175048828,313.1986389160156,3459.0,176.22999572753906,45.889896392822266,238.5780029296875,4653.31640625,1000.1026000976562,56.94212341308594,,103.54000091552734,77.34870910644531,63.487125396728516,,270.4615478515625,85.20689392089844,299.6700134277344,340.260009765625,287.1941833496094,84.93669891357422,32.60044479370117,239.09298706054688,59.02000045776367,98.1189956665039,1017.99365234375,342.45977783203125,60.205413818359375,32.47129440307617,199.45928955078125,55.17327117919922,148.06729125976562,467.5078430175781,213.9635467529297,112.81890106201172,109.44869995117188,246.9969482421875,396.38140869140625,126.09619140625,124.71827697753906,909.0297241210938,311.55621337890625,71.33000183105469,9.56849479675293,36.06910705566406,246.40606689453125,214.22000122070312,,253.5882568359375,201.2643280029297,95.95465087890625,48.168148040771484,207.0395050048828,205.7093505859375,624.5775146484375,332.8018798828125,404.0772399902344,220.0839080810547,292.4552307128906,259.2204895019531,158.00552368164062,19.290000915527344,588.81396484375,579.6500244140625,250.04954528808594,149.876708984375,263.7406921386719,744.2161254882812,125.72406005859375,61.30158233642578,450.4101867675781,821.1583251953125,444.03533935546875,254.52601623535156,79.315185546875,556.7352905273438,288.61956787109375,284.8644714355469,51.450565338134766,601.3372802734375,490.3695068359375,54.902225494384766,89.51078796386719,702.5489501953125,220.38031005859375,149.50901794433594,46.61000061035156,49.99945068359375,154.27439880371094,88.19975280761719,134.74522399902344,578.9610595703125,410.116455078125,467.83770751953125,90.40036010742188,68.24455261230469,994.8699951171875,75.43767547607422,476.07830810546875,1010.1300048828125,248.81674194335938,118.62416076660156,199.55450439453125,166.64515686035156,88.94599914550781,46.83507537841797,183.39999389648438,107.41851806640625,139.32582092285156,24.955106735229492,165.95358276367188,247.71510314941406,684.517333984375,115.1303939819336,127.0890884399414,193.45948791503906,287.88470458984375,120.15161895751953,,77.7249984741211,170.11614990234375,694.0745239257812,575.0520629882812,126.51856231689453,108.5179443359375,81.03974914550781,355.2609558105469,40.27071762084961,523.8800048828125,81.16824340820312,510.92218017578125,79.42398834228516,389.762939453125,23.504871368408203,1223.52880859375,131.50750732421875,123.96468353271484,578.9591674804688,234.76271057128906,392.2099914550781,352.9338073730469,177.7478485107422,535.9193725585938,239.2162322998047,106.3997802734375,45.884010314941406,343.3946533203125,140.63755798339844,482.2799987792969,37.905662536621094,78.18876647949219,219.7285919189453,100.0180435180664,106.99491882324219,171.08865356445312
2025-02-05,231.64767456054688,187.0189971923828,130.28433227539062,394.31280517578125,437.6300048828125,207.12521362304688,45.08232879638672,303.41680908203125,311.3599853515625,314.387451171875,179.2300262451172,112.01000213623047,300.23272705078125,182.86631774902344,236.1699981689453,115.48999786376953,380.7878723144531,326.8670349121094,69.1220703125,,230.3622589111328,317.8594970703125,3474.080078125,181.83999633789062,46.282867431640625,241.17616271972656,4673.65478515625,998.96044921875,57.5103874206543,,104.97000122070312,78.3145751953125,64.1629409790039,,271.02783203125,86.45781707763672,302.6499938964844,345.04998779296875,289.0170593261719,85.05453491210938,32.97940444946289,238.21560668945312,57.5099983215332,97.75804138183594,1038.9342041015625,346.2312927246094,61.412662506103516,32.481170654296875,200.4436492919922,54.52705764770508,147.8450469970703,462.964111328125,211.0975799560547,110.07061767578125,110.84078979492188,247.86053466796875,396.55889892578125,123.2027587890625,124.30943298339844,921.048095703125,312.1007080078125,72.0999984741211,9.427227020263672,36.2668571472168,247.83963012695312,229.52999877929688,,254.72113037109375,203.65347290039062,97.58016967773438,47.41443634033203,192.67601013183594,190.70826721191406,635.6768188476562,334.8197326660156,406.3653259277344,218.9025115966797,287.5072326660156,258.08349609375,159.37413024902344,19.649999618530273,585.3709716796875,590.9000244140625,249.6175537109375,151.0484619140625,266.191650390625,753.9791870117188,125.67543029785156,61.74176025390625,449.32086181640625,837.1725463867188,440.30633544921875,255.7529754638672,81.33007049560547,563.884765625,290.24755859375,283.9403991699219,52.33089828491211,604.905517578125,493.0643005371094,56.183799743652344,90.21923065185547,703.2274169921875,222.79086303710938,150.26800537109375,46.15999984741211,49.96144485473633,154.66769409179688,87.15970611572266,136.87322998046875,576.6332397460938,411.0314636230469,477.4052429199219,93.3319320678711,67.56111907958984,1011.1099853515625,73.3236083984375,466.1597595214844,1027.06005859375,248.4133758544922,124.80281066894531,210.24212646484375,170.38720703125,89.8826675415039,46.60872268676758,186.85000610351562,105.94308471679688,141.43283081054688,25.504947662353516,166.8221893310547,248.71395874023438,683.6935424804688,115.58777618408203,127.66414642333984,193.37197875976562,293.1332702636719,119.86973571777344,,79.19999694824219,172.8885040283203,713.6605834960938,578.7850952148438,127.29718017578125,110.13689422607422,81.10908508300781,362.1060791015625,40.14775085449219,528.4199829101562,81.82188415527344,511.4990234375,80.27254486083984,396.4180908203125,23.718109130859375,1208.4178466796875,131.12925720214844,124.33120727539062,580.7640991210938,239.8883819580078,378.1700134277344,355.2470703125,178.76181030273438,530.3779296875,240.1790008544922,106.5235366821289,45.81631851196289,347.662841796875,138.2278594970703,488.44000244140625,38.210357666015625,78.75941467285156,222.33004760742188,101.69541931152344,106.91707611083984,174.49571228027344
2025-02-06,232.39501953125,188.2089080810547,126.49596405029297,383.51068115234375,435.3999938964844,205.1803436279297,44.208831787109375,304.2242431640625,307.70001220703125,318.05517578125,181.34304809570312,110.16000366210938,290.44964599609375,185.10018920898438,238.8300018310547,115.2699966430664,383.10809326171875,321.9416809082031,69.629150390625,,229.72679138183594,317.4826354980469,3466.68994140625,184.8000030517578,46.90180969238281,223.60906982421875,4753.53466796875,991.201171875,55.304744720458984,,105.0199966430664,81.1432113647461,64.80894470214844,,271.1073303222656,86.83309173583984,302.9100036621094,353.30999755859375,283.0260925292969,84.13152313232422,33.49441146850586,240.9463348388672,57.31999969482422,97.4946517944336,1047.013427734375,329.1948547363281,61.11821365356445,32.342872619628906,203.11819458007812,53.107337951660156,146.7916717529297,460.2913818359375,208.98788452148438,111.61402893066406,111.4832763671875,248.1781463623047,385.0317077636719,125.88880920410156,123.31652069091797,922.8577880859375,312.6947326660156,70.98999786376953,8.720890998840332,36.73155975341797,254.08445739746094,231.24000549316406,,251.7166290283203,205.1267547607422,96.00360870361328,47.533447265625,192.68597412109375,190.9773712158203,648.25341796875,322.5931396484375,406.6991882324219,206.56678771972656,276.671142578125,248.41883850097656,166.29653930664062,19.3799991607666,587.3013916015625,588.5,250.4521026611328,149.896240234375,272.5602722167969,756.6309204101562,125.13092803955078,61.97651672363281,456.2334899902344,865.19482421875,438.98504638671875,254.2489471435547,82.21344757080078,564.7510986328125,300.7301940917969,289.3768005371094,51.949424743652344,597.779052734375,500.025146484375,56.57512664794922,89.36318969726562,710.3307495117188,223.2749786376953,150.13987731933594,46.29999923706055,50.01845169067383,149.3780517578125,85.58506774902344,138.99142456054688,581.942626953125,413.547607421875,478.4771423339844,94.26924133300781,67.62946319580078,1015.6799926757812,70.54090881347656,460.4455261230469,1023.2999877929688,247.4001007080078,128.65194702148438,213.77178955078125,171.07208251953125,88.71600341796875,46.23474884033203,187.3699951171875,106.6263427734375,141.13185119628906,24.916519165039062,166.6938934326172,251.06126403808594,686.4029541015625,115.35421752929688,141.64112854003906,196.8137664794922,293.84149169921875,117.43968200683594,,78.56999969482422,166.45901489257812,718.9877319335938,580.7760620117188,126.92264556884766,109.59724426269531,82.86264038085938,362.8412780761719,39.40007781982422,533.1799926757812,81.74384307861328,516.26318359375,80.05796813964844,393.4183349609375,23.6987247467041,1215.75341796875,130.61524963378906,124.97510528564453,571.1209716796875,244.5786895751953,374.32000732421875,355.1279296875,180.4254913330078,520.7786254882812,239.22604370117188,108.01810455322266,46.1644401550293,345.71282958984375,132.08067321777344,481.1600036621094,38.029441833496094,80.1073226928711,222.47842407226562,102.08251953125,105.50617218017578,172.95606994628906
2025-02-07,226.82481384277344,185.89736938476562,127.33454895019531,382.16412353515625,433.07000732421875,202.59373474121094,44.41264343261719,301.27032470703125,301.1499938964844,320.3810119628906,178.56536865234375,107.55999755859375,286.31402587890625,184.21249389648438,229.14999389648438,118.47000122070312,384.8905944824219,304.5852966308594,69.40046691894531,,223.2825927734375,314.13079833984375,3420.18994140625,181.49000549316406,46.567779541015625,226.2072296142578,4860.70458984375,976.8445434570312,54.755741119384766,,105.25,80.54199981689453,63.77533721923828,,268.4049987792969,86.13065338134766,299.67999267578125,347.8399963378906,282.5137023925781,85.1919937133789,33.39723587036133,241.3603973388672,57.27000045776367,95.95330047607422,1041.0096435546875,324.2391662597656,61.11821365356445,32.19469451904297,200.90098571777344,52.882137298583984,147.4874725341797,460.90509033203125,205.7537078857422,110.3892593383789,111.94081115722656,245.56761169433594,385.968505859375,122.81763458251953,123.14129638671875,917.8713989257812,309.9226989746094,70.3499984741211,8.702055931091309,37.78950881958008,251.44317626953125,230.05999755859375,,251.02708435058594,204.3502960205078,94.04515075683594,46.9979133605957,186.53590393066406,184.7377166748047,645.9686279296875,320.1279602050781,400.0314636230469,202.3334503173828,271.47576904296875,247.34063720703125,165.4535675048828,19.100000381469727,576.007080078125,582.97998046875,250.91355895996094,149.51541137695312,271.47747802734375,742.607177734375,126.69639587402344,62.44603729248047,450.6578063964844,873.0877075195312,434.9428405761719,249.29161071777344,81.71717071533203,560.3598022460938,301.74273681640625,289.31781005859375,50.75608444213867,593.7323608398438,500.4825439453125,57.18166732788086,88.56617736816406,712.8548583984375,224.6580810546875,147.72491455078125,46.56999969482422,50.03746032714844,147.59844970703125,84.83661651611328,137.90769958496094,573.928955078125,407.5107727050781,475.7080993652344,92.03565979003906,66.65314483642578,1013.9299926757812,67.53205871582031,462.4489440917969,1008.2899780273438,246.38136291503906,129.8117218017578,209.93646240234375,173.16644287109375,87.78333282470703,46.03792190551758,193.94000244140625,104.98257446289062,140.38418579101562,24.829702377319336,165.795654296875,250.31211853027344,680.4041748046875,114.19619750976562,140.75416564941406,195.15122985839844,293.57952880859375,116.93423461914062,,77.30999755859375,165.12197875976562,706.9692993164062,570.1643676757812,126.10462188720703,110.08782196044922,82.40692138671875,358.2215270996094,39.50829315185547,525.8200073242188,82.5145492553711,516.352783203125,79.96044158935547,388.7795715332031,23.785959243774414,1241.942626953125,127.38577270507812,123.51891326904297,569.8843994140625,243.65846252441406,361.6199951171875,353.5791320800781,177.19656372070312,517.8212890625,237.8212127685547,107.6753921508789,45.671268463134766,346.25006103515625,130.89059448242188,469.32000732421875,37.97231674194336,79.76126861572266,222.46852111816406,100.39520263671875,105.95377349853516,170.2840576171875
2025-02-10,227.0941162109375,185.64376831054688,129.54441833496094,383.06512451171875,451.1000061035156,202.24818420410156,44.73292541503906,302.215576171875,304.989990234375,322.3291931152344,182.19619750976562,110.4800033569336,287.5332336425781,185.22702026367188,233.13999938964844,120.2300033569336,383.98443603515625,304.6932373046875,71.38902282714844,,233.3807830810547,307.675048828125,3427.550048828125,180.5500030517578,45.850589752197266,225.9119873046875,4886.57177734375,970.453857421875,53.484371185302734,,106.18000030517578,79.56626892089844,65.82266998291016,,264.8482360839844,86.28461456298828,305.6300048828125,343.7300109863281,288.5343017578125,84.40646362304688,33.49441146850586,238.38319396972656,57.79999923706055,97.04591369628906,1059.071044921875,325.6025085449219,61.64822006225586,32.678749084472656,202.80003356933594,53.15629196166992,150.5315399169922,465.2409362792969,202.5095672607422,108.81596374511719,112.53463745117188,244.11843872070312,390.6227722167969,125.16791534423828,127.093505859375,927.5785522460938,316.6844482421875,71.0999984741211,8.702055931091309,38.02680206298828,253.5542755126953,230.64999389648438,,252.51454162597656,204.29055786132812,93.49678802490234,46.184696197509766,187.5924835205078,185.86404418945312,640.679931640625,316.3606262207031,406.5322265625,205.2869415283203,264.02410888671875,245.95924377441406,165.7411651611328,19.770000457763672,583.9579467773438,595.7000122070312,252.92625427246094,150.6090545654297,266.7921447753906,746.341552734375,127.7951431274414,63.14053726196289,456.4117126464844,863.7137451171875,438.69140625,253.7443084716797,83.10675048828125,563.0881958007812,302.2192077636719,303.19879150390625,50.91258239746094,601.4170532226562,501.4073791503906,57.25992965698242,89.38286590576172,715.7281494140625,225.30026245117188,147.54751586914062,47.810001373291016,51.15869140625,151.19699096679688,83.98125457763672,135.2772216796875,577.9804077148438,409.96728515625,478.13970947265625,95.65525817871094,68.04927825927734,1027.5999755859375,69.75428009033203,468.1632080078125,1021.8099975585938,250.66407775878906,133.54090881347656,207.09695434570312,177.59336853027344,87.33466339111328,47.612545013427734,196.39999389648438,105.07170104980469,140.16087341308594,24.955106735229492,165.36135864257812,249.40316772460938,677.14111328125,116.25922393798828,142.85948181152344,191.80667114257812,294.55938720703125,120.24882507324219,,78.23999786376953,168.4645538330078,687.4130859375,571.9164428710938,126.4002914428711,109.3519515991211,80.41559600830078,356.82073974609375,40.54125213623047,531.3300170898438,83.42184448242188,512.5234985351562,80.18476867675781,389.9715576171875,24.096128463745117,1249.390625,127.31787872314453,123.79627990722656,551.3259887695312,253.14791870117188,350.7300109863281,357.84820556640625,177.5017547607422,524.0504760742188,240.03163146972656,108.67495727539062,45.332820892333984,349.4437561035156,134.55921936035156,469.9700012207031,38.03896713256836,78.2089614868164,223.63571166992188,102.1520004272461,107.9776840209961,170.76084899902344
2025-02-11,232.05198669433594,187.09701538085938,129.67266845703125,386.154296875,458.82000732421875,200.86605834960938,45.0726203918457,301.0832214355469,299.7200012207031,320.0530090332031,181.73985290527344,111.0999984741211,289.35723876953125,188.68026733398438,232.75999450683594,116.83999633789062,382.5903015136719,303.6532287597656,69.54959869384766,,233.3807830810547,306.9908142089844,3445.7900390625,180.44000244140625,45.96849060058594,225.8824462890625,4870.50048828125,973.0632934570312,53.87926483154297,,105.9800033569336,79.9407958984375,64.7592544555664,,266.2192687988281,87.77609252929688,303.8699951171875,350.9200134277344,290.9188232421875,85.79098510742188,34.23289489746094,238.31419372558594,56.18000030517578,99.22134399414062,1055.50048828125,322.8161315917969,61.27524948120117,32.70838165283203,204.22181701660156,53.85146713256836,152.1453857421875,469.517333984375,200.6387176513672,108.55706787109375,113.59574127197266,259.2951965332031,385.771240234375,125.325927734375,128.77757263183594,928.0703125,313.34814453125,70.91000366210938,8.673802375793457,37.16660690307617,256.5294189453125,229.88999938964844,,253.1548309326172,207.87425231933594,94.14307403564453,46.31361770629883,186.46612548828125,184.71780395507812,637.4397583007812,321.7979431152344,408.8595275878906,203.7314453125,254.66253662109375,251.31710815429688,165.5626678466797,20.969999313354492,583.002685546875,591.6500244140625,253.976806640625,152.45455932617188,270.68017578125,753.4527587890625,129.5064697265625,66.12393188476562,456.2928771972656,859.8568115234375,439.80712890625,254.32810974121094,82.64025115966797,562.301513671875,285.88970947265625,304.9584655761719,51.43100357055664,608.4039306640625,509.7206115722656,59.138267517089844,89.7370834350586,718.12255859375,225.25086975097656,147.9220733642578,48.060001373291016,51.16819381713867,152.6914520263672,84.1173324584961,135.7501220703125,571.8685302734375,409.1915588378906,471.0136413574219,93.81056213378906,68.66436004638672,1008.0800170898438,70.14759826660156,467.64013671875,1009.0499877929688,253.65113830566406,132.77108764648438,208.00404357910156,175.87620544433594,88.26266479492188,47.83889389038086,195.49000549316406,105.05188751220703,141.41342163085938,24.62713050842285,167.2367401123047,257.27410888671875,677.4893188476562,118.4974136352539,144.23379516601562,193.69284057617188,296.2280578613281,125.9254379272461,,76.20999908447266,169.0839080810547,662.6194458007812,578.7154541015625,127.24789428710938,108.93984985351562,82.42672729492188,359.01629638671875,41.10200500488281,529.1400146484375,84.33888244628906,537.59765625,81.37471771240234,387.8657531738281,24.377214431762695,1273.7833251953125,128.4525604248047,123.50900268554688,543.7171630859375,255.98782348632812,328.5,362.1470642089844,176.458251953125,524.5908203125,243.37181091308594,109.02717590332031,46.01939010620117,349.52349853515625,134.63790893554688,455.2200012207031,38.55313491821289,78.74287414550781,224.28854370117188,101.70535278320312,108.6588134765625,173.1249237060547
2025-02-12,236.29161071777344,188.2381591796875,128.73545837402344,384.9859313964844,462.760009765625,202.51475524902344,43.888545989990234,301.93988037109375,297.2799987792969,322.647216796875,179.44827270507812,111.72000122070312,287.796630859375,184.87583923339844,228.92999267578125,109.63999938964844,385.1195983886719,304.49700927734375,69.33087158203125,,234.6815643310547,303.8471984863281,3432.9599609375,186.25,45.3986701965332,222.2706298828125,4990.62890625,958.7952880859375,54.081539154052734,,105.7699966430664,80.0984878540039,63.20884704589844,,263.34808349609375,86.34234619140625,294.04998779296875,354.55999755859375,288.40618896484375,85.16253662109375,33.91223907470703,245.43186950683594,57.290000915527344,95.99232482910156,1062.2623291015625,324.5277404785156,61.3734016418457,32.520687103271484,203.43637084960938,61.89981460571289,149.6907958984375,471.75457763671875,201.19598388671875,108.76618194580078,113.28423309326172,260.0892639160156,380.2886962890625,122.94600677490234,125.4191665649414,919.76953125,306.7843933105469,75.81999969482422,8.692638397216797,37.532440185546875,257.8941955566406,227.72999572753906,,247.57931518554688,208.6905517578125,101.16413879394531,47.29542541503906,184.83140563964844,183.0133514404297,639.173095703125,310.51568603515625,399.8056335449219,201.8313446044922,257.3245544433594,252.41236877441406,165.185791015625,22.479999542236328,573.7084350585938,589.6099853515625,251.39463806152344,151.6050262451172,271.13299560546875,745.4376831054688,130.17738342285156,67.20970153808594,454.1339416503906,867.7793579101562,432.57427978515625,247.6292724609375,80.96282958984375,562.2020263671875,288.32177734375,302.39263916015625,52.673248291015625,593.0446166992188,502.610595703125,59.285011291503906,89.88468170166016,723.6895751953125,226.2091522216797,146.73924255371094,48.16999816894531,50.68359375,146.70375061035156,83.27169036865234,135.0802001953125,567.1336669921875,406.8046569824219,463.391357421875,91.41742706298828,67.63922882080078,1027.31005859375,71.0522232055664,464.6991271972656,982.4000244140625,251.13885498046875,131.11143493652344,216.7000274658203,170.9430389404297,88.28666687011719,47.071266174316406,196.72999572753906,102.41963958740234,139.81130981445312,24.569250106811523,167.3848114013672,256.4949951171875,674.9127197265625,116.5511474609375,146.0954132080078,190.16354370117188,291.15411376953125,121.54161834716797,,76.2699966430664,167.41259765625,661.0261840820312,564.1915283203125,124.95149230957031,110.91202545166016,81.51527404785156,353.1845703125,40.77736282348633,509.7099914550781,84.69009399414062,528.6461791992188,80.88703155517578,383.0482177734375,24.58076286315918,1266.3822021484375,124.70648193359375,123.24153900146484,536.5072631835938,252.6036834716797,336.510009765625,359.0594482421875,177.18673706054688,518.184814453125,244.13809204101562,108.77014923095703,45.922691345214844,350.29083251953125,128.7563018798828,453.20001220703125,38.59122085571289,78.35726928710938,224.93148803710938,102.83684539794922,105.38961791992188,172.71768188476562
2025-02-13,240.9402313232422,188.67706298828125,130.01795959472656,385.67901611328125,459.2200012207031,206.6710662841797,44.36411666870117,305.45501708984375,303.4800109863281,326.5733642578125,182.80133056640625,111.80999755859375,289.65960693359375,185.33433532714844,230.3699951171875,109.75,388.65478515625,309.21630859375,68.97293090820312,,234.1354522705078,304.9380798339844,3469.7099609375,185.44000244140625,45.516563415527344,221.4439239501953,4981.271484375,965.2843017578125,53.908164978027344,,106.13999938964844,80.91651916503906,63.27841567993164,,266.000732421875,86.47705841064453,296.1600036621094,360.7699890136719,295.43182373046875,86.16410827636719,34.37865447998047,246.5655517578125,58.130001068115234,94.5290298461914,1073.9708251953125,328.23956298828125,62.65917205810547,32.69850540161133,204.80845642089844,64.98403930664062,150.63784790039062,461.51885986328125,202.59912109375,109.12464141845703,110.92838287353516,263.5037841796875,386.14599609375,123.73602294921875,125.59439086914062,907.7708129882812,304.7350158691406,76.0,8.805652618408203,39.76698684692383,258.355712890625,229.8699951171875,,242.48646545410156,207.4163360595703,103.75910186767578,47.4937744140625,187.27352905273438,185.53512573242188,639.1238403320312,319.998779296875,405.0003356933594,202.08734130859375,250.2489471435547,255.7474822998047,167.17921447753906,24.1299991607666,581.0324096679688,591.3900146484375,255.36117553710938,153.54818725585938,271.9893493652344,759.07421875,131.616455078125,67.98245239257812,456.5998840332031,866.676025390625,425.4783935546875,250.00404357910156,82.6799545288086,563.90478515625,286.1279602050781,304.77166748046875,53.07429122924805,600.4901123046875,524.5271606445312,59.83285903930664,90.7210464477539,726.8621826171875,228.3134765625,146.59140014648438,49.52000045776367,50.949649810791016,151.50177001953125,82.05668640136719,134.81419372558594,566.90576171875,408.2964782714844,462.5477294921875,95.38603210449219,66.975341796875,1043.68994140625,71.98634338378906,449.10589599609375,989.47998046875,254.4127197265625,135.26052856445312,216.50283813476562,172.5708770751953,89.04533386230469,47.12047576904297,201.8800048828125,104.55525207519531,140.38418579101562,24.733238220214844,168.80618286132812,261.828857421875,690.2330932617188,117.65078735351562,145.4033966064453,190.0079803466797,292.25042724609375,122.02762603759766,,76.58999633789062,169.24119567871094,671.391845703125,570.831298828125,124.02505493164062,110.87277221679688,80.81187438964844,358.7778625488281,41.39714050292969,528.2899780273438,84.66082000732422,539.39794921875,81.79411315917969,385.7698669433594,24.842466354370117,1250.008056640625,125.7628173828125,125.044921875,531.1621704101562,262.3009338378906,355.94000244140625,358.68218994140625,177.98411560058594,521.898681640625,246.5548095703125,110.0838394165039,45.825984954833984,354.416748046875,128.83499145507812,462.5799865722656,39.07682418823242,77.9617691040039,225.12933349609375,104.26610565185547,106.1553726196289,163.8275146484375
2025-02-14,244.00274658203125,188.11135864257812,128.8538360595703,384.16412353515625,460.1600036621094,211.8739013671875,44.74263381958008,303.41680908203125,302.7200012207031,319.5560302734375,167.8514404296875,113.0999984741211,286.2869873046875,184.73927307128906,228.67999267578125,106.87000274658203,385.3685607910156,310.1581726074219,68.48572540283203,,231.39492797851562,308.44854736328125,3458.550048828125,184.4199981689453,46.13550567626953,221.2372589111328,5016.77490234375,959.0020751953125,51.914424896240234,,106.11000061035156,83.39033508300781,64.72943115234375,,262.8016052246094,84.63917541503906,295.19000244140625,360.2699890136719,288.0415954589844,84.48501586914062,34.388370513916016,242.00115966796875,57.08000183105469,94.66671752929688,1068.9742431640625,324.9457092285156,63.670127868652344,32.96522521972656,203.43374633789062,64.45530700683594,151.78103637695312,475.377685546875,205.29595947265625,109.91129302978516,109.646240234375,262.7791442871094,383.8287353515625,122.31590270996094,125.8766860961914,918.1959228515625,306.0814514160156,76.19000244140625,8.928082466125488,39.025428771972656,262.9214782714844,230.60000610351562,,238.32943725585938,207.32675170898438,101.91815185546875,47.96979904174805,186.2667694091797,184.62806701660156,650.5481567382812,314.32281494140625,402.12310791015625,199.60641479492188,251.18907165527344,257.8097229003906,165.33456420898438,23.600000381469727,584.4953002929688,595.5499877929688,253.41717529296875,152.47409057617188,272.2551574707031,745.6264038085938,129.0008544921875,67.3662109375,452.5889892578125,840.696533203125,414.1935119628906,249.14317321777344,82.13404846191406,562.361328125,281.4425354003906,303.3265686035156,54.541507720947266,591.7389526367188,519.9132080078125,59.50023651123047,91.3212661743164,734.9533081054688,226.0708465576172,147.21543884277344,49.25,50.63608169555664,153.43869018554688,80.6861572265625,136.8929443359375,569.0223388671875,406.1979675292969,434.84747314453125,99.23497772216797,66.4481201171875,1058.5999755859375,71.81918334960938,433.1573181152344,986.6300048828125,253.19615173339844,138.81976318359375,220.98887634277344,172.86866760253906,87.91999816894531,47.2976188659668,200.02999877929688,105.25056457519531,139.2287139892578,24.62713050842285,160.78140258789062,262.29833984375,696.6298828125,117.60213470458984,146.6510009765625,188.53016662597656,288.5250244140625,124.45767211914062,,77.97000122070312,169.31983947753906,670.724609375,570.9806518554688,120.64453125,111.03060913085938,79.85763549804688,354.53570556640625,41.07249069213867,522.530029296875,83.49012756347656,536.7821044921875,82.02820587158203,382.6011962890625,25.075092315673828,1229.638671875,125.0781478881836,123.5445785522461,530.3743286132812,267.9807434082031,355.8399963378906,360.6479187011719,180.17938232421875,514.36279296875,244.83560180664062,110.63597106933594,46.174102783203125,352.6029357910156,133.0839080810547,459.0,39.02921676635742,79.07904815673828,225.25791931152344,103.26364135742188,106.26336669921875,156.467041015625
2025-02-18,243.87306213378906,191.407958984375,128.4296112060547,383.7284851074219,464.1099853515625,217.41236877441406,45.05668640136719,305.1891784667969,295.6600036621094,324.3269958496094,170.62911987304688,114.27999877929688,287.8995361328125,184.90512084960938,226.64999389648438,111.05999755859375,389.451416015625,311.0215759277344,68.63487243652344,,226.91676330566406,310.2434997558594,3384.429931640625,184.97000122070312,45.71305465698242,221.56201171875,5113.72119140625,962.8816528320312,52.42489242553711,,105.3499984741211,83.41004943847656,66.18045043945312,,264.8780517578125,85.93819427490234,300.42999267578125,361.739990234375,290.4360046386719,84.82868194580078,35.321197509765625,244.3376007080078,54.4900016784668,95.8370132446289,1053.19677734375,327.3538818359375,63.395294189453125,33.23195266723633,202.9556121826172,64.20073699951172,152.58226013183594,496.50250244140625,203.53456115722656,109.09477233886719,108.94866943359375,264.24822998046875,377.1529846191406,123.97203826904297,127.46341705322266,916.5240478515625,309.99200439453125,75.66999816894531,9.035064697265625,38.85734176635742,262.6072998046875,236.27999877929688,,238.97959899902344,209.12855529785156,103.0638427734375,47.731788635253906,185.20022583007812,183.1728057861328,662.0119018554688,314.81982421875,396.0445861816406,204.8143768310547,254.56358337402344,259.5759582519531,165.1262969970703,27.389999389648438,577.091796875,600.8900146484375,257.4819030761719,152.55284118652344,275.5625,753.0852661132812,131.88870239257812,67.54228210449219,461.333740234375,853.5717163085938,419.4298095703125,248.0745391845703,85.93553924560547,566.1949462890625,286.3066711425781,299.6695251464844,56.59562301635742,597.4500732421875,516.6714477539062,59.8524284362793,84.68938446044922,714.7005615234375,227.3650665283203,147.5819549560547,51.04999923706055,50.12297821044922,156.35879516601562,80.95832061767578,138.6269073486328,569.0819702148438,407.4013977050781,422.77886962890625,106.48416137695312,66.87770080566406,1035.8499755859375,76.29312896728516,435.5851135253906,997.47998046875,255.59963989257812,139.36964416503906,225.64251708984375,178.4668426513672,86.38800048828125,48.065242767333984,208.27999877929688,105.82667541503906,139.91812133789062,24.656068801879883,163.2885284423828,263.6268005371094,691.8646850585938,118.04977416992188,145.0330352783203,191.06773376464844,288.136962890625,126.635009765625,,78.62000274658203,170.7060089111328,677.0972900390625,569.9354248046875,121.97505187988281,111.50413513183594,80.99079895019531,350.69091796875,41.9578857421875,525.0,84.50350952148438,540.840087890625,82.535400390625,383.0283203125,25.268945693969727,1215.8751220703125,127.25929260253906,123.037841796875,521.638671875,260.4505310058594,354.1099853515625,360.3004455566406,183.55596923828125,491.98077392578125,246.7512969970703,111.44705200195312,46.35783386230469,355.51300048828125,135.91651916503906,462.1099853515625,39.22917556762695,79.87003326416016,225.87120056152344,103.00557708740234,108.12866973876953,155.43399047851562
2025-02-19,244.27207946777344,192.48081970214844,130.35340881347656,386.3621826171875,456.989990234375,238.5790252685547,45.18427276611328,308.408935546875,299.05999755859375,325.3507995605469,172.67269897460938,114.69000244140625,289.34490966796875,183.93934631347656,226.6300048828125,103.91999816894531,393.215576171875,311.0706481933594,69.41040802001953,,227.1153564453125,307.337890625,3396.4599609375,186.14999389648438,45.202178955078125,223.95352172851562,5082.61279296875,971.2318115234375,52.95463562011719,,105.66999816894531,82.72999572753906,65.57421112060547,,264.7091369628906,85.89009094238281,274.0400085449219,361.5799865722656,292.8797302246094,85.84007263183594,35.4475212097168,247.1964874267578,53.79999923706055,97.92192840576172,1059.6893310546875,322.945556640625,63.64067077636719,32.016876220703125,207.3386688232422,65.0134048461914,153.6277313232422,504.1347351074219,203.98236083984375,110.8771743774414,109.83291625976562,264.2680969238281,386.25445556640625,123.39685821533203,130.95809936523438,923.5855102539062,306.3388366699219,74.66999816894531,9.08369255065918,38.13556671142578,262.03778076171875,236.33999633789062,,240.53599548339844,209.54664611816406,105.41399383544922,47.40451431274414,186.5259552001953,184.66795349121094,658.0331420898438,318.6468505859375,388.30657958984375,207.5414276123047,262.7574157714844,260.8093566894531,165.58248901367188,25.719999313354492,579.3307495117188,608.47998046875,259.2983093261719,155.4072265625,274.8734436035156,769.472900390625,134.11538696289062,68.54000091552734,457.6100769042969,863.3800048828125,423.74603271484375,244.08688354492188,87.00749206542969,566.08544921875,285.45294189453125,296.8284606933594,62.20041275024414,600.7592163085938,516.3632202148438,60.58615493774414,85.6044692993164,702.1300048828125,228.34312438964844,148.78050231933594,51.689998626708984,50.68359375,154.89527893066406,83.20365142822266,138.60719299316406,571.109130859375,412.5033264160156,435.7804260253906,104.06111907958984,67.4244384765625,1043.3299560546875,75.49666595458984,427.77862548828125,987.1400146484375,246.33189392089844,139.19967651367188,242.12745666503906,180.17410278320312,86.38666534423828,50.1811408996582,205.19000244140625,106.4921875,141.57847595214844,24.974397659301758,164.33482360839844,269.31024169921875,697.9231567382812,118.36117553710938,146.00772094726562,188.82183837890625,288.5541076660156,126.32396697998047,,78.36000061035156,172.25930786132812,682.733154296875,574.4249267578125,123.60124969482422,110.9714126586914,81.51761627197266,349.558349609375,41.495513916015625,500.9800109863281,85.083984375,539.77587890625,83.23765563964844,385.91888427734375,25.433725357055664,1256.0804443359375,127.88526916503906,122.6304702758789,529.3870239257812,260.5890808105469,360.55999755859375,367.885498046875,193.2624053955078,502.11065673828125,242.71360778808594,111.04151916503906,45.56489944458008,354.0180969238281,134.8936309814453,471.760009765625,40.000423431396484,79.44487762451172,226.03933715820312,103.22393798828125,108.28575134277344,155.59292602539062
2025-02-20,245.22975158691406,195.92373657226562,131.37940979003906,381.035400390625,454.69000244140625,240.7115020751953,45.684791564941406,307.1781311035156,291.0199890136719,323.1640625,175.00933837890625,114.16999816894531,292.94366455078125,187.665771484375,222.8800048828125,103.4000015258789,391.4231262207031,308.3528747558594,68.97293090820312,,225.13941955566406,301.3283386230469,3406.659912109375,180.8800048828125,44.50465393066406,224.317626953125,4990.74853515625,974.2252197265625,53.73479461669922,,105.36000061035156,80.16747283935547,66.697265625,,265.7523193359375,87.78572082519531,270.2300109863281,363.010009765625,295.29388427734375,86.28194427490234,35.37950134277344,244.80093383789062,53.04999923706055,100.31170654296875,1032.0535888671875,316.87530517578125,63.47381591796875,32.06626510620117,205.13717651367188,63.73076248168945,155.15199279785156,490.79071044921875,206.9379119873047,110.08057403564453,111.17893981933594,265.35992431640625,385.0613098144531,123.71420288085938,132.0678253173828,924.7362060546875,305.7349548339844,74.70999908447266,9.132320404052734,38.521175384521484,263.5989990234375,234.42999267578125,,242.52586364746094,207.7946319580078,107.74456024169922,47.4937744140625,186.03750610351562,183.9602508544922,632.53515625,319.58123779296875,387.53082275390625,208.0730743408203,268.477294921875,261.2237548828125,165.41387939453125,26.09000015258789,576.236083984375,606.5700073242188,260.71209716796875,157.1690673828125,262.6185607910156,772.333251953125,135.1266326904297,68.51065826416016,457.44171142578125,869.4243774414062,427.0150451660156,243.8296356201172,88.35736846923828,560.8876342773438,285.0956115722656,297.919677734375,62.8948974609375,601.5266723632812,508.7560119628906,60.82094192504883,86.52938842773438,693.2207641601562,227.78988647460938,147.6710968017578,51.209999084472656,51.624290466308594,156.5071258544922,85.22541809082031,132.3511962890625,570.7315673828125,414.6857604980469,431.2447814941406,102.8844985961914,68.4788589477539,1024.5400390625,75.93915557861328,432.37762451171875,967.97998046875,246.68795776367188,140.07948303222656,242.4035186767578,174.6950225830078,87.49600219726562,51.26369094848633,198.80999755859375,105.7472152709961,144.77301025390625,24.984045028686523,165.04550170898438,267.36248779296875,691.8646850585938,117.65078735351562,147.73291015625,186.56619262695312,294.9862976074219,127.86946868896484,,77.62999725341797,170.76499938964844,693.9395751953125,578.7850952148438,123.30558013916016,111.80994415283203,81.33869171142578,347.7402648925781,41.908695220947266,493.9700012207031,86.40235137939453,532.5450439453125,83.89115905761719,383.8229675292969,25.346487045288086,1228.0948486328125,125.32267761230469,122.19328308105469,536.3377685546875,262.6175842285156,354.3999938964844,364.003662109375,200.7834014892578,493.64129638671875,243.29322814941406,112.58644104003906,45.21677780151367,349.29425048828125,136.8509063720703,480.3299865722656,40.457462310791016,77.74425506591797,226.6328125,96.48460388183594,109.95470428466797,156.36770629882812
2025-02-21,244.95042419433594,197.0941162109375,133.1058807373047,360.65887451171875,444.32000732421875,235.8640899658203,47.294307708740234,305.9867248535156,285.0,323.59149169921875,171.00225830078125,110.83999633789062,297.9386901855469,186.85610961914062,216.5800018310547,98.30000305175781,387.9278259277344,304.0456848144531,67.19317626953125,,217.116455078125,292.9388427734375,3368.97998046875,177.14999389648438,44.02325439453125,223.8255615234375,4963.3095703125,959.29736328125,53.77332305908203,,104.48999786376953,78.50183868408203,65.7232894897461,,265.5138854980469,88.70947265625,258.3399963378906,361.0,295.42193603515625,87.85302734375,35.21431350708008,245.34312438964844,51.5099983215332,96.31890869140625,1032.2530517578125,308.2874450683594,62.79657745361328,31.9082088470459,203.64292907714844,62.15438461303711,153.3248291015625,485.03924560546875,209.20681762695312,108.19860076904297,113.52709197998047,262.72955322265625,379.73651123046875,120.83827209472656,129.54660034179688,904.5055541992188,294.3993225097656,73.30000305175781,9.025338172912598,36.5634765625,249.58738708496094,232.33999633789062,,239.43270874023438,198.9249725341797,107.66622161865234,45.907012939453125,180.99383544921875,179.076171875,616.1273803710938,314.5315856933594,378.3590393066406,208.65391540527344,253.2474365234375,258.007080078125,166.4849853515625,24.8700008392334,562.69287109375,591.7899780273438,259.47503662109375,159.7478790283203,260.09869384765625,749.1621704101562,136.38095092773438,69.79205322265625,453.579345703125,869.9819946289062,431.3508605957031,236.6558380126953,85.37969970703125,555.14208984375,275.4368896484375,299.6498718261719,59.735477447509766,595.7457275390625,497.4794616699219,63.26668930053711,88.49730682373047,681.95703125,227.2366180419922,143.60983276367188,53.0,52.308433532714844,152.02757263183594,86.99446868896484,129.7404327392578,574.6964721679688,406.793212890625,418.7295227050781,98.55692291259766,69.884765625,1003.1500244140625,75.22134399414062,442.0987548828125,938.4099731445312,245.0559539794922,134.4007110595703,233.19483947753906,166.5657501220703,86.89399719238281,49.62017822265625,191.02999877929688,103.76060485839844,149.04531860351562,25.369897842407227,168.02639770507812,265.88421630859375,663.5219116210938,117.71891021728516,150.4912567138672,182.83274841308594,295.1123962402344,125.17697143554688,,74.94999694824219,162.6347198486328,698.2366943359375,571.448486328125,122.12681579589844,110.24140930175781,79.95703887939453,342.32574462890625,41.06265640258789,474.8399963378906,86.97299194335938,530.5260009765625,84.95429992675781,380.21728515625,25.80204963684082,1207.126708984375,121.5472412109375,120.33524322509766,531.0723876953125,262.3900146484375,337.79998779296875,352.2785339355469,198.8539276123047,458.2702941894531,241.2301788330078,112.32573699951172,44.35614776611328,347.3409729003906,132.52328491210938,484.239990234375,40.71454620361328,76.62698364257812,225.55465698242188,94.07273864746094,108.66863250732422,159.38739013671875
2025-02-24,246.49664306640625,199.04476928710938,133.13546752929688,360.31231689453125,444.4200134277344,233.9685821533203,47.50040817260742,307.4046325683594,285.260009765625,326.5037841796875,167.61166381835938,108.11000061035156,304.5363464355469,187.29507446289062,212.7100067138672,92.69000244140625,390.5368347167969,303.55511474609375,66.7457504272461,,206.46217346191406,293.06781005859375,3401.0,179.91000366210938,43.67939758300781,226.65992736816406,5021.43017578125,938.2055053710938,55.747802734375,,104.38999938964844,77.4078369140625,66.14070892333984,,271.6636962890625,89.06549835205078,252.9499969482422,365.79998779296875,296.6142272949219,88.48146057128906,35.272613525390625,244.23899841308594,51.209999084472656,97.18434143066406,1032.821533203125,306.814697265625,62.07027053833008,31.424152374267578,202.56710815429688,61.7039909362793,154.27261352539062,479.66400146484375,210.1123809814453,110.7278060913086,113.89060974121094,261.8560791015625,379.894287109375,119.67799377441406,130.0819854736328,894.0116577148438,286.9544677734375,72.76000213623047,9.093419075012207,36.692012786865234,248.9491729736328,232.08999633789062,,242.59481811523438,197.81004333496094,108.72378540039062,46.184696197509766,180.6051025390625,178.66751098632812,616.6592407226562,317.66278076171875,375.5309753417969,206.6553955078125,252.34689331054688,258.3918762207031,167.03042602539062,24.270000457763672,564.4541625976562,591.010009765625,256.84375,161.1652374267578,257.2441101074219,734.2008666992188,136.16702270507812,69.04864501953125,454.1042175292969,877.6693115234375,430.910400390625,234.5878143310547,82.71965026855469,556.625732421875,274.73211669921875,302.3631591796875,59.947357177734375,603.769287109375,498.1457214355469,63.941715240478516,88.7236099243164,666.572998046875,230.04237365722656,144.10511779785156,52.560001373291016,52.49847412109375,150.99916076660156,88.71491241455078,128.0458984375,569.9365234375,402.59783935546875,417.53857421875,95.13675689697266,69.12323760986328,988.469970703125,78.93817138671875,444.0528564453125,927.5800170898438,241.4359130859375,130.2516326904297,229.8721923828125,168.69981384277344,87.6606674194336,49.06906509399414,190.38999938964844,105.53861999511719,149.38516235351562,25.707521438598633,168.33238220214844,272.3168029785156,655.6727294921875,117.48536682128906,152.32366943359375,181.7729949951172,294.2974548339844,124.6375503540039,,75.25,158.37791442871094,711.1179809570312,573.9671020507812,124.24662017822266,111.66197204589844,79.63896179199219,341.63031005859375,40.85606002807617,470.0799865722656,87.45507049560547,530.346923828125,85.03233337402344,385.3228759765625,25.918359756469727,1228.5533447265625,123.0143814086914,120.69294738769531,534.0640258789062,265.3189697265625,330.5299987792969,344.3857116699219,197.61355590820312,453.4559020996094,238.0668182373047,112.16159057617188,44.104736328125,348.6663818359375,132.8380126953125,481.6499938964844,41.24776077270508,76.35013580322266,227.18673706054688,92.97101593017578,109.23802947998047,164.20497131347656
2025-02-25,246.43678283691406,199.10328674316406,133.9937744140625,359.36181640625,443.4100036621094,232.3001251220703,47.85371398925781,308.5566101074219,283.7200012207031,329.8235778808594,164.59886169433594,103.95999908447266,310.3474426269531,198.75714111328125,212.8000030517578,92.87999725341797,395.9042663574219,311.37481689453125,64.63788604736328,,201.1102294921875,290.89599609375,3425.60009765625,178.27000427246094,43.16852569580078,226.404052734375,5006.26318359375,943.335693359375,56.065643310546875,,100.72000122070312,77.01360321044922,66.78669738769531,,275.64764404296875,89.80643463134766,248.89999389648438,358.7300109863281,309.30572509765625,90.62206268310547,34.83534622192383,247.2655029296875,52.470001220703125,95.47314453125,1052.827880859375,304.3865966796875,63.08121109008789,31.700754165649414,205.02760314941406,62.33062744140625,152.83628845214844,482.6733703613281,209.3859405517578,110.06065368652344,115.23662567138672,263.72216796875,396.33209228515625,118.72596740722656,127.83332061767578,891.700439453125,284.67742919921875,71.44999694824219,9.161497116088867,36.34595489501953,251.83595275878906,232.3800048828125,,246.18051147460938,198.3675079345703,109.21340942382812,46.32353973388672,176.7974395751953,174.84996032714844,605.5992431640625,331.08221435546875,386.2051696777344,208.71299743652344,256.57244873046875,254.3266143798828,169.79742431640625,22.989999771118164,552.9011840820312,573.739990234375,259.720458984375,163.478271484375,253.36587524414062,721.6583862304688,137.39218139648438,69.92898559570312,462.97772216796875,897.98291015625,438.9263000488281,239.8419952392578,79.6923599243164,561.6344604492188,275.4269714355469,305.4598083496094,59.296932220458984,625.0192260742188,500.0286560058594,64.45043182373047,89.02864837646484,655.9677734375,231.3760986328125,145.15509033203125,52.130001068115234,53.21112060546875,148.91265869140625,88.87043762207031,127.6813735961914,580.8572998046875,396.51898193359375,423.26519775390625,92.9530258178711,69.59186553955078,977.239990234375,80.3541030883789,454.97802734375,922.2899780273438,242.4250030517578,126.60242462158203,225.3467254638672,167.2903289794922,89.77200317382812,48.11445236206055,188.00999450683594,105.86640930175781,151.8805694580078,25.794336318969727,170.41506958007812,278.20001220703125,653.7725830078125,119.31483459472656,153.434814453125,181.29656982421875,299.3907775878906,123.83331298828125,,74.06999969482422,158.49588012695312,721.3074340820312,584.6782836914062,126.13859558105469,113.0430679321289,78.52568817138672,350.73065185546875,40.34449768066406,457.95001220703125,88.39958190917969,530.5060424804688,68.89978790283203,387.6869201660156,25.831125259399414,1247.9215087890625,124.59889221191406,121.91506958007812,538.052978515625,267.7037048339844,302.79998779296875,346.2720947265625,196.86538696289062,462.16107177734375,241.56417846679688,114.04446411132812,44.394832611083984,350.8888244628906,131.4610595703125,480.3500061035156,41.619102478027344,75.14388275146484,228.24513244628906,96.96102905273438,107.72615814208984,167.4034423828125
2025-02-26,239.77310180664062,198.0011749267578,134.13189697265625,354.8072814941406,441.5,230.7501220703125,46.1068000793457,306.59722900390625,285.6700134277344,326.3447265625,167.55198669433594,104.73999786376953,301.25225830078125,195.81114196777344,214.35000610351562,96.37999725341797,397.55731201171875,307.9310302734375,65.85090637207031,,211.43682861328125,293.633056640625,3392.969970703125,173.0399932861328,43.16852569580078,223.9830322265625,5006.9794921875,939.1607055664062,55.2662239074707,,101.55999755859375,77.9301986694336,65.69346618652344,,271.88226318359375,88.17060852050781,253.94000244140625,353.4800109863281,300.8710021972656,88.54037475585938,34.10657501220703,244.47561645507812,53.41999816894531,94.53886413574219,1029.2012939453125,305.8294677734375,62.89473342895508,31.592090606689453,203.52340698242188,62.52644729614258,151.5856170654297,473.6947937011719,208.420654296875,111.35514068603516,114.2737808227539,264.49639892578125,380.7521667480469,118.86479949951172,126.39261627197266,899.9158325195312,294.3795471191406,71.95999908447266,9.210124969482422,37.52254867553711,251.48245239257812,229.7100067138672,,245.5205078125,200.6968994140625,108.1656265258789,48.05905532836914,174.1360626220703,172.16868591308594,608.4159545898438,318.000732421875,383.4457702636719,208.05337524414062,252.41616821289062,252.4419708251953,169.75775146484375,23.520000457763672,622.43798828125,580.9299926757812,256.6572265625,160.515625,254.73411560058594,735.1465454101562,135.3113555908203,69.25406646728516,457.0950622558594,911.1370849609375,432.1142883300781,244.47280883789062,80.69483947753906,558.8861083984375,280.092529296875,299.1190185546875,58.902740478515625,621.5706176757812,496.48193359375,62.07316970825195,89.12703704833984,672.1300048828125,228.76792907714844,146.03668212890625,51.650001525878906,52.11839294433594,144.6704559326172,86.8778305053711,129.1099090576172,575.7894287109375,398.3426513671875,423.0666809082031,97.43016815185547,69.32826232910156,990.0599975585938,79.81329345703125,448.9183349609375,941.9600219726562,239.4181671142578,131.2514190673828,226.15521240234375,171.19119262695312,88.69466400146484,47.77984619140625,189.5500030517578,105.3200912475586,147.11306762695312,25.485654830932617,169.08255004882812,273.1158752441406,657.1749267578125,118.87693786621094,150.82264709472656,181.83131408691406,295.2190856933594,123.0290756225586,,72.05000305175781,159.3610076904297,704.826904296875,572.5435791015625,126.10888671875,111.47453308105469,78.22748565673828,357.2479248046875,39.94115447998047,470.4599914550781,87.31733703613281,527.3374633789062,71.05535125732422,389.1172790527344,25.753583908081055,1247.0513916015625,121.3222885131836,124.091064453125,531.8103637695312,260.816650390625,290.79998779296875,348.1882019042969,195.15249633789062,455.4897155761719,241.16139221191406,112.86646270751953,44.240116119384766,349.4338073730469,128.0186309814453,479.1000061035156,41.11445999145508,75.58880615234375,226.20750427246094,95.48213195800781,107.4610824584961,163.88711547851562
2025-02-27,236.72056579589844,199.96157836914062,134.04310607910156,353.3419189453125,437.19000244140625,220.99609375,45.72404861450195,306.5184326171875,282.3500061035156,331.1554870605469,155.7494659423828,99.51000213623047,300.70166015625,198.9717559814453,208.74000549316406,91.56999969482422,402.30731201171875,306.5181579589844,65.0853042602539,,196.4036865234375,291.7488708496094,3444.68994140625,173.8300018310547,43.34536361694336,220.60740661621094,4891.19677734375,930.4166870117188,56.633907318115234,,100.80000305175781,77.73308563232422,63.68589401245117,,279.860107421875,89.9218978881836,248.55999755859375,359.0400085449219,298.4864807128906,88.56982421875,34.388370513916016,246.3092498779297,52.7400016784668,95.75834655761719,1018.9688720703125,293.4601745605469,62.62972640991211,31.62172508239746,202.5870361328125,63.13350296020508,153.08056640625,475.704345703125,204.7088165283203,110.83734130859375,113.86113739013672,265.20111083984375,387.3982849121094,119.0036392211914,127.14217376708984,900.0147094726562,287.4791564941406,71.4000015258789,9.035064697265625,36.99851608276367,253.858642578125,231.5800018310547,,247.86497497558594,200.51773071289062,109.66384887695312,47.235923767089844,169.66055297851562,167.95245361328125,598.7938842773438,319.02459716796875,383.2395324707031,208.9788055419922,258.7198791503906,249.86663818359375,169.43045043945312,23.09000015258789,597.4712524414062,563.77001953125,256.40191650390625,161.15538024902344,254.989990234375,695.96630859375,136.31288146972656,69.32254028320312,455.8373107910156,901.3287353515625,436.9688415527344,242.91929626464844,75.60301971435547,562.4210815429688,275.7945861816406,304.702880859375,56.29119110107422,618.8096923828125,491.0124206542969,62.591670989990234,89.28446960449219,656.7060546875,231.78115844726562,149.09750366210938,51.91999816894531,52.33694076538086,146.33172607421875,88.04423522949219,127.32670593261719,577.6079711914062,391.16766357421875,426.322021484375,91.5570297241211,67.73686218261719,963.0700073242188,78.68251037597656,453.95166015625,920.9600219726562,239.53684997558594,120.12384033203125,213.82107543945312,163.53836059570312,90.23066711425781,47.878257751464844,187.5,104.79364013671875,147.60826110839844,25.176971435546875,169.74388122558594,278.4497375488281,651.6138305664062,119.47052764892578,150.12088012695312,183.32858276367188,296.57733154296875,124.9612045288086,,70.7300033569336,151.8304443359375,700.6793823242188,569.905517578125,129.28860473632812,112.94441986083984,77.9591064453125,353.1944885253906,40.24612045288086,454.7099914550781,86.86476135253906,523.471435546875,70.12875366210938,386.2962951660156,26.073442459106445,1262.6956787109375,119.81602478027344,122.70001220703125,521.7781982421875,261.4004821777344,281.95001220703125,341.8044128417969,188.32058715820312,460.3729248046875,240.75863647460938,113.58098602294922,44.752620697021484,354.5263671875,127.49735260009766,474.5,41.20014953613281,75.75689697265625,227.1175079345703,96.06774139404297,108.13848876953125,163.87718200683594
2025-02-28,241.24948120117188,203.8726348876953,136.1543426513672,345.0546569824219,438.55999755859375,227.1269073486328,46.32271194458008,310.3388366699219,274.2099914550781,335.69781494140625,157.17135620117188,99.86000061035156,302.9041442871094,200.58131408691406,212.27999877929688,93.05000305175781,407.4058837890625,310.1876220703125,66.21878051757812,,198.0221710205078,298.4525146484375,3493.010009765625,174.6300048828125,45.29059982299805,221.9556884765625,4988.54052734375,962.8029174804688,57.423702239990234,,103.79000091552734,78.7975082397461,64.4014663696289,,283.6254577636719,90.54735565185547,250.5,363.57000732421875,304.32965087890625,89.52230072021484,34.864501953125,250.1737060546875,53.970001220703125,97.50888061523438,1045.7967529296875,296.39581298828125,62.92417907714844,31.75067138671875,206.7011260986328,64.34761047363281,154.9858856201172,475.9419250488281,206.7488250732422,113.3167724609375,115.4331283569336,267.0175476074219,391.3524169921875,120.60027313232422,123.56961822509766,894.3202514648438,290.3897705078125,71.62000274658203,9.287930488586426,36.4942626953125,258.1396789550781,235.69000244140625,,248.83035278320312,206.0426025390625,111.93566131591797,48.723514556884766,171.6640625,169.7266387939453,615.906494140625,304.4719543457031,389.45550537109375,210.7108917236328,267.6064758300781,249.08712768554688,171.80075073242188,23.729999542236328,610.8253784179688,573.1500244140625,259.1804504394531,162.42510986328125,260.50225830078125,705.6021118164062,138.08253479003906,69.65510559082031,462.5419616699219,916.7332153320312,440.79571533203125,246.0262908935547,76.16877746582031,573.8622436523438,279.0180358886719,303.11029052734375,58.005943298339844,638.1559448242188,502.0610656738281,62.836246490478516,90.54393768310547,666.642822265625,234.97219848632812,153.6540069580078,54.650001525878906,53.06858825683594,148.50721740722656,89.66748046875,131.139404296875,586.7897338867188,395.6121520996094,436.911865234375,93.36184692382812,69.07263946533203,980.5599975585938,78.10237884521484,455.6984558105469,929.760009765625,243.06790161132812,124.89279174804688,212.55908203125,164.82872009277344,91.57599639892578,48.065242767333984,190.42999267578125,106.52198791503906,149.0161895751953,25.49530029296875,171.58966064453125,281.6760559082031,665.053955078125,120.58963012695312,151.34898376464844,186.59536743164062,294.55938720703125,127.1973876953125,,71.05000305175781,154.51431274414062,696.6513671875,581.8511352539062,131.7353057861328,114.24659729003906,79.05250549316406,359.91046142578125,40.98395538330078,457.2799987792969,88.34054565429688,531.8212890625,69.80687713623047,383.6044921875,26.567773818969727,1279.2381591796875,121.51789855957031,123.96189880371094,527.4923706054688,267.7545166015625,292.9800109863281,351.1567077636719,192.9375457763672,466.6610412597656,243.68252563476562,114.93280029296875,45.3521614074707,361.47259521484375,128.57925415039062,479.7900085449219,41.03828048706055,77.437744140625,230.2530975341797,97.87415313720703,109.29693603515625,166.1220703125
2025-03-03,237.4487762451172,206.26220703125,138.33462524414062,341.579345703125,440.7200012207031,225.61642456054688,45.7142333984375,313.7456970214844,272.0299987792969,339.7332763671875,151.26512145996094,98.2300033569336,305.57861328125,204.47354125976562,205.02000427246094,86.01000213623047,407.60504150390625,304.7913513183594,63.086814880371094,,186.0473175048828,293.0281066894531,3477.760009765625,170.05999755859375,44.76008605957031,224.82940673828125,4919.0634765625,951.6660766601562,57.664493560791016,,104.87000274658203,76.05758666992188,62.87093734741211,,287.8081359863281,92.24092102050781,241.74000549316406,370.6600036621094,306.95074462890625,91.13265228271484,34.961673736572266,253.2396240234375,54.33000183105469,91.0968017578125,1044.0413818359375,291.6291809082031,62.30582809448242,31.671321868896484,206.6313934326172,63.54472732543945,149.5825958251953,461.13275146484375,204.68890380859375,112.3110580444336,116.59246826171875,267.82159423828125,389.9916687011719,116.19713592529297,117.33953857421875,900.21240234375,275.67822265625,71.38999938964844,9.132320404052734,35.12980651855469,254.08445739746094,237.7899932861328,,250.2488555908203,201.0453338623047,113.58076477050781,46.98799133300781,168.1155548095703,166.46728515625,599.0512084960938,309.4222412109375,382.6700134277344,209.84979248046875,258.81884765625,246.8670196533203,171.77099609375,22.739999771118164,598.1380004882812,566.97998046875,257.4622802734375,164.64956665039062,256.5354309082031,687.9929809570312,139.38548278808594,70.7408676147461,457.788330078125,925.7847900390625,445.59735107421875,243.57237243652344,75.2159194946289,572.4781494140625,276.302001953125,300.8658447265625,57.10914611816406,643.1250610351562,500.1282958984375,64.35260772705078,92.78736877441406,653.5234375,236.59243774414062,151.97006225585938,55.16999816894531,54.45587921142578,144.19580078125,90.54228973388672,127.21834564208984,585.0507202148438,387.14166259765625,424.1385498046875,90.28070831298828,70.49996185302734,973.7000122070312,77.48965454101562,469.3095703125,910.3099975585938,242.46456909179688,114.03515625,213.48587036132812,160.81869506835938,91.732666015625,45.713157653808594,183.67999267578125,104.31684875488281,151.4630584716797,25.321666717529297,173.3170166015625,284.75250244140625,647.19677734375,120.21984100341797,154.77011108398438,184.2327880859375,301.75799560546875,122.58771514892578,,69.75,151.0242919921875,682.8228149414062,583.1552124023438,132.56736755371094,113.85200500488281,77.65097045898438,355.1811218261719,39.17381286621094,443.260009765625,89.38343811035156,527.4072265625,69.68008422851562,392.23626708984375,26.868247985839844,1282.625244140625,118.11415100097656,122.74970245361328,522.1870727539062,270.8719787597656,284.6499938964844,343.7503356933594,191.36245727539062,458.8892517089844,242.81326293945312,115.1548843383789,44.71393966674805,360.58563232421875,126.28758239746094,483.30999755859375,41.771446228027344,76.16227722167969,231.24224853515625,96.86176300048828,105.7921371459961,169.39007568359375
2025-03-04,235.35391235351562,202.63397216796875,135.73011779785156,342.3615417480469,446.0299987792969,224.2678985595703,44.968360900878906,308.62554931640625,267.42999267578125,335.2306823730469,152.0009002685547,100.75,306.96502685546875,202.0445556640625,203.8000030517578,85.5199966430664,402.9844665527344,299.5913391113281,62.68910217285156,,186.1565399169922,281.1082458496094,3473.659912109375,158.89999389648438,41.92082214355469,220.7156524658203,4871.57470703125,937.2109985351562,57.25033187866211,,103.61000061035156,71.30706787109375,61.68825912475586,,282.3041076660156,90.65320587158203,241.2899932861328,368.3599853515625,304.3394775390625,89.41429138183594,34.49525833129883,248.4090576171875,53.16999816894531,89.13973999023438,1034.0882568359375,285.93707275390625,62.08989715576172,30.947235107421875,203.77244567871094,62.869136810302734,148.51756286621094,453.7579345703125,204.9078369140625,108.54711151123047,114.37203979492188,265.7867126464844,391.7369689941406,113.08320617675781,118.86785888671875,899.6785888671875,276.4306335449219,71.37999725341797,8.869729995727539,34.50690841674805,243.2541961669922,223.9199981689453,,247.05722045898438,197.86976623535156,112.35672760009766,44.845863342285156,172.0528106689453,170.3645782470703,575.1786499023438,310.1876220703125,374.80426025390625,205.87094116210938,260.0459289550781,249.846923828125,168.4486541748047,21.329999923706055,595.1327514648438,557.9600219726562,250.67791748046875,162.81881713867188,246.32794189453125,695.8070068359375,137.23660278320312,68.65738677978516,456.8970031738281,907.2037353515625,442.52117919921875,237.32870483398438,75.87101745605469,552.7124633789062,269.41729736328125,302.32916259765625,57.29638671875,642.286865234375,479.5054626464844,63.87324905395508,91.53773498535156,638.5084838867188,233.91513061523438,144.4815216064453,54.81999969482422,53.49618148803711,141.03143310546875,89.96880340576172,119.91802978515625,564.0438842773438,387.26123046875,419.8808288574219,90.93881225585938,69.74200439453125,972.5800170898438,76.4124526977539,459.8125305175781,906.0900268554688,235.9069061279297,115.96473693847656,208.1913604736328,156.3024139404297,90.45133209228516,45.79188919067383,184.3800048828125,100.8005599975586,149.71530151367188,24.8393497467041,170.93820190429688,282.86468505859375,621.66943359375,118.50713348388672,150.05264282226562,175.44358825683594,296.9168701171875,119.93961334228516,,67.4800033569336,151.85009765625,673.4708862304688,582.1796875,127.48576354980469,110.5472183227539,74.69879913330078,353.7373962402344,38.445823669433594,445.4700012207031,88.43893432617188,514.9521484375,68.89004516601562,387.30950927734375,25.414335250854492,1262.967041015625,114.5734634399414,120.96121215820312,515.13671875,262.750732421875,272.0400085449219,340.7322082519531,191.80543518066406,466.317138671875,238.5755615234375,112.76990509033203,43.13773727416992,351.0283508300781,125.51058197021484,486.2200012207031,40.81928253173828,72.47428894042969,227.46371459960938,94.26132202148438,105.5761489868164,168.7642822265625
2025-03-05,235.1643829345703,206.3207244873047,135.85836791992188,344.8170471191406,451.239990234375,227.5301055908203,44.94873046875,305.66180419921875,267.239990234375,338.72943115234375,154.43698120117188,101.66999816894531,311.271728515625,203.5760955810547,208.36000061035156,87.81999969482422,402.3770446777344,305.70379638671875,64.339599609375,,190.22760009765625,281.8123474121094,3555.8798828125,163.16000366210938,41.54750061035156,220.56802368164062,4890.5302734375,953.3106079101562,57.61634063720703,,104.70999908447266,71.90827178955078,64.47103881835938,,285.1455383300781,91.0573501586914,244.6999969482422,378.4200134277344,306.7951965332031,90.09181213378906,34.553558349609375,250.87362670898438,53.599998474121094,87.40885925292969,1044.93896484375,290.54449462890625,62.77695083618164,30.669504165649414,204.4996337890625,64.57280731201172,147.35482788085938,462.78594970703125,209.5352020263672,108.84583282470703,113.21269989013672,267.6329650878906,391.9342346191406,114.878173828125,118.61475372314453,910.5335693359375,284.85565185546875,72.8499984741211,9.385185241699219,37.730186462402344,245.87583923339844,225.9600067138672,,259.0357360839844,201.58287048339844,113.04219818115234,48.07889175415039,174.4251251220703,172.457763671875,586.9862670898438,317.7224426269531,379.3901672363281,207.47434997558594,259.392822265625,248.01162719726562,170.19412231445312,20.809999465942383,614.4773559570312,568.02001953125,256.3037414550781,162.52352905273438,247.58787536621094,712.5402221679688,137.7130584716797,68.54978942871094,463.73040771484375,925.7847900390625,453.9583435058594,240.406005859375,78.6983871459961,555.9287109375,269.7157897949219,303.9902648925781,58.77462387084961,638.2257080078125,480.3822021484375,64.861328125,92.55121612548828,654.940185546875,234.9326934814453,146.21499633789062,55.349998474121094,53.16360855102539,133.61497497558594,90.58116912841797,121.91797637939453,569.380126953125,399.628173828125,422.8979797363281,94.06981658935547,69.37779998779297,990.9199829101562,76.89669799804688,470.09271240234375,915.7899780273438,236.03550720214844,117.27445220947266,213.7224884033203,160.36207580566406,89.31133270263672,44.78806686401367,184.27999877929688,102.28057861328125,149.41427612304688,25.02263069152832,172.34970092773438,281.53619384765625,636.7410888671875,120.70640563964844,149.26316833496094,175.46302795410156,302.01019287109375,117.4386215209961,,69.5,155.81201171875,685.0960693359375,591.1189575195312,128.41690063476562,110.18222045898438,76.27925109863281,360.746826171875,38.790138244628906,447.9599914550781,87.21895599365234,521.020263671875,70.12875366210938,393.04083251953125,25.375566482543945,1286.5550537109375,114.00616455078125,122.25289916992188,522.735595703125,260.8544006347656,279.1000061035156,346.1429748535156,192.5240936279297,467.66326904296875,240.64007568359375,114.92314147949219,43.19575500488281,351.476806640625,119.75682830810547,491.6400146484375,40.79072189331055,73.3246078491211,227.8890380859375,95.26378631591797,103.5145034790039,165.88368225097656
2025-03-06,234.75538635253906,205.5502166748047,133.26373291015625,338.46051025390625,444.7799987792969,220.88674926757812,47.16672897338867,297.814208984375,260.3900146484375,337.7950744628906,150.67845153808594,98.8499984741211,312.50079345703125,201.8592071533203,200.6999969482422,84.33999633789062,399.9173889160156,305.0954895019531,61.39654541015625,,178.18324279785156,273.3434753417969,3615.7900390625,158.42999267578125,40.7320671081543,221.76869201660156,4670.25341796875,944.9407958984375,57.96307373046875,,100.80000305175781,69.56258392333984,64.96796417236328,,284.4302062988281,91.58658599853516,243.16000366210938,382.94000244140625,312.5384216308594,91.60398864746094,35.243465423583984,250.4398651123047,51.470001220703125,87.13349914550781,1023.8656616210938,284.6534118652344,62.23712158203125,30.67942237854004,199.82769775390625,63.88741683959961,149.44580078125,477.97125244140625,213.7645263671875,104.98231506347656,112.82952117919922,264.27801513671875,397.160400390625,115.3740234375,118.94573211669922,861.9728393554688,274.7773132324219,71.80000305175781,9.346282958984375,37.255592346191406,245.2670440673828,219.9499969482422,,260.60198974609375,195.16209411621094,113.62973022460938,46.80948257446289,173.64764404296875,171.78993225097656,561.8468017578125,319.82977294921875,374.8533935546875,209.09756469726562,262.9949645996094,245.38694763183594,168.25027465820312,20.75,603.3919677734375,538.5700073242188,260.2898864746094,163.2223663330078,242.67608642578125,688.9684448242188,138.47146606445312,68.92147827148438,461.66058349609375,908.8965454101562,455.023193359375,240.94032287597656,76.1298599243164,547.4848022460938,261.2890319824219,306.8774108886719,57.41464614868164,640.291259765625,468.4767761230469,65.31134033203125,91.6361312866211,626.4666137695312,233.5594482421875,145.55133056640625,55.689998626708984,54.17081832885742,136.02780151367188,91.36849212646484,117.60282897949219,562.71240234375,395.5125427246094,420.1289367675781,89.01432800292969,68.91514587402344,906.3599853515625,76.7978744506836,471.0840759277344,867.0900268554688,235.6002960205078,110.5459213256836,211.45481872558594,149.82083129882812,88.73733520507812,44.984893798828125,179.3300018310547,106.17433166503906,150.12310791015625,25.31201934814453,172.39906311035156,280.8470153808594,627.668212890625,117.0669174194336,149.6627655029297,174.0143585205078,299.225830078125,120.43000793457031,,68.08000183105469,154.2305450439453,696.352294921875,585.6239624023438,127.06973266601562,104.04618835449219,75.10633850097656,358.51654052734375,39.114784240722656,445.7300109863281,87.28782653808594,512.3615112304688,67.9049301147461,379.7504577636719,25.908666610717773,1258.1671142578125,111.5511703491211,119.87818908691406,526.176025390625,261.06292724609375,263.45001220703125,339.27276611328125,186.39109802246094,479.1980895996094,242.27984619140625,116.3521957397461,42.91532897949219,342.9858703613281,123.92707061767578,485.7200012207031,42.11423110961914,71.83161163330078,223.50714111328125,93.93378448486328,105.65469360351562,166.1320037841797
2025-03-07,238.4862518310547,209.0028533935547,135.29603576660156,338.797119140625,449.3999938964844,223.95062255859375,48.52107238769531,301.7429504394531,259.75,322.65802001953125,154.794921875,100.30999755859375,319.4229431152344,207.0878448486328,199.25,83.36000061035156,401.401123046875,310.4427185058594,62.56978988647461,,193.58375549316406,270.9337463378906,3614.969970703125,154.17999267578125,40.92980194091797,225.90213012695312,4657.30810546875,937.5054321289062,58.83955383300781,,99.12999725341797,69.4443130493164,66.97553253173828,,284.7282409667969,94.04031372070312,243.2100067138672,379.5199890136719,317.8755798339844,94.99163055419922,36.52610397338867,252.2033233642578,50.22999954223633,89.12989807128906,961.7228393554688,281.50885009765625,62.757320404052734,31.00674819946289,202.27821350097656,64.94486999511719,152.7581329345703,494.5820617675781,211.03787231445312,105.06197357177734,114.69625854492188,267.2657470703125,403.7572021484375,117.62517547607422,121.9342269897461,849.7338256835938,282.1330871582031,70.33000183105469,9.628324508666992,36.52392578125,249.32228088378906,218.0399932861328,,267.5074157714844,192.97206115722656,114.97127532958984,47.16741180419922,175.18267822265625,173.29502868652344,553.9288330078125,328.17962646484375,370.0121765136719,212.32420349121094,257.057373046875,258.0662841796875,168.83543395996094,20.639999389648438,606.6160888671875,518.260009765625,269.4895935058594,164.06886291503906,238.48284912109375,708.0408935546875,142.0424041748047,69.87030792236328,464.2453918457031,865.8993530273438,467.002685546875,240.10916137695312,78.65856170654297,544.44775390625,261.4084167480469,317.6745300292969,58.902740478515625,642.815673828125,459.7892761230469,66.27008056640625,92.98416137695312,624.201904296875,232.6505584716797,144.91737365722656,55.06999969482422,54.9119758605957,136.01791381835938,92.00029754638672,117.52400207519531,558.3500366210938,391.9449462890625,419.9502868652344,92.69376373291016,71.6910400390625,891.1099853515625,77.66753387451172,482.3059997558594,850.6300048828125,239.57643127441406,112.66545867919922,219.43109130859375,154.00955200195312,87.93399810791016,46.49062728881836,180.92999267578125,109.32310485839844,151.2838897705078,25.784690856933594,173.67234802246094,279.4985656738281,631.468505859375,116.6874008178711,147.1285858154297,174.78245544433594,304.6102600097656,123.75484466552734,,70.4800033569336,159.35049438476562,705.3952026367188,585.7135620117188,127.18859100341797,105.04255676269531,74.18191528320312,362.0411682128906,40.69865798950195,450.8800048828125,89.924560546875,495.21337890625,67.59280395507812,376.76055908203125,26.286684036254883,1255.27587890625,112.55860137939453,118.50701141357422,530.2347412109375,263.33648681640625,262.6700134277344,343.22509765625,187.55271911621094,484.85748291015625,246.2705841064453,117.43364715576172,43.24410629272461,344.1419372558594,124.7630844116211,488.2900085449219,43.856689453125,70.24964141845703,227.05816650390625,91.03557586669922,107.02911376953125,169.23114013671875
2025-03-10,226.92454528808594,211.31439208984375,135.5130615234375,331.9851379394531,435.0799865722656,214.43177795410156,49.66933059692383,298.3360900878906,248.39999389648438,320.5169372558594,149.1372833251953,96.62999725341797,321.8811340332031,207.8487548828125,194.5399932861328,77.55999755859375,397.31829833984375,297.98223876953125,61.436317443847656,,183.14791870117188,259.142822265625,3690.1201171875,148.14999389648438,39.37763214111328,224.8640594482422,4435.72216796875,906.1602783203125,60.78514099121094,,94.12999725341797,66.43827819824219,66.63763427734375,,291.056884765625,94.80049133300781,233.9600067138672,373.5199890136719,323.48016357421875,95.73789978027344,35.08799362182617,259.8416442871094,49.83000183105469,91.36233520507812,931.903076171875,271.56756591796875,60.91209411621094,30.401689529418945,199.837646484375,63.86784362792969,153.95994567871094,483.8513488769531,204.23114013671875,102.64229583740234,116.42544555664062,263.7122497558594,405.53961181640625,110.90147399902344,122.54749298095703,821.1727294921875,275.8433532714844,68.52999877929688,9.686678886413574,34.111412048339844,243.36911010742188,214.6199951171875,,267.8817443847656,191.605712890625,114.77542877197266,47.80373764038086,167.4588623046875,165.52139282226562,526.2061157226562,334.1537780761719,367.9009094238281,211.63137817382812,248.6359100341797,253.48788452148438,167.75439453125,19.93000030517578,576.9326782226562,482.6099853515625,262.80340576171875,165.06295776367188,228.5805206298828,675.2613525390625,144.60287475585938,69.8898696899414,457.60015869140625,826.2479248046875,472.4452209472656,239.8321075439453,73.48168182373047,534.8386840820312,255.90664672851562,313.67999267578125,52.674442291259766,657.4039306640625,448.611083984375,66.67118835449219,92.29539489746094,596.596435546875,233.3717498779297,146.2248992919922,55.77000045776367,56.052215576171875,134.7422637939453,92.5640640258789,110.03651428222656,541.9043579101562,378.8406066894531,412.54638671875,86.83061218261719,74.9689712524414,866.6799926757812,75.50325012207031,491.1586608886719,783.8300170898438,236.49049377441406,106.95670318603516,205.90396118164062,147.686767578125,89.77200317382812,46.84672546386719,173.8300018310547,109.81976318359375,153.056884765625,25.697874069213867,173.9783477783203,278.3698425292969,603.4639892578125,114.70222473144531,146.7777099609375,169.76560974121094,304.2415771484375,123.70580291748047,,68.16000366210938,153.18284606933594,742.6036376953125,573.837646484375,127.3074722290039,99.7647705078125,70.81227111816406,356.2265319824219,40.47239303588867,429.8500061035156,91.4593734741211,486.63433837890625,67.75861358642578,367.6420593261719,26.4417667388916,1250.09228515625,111.35554504394531,116.85763549804688,525.33837890625,264.7165222167969,222.14999389648438,336.85357666015625,183.5854949951172,473.8455810546875,245.2630157470703,116.46807098388672,40.97166061401367,340.3150329589844,124.71391296386719,500.010009765625,44.26612091064453,66.0277328491211,225.2974853515625,87.1646728515625,109.75836181640625,170.65158081054688
2025-03-11,220.30075073242188,208.32012939453125,130.8762664794922,324.5494079589844,433.6600036621094,207.31248474121094,47.73594665527344,287.9481506347656,250.85000610351562,324.4007873535156,146.1543426513672,96.76000213623047,313.5528869628906,204.63937377929688,196.58999633789062,79.12999725341797,398.0651550292969,292.4584045410156,61.28717041015625,,188.7481231689453,253.26219177246094,3562.760009765625,154.05999755859375,39.16012954711914,222.36282348632812,4338.4384765625,901.31884765625,59.24407958984375,,95.5199966430664,66.5269775390625,65.2462387084961,,288.81158447265625,93.944091796875,234.25,355.8699951171875,314.7564697265625,92.39934539794922,34.93252182006836,258.00885009765625,49.97999954223633,93.8307876586914,927.9935913085938,275.69732666015625,59.54780197143555,29.280845642089844,195.80325317382812,63.62306213378906,150.54989624023438,470.70526123046875,204.60928344726562,97.48429107666016,115.63945007324219,257.1412658691406,417.9073181152344,109.80068969726562,121.18466186523438,826.7188110351562,280.5134582519531,68.38999938964844,9.424087524414062,35.475868225097656,239.86436462402344,213.41000366210938,,260.1784362792969,191.206787109375,112.05316162109375,48.002586364746094,165.63267517089844,163.6952362060547,525.978515625,321.6190185546875,361.52783203125,206.4549102783203,247.59683227539062,245.6434783935547,166.970947265625,19.780000686645508,583.82861328125,493.7200012207031,250.18702697753906,163.25189208984375,225.54879760742188,661.1859130859375,141.35568237304688,69.48882293701172,449.687255859375,820.572021484375,462.29962158203125,230.2241668701172,73.03369140625,523.5667114257812,245.0523681640625,303.30804443359375,51.48200225830078,651.7661743164062,442.1950988769531,66.377685546875,91.78372192382812,604.2985229492188,230.29922485351562,146.14564514160156,55.22999954223633,55.254051208496094,133.2194366455078,92.07805633544922,110.38133239746094,538.30712890625,379.12957763671875,408.635986328125,88.79496765136719,72.87226867675781,895.0999755859375,73.2994155883789,489.8302307128906,808.4000244140625,230.43727111816406,108.73631286621094,202.90670776367188,143.1109619140625,88.27066802978516,45.7784309387207,178.92999267578125,104.01886749267578,149.21701049804688,25.070859909057617,170.8789825439453,276.6218566894531,608.0302734375,114.03076171875,148.24949645996094,165.34185791015625,299.01239013671875,121.17539978027344,,67.9800033569336,151.32464599609375,716.0133666992188,563.1860961914062,126.90133666992188,98.23570251464844,72.0348892211914,351.4872131347656,39.429595947265625,430.67999267578125,88.64554595947266,478.2745056152344,67.09536743164062,362.8443908691406,25.210790634155273,1234.9532470703125,110.28943634033203,115.37716674804688,512.7733154296875,254.8280029296875,230.5800018310547,332.47314453125,174.57798767089844,479.5883483886719,234.8811492919922,112.35470581054688,40.18840026855469,331.00689697265625,121.00593566894531,488.3399963378906,41.352500915527344,66.52210998535156,221.77613830566406,86.78751373291016,107.16657257080078,163.29112243652344
2025-03-12,216.45018005371094,206.827880859375,128.5282745361328,321.12359619140625,438.6000061035156,204.87326049804688,46.2049446105957,289.6614074707031,251.85000610351562,323.7335510253906,148.21255493164062,100.79000091552734,307.26983642578125,201.62509155273438,198.88999938964844,80.25,396.6212463378906,289.09307861328125,62.47036361694336,,192.85888671875,258.5775451660156,3547.1298828125,158.8000030517578,39.456722259521484,221.2753448486328,4385.38623046875,901.011962890625,57.60670471191406,,96.41999816894531,66.97048950195312,65.027587890625,,282.1352233886719,91.69243621826172,239.22000122070312,349.75,308.0032653808594,89.17861938476562,34.19403076171875,254.3333282470703,50.04999923706055,96.13204956054688,924.5927734375,283.1905517578125,59.3416862487793,29.31060218811035,191.4700164794922,63.48597717285156,149.17221069335938,466.6169128417969,203.96246337890625,98.34063720703125,114.59801483154297,253.29000854492188,407.0150451660156,109.91969299316406,120.97050476074219,845.2553100585938,290.1815490722656,68.51000213623047,9.326831817626953,36.36572265625,240.4073486328125,211.3300018310547,,256.1297607421875,194.47801208496094,111.62229919433594,47.62477111816406,168.64637756347656,166.75880432128906,530.2146606445312,311.0027770996094,358.15960693359375,204.2378387451172,246.51817321777344,246.31446838378906,167.62548828125,20.68000030517578,588.23681640625,497.29998779296875,246.73101806640625,160.2892303466797,224.32821655273438,677.2820434570312,137.3138885498047,68.412841796875,446.81524658203125,818.38134765625,455.023193359375,225.92979431152344,76.24932098388672,522.4116821289062,242.56512451171875,296.0308532714844,51.146934509277344,639.263427734375,440.4715576171875,63.569969177246094,90.0421142578125,618.1162109375,227.03903198242188,148.8201446533203,54.400001525878906,54.93098068237305,135.5926971435547,90.73668670654297,112.31231689453125,541.635986328125,381.9397888183594,409.77728271484375,95.3660888671875,71.77963256835938,919.6799926757812,72.71634674072266,470.98492431640625,843.1400146484375,228.43931579589844,115.7254409790039,201.57568359375,149.77120971679688,87.28600311279297,45.600379943847656,179.47999572753906,101.64486694335938,145.1420135498047,24.800764083862305,166.1904754638672,277.23114013671875,609.97021484375,112.61974334716797,147.48924255371094,166.2655029296875,294.39447021484375,121.59712982177734,,68.62000274658203,151.02813720703125,687.4390869140625,563.85302734375,126.75275421142578,97.35771942138672,73.77438354492188,348.3110656738281,39.40007781982422,432.4599914550781,87.24846649169922,476.540771484375,67.25142669677734,361.4040832519531,24.92970085144043,1240.099365234375,104.92948913574219,114.6021499633789,511.2276306152344,253.7755889892578,248.08999633789062,337.85906982421875,172.96353149414062,474.7237854003906,234.59469604492188,111.29257202148438,40.304439544677734,331.7044982910156,123.12055969238281,495.4200134277344,40.55268096923828,68.15351867675781,220.44078063964844,84.56421661376953,107.13711547851562,160.59921264648438
2025-03-13,209.16799926757812,206.33047485351562,128.1435089111328,313.9353942871094,377.8399963378906,202.07711791992188,46.37178421020508,286.087158203125,246.92999267578125,321.5128173828125,149.09750366210938,98.11000061035156,307.4075012207031,202.6786346435547,193.88999938964844,80.13999938964844,392.5483703613281,287.3270568847656,61.26728439331055,,190.0091552734375,254.2935333251953,3545.64990234375,159.32000732421875,39.219444274902344,220.2570343017578,4280.6279296875,891.5073852539062,58.05938720703125,,95.37000274658203,66.26087188720703,63.85485076904297,,286.6755065917969,91.49998474121094,241.55999755859375,345.3999938964844,308.9340515136719,88.88404846191406,33.717899322509766,257.42431640625,48.72999954223633,94.5978775024414,888.2305297851562,270.4132385253906,58.56630325317383,28.894004821777344,189.84628295898438,64.3769760131836,150.09066772460938,462.38006591796875,203.09669494628906,96.45866394042969,116.1405258178711,249.25015258789062,413.1642150878906,108.2933120727539,117.87493133544922,824.4548950195312,281.8946533203125,67.94999694824219,9.268478393554688,37.15671920776367,237.90957641601562,209.4499969482422,,257.26263427734375,191.90492248535156,110.99560546875,46.83930969238281,164.3852996826172,162.4179229736328,519.4264526367188,312.9112854003906,343.1584777832031,204.57435607910156,249.11090087890625,242.5353240966797,167.74449157714844,23.700000762939453,578.465087890625,476.7799987792969,245.81790161132812,160.4270477294922,221.6606903076172,678.386962890625,137.48065185546875,68.0998306274414,450.3824768066406,798.2568969726562,461.3629455566406,220.31939697265625,74.92524719238281,517.6221923828125,236.07839965820312,294.1522521972656,51.13707733154297,642.286865234375,436.16766357421875,63.286258697509766,90.84896850585938,589.2636108398438,227.16746520996094,144.71926879882812,54.34000015258789,55.63412857055664,135.4938201904297,92.0586166381836,110.02666473388672,538.0487670898438,377.45538330078125,411.0079650878906,94.60826873779297,71.59261322021484,890.1699829101562,71.7873764038086,486.34075927734375,811.6199951171875,225.20501708984375,115.56546020507812,198.1939239501953,146.56517028808594,85.96600341796875,44.957427978515625,176.32000732421875,97.76104736328125,145.3085479736328,24.69465446472168,166.40762329101562,279.0790100097656,588.59130859375,107.39405822753906,146.6802520751953,164.15570068359375,286.98687744140625,120.14556884765625,,66.91000366210938,150.1781005859375,678.5755615234375,560.3291625976562,127.9810562133789,94.74349212646484,73.06864929199219,340.6146240234375,39.28202819824219,428.5799865722656,88.1831283569336,478.1250305175781,66.17852020263672,361.22528076171875,25.288333892822266,1244.6373291015625,102.21041107177734,112.08834075927734,507.48797607421875,257.24053955078125,240.67999267578125,337.39117431640625,170.896240234375,475.1283264160156,231.43368530273438,111.26360321044922,39.569515228271484,327.4291076660156,123.7303695678711,502.9200134277344,41.619102478027344,67.68881225585938,220.77706909179688,83.86944580078125,106.68550872802734,158.99005126953125
2025-03-14,212.9687042236328,206.54505920410156,125.00627899169922,315.6680908203125,394.739990234375,206.9852752685547,46.30308151245117,288.8093566894531,254.42999267578125,323.89288330078125,154.77505493164062,100.97000122070312,308.4595642089844,205.7611846923828,197.9499969482422,83.51000213623047,397.119140625,286.4145812988281,62.63938903808594,,194.15963745117188,263.4169006347656,3554.909912109375,161.80999755859375,40.42559051513672,223.4107666015625,4450.12353515625,919.4666137695312,56.836177825927734,,97.16000366210938,67.78852844238281,66.1208267211914,,292.9743347167969,100.98506927490234,247.42999267578125,351.5,309.8351135253906,88.19670104980469,34.42723846435547,256.27508544921875,50.029998779296875,97.31218719482422,901.494873046875,278.0358581542969,59.38094711303711,29.766876220703125,192.0975799560547,64.30844116210938,153.42254638671875,472.6850891113281,209.71432495117188,98.22114562988281,118.01708984375,249.10125732421875,416.8180847167969,111.00064849853516,120.62979125976562,828.1424560546875,291.7415466308594,69.29000091552734,9.462989807128906,38.41241455078125,239.11404418945312,214.61000061035156,,258.11962890625,196.58236694335938,109.89116668701172,48.06224060058594,167.2692413330078,165.14219665527344,535.8561401367188,317.48388671875,347.170654296875,207.3258819580078,250.2489471435547,245.05145263671875,169.64865112304688,24.049999237060547,595.859130859375,484.44000244140625,249.83355712890625,160.24986267089844,228.79705810546875,709.7431030273438,136.99014282226562,68.14910125732422,452.6082458496094,810.0368041992188,459.6276550292969,222.08070373535156,78.3399887084961,525.3990478515625,241.8686981201172,296.4560241699219,52.723716735839844,649.01220703125,445.1739501953125,62.91450500488281,91.57709503173828,606.7233276367188,228.73828125,148.988525390625,55.09000015258789,55.976200103759766,139.5778045654297,91.92254638671875,113.63247680664062,551.2152709960938,387.21142578125,415.9138488769531,100.50135040283203,72.39978790283203,918.0,70.81888580322266,480.7297668457031,844.3300170898438,229.76470947265625,121.65469360351562,203.26165771484375,148.1632080078125,88.49400329589844,46.025718688964844,182.33999633789062,98.5457534790039,145.55343627929688,24.810409545898438,165.795654296875,283.36407470703125,604.7373657226562,108.8829345703125,148.03506469726562,168.19058227539062,292.1212463378906,124.29428100585938,,68.94999694824219,154.7642822265625,664.8766479492188,566.7100830078125,128.76361083984375,96.7855453491211,76.64703369140625,340.2960205078125,40.43303680419922,446.2300109863281,88.9210205078125,484.7411804199219,68.48038482666016,367.0559997558594,25.763277053833008,1259.8699951171875,102.40602111816406,112.53546142578125,521.041748046875,254.14292907714844,249.97999572753906,346.25152587890625,173.6723175048828,482.1636657714844,234.6342010498047,112.7409439086914,40.633216857910156,330.66802978515625,127.01541900634766,504.7699890136719,41.485801696777344,70.05189514160156,223.24423217773438,84.71310424804688,109.85652923583984,160.18203735351562
2025-03-17,213.4774627685547,209.1784210205078,125.92377471923828,322.4899597167969,399.3399963378906,209.89048767089844,47.09803009033203,293.5805969238281,260.6199951171875,327.7767639160156,154.57618713378906,104.58999633789062,311.8616943359375,207.4780731201172,195.74000549316406,85.08999633789062,389.34185791015625,290.0447998046875,63.49446487426758,,193.12698364257812,262.17730712890625,3620.820068359375,161.85000610351562,40.96934509277344,225.23974609375,4547.69677734375,948.4752807617188,57.78007507324219,,98.9000015258789,68.93180847167969,67.21405792236328,,296.4028015136719,100.6817855834961,255.11000061035156,354.0799865722656,313.6969299316406,89.07061004638672,34.738182067871094,261.1295471191406,49.650001525878906,97.71540832519531,914.1508178710938,279.3793029785156,59.76373291015625,30.08428382873535,194.41859436035156,65.25818634033203,155.08358764648438,477.4862060546875,211.56529235839844,98.9380874633789,118.69499969482422,250.0144500732422,426.3735656738281,112.64685821533203,120.29882049560547,847.4896240234375,295.3385314941406,70.62999725341797,9.64777660369873,39.064979553222656,242.17454528808594,218.16000366210938,,261.22259521484375,201.48919677734375,110.69977569580078,48.718448638916016,166.22146606445312,163.94471740722656,545.684326171875,327.2373962402344,349.9574279785156,208.26617431640625,261.6589660644531,249.610107421875,171.8764190673828,25.690000534057617,599.1528930664062,488.79998779296875,251.4731903076172,160.27938842773438,230.2637176513672,715.0089111328125,137.25502014160156,69.0950698852539,457.3876953125,821.26904296875,461.04742431640625,223.47586059570312,77.961669921875,529.73046875,246.84317016601562,300.5494384765625,54.45817565917969,653.8217163085938,451.8988037109375,63.67757797241211,91.85260772705078,604.0272827148438,230.10165405273438,151.76206970214844,56.209999084472656,55.96670150756836,144.53199768066406,92.9323501586914,116.21369171142578,562.404296875,387.3509521484375,419.5260925292969,102.814697265625,70.98230743408203,950.02001953125,72.8349380493164,486.25152587890625,842.9299926757812,231.83187866210938,119.51496124267578,206.88006591796875,152.86807250976562,89.86599731445312,46.747806549072266,185.0,100.49263000488281,148.2472381591797,25.128738403320312,167.56246948242188,290.88543701171875,618.3665771484375,111.36441040039062,151.76809692382812,169.17254638671875,294.35528564453125,126.70699310302734,,69.6500015258789,156.11839294433594,676.39208984375,572.9815673828125,130.80416870117188,97.7424545288086,77.30307006835938,340.7639465332031,40.75768280029297,453.510009765625,89.07844543457031,492.4931945800781,69.30944061279297,370.9894714355469,26.00559425354004,1271.509521484375,103.35477447509766,113.78739929199219,518.5665283203125,258.3028869628906,238.00999450683594,349.3775634765625,177.18673706054688,492.3960266113281,234.96017456054688,113.99617767333984,40.78793716430664,333.40863037109375,130.76272583007812,513.760009765625,41.56197738647461,70.04199981689453,226.55032348632812,86.80735778808594,111.68257141113281,164.06590270996094
2025-03-18,212.17066955566406,208.57371520996094,124.6017837524414,320.8661804199219,391.3699951171875,207.3917999267578,46.79378890991211,292.9371643066406,259.95001220703125,328.29461669921875,152.6372528076172,103.51000213623047,313.3169250488281,209.60462951660156,192.82000732421875,83.98999786376953,388.4157409667969,286.3164978027344,63.64897537231445,,187.338134765625,260.5311279296875,3614.27001953125,161.57000732421875,41.17695999145508,229.48097229003906,4456.1318359375,949.089111328125,57.69339370727539,,99.22000122070312,69.20777130126953,66.88609313964844,,294.66864013671875,102.66783142089844,253.8800048828125,354.45001220703125,319.27178955078125,87.87265014648438,34.99081802368164,264.01251220703125,47.790000915527344,98.86603546142578,895.640625,277.369140625,59.18465042114258,30.014848709106445,192.66539001464844,66.15897369384766,157.12570190429688,476.318115234375,211.74440002441406,98.92813110351562,118.64588165283203,252.4724884033203,431.9781494140625,110.92131042480469,119.31564331054688,831.6817016601562,288.79046630859375,70.33999633789062,9.676952362060547,39.39126205444336,242.6681671142578,216.94000244140625,,263.5277099609375,200.2525177001953,108.69799041748047,48.390342712402344,162.32962036132812,160.33233642578125,546.1198120117188,328.93109130859375,345.451171875,207.59312438964844,266.9731140136719,243.67005920410156,171.8963165283203,25.920000076293945,596.0880737304688,483.95001220703125,250.01028442382812,161.66722106933594,231.28741455078125,706.7568359375,136.88221740722656,68.36588287353516,457.7851867675781,819.028564453125,462.6940002441406,220.60633850097656,77.01589965820312,527.9381713867188,239.16258239746094,300.18359375,53.41355895996094,660.1677856445312,448.42181396484375,63.247127532958984,90.73089599609375,581.5197143554688,229.36070251464844,149.4936981201172,56.79999923706055,55.43458557128906,144.37379455566406,92.86372375488281,116.3614730834961,565.1171264648438,382.18890380859375,419.8345642089844,101.42868041992188,69.59435272216797,929.97998046875,72.44950866699219,485.5675048828125,830.0,231.99014282226562,115.41547393798828,204.18844604492188,148.3418731689453,89.25,47.13358688354492,183.10000610351562,99.53905487060547,145.94525146484375,25.379545211791992,165.53903198242188,282.95458984375,613.2133178710938,110.33352661132812,149.94541931152344,168.54058837890625,292.4837951660156,125.94198608398438,,68.87999725341797,154.47764587402344,662.972412109375,574.2457275390625,131.43812561035156,96.95325469970703,77.09432983398438,334.0731506347656,40.462554931640625,447.989990234375,88.77345275878906,488.6271667480469,69.007080078125,373.3932800292969,25.792354583740234,1256.0618896484375,102.29843139648438,114.52266693115234,520.4928588867188,258.8588562011719,225.30999755859375,342.5281982421875,176.65513610839844,497.1125793457031,234.19955444335938,114.76864624023438,40.88462829589844,333.6278991699219,129.8578643798828,512.22998046875,42.11423110961914,70.30896759033203,224.24696350097656,84.9513168334961,111.56475067138672,163.33084106445312
2025-03-19,214.7144317626953,207.01321411132812,125.70672607421875,321.26220703125,387.8900146484375,208.1949462890625,46.0577278137207,295.76824951171875,268.29998779296875,325.287109375,153.58187866210938,106.2300033569336,310.4654235839844,208.52183532714844,195.5399932861328,84.41999816894531,388.7444152832031,288.45538330078125,67.1977767944336,,194.18943786621094,268.3950500488281,3591.610107421875,172.6199951171875,41.73059844970703,229.1547088623047,4576.0986328125,947.712890625,57.86676025390625,,100.7300033569336,70.41018676757812,67.26375579833984,,295.25665283203125,102.0905990600586,258.70001220703125,353.0199890136719,317.6874694824219,88.80549621582031,35.06856155395508,263.0019836425781,48.9900016784668,99.65280151367188,901.62451171875,278.02593994140625,59.989479064941406,29.82638931274414,195.6139678955078,66.49187469482422,160.29148864746094,474.57586669921875,209.23666381835938,99.86414337158203,117.22126007080078,252.8904571533203,426.2646789550781,111.45682525634766,121.62271881103516,845.5914916992188,292.6855163574219,70.9000015258789,9.890915870666504,39.96472930908203,243.9713592529297,220.35000610351562,,263.9709777832031,205.01971435546875,106.01579284667969,49.503910064697266,165.93206787109375,163.54556274414062,551.622802734375,332.9361267089844,349.2558288574219,206.5142822265625,264.5585021972656,248.93911743164062,172.74168395996094,24.1200008392334,600.1480102539062,492.05999755859375,251.5811767578125,160.4270477294922,235.36251831054688,716.3228759765625,136.99993896484375,68.26734161376953,456.8312683105469,833.4672241210938,463.9461669921875,223.13943481445312,77.58336639404297,533.8131713867188,246.3556671142578,303.46624755859375,53.77819061279297,662.3430786132812,458.59375,62.611236572265625,90.39634704589844,583.2173461914062,229.76576232910156,151.76206970214844,56.81999969482422,55.06400680541992,147.90402221679688,92.17743682861328,118.07571411132812,566.8163452148438,386.4740295410156,422.2825012207031,101.76770782470703,69.3974838256836,959.489990234375,72.13327026367188,487.2626647949219,844.1199951171875,232.09893798828125,117.50520324707031,205.47052001953125,151.3196258544922,89.3393325805664,47.44021987915039,187.5399932861328,98.92321014404297,145.08323669433594,25.2830810546875,166.38790893554688,272.97607421875,626.7529907226562,110.91278839111328,150.384033203125,169.00726318359375,289.6618347167969,126.52064514160156,,70.0,156.4248046875,670.3502807617188,575.21142578125,134.04331970214844,97.85096740722656,78.25730895996094,333.4657897949219,40.413368225097656,450.2799987792969,88.15361022949219,493.4397888183594,69.33869934082031,375.5189208984375,26.01528549194336,1283.093017578125,102.6407699584961,117.10603332519531,517.4087524414062,257.38946533203125,235.86000061035156,348.50146484375,178.90948486328125,496.52056884765625,233.5081024169922,113.42649841308594,41.27143096923828,338.7104797363281,131.63807678222656,512.52001953125,41.838096618652344,71.94038391113281,225.7262725830078,85.68579864501953,113.30243682861328,162.6553955078125
2025-03-20,213.5772247314453,206.73036193847656,125.07532501220703,297.9351501464844,389.6099853515625,204.1593475341797,45.65534973144531,294.501220703125,267.82000732421875,333.0547790527344,153.5023193359375,107.13999938964844,309.767333984375,209.01934814453125,194.9499969482422,82.97000122070312,391.522705078125,287.395751953125,66.15107727050781,,189.76744079589844,268.5735778808594,3573.3798828125,172.8300018310547,41.997535705566406,229.21405029296875,4573.248046875,944.683349609375,58.19423294067383,,101.51000213623047,70.78470611572266,66.02144622802734,,293.1337890625,102.32540130615234,258.5,362.5799865722656,318.2419738769531,88.64838409423828,35.466957092285156,264.0620422363281,49.0,100.6165771484375,892.9977416992188,277.66766357421875,59.49872970581055,29.737117767333984,193.7113494873047,67.20663452148438,160.9949951171875,472.2099304199219,209.22671508789062,98.4402084350586,118.05638885498047,250.72100830078125,430.0274658203125,110.8717269897461,120.99971008300781,842.0225830078125,293.6493225097656,70.94999694824219,9.735306739807129,40.241573333740234,243.0729522705078,221.7899932861328,,261.7348937988281,203.3841094970703,104.3985824584961,49.155921936035156,164.70465087890625,162.45785522460938,556.9080200195312,332.278564453125,351.3310546875,208.73135375976562,264.05377197265625,240.08827209472656,174.6313018798828,23.959999084472656,597.4712524414062,491.80999755859375,248.75355529785156,160.45655822753906,235.2640838623047,713.1873168945312,136.44076538085938,68.69105529785156,454.8439636230469,839.0037231445312,460.1896667480469,223.8815460205078,77.20506286621094,534.101806640625,243.58985900878906,303.5453186035156,50.25999069213867,664.907470703125,458.07568359375,62.562320709228516,89.75677490234375,585.1544799804688,230.5561065673828,149.8404083251953,56.869998931884766,55.19704055786133,150.2575225830078,92.87352752685547,118.68653869628906,562.4241943359375,385.49737548828125,420.2126770019531,102.70501708984375,70.03731536865234,950.8400268554688,71.01654052734375,484.9925231933594,824.1199951171875,230.99114990234375,118.51508331298828,200.774169921875,151.58763122558594,89.5433349609375,47.44021987915039,184.00999450683594,97.66171264648438,144.14285278320312,25.263790130615234,165.381103515625,274.3045349121094,621.4902954101562,110.0291748046875,149.92190551757812,168.59890747070312,290.5045166015625,126.34410858154297,,69.66999816894531,156.11839294433594,660.6393432617188,572.8421630859375,133.20132446289062,97.93974304199219,78.09827423095703,334.57098388671875,40.61011505126953,449.989990234375,88.51764678955078,495.4126892089844,68.90069580078125,371.714599609375,25.966825485229492,1273.19384765625,101.91697692871094,115.50633239746094,517.6383666992188,255.1853790283203,236.25999450683594,347.77471923828125,177.865966796875,504.5130310058594,231.92759704589844,112.953369140625,41.20374298095703,338.3417663574219,132.61180114746094,510.17999267578125,41.65719223022461,71.70307159423828,225.2695770263672,85.16967010498047,113.78348541259766,162.0693359375
2025-03-21,217.73704528808594,204.82846069335938,124.6412353515625,302.3015441894531,387.260009765625,202.6720428466797,45.24315643310547,292.3333435058594,267.25,330.4158020019531,151.25515747070312,106.44000244140625,310.7506103515625,210.9313201904297,196.2100067138672,83.12999725341797,388.71453857421875,286.149658203125,66.39031982421875,,190.88290405273438,268.2562255859375,3606.340087890625,178.11000061035156,41.987648010253906,227.61244201660156,4601.380859375,942.2676391601562,58.820289611816406,,100.69000244140625,70.94239807128906,65.7630386352539,,290.45281982421875,104.08643341064453,262.4200134277344,363.80999755859375,313.54840087890625,88.66802215576172,35.709877014160156,260.9017028808594,48.529998779296875,100.2330322265625,906.820556640625,279.2499084472656,59.18465042114258,29.3304386138916,190.43399047851562,65.64983367919922,160.97544860839844,467.6662292480469,210.33131408691406,99.03766632080078,117.01493835449219,249.78555297851562,423.0068664550781,112.17084503173828,121.84661102294922,825.087646484375,293.5599365234375,70.45999908447266,9.725580215454102,39.79664611816406,227.39527893066406,218.08999633789062,,259.4790344238281,203.58358764648438,105.5917739868164,49.513851165771484,165.90211486816406,163.64535522460938,559.3427734375,327.5661926269531,347.0125427246094,207.96923828125,263.40069580078125,240.63095092773438,173.43785095214844,24.260000228881836,601.0734252929688,492.489990234375,246.77027893066406,161.05697631835938,237.84303283691406,703.2628173828125,136.03854370117188,67.666259765625,455.4202880859375,834.0248413085938,433.5291442871094,224.6830596923828,75.50265502929688,533.414794921875,236.2773895263672,302.0028991699219,50.96954345703125,659.728759765625,457.77679443359375,63.11016845703125,88.88105010986328,595.3897094726562,229.50889587402344,148.93899536132812,57.310001373291016,54.7314338684082,148.28968811035156,91.2852783203125,118.36141967773438,559.0158081054688,389.9020690917969,420.6405944824219,94.44872283935547,69.77153778076172,960.2899780273438,67.14254760742188,486.4696350097656,827.75,229.220703125,117.68518829345703,198.79257202148438,151.1012725830078,89.27266693115234,47.420440673828125,182.32000732421875,96.4598159790039,142.47760009765625,25.350605010986328,164.5322265625,272.5465087890625,618.8838500976562,106.44564056396484,148.9484405517578,168.79336547851562,285.2721252441406,123.0781021118164,,70.19000244140625,155.00152587890625,656.51171875,569.5869750976562,131.1211395263672,95.75958251953125,77.91934967041016,332.9580383300781,40.324825286865234,448.6000061035156,87.91749572753906,496.0902099609375,68.44792175292969,368.6253967285156,26.189756393432617,1259.514404296875,101.78004455566406,115.37716674804688,516.7200927734375,254.00393676757812,248.7100067138672,345.5945129394531,176.21214294433594,509.98931884765625,231.02870178222656,111.13806915283203,41.426151275634766,334.514892578125,129.34642028808594,503.20001220703125,41.885711669921875,71.70307159423828,223.29388427734375,85.57276153564453,113.39078521728516,161.94021606445312
2025-03-24,220.19102478027344,204.00918579101562,125.49954223632812,304.1431579589844,394.4700012207031,210.54490661621094,45.076316833496094,295.86724853515625,269.19000244140625,336.27142333984375,154.06907653808594,113.8499984741211,309.1183776855469,207.5853729248047,203.25999450683594,87.51000213623047,391.5027770996094,287.9157409667969,69.08182525634766,,190.4745635986328,275.5449523925781,3657.820068359375,180.89999389648438,42.58082962036133,226.58428955078125,4693.5234375,953.920654296875,58.801021575927734,,102.66999816894531,72.97270202636719,67.54203033447266,,290.4627990722656,102.05146026611328,267.1499938964844,367.5,317.26165771484375,89.25717163085938,35.56412124633789,260.4955139160156,49.599998474121094,100.49856567382812,923.5554809570312,284.5638427734375,59.842254638671875,29.608173370361328,193.8209228515625,66.15897369384766,161.23927307128906,475.12030029296875,211.76431274414062,99.75460815429688,116.08157348632812,251.397705078125,423.0464782714844,114.4120864868164,124.86431121826172,842.734375,300.912841796875,71.3499984741211,9.968720436096191,41.141326904296875,239.23252868652344,221.7899932861328,,261.91217041015625,209.66725158691406,105.2564926147461,51.16431427001953,169.5744171142578,167.3275909423828,574.1492919921875,332.5973815917969,359.48382568359375,209.68154907226562,268.8929443359375,245.15013122558594,174.2931671142578,24.219999313354492,610.0789794921875,508.5799865722656,250.9921112060547,160.72230529785156,244.17227172851562,724.40576171875,135.20468139648438,67.94216918945312,456.1754455566406,861.2391357421875,428.8753967285156,230.4418487548828,77.6430892944336,541.36083984375,241.67965698242188,302.23028564453125,53.108055114746094,659.41943359375,467.4007568359375,63.54061508178711,88.68425750732422,617.9570922851562,231.79103088378906,151.70262145996094,57.83000183105469,54.77894973754883,147.02392578125,90.50094604492188,122.43028259277344,563.2191772460938,391.7157287597656,427.2381286621094,96.6623764038086,68.97420501708984,971.989990234375,66.59900665283203,490.7918701171875,849.72998046875,232.97923278808594,121.39472961425781,209.17608642578125,153.72169494628906,90.84933471679688,47.40065383911133,184.7899932861328,97.97956848144531,143.45716857910156,25.21555519104004,163.5056915283203,273.68524169921875,639.258056640625,108.25213623046875,149.0172882080078,171.64205932617188,288.9857482910156,124.03927612304688,,70.97000122070312,158.2237091064453,659.024169921875,574.0367431640625,133.4192657470703,94.42781066894531,79.47992706298828,341.2219543457031,41.0233039855957,457.7699890136719,87.44523620605469,502.1284484863281,69.15660858154297,371.7642822265625,26.13159942626953,1291.5421142578125,105.9760513305664,118.83489990234375,518.8959350585938,257.1015319824219,278.3900146484375,356.0079040527344,182.62075805664062,509.6440124511719,232.3325958251953,111.81398010253906,42.31578826904297,342.69683837890625,129.7791748046875,511.739990234375,41.476280212402344,73.44325256347656,224.61431884765625,87.07559967041016,113.68531036376953,162.0792694091797
2025-03-25,223.2036590576172,196.37237548828125,123.91119384765625,305.84613037109375,403.6400146484375,211.77442932128906,45.19408416748047,296.352294921875,273.0799865722656,335.9626770019531,152.7665252685547,114.80999755859375,301.7242126464844,204.36624145507812,205.7100067138672,86.94000244140625,394.4802551269531,287.6311950683594,69.27122497558594,,187.49667358398438,276.9531555175781,3672.22998046875,182.58999633789062,42.788448333740234,225.48690795898438,4761.47900390625,963.8013305664062,57.00954055786133,,103.08000183105469,73.3965072631836,67.69110870361328,,290.42291259765625,98.2750473022461,269.1099853515625,375.010009765625,313.736572265625,87.9708480834961,35.89449691772461,259.6236877441406,49.5099983215332,100.85260772705078,927.7642211914062,287.20086669921875,59.86188888549805,29.2907657623291,192.71519470214844,65.09173583984375,162.13818359375,474.1006774902344,211.3662567138672,101.17853546142578,114.04782104492188,249.98458862304688,419.32330322265625,114.34266662597656,123.9979248046875,831.64208984375,298.0909118652344,71.23999786376953,10.007622718811035,42.52555465698242,237.99844360351562,222.6199951171875,,263.5473937988281,211.56216430664062,106.3905029296875,52.287818908691406,172.42843627929688,170.20155334472656,579.929443359375,335.2076416015625,356.7366027832031,209.9487762451172,270.9216003417969,246.58087158203125,174.67108154296875,24.200000762939453,615.6812744140625,519.8099975585938,250.3539276123047,158.48800659179688,247.19415283203125,718.5526123046875,134.3904266357422,67.80420684814453,454.5458679199219,848.7422485351562,435.8658752441406,228.26498413085938,77.32452392578125,542.8445434570312,245.2214813232422,303.46624755859375,51.600257873535156,662.1535034179688,475.4606018066406,63.286258697509766,87.16896057128906,625.4063720703125,233.76690673828125,152.04931640625,57.84000015258789,54.8563346862793,147.4293670654297,86.14796447753906,123.34650421142578,570.9898681640625,393.7885437011719,427.0888671875,93.9102783203125,67.51734924316406,997.280029296875,65.75897979736328,502.2319030761719,861.3800048828125,231.44615173339844,120.67481994628906,209.3841552734375,152.7886505126953,91.69866943359375,48.478843688964844,189.9499969482422,98.57554626464844,142.5657501220703,24.646421432495117,160.741943359375,274.1147155761719,647.9926147460938,107.24089813232422,149.66624450683594,171.97265625,283.3222351074219,123.0781021118164,,70.86000061035156,158.29287719726562,632.2445678710938,576.4457397460938,134.38011169433594,94.58564758300781,80.26517486572266,339.6787109375,41.59388732910156,457.2300109863281,86.31381225585938,511.3152770996094,68.02467346191406,370.37359619140625,26.47084617614746,1304.4168701171875,103.09069061279297,119.11311340332031,513.3466796875,256.89306640625,288.1400146484375,362.37939453125,181.104736328125,506.6147766113281,232.9154052734375,106.16533660888672,42.25777053833008,343.4443054199219,129.828369140625,509.0400085449219,41.409629821777344,73.40370178222656,225.4383544921875,84.35852813720703,114.46087646484375,160.22177124023438
2025-03-26,220.98907470703125,196.3333740234375,124.9076156616211,308.0838317871094,397.80999755859375,208.75021362304688,46.195125579833984,299.3516540527344,271.2099914550781,335.3353271484375,149.82334899902344,110.19000244140625,300.5934753417969,204.8734893798828,201.1300048828125,81.66000366210938,395.06781005859375,289.69158935546875,67.36723327636719,,178.5431365966797,273.70050048828125,3681.679931640625,178.5500030517578,42.33367156982422,225.40782165527344,4747.77587890625,958.6134643554688,57.02880859375,,102.33999633789062,72.18423461914062,66.5581283569336,,294.32977294921875,98.90118408203125,263.4100036621094,384.7699890136719,318.08355712890625,90.36675262451172,36.31232833862305,260.2775573730469,50.06999969482422,101.4918441772461,927.2555541992188,279.61810302734375,60.65690231323242,29.657766342163086,203.921875,65.79669952392578,164.12167358398438,478.7433776855469,209.3859405517578,100.35205841064453,115.05978393554688,251.1688232421875,426.3141784667969,112.64685821533203,125.75012969970703,821.587890625,283.7030334472656,71.08999633789062,10.017348289489746,41.02267837524414,240.5653076171875,221.69000244140625,,265.55694580078125,206.8148956298828,107.75132751464844,50.65724563598633,166.79025268554688,164.71310424804688,568.0326538085938,336.0345458984375,357.8631591796875,210.9385223388672,267.66583251953125,247.0150146484375,174.8003692626953,23.420000076293945,611.8402709960938,509.0299987792969,251.23756408691406,159.177001953125,247.09571838378906,702.3171997070312,136.96070861816406,68.99652099609375,458.5006103515625,823.2605590820312,438.9223937988281,229.61068725585938,75.80132293701172,546.7379150390625,245.46026611328125,310.05126953125,51.41301345825195,661.5747680664062,468.34722900390625,64.89067077636719,86.81473541259766,610.0984497070312,235.92063903808594,151.23707580566406,57.7599983215332,55.86233901977539,148.14134216308594,86.38326263427734,120.39092254638672,565.8822631835938,388.6165466308594,429.118896484375,91.86614227294922,68.6395263671875,970.6500244140625,64.96836853027344,502.7474060058594,838.5499877929688,233.1869354248047,113.74568939208984,203.85552978515625,146.70413208007812,92.0653305053711,49.21082305908203,184.9600067138672,98.86360931396484,145.60240173339844,24.318445205688477,164.42364501953125,272.2269287109375,634.2142333984375,109.10628509521484,151.75082397460938,172.01153564453125,285.6640625,124.1373519897461,,69.97000122070312,156.5532989501953,638.2265625,580.0692749023438,133.06265258789062,96.6474380493164,79.65884399414062,342.924560546875,41.73161697387695,449.8999938964844,87.62232971191406,505.9745178222656,69.65859985351562,365.3077697753906,26.800397872924805,1304.3514404296875,103.76556396484375,118.93426513671875,512.6779174804688,260.6260986328125,272.05999755859375,350.4925842285156,181.61663818359375,511.3214416503906,235.1280975341797,107.1888656616211,42.32545852661133,343.00579833984375,132.30691528320312,500.2799987792969,42.06662368774414,72.64237976074219,227.2849884033203,84.806396484375,116.11019897460938,161.7316131591797
2025-03-27,223.3034210205078,197.7183380126953,129.58387756347656,305.4798278808594,396.1499938964844,207.1736602783203,47.382633209228516,302.341064453125,269.80999755859375,339.587646484375,146.84039306640625,106.6500015258789,300.6524658203125,208.79498291015625,201.36000061035156,78.95999908447266,397.86602783203125,289.5542297363281,67.95538330078125,,171.29266357421875,269.7536315917969,3828.110107421875,179.11000061035156,42.07662582397461,226.10975646972656,4736.45458984375,958.3164672851562,56.730228424072266,,100.80000305175781,70.81427764892578,65.26611328125,,297.35955810546875,100.36870574951172,262.5400085449219,382.0199890136719,321.5591735839844,91.50579071044922,36.31232833862305,259.4156494140625,50.91999816894531,101.11813354492188,936.2313842773438,276.4536437988281,60.264305114746094,29.67760467529297,205.45594787597656,66.17855834960938,162.8319091796875,474.8827209472656,209.08740234375,100.0234603881836,115.59033203125,251.45742797851562,427.7203063964844,111.14939880371094,123.36519622802734,815.9132690429688,279.12237548828125,71.19000244140625,9.628324508666992,39.529685974121094,240.81211853027344,219.17999267578125,,265.46826171875,205.3289031982422,109.61505889892578,46.92879104614258,163.73666381835938,161.89903259277344,553.1865234375,341.06573486328125,358.4560852050781,211.977783203125,267.56689453125,242.93988037109375,175.3970947265625,23.6200008392334,612.2781372070312,507.8999938964844,247.37901306152344,160.56483459472656,244.2313232421875,696.802490234375,137.89266967773438,69.70600128173828,461.7796630859375,818.1920776367188,436.07293701171875,229.72943115234375,74.47724151611328,555.2018432617188,243.20184326171875,309.1712951660156,50.05303955078125,664.2189331054688,467.2314147949219,66.03528594970703,87.55270385742188,601.7105712890625,240.4750518798828,147.0371551513672,58.58000183105469,56.39436340332031,145.70877075195312,85.88325500488281,117.23829650878906,562.2056274414062,389.2243957519531,430.2134704589844,90.89892578125,68.93482971191406,976.719970703125,65.02766418457031,509.36956787109375,827.739990234375,232.6429443359375,111.41597747802734,198.21792602539062,144.6990966796875,94.90799713134766,48.97342300415039,174.44000244140625,97.53258514404297,146.61135864257812,24.125520706176758,166.52609252929688,274.3544616699219,623.0223999023438,108.73320770263672,152.41944885253906,170.11563110351562,286.0364074707031,122.32290649414062,,68.86000061035156,156.13818359375,633.9295043945312,589.8646240234375,132.171142578125,97.51554870605469,79.12208557128906,344.1492004394531,41.416812896728516,446.2300109863281,88.57667541503906,506.8115539550781,68.95975494384766,365.0793151855469,27.333499908447266,1295.2005615234375,104.1763687133789,119.79869842529297,510.6917724609375,266.35467529296875,273.1300048828125,345.056884765625,177.94473266601562,508.8743591308594,233.0932159423828,107.1888656616211,41.803279876708984,348.6663818359375,131.0381317138672,502.54998779296875,42.80931091308594,71.46578216552734,227.37435913085938,85.22441101074219,115.73713684082031,163.9169158935547
2025-03-28,217.36793518066406,200.22491455078125,129.06101989746094,301.3213195800781,385.7099914550781,199.85604858398438,46.980255126953125,297.78759765625,261.6300048828125,339.3486328125,144.23529052734375,103.22000122070312,301.812744140625,210.27772521972656,192.72000122070312,77.94000244140625,392.8968811035156,286.75799560546875,66.38035583496094,,168.43429565429688,263.2681579589844,3771.0,173.30999755859375,40.78150177001953,224.9134979248047,4618.30322265625,937.2876586914062,57.8089714050293,,99.36000061035156,69.3161849975586,62.94050979614258,,295.4460144042969,101.35684204101562,256.69000244140625,369.0199890136719,321.8562316894531,91.1424789428711,35.583553314208984,259.7821960449219,49.90999984741211,100.67558288574219,927.165771484375,268.65191650390625,59.73428726196289,28.87416648864746,202.43760681152344,65.73795318603516,162.2847442626953,460.6180114746094,205.1605987548828,97.653564453125,117.31951904296875,248.30276489257812,427.769775390625,107.73796081542969,123.2289047241211,793.8572998046875,272.42529296875,70.91000366210938,9.453265190124512,37.98725891113281,238.6302947998047,216.1300048828125,,265.06439208984375,199.34495544433594,110.2363052368164,46.411781311035156,155.7334442138672,154.00564575195312,537.5486450195312,340.88641357421875,353.9300537109375,208.18699645996094,262.6870422363281,240.7592315673828,173.756103515625,22.709999084472656,595.9785766601562,491.8399963378906,241.97903442382812,161.13571166992188,239.04393005371094,670.5230712890625,138.0398406982422,69.34141540527344,456.1953125,819.028564453125,435.29400634765625,226.0188446044922,72.28702545166016,538.3139038085938,235.79983520507812,303.6343078613281,47.99336242675781,666.6036987304688,459.65972900390625,66.25051879882812,86.90805053710938,575.9078369140625,239.46734619140625,143.47116088867188,57.86000061035156,56.249267578125,142.49496459960938,87.48131561279297,113.62263488769531,554.9515380859375,377.48529052734375,430.8702392578125,88.18671417236328,69.34825897216797,933.8499755859375,62.54712677001953,507.753662109375,797.760009765625,228.03379821777344,109.65619659423828,188.2406463623047,139.82550048828125,93.90333557128906,48.30079650878906,172.75999450683594,96.26115417480469,146.21954345703125,24.318445205688477,165.85488891601562,278.5396423339844,598.3207397460938,108.43867492675781,152.56695556640625,167.11135864257812,288.43701171875,119.4197998046875,,65.1500015258789,150.9490509033203,635.4548950195312,579.9996337890625,130.47727966308594,96.41068267822266,77.34282684326172,338.2748107910156,41.20038604736328,437.95001220703125,89.65892028808594,500.7035827636719,68.63494110107422,362.0596923828125,27.31411361694336,1288.5947265625,101.3790283203125,117.45379638671875,499.1940612792969,263.0286865234375,263.54998779296875,330.5218811035156,173.58372497558594,509.1900939941406,229.31979370117188,105.88533020019531,40.86528778076172,341.68035888671875,129.31690979003906,492.69000244140625,42.78074645996094,69.8936996459961,226.28225708007812,84.7466812133789,115.58007049560547,162.01966857910156
2025-03-31,221.58761596679688,204.35057067871094,130.86639404296875,308.9551086425781,383.5299987792969,199.96511840820312,47.117652893066406,302.4400939941406,261.79998779296875,343.8100280761719,144.29495239257812,102.73999786376953,306.3357238769531,212.2677459716797,190.25999450683594,77.4800033569336,397.4178771972656,289.3580322265625,65.38349914550781,,166.75112915039062,266.8083801269531,3812.780029296875,170.5500030517578,41.25605010986328,226.45574951171875,4591.06689453125,937.06982421875,58.74324035644531,,100.87999725341797,69.96666717529297,63.01007843017578,,300.9773864746094,101.97320556640625,254.3300018310547,368.5299987792969,325.7774353027344,92.0065689086914,35.85563278198242,262.82366943359375,50.209999084472656,103.2817153930664,943.2425537109375,267.04974365234375,60.568565368652344,29.191574096679688,204.73870849609375,66.33521270751953,163.45724487304688,466.24053955078125,204.31344604492188,98.28089141845703,119.83470153808594,252.29335021972656,430.7008056640625,108.72965240478516,124.8351058959961,806.066650390625,270.1001281738281,72.4800033569336,9.75475788116455,37.433563232421875,240.6739044189453,220.8300018310547,,268.5121765136719,199.61422729492188,110.4926986694336,46.759765625,155.90309143066406,154.31500244140625,540.6860961914062,344.2637939453125,362.1717529296875,209.5825653076172,262.7069091796875,245.3573455810547,171.5581817626953,22.709999084472656,610.974609375,495.2699890136719,244.99188232421875,163.2322235107422,241.45553588867188,676.6947021484375,139.52117919921875,70.5731430053711,462.68389892578125,822.4141845703125,440.44073486328125,230.77828979492188,72.37662506103516,545.7919311523438,236.9837646484375,308.8548889160156,47.70757293701172,671.5230102539062,463.95367431640625,66.84159851074219,89.11968231201172,575.5284423828125,241.08755493164062,145.47207641601562,58.52000045776367,58.05813980102539,144.06724548339844,88.00092315673828,114.94279479980469,561.9373168945312,374.087158203125,435.66668701171875,86.75395965576172,69.78138732910156,932.530029296875,62.73489761352539,507.5752258300781,796.1400146484375,234.26504516601562,108.36636352539062,188.30999755859375,138.7733612060547,95.50533294677734,48.825050354003906,170.63999938964844,96.71807098388672,146.8758544921875,24.443849563598633,168.21392822265625,282.68487548828125,604.7075805664062,109.7542724609375,156.0772705078125,170.89344787597656,293.25787353515625,121.10673522949219,,65.25,151.8287353515625,632.3341674804688,586.9081420898438,131.21031188964844,96.76581573486328,77.81000518798828,347.673828125,41.12167739868164,428.8500061035156,90.4656753540039,506.2734680175781,70.23934173583984,370.61187744140625,27.411039352416992,1294.2930908203125,102.07347106933594,121.02083587646484,496.6390075683594,264.7958984375,259.1600036621094,335.4200134277344,176.9012451171875,516.7977905273438,233.3599395751953,106.20397186279297,41.31543731689453,349.2643737792969,129.897216796875,484.82000732421875,43.1901741027832,70.9813003540039,229.84645080566406,87.37418365478516,116.75814819335938,163.54937744140625
2025-04-01,222.64503479003906,201.1807403564453,129.9193115234375,310.4798583984375,383.20001220703125,197.49615478515625,47.31393814086914,303.43988037109375,264.6099853515625,342.4357604980469,144.83189392089844,102.77999877929688,301.78326416015625,214.0626678466797,192.1699981689453,78.48999786376953,397.1390686035156,289.67388916015625,65.86199188232422,,167.83673095703125,268.22650146484375,3813.27001953125,168.1699981689453,41.01877975463867,223.4700927734375,4669.63525390625,934.6937255859375,57.356285095214844,,101.23999786376953,69.52316284179688,63.14921951293945,,300.3893737792969,102.344970703125,258.7900085449219,370.9100036621094,327.7578430175781,92.20296478271484,35.68072509765625,259.8020324707031,51.66999816894531,103.64559936523438,951.8394775390625,268.88079833984375,60.65690231323242,29.300683975219727,207.0697021484375,66.56041717529297,164.64930725097656,475.2802734375,199.71888732910156,97.26522064208984,118.95045471191406,253.03973388671875,428.443115234375,109.086669921875,125.86695861816406,807.6484375,274.9391784667969,71.87000274658203,9.667226791381836,37.700523376464844,238.8968505859375,222.00999450683594,,270.04888916015625,203.24447631835938,109.73339080810547,46.98844909667969,158.5475616455078,156.7399139404297,542.823974609375,344.4431457519531,361.2132263183594,211.26515197753906,262.84588623046875,247.0150146484375,170.55369567871094,22.049999237060547,610.7656860351562,496.3599853515625,245.67349243164062,150.84019470214844,239.8412322998047,679.3426513671875,140.31581115722656,70.81948852539062,464.1246643066406,801.8217163085938,442.34368896484375,231.55007934570312,72.50605010986328,546.1803588867188,237.0235595703125,310.1007385253906,47.7962646484375,672.221435546875,467.03216552734375,66.64456939697266,87.76097106933594,585.1544799804688,241.0579376220703,146.27442932128906,59.040000915527344,56.86834716796875,144.9967803955078,85.41266632080078,114.02655792236328,563.7259521484375,380.8635559082031,433.8555908203125,88.57111358642578,69.81090545654297,928.3800048828125,63.999874114990234,508.65576171875,811.5599975585938,234.02764892578125,110.13614654541016,188.25054931640625,140.8875732421875,95.45333099365234,48.656890869140625,171.30999755859375,97.63191223144531,146.61135864257812,23.672142028808594,168.3521270751953,283.9634094238281,606.7071533203125,109.42045593261719,155.44798278808594,169.79478454589844,292.8365173339844,121.96001434326172,,66.0999984741211,151.27523803710938,615.15576171875,588.1027221679688,131.59661865234375,96.90392303466797,77.20366668701172,349.0478515625,41.51519012451172,435.94000244140625,90.33777618408203,508.94384765625,70.43619537353516,371.6572570800781,27.60489273071289,1307.5325927734375,102.1419448852539,121.93494415283203,482.0372619628906,266.6128234863281,268.4599914550781,340.12890625,175.21788024902344,516.1761474609375,234.27859497070312,105.49909210205078,40.87508010864258,345.16839599609375,131.5397491455078,484.739990234375,43.20922088623047,70.50670623779297,232.1100616455078,88.40925598144531,116.86614227294922,160.82769775390625
2025-04-02,223.34332275390625,200.12738037109375,130.1560821533203,313.20269775390625,385.7799987792969,197.9027099609375,47.078399658203125,304.1229248046875,267.92999267578125,342.6448974609375,146.91000366210938,102.95999908447266,300.5836486816406,212.56039428710938,196.00999450683594,80.16000366210938,394.3707275390625,291.1644287109375,67.68622589111328,,171.39224243164062,272.95672607421875,3809.260009765625,168.55999755859375,41.37468719482422,223.8457794189453,4673.17333984375,952.2771606445312,57.40443801879883,,100.05000305175781,70.72557830810547,64.6399917602539,,300.5289306640625,101.56229400634766,264.94000244140625,379.2699890136719,328.6688537597656,91.85928344726562,35.89643859863281,260.0992431640625,52.02000045776367,104.34384155273438,962.4908447265625,270.2142639160156,60.67653274536133,29.49906349182129,207.8666229248047,66.6485366821289,162.6560516357422,467.7802734375,204.472900390625,97.46437072753906,118.28235626220703,252.43267822265625,425.1258850097656,110.61388397216797,126.51917266845703,822.0822143554688,282.03375244140625,72.05000305175781,9.871463775634766,37.769737243652344,242.0461883544922,226.14999389648438,,271.9205627441406,199.23524475097656,110.33491516113281,47.70431137084961,158.527587890625,156.70994567871094,557.3236694335938,345.73828125,366.51995849609375,213.77915954589844,263.8982849121094,246.65980529785156,169.50941467285156,21.979999542236328,617.860595703125,507.04998779296875,249.35809326171875,152.91700744628906,241.96737670898438,683.0555419921875,140.18826293945312,70.2873764038086,466.7578430175781,814.7567138671875,446.5142822265625,232.80673217773438,73.45182037353516,545.0551147460938,241.32150268554688,308.0737609863281,48.22002410888672,692.0182495117188,469.1343078613281,65.14715576171875,88.12792205810547,583.0874633789062,240.7022705078125,146.36355590820312,59.36000061035156,55.252933502197266,146.25262451171875,84.90284729003906,117.5042953491211,572.3314208984375,380.813720703125,434.8506774902344,88.4612808227539,69.37779998779297,935.52001953125,64.19751739501953,507.7437438964844,824.030029296875,235.96627807617188,110.4061050415039,191.88674926757812,144.7784881591797,94.46733093261719,48.79537582397461,173.17999267578125,98.42655944824219,146.07260131835938,23.82648468017578,167.30584716796875,280.9069519042969,625.728271484375,110.29425811767578,153.56005859375,172.09902954101562,290.9454345703125,121.67559051513672,,67.1500015258789,152.2932891845703,623.7300415039062,587.6846313476562,131.89378356933594,98.06800079345703,78.1181411743164,352.1244201660156,41.50535202026367,438.54998779296875,89.82617950439453,512.13232421875,71.69609069824219,375.7989501953125,27.275339126586914,1309.5255126953125,103.45257568359375,124.13080596923828,488.115478515625,262.6613464355469,282.760009765625,346.39093017578125,175.41476440429688,516.2550659179688,235.55287170410156,106.40673828125,42.08850860595703,345.1484375,131.4217071533203,483.489990234375,42.59983444213867,71.44600677490234,232.87454223632812,89.33484649658203,116.50289154052734,162.40707397460938
2025-04-03,202.69384765625,196.66497802734375,129.86013793945312,298.47967529296875,367.25,179.3508758544922,46.68583297729492,302.301513671875,257.1499938964844,342.9735412597656,134.73959350585938,93.80000305175781,304.6641845703125,222.59823608398438,178.41000366210938,71.2699966430664,392.63800048828125,279.5558166503906,62.46272659301758,,153.3855438232422,245.75527954101562,3826.14990234375,150.91000366210938,36.79727554321289,219.07069396972656,4435.22412109375,878.8247680664062,55.69001007080078,,98.5,62.1411247253418,60.346561431884766,,301.4458312988281,104.7419204711914,248.91000366210938,368.3999938964844,335.1348876953125,94.26500701904297,35.02378463745117,265.8650817871094,50.08000183105469,93.6734390258789,964.4854125976562,253.98387145996094,56.62550354003906,27.763240814208984,204.06134033203125,66.10023498535156,152.54315185546875,444.4856262207031,197.23721313476562,88.46275329589844,121.87828826904297,249.02923583984375,448.2572021484375,101.04400634765625,116.70679473876953,792.3150634765625,259.1900329589844,72.9800033569336,9.278203964233398,33.1325569152832,213.10964965820312,216.89999389648438,,265.5963439941406,187.12774658203125,110.82797241210938,45.636260986328125,152.31063842773438,150.40322875976562,505.98577880859375,347.8404541015625,351.7164611816406,204.564453125,263.58062744140625,240.25601196289062,166.64512634277344,22.43000030517578,595.5905151367188,494.6099853515625,236.52618408203125,157.306884765625,225.10585021972656,617.9841918945312,142.46424865722656,72.11033630371094,464.25384521484375,785.7500610351562,448.3974914550781,220.18087768554688,64.92990112304688,528.2965698242188,223.4730987548828,314.6885070800781,40.11929702758789,715.3671875,440.7405700683594,66.89086151123047,87.1659164428711,530.8529663085938,242.1346435546875,138.41937255859375,59.650001525878906,55.99776077270508,127.15770721435547,84.69696807861328,106.33218383789062,540.7515869140625,371.8150329589844,433.36798095703125,74.2236099243164,71.01183319091797,917.0499877929688,54.9276237487793,510.70782470703125,774.0700073242188,218.33087158203125,101.78720092773438,170.29739379882812,136.2124786376953,96.1259994506836,43.424224853515625,165.1699981689453,91.74162292480469,148.27662658691406,23.43098258972168,170.158447265625,286.7722473144531,553.822021484375,99.7400131225586,159.36148071289062,156.81515502929688,288.799560546875,105.1200180053711,,61.709999084472656,137.80328369140625,608.8147583007812,577.0728759765625,129.0013427734375,87.06851959228516,74.42048645019531,339.1709289550781,38.573707580566406,417.760009765625,91.06582641601562,487.62078857421875,69.6192398071289,366.5299377441406,27.721206665039062,1275.701416015625,92.21432495117188,124.62760925292969,469.1222229003906,265.9674987792969,267.2799987792969,329.566162109375,161.6426544189453,533.2662353515625,221.23951721191406,96.67371368408203,37.958927154541016,338.2321472167969,112.40972900390625,484.010009765625,43.43773651123047,64.93023681640625,235.1282196044922,86.84669494628906,110.3768539428711,158.54307556152344
2025-04-04,187.92002868652344,182.34716796875,122.76679229736328,282.2418518066406,349.07000732421875,163.20851135253906,42.51482391357422,283.23626708984375,245.50999450683594,317.927734375,126.22825622558594,85.76000213623047,289.46295166015625,214.7747802734375,171.0,64.37000274658203,374.1856384277344,260.0796813964844,58.90396499633789,,145.6968536376953,232.50238037109375,3653.239990234375,136.58999633789062,33.999412536621094,204.98269653320312,4269.287109375,814.4412841796875,53.84016799926758,,89.69999694824219,57.292049407958984,56.828330993652344,,279.7388610839844,98.79357147216797,232.8800048828125,338.2900085449219,319.2420959472656,90.00344848632812,32.72939682006836,252.09434509277344,47.290000915527344,84.86174011230469,914.0211181640625,239.5845184326172,53.888587951660156,26.989559173583984,189.59722900390625,62.33062744140625,139.99734497070312,427.01214599609375,181.16123962402344,83.17530822753906,116.84791564941406,236.61956787109375,424.69024658203125,93.78478240966797,107.61479187011719,757.4862060546875,244.95123291015625,69.36000061035156,9.317106246948242,28.82166862487793,207.44277954101562,198.60000610351562,,246.2790069580078,166.36346435546875,105.75940704345703,43.926143646240234,147.4308624267578,145.29400634765625,465.9803771972656,330.41552734375,349.7301025390625,189.03506469726562,251.9543914794922,224.45864868164062,155.88421630859375,19.850000381469727,558.7722778320312,451.5799865722656,222.82496643066406,150.83035278320312,208.25930786132812,573.8965454101562,135.29296875,68.90784454345703,435.1795959472656,735.0853881835938,426.0850830078125,220.94276428222656,58.82716369628906,487.6897888183594,213.48435974121094,296.73284912109375,35.69445037841797,681.6209106445312,400.9295349121094,65.32447814941406,82.19718933105469,504.00177001953125,228.18763732910156,125.71061706542969,57.08000183105469,54.23725509643555,119.72146606445312,79.8733901977539,98.35209655761719,504.2430725097656,358.59112548828125,400.1613464355469,64.6186752319336,65.86363220214844,855.8599853515625,56.57802200317383,481.3146667480469,721.6500244140625,208.62791442871094,94.29813385009766,159.32931518554688,127.31892395019531,92.65799713134766,40.10063934326172,153.57000732421875,90.27152252197266,143.6138916015625,22.157663345336914,161.63027954101562,257.4355773925781,514.5560302734375,96.44120788574219,148.10281372070312,148.85240173339844,278.79534912109375,96.910888671875,,58.369998931884766,125.98197174072266,571.7359008789062,540.11328125,116.34190368652344,80.9916763305664,68.6453628540039,330.61822509765625,34.215599060058594,388.1300048828125,87.5042724609375,449.876953125,64.84539031982422,344.27825927734375,25.82143211364746,1158.210205078125,93.62277221679688,121.37853240966797,437.06427001953125,246.32940673828125,239.42999267578125,316.6936950683594,149.0321502685547,518.0805053710938,210.6600799560547,94.34666442871094,36.04092025756836,312.0617370605469,102.96765899658203,474.6199951171875,40.97163009643555,60.29307556152344,223.581787109375,82.79597473144531,102.43458557128906,150.7157440185547
2025-04-07,181.0169219970703,181.94728088378906,123.18114471435547,281.9051818847656,340.70001220703125,169.8915252685547,42.181148529052734,278.3759460449219,243.6199951171875,309.57244873046875,132.0947265625,83.63999938964844,284.84161376953125,208.16090393066406,175.25999450683594,68.16999816894531,362.8234558105469,255.7659149169922,60.70827102661133,,153.51502990722656,233.099365234375,3478.3798828125,138.86000061035156,35.1759033203125,202.74839782714844,4230.08251953125,809.3721923828125,53.73307418823242,,91.54000091552734,58.001670837402344,56.48048782348633,,273.40020751953125,96.08354949951172,233.82000732421875,332.8900146484375,312.3007507324219,87.57808685302734,32.81764221191406,250.0237579345703,46.66999816894531,84.25199890136719,905.6935424804688,243.01768493652344,53.76013946533203,26.87053108215332,189.80641174316406,62.51665496826172,136.9390411376953,420.5453186035156,180.0150909423828,82.9462890625,114.81415557861328,229.21556091308594,418.9965515136719,96.16486358642578,106.13514709472656,739.2264404296875,250.84349060058594,69.0,8.986435890197754,30.02792739868164,202.61508178710938,198.44000244140625,,243.9837646484375,167.25108337402344,104.0534439086914,43.27988052368164,148.92771911621094,146.44158935546875,460.7347717285156,328.403076171875,337.48614501953125,185.54119873046875,252.88766479492188,222.78121948242188,153.8056182861328,19.56999969482422,553.5081787109375,463.6199951171875,219.05145263671875,148.2515411376953,212.37933349609375,601.858154296875,131.98692321777344,67.37064361572266,423.1564025878906,720.6666259765625,424.77374267578125,214.65953063964844,61.92333221435547,483.4578552246094,212.27059936523438,296.515380859375,37.537315368652344,660.5269775390625,396.51605224609375,64.26053619384766,82.4649658203125,515.505126953125,221.78411865234375,127.33511352539062,57.11000061035156,53.84065628051758,120.30490112304688,79.58907318115234,99.42594909667969,503.3686218261719,356.61798095703125,401.146484375,68.2629623413086,64.04254913330078,867.8300170898438,54.957271575927734,477.3988952636719,735.5,205.77935791015625,97.6277084350586,161.78648376464844,126.21715545654297,88.92266845703125,38.33003616333008,152.44000244140625,87.54987335205078,140.2637939453125,21.829687118530273,158.1558380126953,255.06744384765625,528.9015502929688,92.79875946044922,148.70262145996094,148.5704345703125,270.1335144042969,94.73355102539062,,58.529998779296875,128.21575927734375,571.0679931640625,530.882080078125,116.213134765625,78.9200210571289,69.6194839477539,321.40838623046875,32.60221481323242,380.8999938964844,85.8120346069336,436.734375,62.90633773803711,343.8202819824219,26.00559425354004,1169.157470703125,92.3121337890625,118.36791229248047,437.02435302734375,244.89974975585938,233.2899932861328,314.7623596191406,151.60150146484375,517.7351684570312,207.4102020263672,92.27066802978516,36.01156234741211,311.2544860839844,104.91507720947266,474.55999755859375,40.54315948486328,61.469669342041016,218.97512817382812,83.43293762207031,101.06015014648438,148.10333251953125
2025-04-08,171.9989776611328,171.33570861816406,122.28338623046875,278.6081237792969,340.0,164.68589782714844,41.01326370239258,273.9610595703125,238.83999633789062,310.23968505859375,128.22683715820312,78.20999908447266,275.5694274902344,199.6448516845703,170.66000366210938,69.5,358.7207336425781,245.410888671875,59.88087844848633,,155.39736938476562,230.2239227294922,3499.080078125,139.38999938964844,34.632144927978516,198.5467071533203,4149.8291015625,807.60986328125,51.66904067993164,,90.63999938964844,57.92282485961914,55.20835494995117,,274.06793212890625,92.7767333984375,231.63999938964844,321.67999267578125,310.7659606933594,86.99874114990234,32.199920654296875,252.65904235839844,45.97999954223633,81.29182434082031,906.3118896484375,242.7987518310547,52.554710388183594,26.473773956298828,189.37808227539062,66.21772003173828,133.79281616210938,410.25390625,174.05511474609375,81.37299346923828,113.92008972167969,224.55821228027344,426.6805419921875,93.36827087402344,102.17321014404297,731.643798828125,249.89952087402344,67.06999969482422,8.451529502868652,28.880990982055664,195.54632568359375,195.58999633789062,,250.60348510742188,168.9166259765625,101.7558364868164,42.23591232299805,146.27328491210938,144.39588928222656,457.478515625,330.9435729980469,331.28997802734375,180.98826599121094,279.9327697753906,218.0943145751953,150.7921600341797,18.1299991607666,541.3980102539062,457.6300048828125,215.75210571289062,147.64129638671875,214.7859649658203,596.771484375,130.75083923339844,67.41991424560547,410.7059631347656,723.166015625,437.13775634765625,209.4647216796875,59.98200607299805,477.88165283203125,210.0420379638672,296.4560241699219,34.82721710205078,651.406982421875,395.220947265625,63.1079216003418,81.2054214477539,509.7135314941406,218.7211151123047,125.958251953125,55.0099983215332,53.74392318725586,117.22954559326172,77.40277099609375,98.82498931884766,503.7760314941406,353.3294372558594,392.7876281738281,65.43739318847656,63.10741424560547,870.4000244140625,52.644737243652344,487.70880126953125,727.5999755859375,204.0880126953125,96.28788757324219,152.0866241455078,123.5768814086914,87.68000030517578,35.71864700317383,152.52999877929688,85.82152557373047,137.432861328125,21.067626953125,156.33966064453125,260.17340087890625,522.7633666992188,88.12545013427734,146.73605346679688,145.60504150390625,260.94256591796875,91.0850601196289,,57.40999984741211,123.21443939208984,555.1456298828125,517.5736694335938,119.3235092163086,78.61421203613281,69.51014709472656,312.1487731933594,31.4315242767334,381.5899963378906,85.45785522460938,439.91290283203125,62.778377532958984,335.8853454589844,25.579113006591797,1152.502685546875,86.81526947021484,119.26215362548828,418.50018310546875,244.53240966796875,221.86000061035156,313.806640625,143.73594665527344,545.7384643554688,205.73092651367188,88.75596618652344,35.62013244628906,307.2182922363281,103.44960021972656,472.3699951171875,40.152767181396484,61.38068389892578,214.91452026367188,81.40260314941406,98.92977905273438,143.44467163085938
2025-04-09,198.3644561767578,175.40283203125,125.33183288574219,296.9747314453125,364.6400146484375,194.96774291992188,43.55512619018555,291.709716796875,263.5299987792969,322.4787902832031,148.87875366210938,96.83999633789062,286.2181701660156,202.39572143554688,191.10000610351562,76.0,371.8056335449219,266.7230529785156,65.97164916992188,,184.3992919921875,261.037841796875,3575.1201171875,160.82000732421875,36.72806930541992,206.9698486328125,4600.4443359375,888.1610107421875,52.32135009765625,,96.7699966430664,63.22527313232422,60.3962516784668,,283.6656494140625,93.47135925292969,264.6499938964844,346.9800109863281,316.8556823730469,88.59928894042969,34.49431228637695,251.76742553710938,50.93000030517578,89.9953384399414,962.6004638671875,263.8753356933594,57.43571090698242,28.427812576293945,203.20465087890625,68.71446990966797,142.68434143066406,449.591552734375,191.24734497070312,91.05171966552734,114.2737808227539,236.40061950683594,431.4137268066406,103.56291198730469,111.02185821533203,788.3507080078125,281.7853088378906,69.9000015258789,9.239302635192871,33.35997009277344,215.16314697265625,210.3800048828125,,267.4679870605469,186.76870727539062,103.78720092773438,45.47718048095703,160.7229766845703,158.37646484375,511.5679016113281,337.2699279785156,351.2026062011719,197.06204223632812,283.4871520996094,232.1846466064453,155.95384216308594,21.530000686645508,593.5505981445312,522.9500122070312,232.0117950439453,148.59605407714844,232.0880889892578,700.0973510742188,132.5853271484375,68.92754364013672,443.13873291015625,750.5198364257812,455.7528076171875,220.8537139892578,70.793701171875,514.0548706054688,232.1983184814453,300.53955078125,44.24850082397461,670.2957153320312,436.9547119140625,65.20626831054688,84.5774154663086,584.9248657226562,227.55323791503906,137.01278686523438,58.25,54.51777648925781,129.9561767578125,80.30477142333984,110.0463638305664,545.8692016601562,389.13470458984375,415.14764404296875,77.74808502197266,66.52314758300781,945.469970703125,58.62372589111328,507.8627014160156,825.9500122070312,219.59689331054688,114.31561279296875,184.1585693359375,138.6542510986328,89.89666748046875,39.79399871826172,173.02000427246094,93.30110168457031,142.61474609375,21.694639205932617,160.21881103515625,269.8956604003906,593.018310546875,96.43138122558594,149.2631072998047,155.78457641601562,276.6004943847656,101.14785766601562,,63.95000076293945,141.9249267578125,574.99609375,552.0361328125,127.21831512451172,87.48284912109375,74.79820251464844,334.7900085449219,35.39612579345703,428.70001220703125,86.38267517089844,472.28607177734375,66.99116516113281,361.3727111816406,25.65665626525879,1232.3333740234375,95.54961395263672,125.24364471435547,452.674072265625,253.0706787109375,272.20001220703125,341.2737731933594,166.86009216308594,570.821044921875,220.8048858642578,96.22955322265625,38.45800018310547,331.2958679199219,113.99323272705078,482.29998779296875,40.83832931518555,65.58280944824219,222.80740356445312,89.17560577392578,103.86792755126953,152.52357482910156
2025-04-10,189.9550323486328,169.90200805664062,122.82598114013672,283.8006286621094,350.04998779296875,176.85218811035156,43.65326690673828,289.2547912597656,256.9200134277344,324.37091064453125,137.45408630371094,88.69999694824219,276.7001647949219,203.2151641845703,181.22000122070312,72.6500015258789,367.473876953125,258.6680603027344,63.92809295654297,,171.6013946533203,245.6458282470703,3615.239990234375,155.52000427246094,35.44282913208008,196.8561553955078,4479.18310546875,850.2418212890625,49.12793731689453,,92.63999938964844,60.70217514038086,58.686832427978516,,281.3932800292969,93.0995864868164,254.02000427246094,335.4700012207031,324.0643615722656,90.14092254638672,33.0235481262207,255.9878387451172,50.27000045776367,81.91139221191406,961.7228393554688,254.27330017089844,55.91410446166992,27.594615936279297,201.94949340820312,67.52973937988281,131.8874969482422,441.2472229003906,180.1546173095703,84.86809539794922,114.79450225830078,231.42481994628906,432.09698486328125,98.90193939208984,101.8324966430664,761.964599609375,268.9972229003906,68.26000213623047,8.889181137084961,30.996891021728516,203.77017211914062,204.3800048828125,,267.7635498046875,181.0241241455078,99.99071502685547,43.47873306274414,155.0448760986328,152.4988250732422,484.77557373046875,333.74310302734375,349.45343017578125,191.4104766845703,288.17340087890625,226.50115966796875,154.34268188476562,19.8799991607666,575.6375732421875,489.5199890136719,224.0498809814453,146.35189819335938,224.9275665283203,653.760009765625,134.8809356689453,69.72571563720703,429.1382141113281,717.8585815429688,457.19232177734375,218.87474060058594,66.13451385498047,498.0078125,221.7817840576172,303.3277893066406,38.24687194824219,677.8491821289062,421.4527282714844,64.99939727783203,81.85999298095703,545.5018310546875,226.7701416015625,131.7133331298828,57.77000045776367,54.53712463378906,120.17634582519531,76.03021240234375,105.00216674804688,524.4450073242188,380.0264587402344,412.8389892578125,69.9403305053711,65.67659759521484,921.1699829101562,53.761478424072266,511.6199035644531,783.489990234375,213.10848999023438,107.55646514892578,164.0653076171875,132.8367462158203,91.55733489990234,36.07474899291992,168.27000427246094,88.17565155029297,141.19436645507812,20.82646942138672,161.44273376464844,272.9632263183594,557.2839965820312,93.16202545166016,148.6436309814453,147.9384765625,272.4655456542969,95.12586975097656,,60.560001373291016,132.84149169921875,544.7567749023438,547.8889770507812,125.87114715576172,83.45792388916016,73.40660095214844,328.4775390625,32.0119514465332,406.8900146484375,87.45507049560547,456.1144714355469,65.84938049316406,346.85687255859375,25.850608825683594,1214.6773681640625,90.67872619628906,126.65455627441406,426.614501953125,254.28192138671875,252.39999389648438,336.8236999511719,154.16102600097656,586.5099487304688,216.64622497558594,93.23624420166016,36.45191955566406,323.5025634765625,107.21659088134766,475.489990234375,41.52328872680664,62.39908218383789,224.82281494140625,90.18082427978516,98.1051254272461,146.01736450195312
2025-04-11,197.66615295410156,170.7310333251953,125.17398834228516,282.92498779296875,352.4700012207031,177.64541625976562,44.98799133300781,296.51068115234375,258.45001220703125,332.63653564453125,144.11599731445312,93.4000015258789,281.1936950683594,209.70639038085938,184.8699951171875,72.66999816894531,374.7233581542969,265.5483703613281,65.19409942626953,,181.2023162841797,249.86447143554688,3659.60009765625,156.83999633789062,35.54169845581055,199.4859161376953,4570.75634765625,870.04296875,49.371337890625,,93.66999816894531,60.75144958496094,58.89553451538086,,282.4198303222656,94.57688903808594,259.4700012207031,334.3800048828125,326.9557800292969,92.3011474609375,33.06277084350586,259.1085205078125,49.7599983215332,84.9600830078125,960.8251953125,254.15371704101562,56.645267486572266,27.783077239990234,205.2467498779297,68.0584716796875,132.52261352539062,456.0882568359375,188.09793090820312,84.52953338623047,116.85774993896484,234.18141174316406,435.5032958984375,99.65563201904297,105.65814971923828,767.9852905273438,275.7638854980469,69.4000015258789,9.073966979980469,32.974365234375,205.1227264404297,208.13999938964844,,274.0336608886719,181.18370056152344,102.18971252441406,43.37930679321289,159.0664520263672,156.8097381591797,489.3680114746094,332.1291198730469,349.69061279296875,196.51766967773438,292.92913818359375,232.35238647460938,155.0587615966797,19.739999771118164,585.17724609375,493.6000061035156,229.49282836914062,149.34408569335938,233.9302215576172,667.158447265625,137.1078643798828,70.38591766357422,439.0250244140625,729.3099365234375,468.2351379394531,218.03369140625,67.17984771728516,508.3900451660156,224.07003784179688,306.4126892089844,38.148319244384766,687.8572998046875,426.83258056640625,66.0534896850586,82.21702575683594,542.7857666015625,231.30018615722656,134.66517639160156,58.150001525878906,54.79829788208008,122.05518341064453,77.62826538085938,106.51937103271484,538.2872924804688,387.1018371582031,420.3022766113281,69.44110870361328,64.78082275390625,918.2899780273438,53.751590728759766,529.3648071289062,785.6699829101562,215.92738342285156,110.9160385131836,167.23583984375,131.84059143066406,92.65266418457031,37.261741638183594,168.33999633789062,89.86427307128906,141.4784393310547,21.135150909423828,164.74937438964844,275.4212951660156,562.4471435546875,94.47763061523438,151.31817626953125,147.77317810058594,274.6897888183594,95.50836944580078,,62.59000015258789,137.63525390625,552.5234985351562,558.4161376953125,127.04991912841797,84.27672576904297,76.49793243408203,335.3077392578125,33.408905029296875,421.2099914550781,88.40941619873047,463.4679260253906,67.23723602294922,348.73858642578125,26.242435455322266,1228.6094970703125,90.7471923828125,127.33020782470703,437.3038024902344,256.81365966796875,252.30999755859375,344.2703857421875,145.30120849609375,591.5126342773438,215.92510986328125,93.73834991455078,37.04885482788086,332.2625732421875,108.8787841796875,484.2200012207031,42.30692672729492,61.80583572387695,227.7317657470703,92.36045837402344,101.25650024414062,148.44105529785156
2025-04-14,202.02549743652344,174.6811065673828,126.23946380615234,288.3478698730469,350.9100036621094,177.09014892578125,45.567020416259766,298.5102233886719,260.7099914550781,341.49969482421875,143.70831298828125,94.5,289.0008239746094,214.20108032226562,182.1199951171875,73.58999633789062,382.72967529296875,269.07244873046875,65.25390625,,177.63682556152344,254.09304809570312,3680.780029296875,159.27999877929688,36.253517150878906,203.37124633789062,4541.1689453125,881.1018676757812,49.98470687866211,,94.2699966430664,62.308677673339844,60.21736145019531,,287.3731689453125,97.6782455444336,260.55999755859375,340.3999938964844,325.9754943847656,93.2634506225586,33.48439025878906,261.238525390625,49.459999084472656,85.01908111572266,976.6925659179688,253.7052001953125,56.724308013916016,28.040971755981445,208.81295776367188,67.75493621826172,132.2197265625,464.5716552734375,192.32373046875,84.3005142211914,118.48867797851562,237.4654541015625,436.8500061035156,100.20105743408203,104.78204345703125,774.945068359375,276.06195068359375,69.87000274658203,9.4435396194458,33.36985778808594,207.76856994628906,212.24000549316406,,276.1435241699219,185.50210571289062,105.01982879638672,44.8806266784668,161.1321258544922,158.73568725585938,498.81011962890625,339.3521423339844,352.99127197265625,198.2002716064453,282.7822265625,235.8848419189453,158.9175567626953,20.309999465942383,591.6665649414062,490.1300048828125,230.70787048339844,151.9327392578125,232.4644317626953,666.9096069335938,139.85472106933594,71.39100646972656,443.1983642578125,751.1570434570312,468.6689758300781,221.78384399414062,67.55815124511719,511.09283447265625,222.348876953125,312.5132751464844,38.315853118896484,692.4672241210938,436.0381774902344,67.284912109375,83.52615356445312,530.713134765625,235.2454071044922,134.724609375,58.58000183105469,55.26260757446289,123.45936584472656,77.61846160888672,107.49471282958984,547.777099609375,386.4640197753906,424.3623046875,70.90880584716797,66.63142395019531,931.280029296875,54.759620666503906,531.1790161132812,799.8200073242188,218.983642578125,110.6960678100586,168.97962951660156,134.12176513671875,94.27999877929688,37.48925018310547,169.97999572753906,88.95043182373047,143.75103759765625,21.337724685668945,166.94064331054688,278.3389892578125,566.665283203125,96.50992584228516,154.9563446044922,151.01080322265625,282.91070556640625,95.9399185180664,,62.27000045776367,137.57595825195312,569.35302734375,564.1183471679688,127.92162322998047,84.3359146118164,76.45817565917969,339.539306640625,33.36955261230469,421.9800109863281,89.68843841552734,469.89471435546875,68.63494110107422,351.86474609375,26.644054412841797,1251.102783203125,92.57622528076172,129.76454162597656,448.46221923828125,260.7551574707031,252.35000610351562,345.94293212890625,148.6285400390625,579.2673950195312,219.56024169921875,95.27362060546875,37.381568908691406,334.0364990234375,108.51487731933594,495.8299865722656,42.85837936401367,62.389190673828125,230.6307830810547,94.28131103515625,101.50193786621094,149.82176208496094
2025-04-15,201.6464080810547,174.0314483642578,125.09967803955078,287.2235107421875,350.3800048828125,178.02220153808594,45.213714599609375,295.0456237792969,265.3399963378906,334.170166015625,144.62307739257812,95.29000091552734,290.3576965332031,214.41744995117188,179.58999633789062,73.19999694824219,377.5215759277344,261.8861083984375,65.55297088623047,,178.22442626953125,256.5605163574219,3631.169921875,155.52000427246094,37.558528900146484,199.74295043945312,4596.57763671875,879.6068725585938,48.680084228515625,,94.2300033569336,63.402679443359375,60.09809875488281,,283.84503173828125,98.33374786376953,264.30999755859375,343.17999267578125,325.41107177734375,92.55644989013672,33.72951889038086,260.4261474609375,48.79999923706055,84.30117797851562,974.2990112304688,254.0839385986328,56.516815185546875,27.673969268798828,207.39842224121094,67.48078155517578,131.45758056640625,458.2041320800781,189.28395080566406,84.6490249633789,118.38060760498047,237.02757263183594,433.4832763671875,99.60604095458984,104.62630462646484,778.5238647460938,275.35650634765625,70.76000213623047,9.190673828125,33.14142990112305,204.70806884765625,212.8300018310547,,274.51904296875,185.17298889160156,104.21122741699219,44.28407669067383,158.34796142578125,155.9814910888672,502.6800537109375,334.301025390625,349.9376525878906,196.77500915527344,284.72821044921875,237.5030517578125,159.07669067382812,19.850000381469727,592.1949462890625,488.2699890136719,228.68280029296875,151.20436096191406,230.88973999023438,673.1211547851562,138.78541564941406,70.80963134765625,448.10699462890625,753.9750366210938,462.98980712890625,218.19200134277344,68.13557434082031,515.9996948242188,221.44351196289062,308.96368408203125,38.16802978515625,691.3497314453125,433.42791748046875,66.03378295898438,81.69139099121094,520.767578125,230.32875061035156,133.981689453125,58.63999938964844,55.63985824584961,120.8685531616211,76.85375213623047,108.80502319335938,553.0635986328125,384.3912658691406,428.53179931640625,70.92877960205078,66.60189819335938,976.280029296875,54.18642807006836,524.77490234375,816.5,215.34381103515625,112.18588256835938,170.04969787597656,133.42446899414062,93.1953353881836,37.39033126831055,173.5500030517578,88.2253189086914,139.9209442138672,21.646408081054688,166.2891845703125,275.8908996582031,565.312255859375,96.68665313720703,157.41455078125,151.078857421875,283.0870666503906,94.3608627319336,,62.0,136.99278259277344,556.2423706054688,565.3146362304688,127.42634582519531,82.57994079589844,76.72655487060547,335.41729736328125,33.21215057373047,425.6499938964844,89.55068969726562,469.01788330078125,69.11724853515625,345.27386474609375,26.93792152404785,1273.3623046875,90.06253051757812,127.67797088623047,440.1483154296875,264.7958984375,254.11000061035156,342.4286193847656,148.82542419433594,575.843505859375,217.39694213867188,93.1783218383789,37.80235290527344,334.6643371582031,105.78060913085938,500.489990234375,43.03252410888672,63.81296920776367,229.81666564941406,93.52490997314453,101.21723175048828,148.2225341796875
2025-04-16,193.79563903808594,168.99159240722656,128.5487823486328,283.82049560546875,344.19000244140625,174.4427032470703,45.27260208129883,291.165283203125,260.1600036621094,331.28216552734375,137.40435791015625,88.29000091552734,277.90960693359375,214.40762329101562,174.3300018310547,71.87000274658203,371.2579650878906,257.95733642578125,64.56607818603516,,173.9020233154297,251.6454315185547,3566.860107421875,156.47000122070312,36.90602493286133,198.12159729003906,4525.2236328125,857.1722412109375,48.056976318359375,,95.25,61.20481872558594,58.82596969604492,,284.1141357421875,99.05772399902344,259.260009765625,332.5,326.213134765625,91.80036926269531,32.896080017089844,258.9599304199219,48.08000183105469,84.93058013916016,965.1536254882812,249.01083374023438,55.09401321411133,27.12842559814453,203.9318389892578,67.11851501464844,132.2587890625,449.4226989746094,190.02146911621094,82.41853332519531,118.24305725097656,234.81832885742188,430.780029296875,97.85073852539062,106.33069610595703,769.814208984375,267.4471435546875,71.19999694824219,9.142045974731445,33.091773986816406,200.96636962890625,210.11000061035156,,274.01385498046875,181.96160888671875,103.4223403930664,43.96591567993164,155.17462158203125,153.0077667236328,493.9306945800781,329.7679748535156,341.913330078125,191.30160522460938,283.56658935546875,235.40135192871094,157.57493591308594,19.229999542236328,586.2139892578125,481.3399963378906,227.0034942626953,151.4898223876953,227.40354919433594,639.2565307617188,137.0489959716797,70.63226318359375,445.14593505859375,731.7894287109375,470.3845520019531,212.1561279296875,64.85025024414062,512.0601806640625,217.67286682128906,305.6217041015625,37.39934539794922,693.1857299804688,424.1028137207031,65.49195861816406,82.01866912841797,501.58526611328125,229.2978515625,129.22706604003906,57.95000076293945,55.39802932739258,122.68805694580078,74.9615707397461,106.26321411132812,539.141845703125,370.32025146484375,418.39166259765625,69.2214584350586,64.61348724365234,961.6300048828125,52.921451568603516,532.8543701171875,796.6599731445312,211.69410705566406,104.47685241699219,167.0376739501953,129.26052856445312,90.95733642578125,38.03329086303711,169.75999450683594,86.22876739501953,137.22714233398438,21.260555267333984,164.23611450195312,274.91168212890625,556.5578002929688,98.46369171142578,157.79803466796875,148.86851501464844,283.20465087890625,94.71394348144531,,60.2400016784668,134.1659698486328,547.63818359375,554.5382690429688,128.03057861328125,79.66976928710938,75.24549102783203,329.8415832519531,33.5958251953125,415.6499938964844,89.00957489013672,462.3121032714844,69.2845687866211,345.1444396972656,26.46773338317871,1250.3262939453125,88.47801971435547,125.5019760131836,435.9464416503906,257.77667236328125,241.5500030517578,329.16796875,144.26754760742188,577.274169921875,213.95936584472656,90.95748138427734,37.009708404541016,330.1996154785156,105.36751556396484,485.8900146484375,42.190834045410156,63.259281158447266,227.92039489746094,90.7580795288086,102.2873306274414,145.77896118164062
2025-04-17,196.4990234375,170.28109741210938,129.81741333007812,280.9449157714844,348.79998779296875,174.77984619140625,46.93118667602539,290.31396484375,259.4700012207031,327.8564147949219,136.67852783203125,87.5,272.6491394042969,218.99082946777344,172.61000061035156,71.19999694824219,365.8706359863281,259.5169982910156,64.85517120361328,,170.2967071533203,250.04354858398438,3603.469970703125,161.89999389648438,36.98511505126953,196.45082092285156,4557.58251953125,867.07275390625,47.9304084777832,,95.12000274658203,62.3382453918457,59.5316047668457,,284.63238525390625,101.34705352783203,260.2200012207031,338.9599914550781,326.8963623046875,94.29853820800781,33.347110748291016,260.0893249511719,48.16999816894531,87.50721740722656,991.8318481445312,246.43939208984375,55.09401321411133,27.455751419067383,204.9678192138672,65.88482666015625,134.71128845214844,449.07501220703125,186.20428466796875,84.44986724853516,119.66767883300781,237.57492065429688,420.3729248046875,98.74327087402344,108.55083465576172,781.1536254882812,266.61248779296875,71.52999877929688,9.365734100341797,32.674652099609375,204.90553283691406,208.66000366210938,,273.46905517578125,181.30335998535156,103.08707427978516,44.31390380859375,153.03909301757812,150.84231567382812,504.26361083984375,333.7630310058594,350.87646484375,194.58763122558594,262.5877685546875,235.63815307617188,157.77383422851562,18.93000030517578,583.5224609375,482.739990234375,228.0308380126953,154.99383544921875,229.73097229003906,631.531982421875,140.0999755859375,71.93296813964844,449.2497253417969,836.4047241210938,457.5669860839844,216.6978759765625,63.47639083862305,515.9498291015625,219.28460693359375,307.79693603515625,38.00049591064453,695.5604858398438,423.2759094238281,66.31946563720703,81.91949462890625,500.7564697265625,218.1461944580078,128.97943115234375,58.40999984741211,56.258941650390625,126.29740142822266,76.47138977050781,107.56367492675781,543.4445190429688,366.5035400390625,418.88922119140625,68.69229125976562,65.27300262451172,973.030029296875,55.10551071166992,535.7094116210938,772.1599731445312,217.44068908691406,101.47722625732422,169.1678924560547,128.12493896484375,92.72666931152344,39.279632568359375,167.69000244140625,87.57966613769531,139.9209442138672,21.35701560974121,168.4212188720703,265.2393798828125,558.0997314453125,100.24073028564453,160.482421875,149.6446075439453,290.0439758300781,97.1953125,,61.0,135.07530212402344,561.4766235351562,555.5052490234375,127.67398071289062,80.3997802734375,75.69280242919922,331.9324951171875,34.540245056152344,413.32000732421875,90.32794189453125,461.216064453125,70.00310516357422,344.9751892089844,26.595073699951172,1251.5987548828125,91.06996154785156,126.80360412597656,426.67437744140625,260.1594543457031,241.3699951171875,331.6767272949219,146.12811279296875,448.0821533203125,217.5747528076172,93.11072540283203,37.381568908691406,328.4855041503906,108.24931335449219,489.1000061035156,42.606842041015625,63.98106002807617,229.25076293945312,92.7784652709961,104.96746826171875,147.6761932373047
2025-04-21,192.6883544921875,167.4954071044922,128.73709106445312,277.8404235839844,343.2200012207031,173.5106658935547,47.196170806884766,281.96923828125,254.27000427246094,318.07708740234375,134.78932189941406,85.55999755859375,269.09954833984375,214.39779663085938,167.32000732421875,67.66999816894531,354.45867919921875,254.26544189453125,63.38979721069336,,165.53610229492188,241.2878875732422,3569.239990234375,159.33999633789062,36.50067901611328,194.3746795654297,4422.369140625,845.50927734375,47.64806365966797,,93.58000183105469,61.78631591796875,57.822181701660156,,278.8418884277344,99.91867065429688,251.55999755859375,322.42999267578125,321.5888671875,93.50859832763672,32.94510269165039,257.9097595214844,46.529998779296875,86.10088348388672,955.2003784179688,235.47589111328125,53.72061538696289,27.237533569335938,199.638427734375,63.8090934753418,130.6661376953125,438.6346435546875,184.34056091308594,83.643310546875,118.06620788574219,230.3898468017578,402.7076416015625,95.61942291259766,107.18535614013672,764.3965454101562,257.8188171386719,69.19999694824219,9.210124969482422,32.724308013916016,202.50648498535156,207.4600067138672,,270.5964660644531,177.87258911132812,102.87998962402344,44.13493728637695,149.5464324951172,147.35964965820312,496.21697998046875,316.42779541015625,342.8125915527344,192.2418975830078,244.15061950683594,233.0825653076172,154.1835479736328,18.84000015258789,567.0350341796875,468.32000732421875,224.84014892578125,154.4524688720703,226.7895050048828,617.9642333984375,137.4119873046875,71.70632934570312,441.0322265625,814.5575561523438,451.8976745605469,210.53335571289062,62.11248779296875,507.9612121582031,214.5886993408203,305.2459716796875,38.857872009277344,681.0022583007812,411.7590026855469,66.75293731689453,81.12609100341797,483.9607238769531,210.24588012695312,124.89836120605469,58.0099983215332,55.74626159667969,125.30854034423828,76.32432556152344,104.726318359375,530.1190185546875,357.87359619140625,410.3313293457031,66.63550567626953,63.66850280761719,987.9099731445312,55.46128463745117,526.7279052734375,755.989990234375,216.55050659179688,96.89781188964844,169.9208984375,122.34725952148438,91.23332977294922,38.597110748291016,160.0500030517578,86.70556640625,138.8336181640625,21.260555267333984,164.6241912841797,257.20574951171875,544.4606323242188,96.83391571044922,159.46961975097656,147.48338317871094,281.7642517089844,95.14549255371094,,60.28499984741211,134.56130981445312,559.8116455078125,537.5912475585938,124.93010711669922,79.5908432006836,74.5,320.90057373046875,34.058197021484375,402.3599853515625,88.77345275878906,447.3759765625,69.35346984863281,338.0956115722656,25.79183578491211,1222.490234375,91.72528076171875,123.1868896484375,421.0352783203125,251.66087341308594,227.5,320.93475341796875,143.34217834472656,419.6842041015625,213.41607666015625,92.93692016601562,36.99992370605469,319.0079345703125,107.04938507080078,477.5199890136719,41.532962799072266,63.288944244384766,225.9347686767578,91.97230529785156,103.42613983154297,146.360595703125
2025-04-22,199.25228881835938,171.0587158203125,130.56077575683594,282.546875,349.9100036621094,176.99099731445312,47.6378059387207,289.9279479980469,261.1400146484375,329.38006591796875,137.5137481689453,86.26000213623047,273.74053955078125,217.32867431640625,173.17999267578125,68.66999816894531,366.9759521484375,261.9453125,65.54299926757812,,168.89242553710938,251.14794921875,3678.659912109375,162.52000427246094,37.88478088378906,197.60752868652344,4582.26708984375,878.3989868164062,48.50483322143555,,95.05000305175781,63.619503021240234,59.104248046875,,289.44622802734375,102.11017608642578,258.1499938964844,331.3399963378906,333.7684020996094,94.60462951660156,33.53341293334961,263.0911560058594,47.099998474121094,88.27430725097656,976.602783203125,242.5822296142578,54.38261795043945,27.554941177368164,205.04751586914062,64.743896484375,134.1543426513672,451.6478576660156,191.4267578125,85.72443389892578,120.38489532470703,235.66421508789062,411.8274230957031,98.96144104003906,109.35636901855469,782.112548828125,265.2114562988281,70.5999984741211,9.385185241699219,33.82670974731445,203.93801879882812,214.2899932861328,,272.201171875,188.673583984375,104.04359436035156,44.900516510009766,153.5779571533203,151.15167236328125,514.6558837890625,323.41168212890625,350.2538757324219,196.33950805664062,257.06756591796875,237.70040893554688,159.80270385742188,19.510000228881836,581.7083129882812,478.739990234375,233.375,155.26942443847656,233.32608032226562,633.4531860351562,135.3027801513672,72.81981658935547,451.723876953125,824.0372314453125,455.5950622558594,216.76715087890625,63.197635650634766,525.9231567382812,219.46368408203125,315.4893798828125,39.70539474487305,693.6546020507812,428.2672424316406,67.27505493164062,82.68315124511719,499.5581970214844,217.6307373046875,135.04159545898438,59.279998779296875,56.89736557006836,129.926513671875,77.4223861694336,108.74591064453125,535.0875244140625,365.5469055175781,417.7348937988281,70.1000747680664,65.59784698486328,1040.3399658203125,56.390254974365234,460.06036376953125,766.8300170898438,217.59893798828125,98.87755584716797,173.0518035888672,126.750244140625,92.90266418457031,39.53681564331055,163.6300048828125,87.96705627441406,140.5282745361328,21.733224868774414,166.73973083496094,264.8696594238281,563.7205810546875,98.1298828125,161.3673858642578,151.7272186279297,290.690673828125,98.96072387695312,,61.41999816894531,137.1311798095703,583.7398681640625,549.5836791992188,112.67681884765625,80.64640045166016,76.1202163696289,330.5186462402344,34.04835891723633,413.3999938964844,90.37713623046875,464.7433166503906,71.1744155883789,346.5880432128906,26.408958435058594,1223.75341796875,92.03826904296875,124.90581512451172,433.89044189453125,256.4462585449219,237.97000122070312,331.1391296386719,144.47425842285156,421.5096130371094,214.25570678710938,93.50660705566406,38.164424896240234,330.2694091796875,110.60982513427734,490.4700012207031,41.78450393676758,65.48394012451172,228.30760192871094,94.40074157714844,106.32227325439453,149.49014282226562
2025-04-23,204.1004180908203,174.2775115966797,128.68753051757812,286.7259826660156,351.9599914550781,181.56202697753906,47.22561264038086,290.57135009765625,264.44000244140625,330.4158020019531,142.7637176513672,90.38999938964844,273.2489318847656,209.09661865234375,180.60000610351562,70.76000213623047,367.28466796875,261.33331298828125,70.9260025024414,,176.1927032470703,258.8290710449219,3652.110107421875,172.3699951171875,38.30989456176758,200.01979064941406,4714.759765625,883.6661376953125,47.24888610839844,,98.91999816894531,65.34428405761719,58.23959732055664,,283.53607177734375,100.06542205810547,265.4200134277344,337.510009765625,333.3921203613281,92.70878601074219,33.798152923583984,259.0491027832031,48.7599983215332,88.44149017333984,973.2219848632812,249.64871215820312,54.96556854248047,27.366479873657227,206.89039611816406,64.86260223388672,133.54855346679688,453.41607666015625,195.6525421142578,86.91934204101562,119.29432678222656,236.79869079589844,422.69000244140625,100.2308120727539,109.6019515991211,800.2437133789062,273.9057922363281,70.45999908447266,9.511617660522461,34.9489631652832,208.35105895996094,217.10000610351562,,263.2169494628906,193.16152954101562,104.9014892578125,45.57660675048828,157.38998413085938,155.0235137939453,523.8802490234375,334.72943115234375,352.2204284667969,195.29034423828125,261.7239685058594,242.21957397460938,160.1110076904297,20.59000015258789,594.1586303710938,487.92999267578125,233.81951904296875,152.93670654296875,238.56524658203125,654.1083984375,130.86854553222656,72.22858428955078,445.3645324707031,825.9093017578125,457.04443359375,216.60797119140625,66.43318939208984,528.595947265625,228.61669921875,314.89617919921875,41.321598052978516,690.760986328125,429.1638488769531,66.37857818603516,83.06002044677734,519.5193481445312,217.12518310546875,134.77413940429688,59.09000015258789,56.64586639404297,132.80410766601562,77.19689178466797,110.64733123779297,530.0494384765625,373.0906066894531,422.08349609375,72.8158187866211,66.2179946899414,1049.5899658203125,56.71637725830078,468.5561218261719,812.7000122070312,219.52764892578125,102.69707489013672,179.20460510253906,130.8942413330078,92.03333282470703,39.39833450317383,168.32000732421875,88.48357391357422,139.352783203125,21.598175048828125,164.6043243408203,264.8197021484375,577.807373046875,99.63201904296875,165.300537109375,154.63504028320312,289.2796936035156,100.8045883178711,,62.459999084472656,138.83123779296875,586.0928344726562,549.3644409179688,119.14521026611328,81.69208526611328,77.3825912475586,329.81170654296875,33.47776794433594,422.2300109863281,89.65892028808594,468.5396423339844,72.15870666503906,355.5384826660156,26.634258270263672,1265.01611328125,90.13099670410156,124.6971664428711,430.806396484375,257.4887390136719,250.74000549316406,334.3746643066406,149.7803192138672,422.2792663574219,217.10060119628906,93.86387634277344,38.66349792480469,333.2292785644531,112.61626434326172,492.4200134277344,41.310447692871094,67.17467498779297,226.98715209960938,94.51021575927734,105.40925598144531,150.40707397460938
2025-04-24,207.8612060546875,177.54551696777344,128.23162841796875,289.9598083496094,360.9100036621094,193.57955932617188,47.87334442138672,291.5711364746094,271.7099914550781,330.1468811035156,149.31625366210938,94.47000122070312,275.15643310546875,207.43446350097656,186.5399932861328,75.29000091552734,363.5205078125,265.39044189453125,75.7906265258789,,187.3871307373047,265.9728698730469,3609.64990234375,176.25999450683594,39.13047409057617,202.1255645751953,4811.36669921875,907.1503295898438,47.4046630859375,,101.13999938964844,67.1774673461914,59.939083099365234,,281.054443359375,98.56855010986328,281.7799987792969,335.3299865722656,332.4118347167969,91.53376007080078,32.543094635009766,260.82244873046875,49.540000915527344,90.2805404663086,972.8628540039062,263.821533203125,55.6176872253418,27.912023544311523,208.94247436523438,65.20882415771484,135.88380432128906,461.4326171875,195.8419189453125,89.62779235839844,118.58692932128906,238.5103759765625,424.5912170410156,104.17777252197266,111.4586181640625,807.8857421875,285.1934814453125,75.12999725341797,9.783935546875,37.37225341796875,212.9418182373047,176.89999389648438,,269.140380859375,196.88156127929688,104.67469024658203,46.610633850097656,161.1321258544922,158.94525146484375,539.7755126953125,340.13922119140625,355.40252685546875,198.6852569580078,265.9137878417969,226.28407287597656,162.09014892578125,21.489999771118164,612.8790283203125,508.1300048828125,239.12417602539062,152.49375915527344,242.2891082763672,686.2708129882812,129.8286590576172,71.4599838256836,446.6761474609375,856.0910034179688,460.2586669921875,220.8752899169922,70.58463287353516,534.031494140625,235.0536651611328,312.6615905761719,46.43628692626953,686.9293212890625,437.9410095214844,64.54621887207031,83.6054916381836,532.3807983398438,217.04591369628906,137.56748962402344,58.59000015258789,56.79096221923828,136.0080108642578,78.27532958984375,113.88863372802734,527.2571411132812,385.9557800292969,426.0440368652344,77.29878234863281,65.3123779296875,1096.8699951171875,57.793582916259766,459.0591125488281,938.5700073242188,224.20602416992188,106.4166030883789,191.7876739501953,136.98069763183594,90.14466857910156,39.93247985839844,176.0399932861328,92.05947875976562,132.54481506347656,21.974384307861328,158.44644165039062,264.9795837402344,593.724609375,101.477783203125,167.227783203125,156.9337921142578,287.86871337890625,102.6778793334961,,64.7699966430664,145.50294494628906,597.9672241210938,557.917724609375,120.81926727294922,82.72791290283203,78.90340423583984,332.98785400390625,34.363162994384766,438.8999938964844,89.58020782470703,479.52996826171875,73.3497085571289,359.4611511230469,26.967308044433594,1280.0054931640625,93.22175598144531,125.69076538085938,425.83599853515625,260.2984313964844,259.510009765625,341.51275634765625,159.60488891601562,418.6185302734375,212.82337951660156,95.51500701904297,39.191932678222656,334.564697265625,111.49502563476562,492.4700012207031,41.4168701171875,68.77642059326172,225.83547973632812,95.38604736328125,106.646240234375,151.7924346923828
2025-04-25,208.76898193359375,183.14642333984375,127.70633697509766,291.9299621582031,367.7200012207031,192.94497680664062,47.35319519042969,288.8093566894531,269.92999267578125,320.965087890625,150.6884002685547,96.6500015258789,276.13970947265625,207.34596252441406,188.99000549316406,77.91000366210938,334.44287109375,263.6728210449219,75.61119842529297,,191.53025817871094,263.47552490234375,3609.330078125,177.9499969482422,39.239219665527344,202.74839782714844,4821.80029296875,898.6654663085938,46.63551712036133,,101.9000015258789,67.4435806274414,59.69062042236328,,278.1741027832031,98.02067565917969,289.6300048828125,373.6499938964844,332.07513427734375,92.72854614257812,33.239261627197266,263.8242492675781,51.779998779296875,90.20185852050781,974.538330078125,266.9610595703125,56.03266906738281,27.614456176757812,207.59767150878906,64.61529541015625,135.5515899658203,456.2571105957031,196.47976684570312,89.89664459228516,117.75181579589844,236.98776245117188,417.55084228515625,104.4058609008789,111.07549285888672,828.5576171875,286.9820556640625,76.04000091552734,9.764483451843262,37.09416961669922,208.86444091796875,177.52999877929688,,269.3979187011719,197.89881896972656,101.7361068725586,46.83930969238281,163.5071563720703,161.61961364746094,539.2708129882812,326.6994323730469,353.36676025390625,197.12142944335938,262.5083312988281,229.32318115234375,162.33877563476562,20.049999237060547,622.1395874023438,514.5900268554688,236.58544921875,152.14927673339844,241.2095947265625,691.4370727539062,129.11251831054688,70.8589096069336,445.5533142089844,880.7960205078125,470.93670654296875,219.74131774902344,71.1023178100586,532.0567016601562,234.9939727783203,313.17572021484375,46.209625244140625,693.4850463867188,436.984619140625,64.61518096923828,83.46664428710938,546.4804077148438,217.32345581054688,136.02223205566406,58.66999816894531,56.35567092895508,135.9091339111328,81.11849975585938,114.29256439208984,531.9871826171875,390.4900207519531,428.11383056640625,79.65509033203125,65.05644226074219,1101.530029296875,56.94367980957031,469.1014099121094,945.260009765625,219.290283203125,110.99604034423828,191.76785278320312,137.95693969726562,89.80000305175781,39.92259216308594,178.97999572753906,91.27476501464844,130.65426635742188,22.109432220458984,159.92633056640625,264.79974365234375,594.9283447265625,100.378173828125,167.3949432373047,155.66653442382812,285.0467529296875,101.97171783447266,,65.33999633789062,146.83729553222656,600.8386840820312,555.9638671875,124.03860473632812,82.6785888671875,79.46004486083984,330.18011474609375,33.95981979370117,446.6199951171875,88.97022247314453,478.2745056152344,73.50719451904297,363.4535217285156,26.26202392578125,1289.4649658203125,94.46393585205078,125.75037384033203,423.420654296875,231.09950256347656,284.95001220703125,346.4208068847656,160.3235321044922,413.0830078125,210.68971252441406,94.53977966308594,39.06471252441406,334.02655029296875,111.99663543701172,493.8399963378906,40.5461540222168,68.94451141357422,226.66944885253906,94.63959503173828,106.58734130859375,152.9585418701172
2025-04-28,209.62689208984375,189.3280792236328,128.3802947998047,291.7906494140625,368.6199951171875,192.0823211669922,47.15690994262695,290.6010437011719,271.4700012207031,322.4688415527344,149.93272399902344,96.38999938964844,278.35205078125,207.8180389404297,187.6999969482422,78.30999755859375,342.0309143066406,265.98272705078125,75.64110565185547,,191.68960571289062,263.61480712890625,3617.909912109375,182.3000030517578,39.32819747924805,202.3035125732422,4873.13330078125,904.6553344726562,47.18073654174805,,102.18000030517578,67.29573059082031,60.117977142333984,,281.23382568359375,98.73486328125,285.739990234375,376.8699951171875,331.5404357910156,89.8156509399414,33.111793518066406,265.4292297363281,50.900001525878906,91.39183807373047,975.9146118164062,264.7584228515625,56.16111755371094,27.64421272277832,207.47813415527344,64.22950744628906,136.89019775390625,457.1511535644531,195.25389099121094,89.77716064453125,118.55744934082031,237.8734588623047,409.767822265625,103.63233184814453,112.12661743164062,835.0626831054688,285.9089050292969,75.54000091552734,9.74503231048584,36.98492431640625,208.80520629882812,178.02999877929688,,269.36822509765625,200.32232666015625,104.86204528808594,46.968563079833984,162.08013916015625,160.27244567871094,540.7950439453125,330.7841491699219,352.7145690917969,198.60606384277344,261.31695556640625,233.0233612060547,162.58741760253906,20.510000228881836,616.2682495117188,514.010009765625,237.19790649414062,152.9071807861328,240.88275146484375,690.5511474609375,128.41598510742188,70.74066162109375,445.1558837890625,873.57666015625,469.6056213378906,219.98004150390625,71.25164794921875,533.0640258789062,235.72023010253906,313.24493408203125,46.327884674072266,698.2046508789062,438.1402893066406,64.13246154785156,83.3476333618164,548.9468383789062,218.5327911376953,136.62644958496094,58.4900016784668,56.287960052490234,136.04757690429688,81.55968475341797,114.11522674560547,531.5797729492188,389.8023986816406,428.89996337890625,78.43700408935547,65.1548843383789,1110.3800048828125,56.63732147216797,479.1238098144531,937.4099731445312,219.31005859375,108.71631622314453,194.43309020996094,139.6005859375,91.34400177001953,40.070960998535156,181.5399932861328,91.42375946044922,131.0264892578125,22.234834671020508,160.7506866455078,269.3660888671875,594.003173828125,101.43851470947266,166.3428192138672,156.83555603027344,286.2225341796875,103.7469253540039,,64.93000030517578,145.90818786621094,609.0340576171875,550.2317504882812,123.62256622314453,82.76737976074219,79.69860076904297,330.75762939453125,33.546634674072266,443.9700012207031,89.2850570678711,477.6467590332031,74.41275024414062,364.877197265625,26.70282745361328,1305.9232177734375,94.25853729248047,126.31672668457031,420.5262756347656,235.07080078125,285.8800048828125,349.7558898925781,159.91004943847656,414.4249572753906,210.0180206298828,93.74800109863281,39.31914520263672,336.3585510253906,112.86215209960938,496.489990234375,41.010536193847656,68.64788818359375,227.4339141845703,94.76898956298828,106.646240234375,153.05821228027344
2025-04-29,210.6942901611328,190.47975158691406,129.34169006347656,296.98468017578125,370.9800109863281,191.04119873046875,46.891929626464844,292.7787780761719,272.8900146484375,315.82647705078125,148.6997833251953,96.05999755859375,283.7304992675781,217.68275451660156,187.38999938964844,80.7300033569336,348.4339904785156,267.44366455078125,76.43859100341797,,190.39488220214844,265.67437744140625,3704.949951171875,182.0,39.53581237792969,204.0929412841797,4892.34716796875,911.3679809570312,47.92067337036133,,102.73999786376953,67.8870849609375,60.445945739746094,,283.99456787109375,101.45467376708984,302.2200012207031,386.3299865722656,333.9070129394531,91.16841888427734,33.27847671508789,269.8279113769531,50.650001525878906,90.35920715332031,989.0393676757812,266.8713684082031,56.65514373779297,27.82275390625,208.454345703125,64.32843017578125,136.1085205078125,457.5882568359375,198.26376342773438,90.7828598022461,119.56941986083984,245.71534729003906,409.5994873046875,104.21743774414062,110.9379653930664,841.953369140625,288.84014892578125,76.27999877929688,9.871463775634766,36.915401458740234,207.1762237548828,185.2899932861328,,269.50689697265625,199.96328735351562,102.76165771484375,46.670284271240234,161.7209014892578,159.8234100341797,543.2891235351562,339.3122863769531,354.77001953125,209.32521057128906,257.50439453125,236.21046447753906,165.42185974121094,20.34000015258789,621.1726684570312,514.8900146484375,238.8080596923828,153.45835876464844,242.26930236816406,684.8074951171875,128.07264709472656,71.29246520996094,447.719482421875,881.4532470703125,469.2013854980469,222.08883666992188,70.58463287353516,538.2401733398438,238.44625854492188,310.9609375,45.253700256347656,705.73828125,445.3333435058594,64.6742935180664,83.90301513671875,553.6400756835938,220.059326171875,137.0722198486328,59.25,56.849002838134766,136.76943969726562,83.04988861083984,114.48959350585938,537.0550537109375,392.67242431640625,433.626708984375,76.75962829589844,66.19831085205078,1125.6400146484375,56.864620208740234,477.9242858886719,942.8599853515625,220.92225646972656,109.00627899169922,180.93849182128906,140.2480926513672,93.28199768066406,39.912696838378906,186.64999389648438,89.68547821044922,131.56524658203125,22.948665618896484,161.15789794921875,276.0907287597656,599.6239624023438,101.22251892089844,167.4145965576172,157.76881408691406,287.0848083496094,103.96269989013672,,66.31999969482422,145.17677307128906,567.20947265625,554.4385375976562,124.5438003540039,83.70455169677734,80.7721176147461,346.6184387207031,33.55647277832031,460.7699890136719,89.97374725341797,489.9922180175781,74.16667175292969,369.2877502441406,26.742008209228516,1317.310302734375,94.78670501708984,127.21097564697266,426.7043151855469,239.856201171875,292.0299987792969,351.8664245605469,158.2660675048828,403.79791259765625,211.92446899414062,93.40040588378906,39.63228988647461,340.3548583984375,113.61947631835938,503.5,41.55231475830078,70.299072265625,227.15591430664062,95.5851058959961,106.38117980957031,154.91200256347656
2025-04-30,211.9811248779297,192.0448760986328,129.5894775390625,297.6612854003906,374.9800109863281,193.27218627929688,46.86248779296875,297.5599365234375,274.25,319.36175537109375,149.85317993164062,97.3499984741211,286.051025390625,221.69552612304688,184.4199981689453,82.2699966430664,353.3034973144531,267.60162353515625,76.70773315429688,,191.68960571289062,265.06744384765625,3762.60009765625,183.24000549316406,39.42706298828125,204.73553466796875,5081.7431640625,905.1702270507812,48.87480163574219,,102.87000274658203,67.394287109375,62.15536880493164,,285.1207580566406,103.47007751464844,297.739990234375,391.8599853515625,336.7093200683594,91.03018188476562,33.53341293334961,274.5040283203125,50.52000045776367,87.6448974609375,991.8318481445312,267.8182067871094,57.04048538208008,27.842592239379883,210.8650360107422,65.99030303955078,132.9427490234375,460.4888916015625,198.6624298095703,90.56379699707031,119.88381958007812,250.2134552001953,416.46160888671875,104.23726654052734,108.38383483886719,850.9497680664062,292.4967346191406,75.48999786376953,9.735306739807129,35.78321075439453,207.65011596679688,184.57000732421875,,269.5465087890625,201.00050354003906,105.05927276611328,44.98005676269531,160.5533447265625,158.4662628173828,541.9331665039062,343.7955322265625,356.24249267578125,208.34535217285156,260.3638000488281,238.60818481445312,167.0529022216797,20.100000381469727,625.4788818359375,515.7999877929688,236.99046325683594,153.85206604003906,242.26930236816406,699.480224609375,129.279296875,71.48954772949219,450.3526916503906,895.14501953125,471.0451354980469,222.37728881835938,71.35121154785156,546.5978393554688,237.36181640625,316.052978515625,45.411380767822266,711.2362060546875,451.4305725097656,67.117431640625,84.06169891357422,548.2078857421875,223.49899291992188,137.5972137451172,60.119998931884766,57.21657943725586,135.8794708251953,83.53028106689453,114.62366485595703,541.6757202148438,393.88818359375,438.23406982421875,76.82952117919922,65.83409118652344,1131.719970703125,55.737998962402344,482.2861633300781,955.010009765625,221.604736328125,108.90629577636719,182.61294555664062,140.17835998535156,94.34666442871094,38.982887268066406,186.92999267578125,89.60601043701172,132.80931091308594,23.54673957824707,161.46580505371094,281.51641845703125,601.9320068359375,100.33890533447266,168.4962158203125,157.8572235107422,294.3748474121094,102.05998992919922,,65.83999633789062,146.73846435546875,596.9702758789062,558.33642578125,124.94001770019531,78.96935272216797,80.91128540039062,351.3876647949219,32.71043014526367,459.010009765625,90.40664672851562,498.2524108886719,73.1036376953125,372.2745361328125,27.133834838867188,1322.156982421875,94.581298828125,127.8568115234375,428.1714782714844,245.177734375,282.1600036621094,381.60345458984375,158.90147399902344,405.97857666015625,213.03082275390625,92.0196304321289,39.47571563720703,344.3212890625,114.18010711669922,509.5,42.626190185546875,70.21009063720703,231.6831512451172,96.78937530517578,103.7010269165039,155.87876892089844
2025-05-01,212.79913330078125,190.3124237060547,129.71832275390625,299.034423828125,374.6300048828125,192.10215759277344,46.695648193359375,295.6692810058594,273.489990234375,316.32440185546875,148.11314392089844,96.6500015258789,279.0304870605469,220.3382568359375,190.1999969482422,87.83999633789062,350.8037414550781,268.6578369140625,78.3824462890625,,196.52992248535156,267.1867370605469,3732.919921875,182.88999938964844,39.713768005371094,167.61245727539062,5083.88623046875,907.031494140625,48.300376892089844,,103.19000244140625,67.15775299072266,69.37071990966797,,282.3401184082031,103.99838256835938,299.7300109863281,383.0,331.89691162109375,89.54905700683594,33.16082000732422,274.5337829589844,50.31999969482422,89.14957427978516,996.3596801757812,268.4361267089844,57.42582702636719,27.88226890563965,208.7432403564453,68.70073699951172,133.13816833496094,476.83984375,196.05120849609375,90.42439270019531,119.20590209960938,251.397705078125,404.311767578125,104.93145751953125,109.71001434326172,852.1558837890625,299.7403259277344,75.18000030517578,9.900641441345215,36.16061019897461,207.383544921875,183.02000427246094,,268.9422607421875,203.06495666503906,101.81500244140625,44.79114532470703,162.44935607910156,160.9610137939453,548.1488037109375,341.7631530761719,354.0782775878906,208.58290100097656,254.20814514160156,236.4768829345703,169.9072265625,19.979999542236328,621.2125244140625,517.1799926757812,236.32862854003906,152.0311737060547,244.5175018310547,673.2206420898438,127.40553283691406,70.24796295166016,445.2055358886719,790.73876953125,471.01556396484375,221.14385986328125,71.41094207763672,545.171630859375,242.70440673828125,310.1106262207031,45.31283187866211,705.2294311523438,450.17523193359375,66.8613052368164,82.87158203125,571.3843994140625,222.04183959960938,136.59674072265625,59.52000045776367,57.3713493347168,136.18601989746094,81.62831115722656,115.95442962646484,542.6296997070312,423.9235534667969,437.01007080078125,77.64823150634766,65.01707458496094,1133.469970703125,56.09376907348633,482.4547424316406,957.9500122070312,219.34962463378906,111.59595489501953,180.16566467285156,144.9300079345703,93.84532928466797,40.0017204284668,186.27000427246094,89.17889404296875,130.82080078125,23.083715438842773,158.8933868408203,277.439697265625,606.9658203125,101.202880859375,167.20811462402344,158.1519317626953,293.95355224609375,101.47151947021484,,65.41000366210938,133.64210510253906,588.2364501953125,555.8541870117188,126.20794677734375,80.90289306640625,81.02061462402344,352.1045227050781,33.19247817993164,459.3599853515625,89.98359680175781,497.1364440917969,73.52688598632812,372.3442077636719,27.07505989074707,1341.918212890625,93.86730194091797,126.81353759765625,419.0791015625,245.22738647460938,280.5199890136719,390.8719787597656,157.1243133544922,395.36138916015625,211.4700927734375,91.34371948242188,39.63228988647461,341.2817077636719,112.9900131225586,498.8599853515625,41.89091873168945,71.0010757446289,231.7228546142578,96.94861602783203,103.8482894897461,155.13125610351562
2025-05-02,204.8485870361328,195.3621063232422,131.64109802246094,303.8105163574219,380.8699951171875,196.91116333007812,46.96062469482422,300.4999084472656,279.989990234375,329.7087097167969,154.21823120117188,98.80000305175781,276.5133361816406,219.91534423828125,189.97999572753906,91.0199966430664,355.5038757324219,274.047607421875,80.40605926513672,,202.81431579589844,275.4548645019531,3756.330078125,185.4600067138672,40.603546142578125,166.86109924316406,5184.9072265625,919.9616088867188,49.23503494262695,,104.93000030517578,69.57243347167969,71.31997680664062,,286.34661865234375,104.55603790283203,308.1499938964844,385.0,331.4710998535156,89.3416976928711,33.7883415222168,277.8427429199219,51.560001373291016,89.8969955444336,1006.905029296875,274.16705322265625,58.62137985229492,28.46748924255371,210.73553466796875,66.73220825195312,135.3268585205078,478.47894287109375,198.38336181640625,92.09725952148438,119.45153045654297,254.1443634033203,405.96539306640625,107.42061614990234,108.90447998046875,865.8778076171875,297.8027038574219,75.6500015258789,9.997897148132324,37.34245681762695,216.92047119140625,184.3699951171875,,270.4478759765625,207.14401245117188,102.23902130126953,45.03970718383789,165.46304321289062,163.68527221679688,560.2929077148438,346.6747741699219,360.2249755859375,211.93820190429688,256.6307067871094,242.2886505126953,172.50299072265625,20.6200008392334,629.675537109375,529.4199829101562,239.3711395263672,153.66505432128906,250.08348083496094,694.9708251953125,127.87643432617188,70.60269927978516,452.061767578125,820.1339111328125,466.1645812988281,225.98809814453125,74.18852233886719,557.8976440429688,248.19622802734375,308.44952392578125,47.21482849121094,706.8657836914062,463.0171813964844,66.74308776855469,84.15095520019531,596.15869140625,225.30307006835938,140.7372589111328,60.04999923706055,57.66154098510742,139.97335815429688,81.54988098144531,119.39055633544922,552.3182983398438,433.769287109375,404.43035888671875,80.5936279296875,66.04080963134766,1156.489990234375,57.90229415893555,487.16357421875,977.3599853515625,223.27047729492188,114.485595703125,186.4076690673828,150.1498260498047,93.75733184814453,40.16987991333008,187.6999969482422,89.29808807373047,131.01670837402344,23.344165802001953,159.42971801757812,282.5856018066406,615.81982421875,103.4904556274414,168.0045623779297,162.6217041015625,294.10052490234375,105.0905990600586,,67.23999786376953,138.18875122070312,603.7997436523438,564.2777709960938,128.9815216064453,83.54671478271484,82.61100769042969,358.0784912109375,34.166412353515625,472.2799987792969,89.58020782470703,504.7987976074219,74.2847900390625,376.55560302734375,27.04567527770996,1356.9730224609375,95.23662567138672,128.38343811035156,422.73199462890625,247.09390258789062,287.2099914550781,397.81097412109375,163.3294677734375,394.61151123046875,215.62875366210938,93.0817642211914,40.58150863647461,346.41412353515625,116.973388671875,501.1499938964844,42.31660461425781,72.96866607666016,232.2589874267578,98.28227233886719,104.27043914794922,156.91531372070312
2025-05-05,198.40435791015625,192.99969482421875,131.4230499267578,306.1786804199219,381.05999755859375,196.0485076904297,46.61713409423828,300.8859558105469,280.07000732421875,333.4730224609375,153.73101806640625,100.58999633789062,275.3727722167969,220.18089294433594,186.35000610351562,90.37999725341797,354.7454528808594,268.7071838378906,79.9176025390625,,199.9061737060547,276.62890625,3775.550048828125,186.4600067138672,40.65298080444336,165.10133361816406,5173.267578125,911.3778686523438,48.73849868774414,,104.23999786376953,69.78106689453125,70.60208892822266,,286.8648681640625,104.66365814208984,308.8299865722656,394.239990234375,329.7481689453125,89.59841918945312,33.778541564941406,279.93310546875,50.0099983215332,86.1598892211914,1013.4859008789062,271.7251892089844,58.61149597167969,28.239349365234375,211.00450134277344,66.37609100341797,132.3955841064453,478.1510925292969,196.7388916015625,91.7188720703125,118.63606262207031,253.86572265625,412.2234802246094,107.48011779785156,106.60575103759766,873.154052734375,297.7129821777344,75.11000061035156,9.890915870666504,37.09416961669922,214.2252655029297,185.5,,269.56634521484375,208.38070678710938,101.38111114501953,45.1192512512207,165.70254516601562,163.86488342285156,553.8200073242188,348.0795593261719,357.4678955078125,212.0569610595703,254.85350036621094,245.8704376220703,173.03009033203125,20.270000457763672,630.1740112304688,531.8200073242188,237.93878173828125,152.5626678466797,250.1330108642578,690.1231079101562,128.41598510742188,70.65196990966797,449.6173400878906,817.9830322265625,464.9420166015625,223.99867248535156,73.58125305175781,559.6229858398438,246.00746154785156,312.1672058105469,47.086708068847656,705.4588623046875,462.94744873046875,66.79234313964844,82.76248931884766,598.4053955078125,224.58938598632812,139.46934509277344,60.90999984741211,57.91304016113281,141.73353576660156,81.21653747558594,118.77482604980469,546.9423828125,434.65618896484375,403.3854675292969,80.2940902709961,65.0662841796875,1134.06005859375,56.676849365234375,489.0570068359375,978.0499877929688,221.20057678222656,113.80567932128906,183.24703979492188,148.7153778076172,92.47599792480469,38.38938903808594,188.1300048828125,88.8510971069336,129.29266357421875,23.025836944580078,157.75120544433594,281.9361267089844,613.3825073242188,103.41191101074219,170.29562377929688,162.77890014648438,294.28668212890625,104.84540557861328,,68.54000091552734,137.82305908203125,601.77587890625,569.3519897460938,127.3768081665039,80.5576171875,82.86945343017578,358.2576904296875,33.21215057373047,477.4100036621094,89.58020782470703,504.0813903808594,74.17652130126953,379.6817932128906,26.947717666625977,1377.875732421875,91.96002197265625,128.1151580810547,421.4544677734375,246.51805114746094,280.260009765625,401.106201171875,161.2544708251953,399.43658447265625,213.89022827148438,92.27066802978516,40.571720123291016,347.4505920410156,117.37663269042969,500.19000244140625,42.123111724853516,73.01809692382812,233.10287475585938,98.8595199584961,101.38412475585938,157.53323364257812
2025-05-06,198.02528381347656,184.2193603515625,131.8789520263672,302.28814697265625,382.9800109863281,193.94644165039062,47.42189407348633,300.2623291015625,278.6400146484375,336.8689270019531,152.1599884033203,98.62000274658203,265.9137878417969,220.12188720703125,185.00999450683594,90.7699966430664,357.18035888671875,264.1762390136719,79.45904541015625,,199.27871704101562,273.9822692871094,3747.02001953125,185.9600067138672,40.37615966796875,163.27236938476562,5144.61669921875,905.8731079101562,46.314231872558594,,104.12000274658203,69.01609802246094,69.9839096069336,,288.0309753417969,104.11577606201172,305.7799987792969,402.010009765625,330.5502624511719,89.85514831542969,33.8177604675293,280.3492126464844,50.36000061035156,86.17955780029297,1009.1019897460938,272.4527587890625,58.512691497802734,27.862430572509766,212.48875427246094,65.51548767089844,132.49330139160156,472.1510925292969,189.41351318359375,91.77861785888672,120.7877197265625,251.42755126953125,409.9262390136719,106.37933349609375,106.80223083496094,865.4132080078125,297.2443542480469,74.91999816894531,10.1535062789917,37.66026306152344,210.6908721923828,184.9499969482422,,268.0507507324219,208.04161071777344,96.5196304321289,45.19879150390625,164.8543243408203,162.88694763183594,543.724609375,355.372314453125,355.14556884765625,207.7811737060547,249.9687042236328,245.8112335205078,174.23348999023438,19.940000534057617,624.5618896484375,530.4600219726562,236.95094299316406,152.04100036621094,246.8548126220703,676.3164672851562,130.25051879882812,70.67167663574219,444.2118835449219,771.8391723632812,461.6390075683594,221.8302001953125,72.83458709716797,557.4986572265625,250.6735076904297,313.22515869140625,46.55455017089844,709.52001953125,461.19403076171875,66.50665283203125,81.64179992675781,586.462646484375,224.71823120117188,136.7156219482422,60.02000045776367,58.50310516357422,142.93995666503906,77.49101257324219,117.51359558105469,541.7353515625,431.8061218261719,410.6199035644531,80.38395690917969,65.4994125366211,1137.68994140625,56.370487213134766,483.2577209472656,965.260009765625,217.5683135986328,113.52571868896484,180.73043823242188,147.13148498535156,92.44266510009766,38.85429382324219,188.69000244140625,88.38424682617188,128.06822204589844,22.070844650268555,158.16835021972656,283.4349365234375,610.7461547851562,102.59703063964844,171.17076110839844,160.64715576171875,291.9742736816406,103.36442565917969,,68.05000305175781,138.2777099609375,556.8505249023438,567.9264526367188,126.95086669921875,81.6624984741211,82.33269500732422,350.9893493652344,33.03507614135742,473.54998779296875,89.74746704101562,500.006103515625,73.89107513427734,375.8586730957031,27.58443260192871,1302.3116455078125,91.59812927246094,127.63822937011719,406.2339172363281,251.97857666015625,275.3500061035156,404.869384765625,159.9340057373047,389.2733154296875,210.60081481933594,90.5809097290039,40.10200500488281,346.5138244628906,115.07514190673828,450.0299987792969,42.71326446533203,72.65226745605469,232.38807678222656,98.08322143554688,102.7978286743164,149.3705291748047
2025-05-07,195.7707977294922,185.14463806152344,132.76104736328125,304.5667419433594,384.9700012207031,198.17041015625,46.99007034301758,302.0936279296875,283.3599853515625,338.14361572265625,154.9241943359375,100.36000061035156,271.223388671875,215.87307739257812,188.7100067138672,86.44999694824219,358.96661376953125,261.2049865722656,80.58548736572266,,203.97958374023438,274.847900390625,3745.5400390625,185.55999755859375,40.46513748168945,165.23974609375,5178.3701171875,911.2095336914062,46.36290740966797,,104.80000305175781,69.79100036621094,69.78449249267578,,289.4561767578125,102.48194122314453,308.3399963378906,404.1400146484375,331.1641540527344,89.73665618896484,33.71970748901367,282.1720886230469,51.63999938964844,86.25823974609375,1005.7566528320312,277.306640625,58.8585090637207,28.140161514282227,214.28184509277344,66.0595474243164,132.67893981933594,469.27032470703125,192.44332885742188,101.656494140625,120.45366668701172,253.0994415283203,413.3424377441406,108.94783020019531,106.06546020507812,862.5462036132812,301.322509765625,75.04000091552734,9.997897148132324,36.76642990112305,212.81346130371094,182.19000244140625,,266.9017639160156,209.3580780029297,97.52545928955078,45.20873260498047,152.4802703857422,151.06185913085938,546.2583618164062,359.6363830566406,358.4758605957031,212.4132843017578,251.30902099609375,250.00477600097656,175.566162109375,20.309999465942383,639.1055908203125,536.1500244140625,237.38558959960938,154.82650756835938,246.99346923828125,691.1782836914062,131.054931640625,71.34173583984375,446.8053283691406,773.432373046875,464.70538330078125,222.3275604248047,74.72612762451172,564.819091796875,254.6829376220703,314.55010986328125,47.382362365722656,720.7953491210938,466.12554931640625,66.18155670166016,82.47488403320312,595.9489135742188,225.91766357421875,137.3297576904297,60.560001373291016,58.91905212402344,143.07838439941406,77.56944274902344,118.27827453613281,549.1881103515625,431.8459777832031,413.11761474609375,82.49064636230469,66.30658721923828,1155.4100341796875,57.93193817138672,481.8301696777344,983.2899780273438,218.9117431640625,117.04527282714844,185.1493682861328,148.79505920410156,91.87266540527344,38.58721923828125,188.13999938964844,88.12598419189453,129.22409057617188,21.984031677246094,158.20806884765625,286.15277099609375,619.7991333007812,103.12718963623047,172.42935180664062,161.08921813964844,293.8555603027344,103.52135467529297,,68.69000244140625,142.62669372558594,559.2533569335938,572.5021362304688,126.29708862304688,81.59343719482422,83.50560760498047,350.053466796875,32.95637130737305,480.5400085449219,90.62309265136719,503.89208984375,74.66867065429688,382.3699035644531,27.525659561157227,1293.797119140625,93.39781188964844,127.8270034790039,407.0623474121094,249.45680236816406,276.2200012207031,405.4269104003906,163.60745239257812,385.86907958984375,211.24288940429688,90.72574615478516,40.41514587402344,348.6564636230469,115.02596282958984,434.82000732421875,42.46172332763672,72.35564422607422,233.8177032470703,98.36189270019531,102.69966125488281,155.4701385498047
2025-05-08,197.00778198242188,182.6739501953125,132.8106231689453,307.3428649902344,383.989990234375,201.06573486328125,46.813419342041016,303.9842834472656,289.6199951171875,337.068115234375,155.11309814453125,101.69999694824219,267.4967956542969,214.28961181640625,192.0800018310547,87.2699966430664,356.362060546875,266.1702880859375,80.3263168334961,,206.92758178710938,282.23052978515625,3674.72998046875,191.6999969482422,41.12752914428711,166.04054260253906,5147.50634765625,919.4072265625,45.6424446105957,,103.29000091552734,71.17192077636719,70.29299926757812,,288.0010681152344,101.04376983642578,307.9599914550781,404.4100036621094,329.84716796875,89.68729400634766,33.55302429199219,279.368408203125,51.45000076293945,87.34986114501953,1006.3158569335938,278.81158447265625,58.9968376159668,28.72538185119629,214.13241577148438,67.11800384521484,133.90029907226562,486.7437744140625,194.16754150390625,104.67362976074219,117.89918518066406,252.17393493652344,408.3418884277344,111.44690704345703,107.77476501464844,851.1870727539062,306.1484375,74.62999725341797,9.997897148132324,37.2232780456543,216.41696166992188,181.38999938964844,,269.4078369140625,213.9158477783203,96.79574584960938,47.07793045043945,155.42410278320312,153.95574951171875,559.8970336914062,352.6026611328125,360.56097412109375,212.34397888183594,251.5373992919922,250.76455688476562,175.50648498535156,21.0,653.9981689453125,538.1599731445312,240.1317596435547,153.21229553222656,251.0342559814453,700.1172485351562,131.00588989257812,70.12971496582031,450.3526916503906,748.2693481445312,467.8703308105469,223.29241943359375,74.56684112548828,565.6069946289062,257.97601318359375,309.9622802734375,48.426979064941406,688.7454223632812,469.9114074707031,66.22096252441406,82.93109130859375,597.147216796875,226.43310546875,139.78631591796875,60.13999938964844,58.425724029541016,148.29957580566406,76.12825012207031,121.03909301757812,554.4646606445312,436.6492614746094,408.36102294921875,85.01669311523438,67.25157165527344,1144.4300537109375,58.218536376953125,480.17462158203125,974.489990234375,222.98190307617188,117.35523986816406,186.83372497558594,149.7214813232422,90.67666625976562,40.990882873535156,188.52999877929688,90.94696807861328,128.74411010742188,22.157663345336914,157.57241821289062,283.6947326660156,638.18359375,103.56900024414062,169.12551879882812,163.79074096679688,294.63946533203125,107.09139251708984,,70.4800033569336,143.41741943359375,546.0328979492188,573.1900024414062,127.4560546875,81.08045959472656,83.86344909667969,352.0348205566406,33.763065338134766,484.5,88.8521499633789,505.78521728515625,74.580078125,380.7769470214844,26.90853500366211,1295.8836669921875,94.80626678466797,127.27059173583984,409.9866638183594,245.7138671875,284.82000732421875,403.843994140625,164.45135498046875,380.4322204589844,214.19642639160156,93.61282348632812,41.237152099609375,350.07159423828125,119.7273178100586,429.6000061035156,42.190834045410156,72.48417663574219,231.45480346679688,96.96852111816406,104.13299560546875,161.15113830566406
2025-05-09,198.0452423095703,181.7093048095703,132.05735778808594,306.36773681640625,383.2799987792969,205.7557373046875,47.62799072265625,304.6079406738281,287.4800109863281,336.779296875,154.72532653808594,102.83999633789062,261.4104309082031,216.3451690673828,193.05999755859375,86.5199966430664,353.5779113769531,267.6410827636719,80.62535858154297,,207.3558349609375,283.07623291015625,3663.72998046875,194.85000610351562,41.31536865234375,165.31883239746094,5055.095703125,914.2589111328125,45.22379684448242,,102.86000061035156,70.983154296875,71.23023986816406,,288.90802001953125,102.72652435302734,305.7799987792969,401.7300109863281,330.1937561035156,88.68012237548828,33.58243942260742,281.7064514160156,49.720001220703125,87.12366485595703,1006.6953735351562,274.5059814453125,59.056121826171875,28.507164001464844,213.91326904296875,66.24749755859375,135.3170928955078,489.33648681640625,189.09458923339844,105.49015045166016,118.2234115600586,251.4474639892578,400.6182556152344,111.61549377441406,109.15989685058594,854.54833984375,308.97021484375,73.68000030517578,10.143781661987305,37.600677490234375,215.05455017089844,184.07000732421875,,268.9917907714844,214.38458251953125,95.56311798095703,47.22706604003906,154.0569610595703,152.42898559570312,561.2825927734375,352.38348388671875,358.4363098144531,210.8494415283203,247.74472045898438,247.5264434814453,177.35635375976562,21.420000076293945,651.80517578125,536.510009765625,239.5489501953125,151.79493713378906,250.64801025390625,697.9970092773438,130.5251922607422,69.48921966552734,449.7862854003906,731.4608154296875,466.8744812011719,221.08416748046875,75.02479553222656,567.1229248046875,256.65283203125,310.1501770019531,54.527164459228516,691.9484252929688,468.9151306152344,65.38359832763672,82.79225158691406,591.6351928710938,224.86692810058594,141.25234985351562,61.0,57.4874267578125,149.20932006835938,74.4811782836914,120.86033630371094,553.0535888671875,437.20733642578125,404.50994873046875,85.72557067871094,69.21044921875,1140.219970703125,57.61569595336914,478.4397888183594,980.0599975585938,222.41465759277344,116.63532257080078,190.1132354736328,149.76133728027344,90.62266540527344,41.70308303833008,186.92999267578125,90.0530014038086,127.77434539794922,21.902074813842773,156.58914184570312,284.28424072265625,646.054931640625,104.96314239501953,166.86395263671875,163.505859375,297.9415283203125,108.78813934326172,,70.26000213623047,143.49649047851562,526.2024536132812,568.7039794921875,127.4560546875,79.21597290039062,84.23240661621094,350.3322448730469,33.98933029174805,482.8999938964844,88.89151000976562,505.9048156738281,74.23558044433594,379.24371337890625,27.270973205566406,1285.12353515625,94.28787994384766,127.28053283691406,402.3514709472656,242.06027221679688,298.260009765625,402.9280700683594,171.03378295898438,375.5874328613281,213.68280029296875,92.58931732177734,41.11972427368164,351.3372802734375,120.90757751464844,424.989990234375,42.190834045410156,72.02686309814453,231.07754516601562,96.49462890625,105.35034942626953,158.7392120361328
2025-05-12,210.55104064941406,187.09364318847656,130.81845092773438,320.48712158203125,395.94000244140625,221.26351928710938,48.97252655029297,306.25115966796875,293.20001220703125,329.90789794921875,167.03494262695312,108.12000274658203,270.1614990234375,204.4937286376953,208.63999938964844,92.31999969482422,352.8294982910156,272.6557312011719,84.194091796875,,220.68157958984375,297.41363525390625,3664.25,198.52999877929688,42.8675422668457,173.34652709960938,5177.12451171875,948.5050659179688,46.90812683105469,,102.87000274658203,74.4205551147461,73.22437286376953,,288.67877197265625,98.30439758300781,311.7699890136719,402.5199890136719,312.6473388671875,88.0185546875,34.04328155517578,267.95550537109375,50.7599983215332,90.74275970458984,1014.7442016601562,287.8614807128906,60.93342590332031,30.06444549560547,216.15460205078125,64.11080169677734,138.3753662109375,492.33648681640625,200.15740966796875,110.02082824707031,113.82183837890625,253.2487030029297,412.60968017578125,118.41854095458984,112.04802703857422,860.55908203125,321.15472412109375,74.80000305175781,10.410202980041504,38.84211349487305,229.98190307617188,186.82000732421875,,273.6275329589844,218.3638916015625,102.3770751953125,49.324947357177734,159.24609375,158.12698364257812,585.2740478515625,361.92779541015625,372.15277099609375,217.09486389160156,251.05088806152344,251.98629760742188,172.4930419921875,22.18000030517578,660.1983642578125,561.4299926757812,247.26390075683594,151.71620178222656,257.551025390625,756.9962158203125,134.07650756835938,68.51368713378906,451.5351257324219,752.3718872070312,466.5195617675781,231.54852294921875,81.88414764404297,576.7272338867188,270.5713806152344,308.40997314453125,60.07547378540039,686.0213623046875,485.2439880371094,64.85162353515625,85.1030502319336,638.5073852539062,225.04534912109375,148.90928649902344,61.36000061035156,55.0884895324707,156.37857055664062,78.85376739501953,126.18335723876953,565.3853759765625,447.70074462890625,410.8885803222656,92.1455078125,68.60015106201172,1110.0,61.845458984375,475.009765625,1015.5999755859375,237.9488525390625,122.98452758789062,205.12374877929688,156.61485290527344,89.30733489990234,43.38465881347656,193.5,95.09898376464844,128.98899841308594,22.698335647583008,159.80712890625,280.0276184082031,667.1747436523438,108.32086181640625,162.07534790039062,171.91494750976562,299.0291442871094,116.39899444580078,,72.30999755859375,150.35601806640625,573.909423828125,574.04736328125,129.32821655273438,84.51348114013672,85.12987518310547,355.5992736816406,35.26823425292969,505.5899963378906,86.36299896240234,516.49658203125,74.48165130615234,386.3722229003906,26.457937240600586,1326.002685546875,98.86534118652344,130.6488494873047,431.7545471191406,238.59532165527344,318.3800048828125,414.2972412109375,185.93606567382812,373.72247314453125,228.05538940429688,97.72618865966797,43.06708526611328,354.635986328125,128.34320068359375,439.3699951171875,41.600685119628906,74.44267272949219,223.9491424560547,96.52455139160156,107.16657257080078,161.38037109375
2025-05-13,212.68861389160156,185.05604553222656,127.90454864501953,320.9249572753906,397.3999938964844,224.76368713378906,49.74784469604492,305.07318115234375,297.010009765625,331.3219909667969,172.04629516601562,112.45999908447266,265.9236145019531,200.59898376464844,211.3699951171875,97.25,354.32635498046875,270.11883544921875,85.50993347167969,,231.47763061523438,300.7765808105469,3644.75,203.4199981689453,43.7770881652832,173.34652709960938,5244.322265625,949.6435546875,45.36009979248047,,102.94999694824219,75.07624053955078,74.43081665039062,,284.3732604980469,96.19116973876953,318.6600036621094,411.1300048828125,298.9329833984375,86.77440643310547,34.111915588378906,265.84527587890625,50.650001525878906,92.6113052368164,997.6478881835938,288.2103271484375,61.0421142578125,30.292583465576172,214.5009765625,59.84729766845703,139.08865356445312,495.2669677734375,195.9515380859375,110.90704345703125,111.09050750732422,250.2831268310547,371.7240295410156,120.48126220703125,114.59234619140625,858.898193359375,329.7895812988281,75.5,10.459541320800781,39.199649810791016,228.204833984375,191.0,,270.43798828125,220.9868621826172,100.02029418945312,50.17005920410156,160.5533447265625,159.19473266601562,597.6160278320312,366.7298889160156,369.1980285644531,215.986328125,227.25238037109375,256.8533935546875,171.8963165283203,22.559999465942383,654.7158813476562,563.9500122070312,246.10813903808594,146.1058349609375,260.48260498046875,792.2644653320312,131.48660278320312,67.95201873779297,447.8089294433594,742.9021606445312,453.3766174316406,229.5491485595703,84.87080383300781,575.0517578125,272.74029541015625,305.21630859375,61.39603042602539,686.2808227539062,482.8927917480469,63.18673324584961,84.4088134765625,655.08349609375,221.8138427734375,149.31541442871094,60.22999954223633,54.624183654785156,161.02621459960938,75.12823486328125,128.4575653076172,560.3175659179688,447.5812072753906,411.25677490234375,96.77824401855469,70.98230743408203,1138.43994140625,61.65768814086914,466.5932922363281,1036.719970703125,239.09326171875,129.9136505126953,210.4442901611328,161.64541625976562,88.05332946777344,43.908912658691406,192.0,95.61550903320312,127.6469955444336,22.482067108154297,157.65187072753906,282.3657531738281,676.8118286132812,107.70232391357422,161.0822296142578,174.4003448486328,296.0406188964844,123.15657043457031,,72.29000091552734,149.58505249023438,572.4437255859375,575.2734985351562,129.48670959472656,85.70714569091797,85.97747802734375,354.4941101074219,35.524017333984375,515.7100219726562,84.18867492675781,513.7166137695312,73.95012664794922,385.82464599609375,25.90938377380371,1324.748779296875,96.91893768310547,129.98313903808594,428.1216125488281,235.63670349121094,334.07000732421875,419.99176025390625,186.84947204589844,307.24676513671875,225.4673309326172,96.37437438964844,43.41937255859375,355.51446533203125,132.88719177246094,432.0,41.26207733154297,75.54618835449219,220.7820587158203,95.65657806396484,107.4610824584961,159.8754119873047
2025-05-14,212.08929443359375,174.66140747070312,127.41889953613281,318.81549072265625,399.4700012207031,224.9025115966797,48.491634368896484,306.2808532714844,295.5400085449219,328.2746887207031,173.1499786376953,117.72000122070312,257.8903503417969,201.1300811767578,210.25,98.22000122070312,351.4823303222656,267.9866027832031,85.36040496826172,,231.17884826660156,298.5876770019531,3645.429931640625,204.72000122070312,44.231868743896484,169.0756378173828,5198.60986328125,957.4452514648438,42.95530319213867,,102.94999694824219,74.7980728149414,73.14459991455078,,280.4365234375,96.10311889648438,319.3900146484375,413.8599853515625,300.3786926269531,86.46829986572266,33.88639831542969,263.804443359375,52.2400016784668,91.03779602050781,990.168212890625,289.77508544921875,60.55796813964844,30.77861213684082,213.36537170410156,59.39226150512695,138.42422485351562,494.20404052734375,187.19097900390625,112.4604263305664,110.4911880493164,248.93966674804688,370.6248779296875,120.46143341064453,113.55104064941406,849.4273071289062,328.1343994140625,76.75,10.508877754211426,38.792457580566406,228.8465576171875,189.86000061035156,,268.1300354003906,222.64242553710938,97.01268005371094,50.02092361450195,166.46095275878906,165.02244567871094,605.3261108398438,366.1321105957031,368.41729736328125,214.95697021484375,228.8210906982422,256.08856201171875,171.00123596191406,21.520000457763672,650.7584838867188,565.9400024414062,242.1568145751953,144.05853271484375,263.08734130859375,801.3228759765625,130.97645568847656,68.14910125732422,443.13873291015625,712.53125,442.8760986328125,227.3011016845703,84.59205627441406,571.7505493164062,271.19818115234375,304.0397033691406,59.76996994018555,680.7927856445312,477.26385498046875,62.59565353393555,83.55590057373047,658.4086303710938,220.56484985351562,146.48243713378906,61.0,54.4887580871582,161.69863891601562,72.03016662597656,130.13589477539062,563.0105590820312,451.36798095703125,413.1673583984375,95.17076110839844,71.06105041503906,1150.989990234375,61.005435943603516,452.3477478027344,1026.8199462890625,240.0087890625,135.32296752929688,209.3841552734375,162.32278442382812,88.38200378417969,43.345088958740234,190.89999389648438,94.33970642089844,125.82501220703125,21.646486282348633,156.9467010498047,277.9493103027344,673.2103881835938,105.64057159423828,161.28871154785156,174.7147216796875,292.1800231933594,122.30328369140625,,72.68000030517578,151.20602416992188,569.6521606445312,564.1781616210938,129.55604553222656,85.37174224853516,86.91484069824219,349.8443908691406,35.42564010620117,517.6599731445312,83.5393295288086,510.09967041015625,73.68437957763672,384.6199951171875,25.899587631225586,1301.6846923828125,94.2380142211914,130.41038513183594,405.26580810546875,233.60140991210938,347.67999267578125,417.7916259765625,185.99563598632812,303.9215087890625,225.55624389648438,96.21989440917969,43.28237533569336,355.8338623046875,132.11019897460938,421.1600036621094,40.97183609008789,75.8344955444336,220.8714141845703,96.6043701171875,106.49898529052734,154.40370178222656
2025-05-15,211.21029663085938,178.83502197265625,132.16639709472656,321.6015625,404.69000244140625,225.19996643066406,47.95185470581055,312.65570068359375,295.7799987792969,336.8788757324219,173.75650024414062,114.98999786376953,267.1428527832031,208.19175720214844,205.1699981689453,96.06999969482422,357.8389587402344,270.8887939453125,85.6993408203125,,231.69674682617188,298.0404357910156,3758.3701171875,206.24000549316406,43.87595748901367,170.31143188476562,5219.7275390625,973.3059692382812,44.60069274902344,,104.86000061035156,75.46369171142578,73.26425170898438,,291.07073974609375,98.5881118774414,318.7699890136719,419.57000732421875,305.834716796875,88.50238800048828,34.641387939453125,271.4526672363281,52.040000915527344,91.42134094238281,1009.072021484375,289.7950439453125,63.492496490478516,31.046422958374023,218.04583740234375,59.817623138427734,139.00071716308594,512.8994140625,190.3105010986328,111.74348449707031,113.91027069091797,254.6717987060547,386.1810607910156,119.2515640258789,113.8162841796875,857.3658447265625,325.8710021972656,76.87999725341797,10.607552528381348,38.20650100708008,228.16534423828125,159.1300048828125,,275.8760986328125,228.7659912109375,98.9454345703125,49.83201599121094,165.05389404296875,163.61541748046875,609.5820922851562,384.0650939941406,374.16876220703125,220.01466369628906,225.84255981445312,264.8890380859375,173.89535522460938,21.549999237060547,659.2115478515625,560.280029296875,244.95237731933594,147.25743103027344,264.9195251464844,802.3182373046875,134.7436065673828,70.56328582763672,451.3363952636719,730.1861572265625,458.61212158203125,231.2202606201172,84.41284942626953,580.6467895507812,270.0838928222656,310.9411926269531,59.917789459228516,705.2194213867188,485.5129699707031,64.171875,85.40058135986328,642.9509887695312,225.25350952148438,147.3343048095703,62.33000183105469,56.162208557128906,163.4489288330078,73.3341064453125,131.5957489013672,571.7847900390625,452.3863220214844,423.4965515136719,95.30055236816406,73.38414764404297,1177.97998046875,61.667572021484375,464.9873046875,1035.1800537109375,242.72555541992188,134.8130340576172,208.7896728515625,158.7864532470703,91.34200286865234,42.899967193603516,192.89999389648438,95.6553726196289,128.81268310546875,22.21664810180664,161.306884765625,280.9269104003906,671.0455322265625,107.24089813232422,166.3133087158203,176.2963409423828,298.83319091796875,122.3719482421875,,71.56999969482422,150.84033203125,583.2413940429688,572.6118774414062,134.24143981933594,86.08201599121094,87.86216735839844,359.880615234375,35.14034652709961,514.47998046875,85.96944427490234,517.4132690429688,75.26908874511719,390.4740905761719,26.77139663696289,1315.1864013671875,96.02859497070312,132.61834716796875,404.1479797363281,238.4364776611328,342.82000732421875,420.46966552734375,186.4821319580078,270.70831298828125,228.03564453125,96.89579772949219,43.6248779296875,361.6636047363281,133.14291381835938,434.3800048828125,42.0650634765625,75.14852142333984,226.38153076171875,96.12548828125,107.57894134521484,159.81561279296875
2025-05-16,211.0205078125,181.1383819580078,133.60353088378906,316.1090393066406,417.1300048828125,225.19004821777344,49.19824981689453,316.1401062011719,298.0799865722656,340.8224792480469,164.6287078857422,117.16999816894531,270.2178955078125,209.86375427246094,205.58999633789062,96.41999816894531,361.1620178222656,275.3407287597656,86.6064682006836,,227.68307495117188,298.2095947265625,3786.419921875,205.82000732421875,44.182430267333984,173.4157257080078,5298.7841796875,979.8700561523438,45.51587677001953,,106.04000091552734,75.22526550292969,75.3979721069336,,293.34307861328125,100.10455322265625,321.55999755859375,427.25,317.79638671875,90.08226013183594,34.7884635925293,273.7214050292969,52.31999969482422,90.90010833740234,1024.4107666015625,290.1837158203125,62.860137939453125,31.06626319885254,220.4010467529297,61.85539627075195,138.84437561035156,527.9588623046875,195.45321655273438,112.93838500976562,115.2635726928711,257.8363952636719,399.3409118652344,120.13607025146484,113.46263122558594,865.947021484375,328.1144714355469,78.0,10.656890869140625,37.759578704833984,226.58572387695312,166.66000366210938,,278.0552673339844,231.15956115722656,101.07542419433594,50.0805778503418,167.0796356201172,165.84072875976562,612.6799926757812,386.07757568359375,376.29339599609375,221.72576904296875,236.2574920654297,264.9685363769531,175.28768920898438,21.65999984741211,668.1531372070312,563.5999755859375,248.2813720703125,148.9503936767578,264.9888610839844,787.5560302734375,136.43096923828125,70.94758605957031,454.86383056640625,755.7301025390625,461.74749755859375,232.9908447265625,84.05445098876953,581.723876953125,271.8349304199219,315.0246887207031,60.321842193603516,722.6013793945312,488.0184631347656,64.34919738769531,85.72785949707031,639.4161376953125,229.3672332763672,151.6630096435547,62.86000061035156,56.9650764465332,162.2919464111328,74.56940460205078,131.2680206298828,570.3992919921875,453.5244445800781,422.1034240722656,97.84656524658203,73.82711029052734,1191.530029296875,62.369239807128906,469.0716247558594,1040.1800537109375,244.90492248535156,135.38296508789062,210.6028289794922,159.8722686767578,92.11066436767578,42.573543548583984,192.97999572753906,96.3929443359375,129.2828826904297,22.442745208740234,162.1709747314453,285.80303955078125,678.7871704101562,108.53685760498047,167.5915985107422,176.25701904296875,302.91912841796875,123.3134994506836,,72.18000030517578,150.73159790039062,592.5435180664062,581.0654296875,134.20179748535156,85.00909423828125,88.44053649902344,362.7244567871094,35.18953323364258,514.4299926757812,87.27798461914062,520.5819091796875,76.39118957519531,392.4752197265625,27.153425216674805,1331.6072998046875,97.52239227294922,132.9174041748047,411.2641906738281,240.91851806640625,349.9800109863281,427.17962646484375,187.14732360839844,288.03521728515625,228.59869384765625,97.83240509033203,43.95758819580078,364.4786682128906,133.5068359375,438.6499938964844,42.5584716796875,75.7350845336914,228.21823120117188,98.01107788085938,107.19253540039062,162.4966278076172
2025-05-19,208.54331970214844,182.80191040039062,134.34686279296875,317.80059814453125,420.67999267578125,222.64178466796875,49.08047866821289,319.69378662109375,295.8999938964844,342.3959655761719,164.99659729003906,114.73999786376953,273.6302185058594,211.58493041992188,206.16000366210938,96.69999694824219,364.19561767578125,273.76129150390625,86.13795471191406,,229.6949005126953,297.79168701171875,3879.969970703125,205.25,44.26152420043945,175.03707885742188,5359.5048828125,983.78076171875,45.973472595214844,,106.66000366210938,75.63257598876953,75.60735321044922,,293.5922546386719,100.7502670288086,320.29998779296875,418.6300048828125,318.806396484375,90.5858383178711,34.74924087524414,275.3560791015625,52.27000045776367,89.67025756835938,1032.908935546875,286.6754150390625,63.15655517578125,30.9571533203125,222.57659912109375,62.102699279785156,136.96530151367188,526.31982421875,195.75221252441406,112.1816177368164,115.9873046875,260.0954284667969,399.8558349609375,119.11012268066406,111.93997192382812,867.5782470703125,328.3338317871094,78.04000091552734,10.607552528381348,38.53424072265625,223.23892211914062,169.13999938964844,,278.70904541015625,234.66015625,104.68455505371094,49.742530822753906,167.51873779296875,166.1899871826172,606.0189208984375,385.4499206542969,374.909912109375,223.7751007080078,245.5703887939453,266.6074523925781,175.7849578857422,21.3799991607666,668.7312622070312,561.6300048828125,248.64686584472656,150.09214782714844,262.3346252441406,785.3009643554688,138.11830139160156,70.87860870361328,457.4075622558594,753.455078125,466.42095947265625,233.1897735595703,83.4471664428711,584.8455200195312,271.79510498046875,317.6152038574219,59.69112777709961,724.8165893554688,491.21270751953125,64.74325561523438,86.25349426269531,639.5059814453125,229.81329345703125,152.6832733154297,62.900001525878906,57.526119232177734,160.4625701904297,75.71648406982422,129.93727111816406,570.8279418945312,458.11688232421875,423.2079772949219,98.49555206298828,72.7049331665039,1191.6400146484375,61.3513298034668,467.03936767578125,1025.75,242.5862274169922,135.55294799804688,208.42308044433594,159.02552795410156,92.92666625976562,41.85145568847656,194.3000030517578,96.69196319580078,129.0967559814453,22.609861373901367,163.65084838867188,288.01129150390625,677.6697998046875,108.6350326538086,170.27597045898438,175.49078369140625,303.2228698730469,120.9864501953125,,72.31999969482422,151.9176788330078,594.7568359375,578.6629028320312,135.90557861328125,84.05538940429688,88.97901916503906,361.21771240234375,34.540245056152344,516.010009765625,88.77610778808594,522.3953247070312,77.19831085205078,392.9531555175781,27.447294235229492,1347.3544921875,96.938720703125,134.60205078125,413.12060546875,242.4971160888672,342.0899963378906,428.8919677734375,186.98846435546875,311.6968994140625,226.7021026611328,97.2729721069336,43.830379486083984,367.2537841796875,132.12002563476562,440.6600036621094,42.86805725097656,75.61577606201172,230.28329467773438,97.89136505126953,105.48838806152344,163.39364624023438
2025-05-20,206.62550354003906,181.95538330078125,133.9999542236328,318.5866394042969,417.6099853515625,222.5922088623047,49.227691650390625,319.535400390625,295.8399963378906,338.9203796386719,164.78778076171875,113.51000213623047,272.7969970703125,211.8504638671875,204.07000732421875,95.66999816894531,361.6709289550781,272.1226806640625,86.0183334350586,,230.74063110351562,294.677490234375,3880.14990234375,207.6699981689453,44.182430267333984,174.66139221191406,5292.4169921875,987.79052734375,46.60630798339844,,106.54000091552734,75.40408325195312,74.72992706298828,,290.98101806640625,100.69155883789062,320.54998779296875,423.489990234375,321.8166198730469,90.83269500732422,34.89632034301758,275.2867126464844,51.470001220703125,88.95614624023438,1035.385498046875,287.10400390625,62.66252517700195,30.976991653442383,222.41693115234375,63.052345275878906,135.75872802734375,522.8430786132812,197.107666015625,111.88288879394531,116.3045654296875,261.1104736328125,408.4508056640625,117.5263671875,110.5941390991211,865.9173583984375,327.2968444824219,77.83000183105469,10.577950477600098,38.13697814941406,218.32237243652344,165.8699951171875,,278.90716552734375,234.63023376464844,107.59355926513672,49.9214973449707,164.9740753173828,163.63536071777344,600.2982788085938,384.613037109375,372.6073303222656,223.89447021484375,253.48336791992188,265.1572570800781,175.3274688720703,21.270000457763672,669.0302734375,557.1599731445312,246.89840698242188,151.24374389648438,263.1269226074219,788.5737915039062,138.94236755371094,70.64212036132812,456.9306335449219,745.3728637695312,469.1422424316406,230.026611328125,83.91507720947266,579.5596313476562,265.9749755859375,316.2012939453125,59.917789459228516,717.622314453125,486.1119079589844,64.89102935791016,85.65843963623047,636.1807861328125,228.79229736328125,152.6931610107422,62.9900016784668,57.94206237792969,159.73080444335938,76.44197845458984,128.2390899658203,569.3925170898438,457.4180603027344,420.8594970703125,97.94640350341797,73.246337890625,1192.02001953125,61.82569885253906,472.471923828125,1021.8400268554688,242.8947296142578,134.36309814453125,208.14564514160156,159.6929473876953,92.41466522216797,41.445899963378906,194.47999572753906,96.18363952636719,129.1065673828125,23.121042251586914,164.5149383544922,285.40338134765625,678.4379272460938,106.74999237060547,171.21006774902344,174.35122680664062,301.6159362792969,119.71895599365234,,72.61000061035156,152.03631591796875,613.8578491210938,576.4099731445312,135.88577270507812,85.02896118164062,88.92915344238281,358.323974609375,34.009010314941406,515.6099853515625,90.11548614501953,521.0601196289062,77.00145721435547,387.8357238769531,27.212200164794922,1337.595458984375,97.06732940673828,134.5023651123047,412.950927734375,239.47894287109375,343.82000732421875,427.8864440917969,187.35581970214844,317.31134033203125,225.54637145996094,95.74188995361328,43.45851516723633,366.1956481933594,131.1380615234375,447.17999267578125,42.78098678588867,75.07893371582031,232.2093505859375,97.57211303710938,103.9823989868164,163.10459899902344
2025-05-21,201.86090087890625,178.95314025878906,131.86904907226562,316.1388854980469,414.0299987792969,220.34140014648438,47.88917541503906,319.3671569824219,292.92999267578125,336.1319885253906,161.3076934814453,112.05999755859375,269.1565246582031,210.20797729492188,201.1199951171875,92.43000030517578,357.3100891113281,266.19989013671875,85.42021942138672,,228.7985382080078,284.5587463378906,3872.60009765625,203.2100067138672,42.7587890625,171.17152404785156,5275.1064453125,963.1578369140625,45.75927734375,,104.63999938964844,72.9402847290039,71.87832641601562,,289.44622802734375,99.32186889648438,317.54998779296875,415.44000244140625,313.9841003417969,90.51671600341797,34.41586685180664,279.1207275390625,50.790000915527344,86.43692779541016,1023.881591796875,281.34320068359375,62.44515609741211,30.24298667907715,220.6006317138672,61.4399299621582,134.0675506591797,511.25030517578125,186.1843719482422,109.99095153808594,115.44202423095703,259.68743896484375,396.2019348144531,115.69359588623047,109.4153060913086,853.9304809570312,321.3940124511719,76.0999984741211,10.341130256652832,37.74964904785156,214.04754638671875,162.22000122070312,,275.0737609863281,232.9148406982422,106.22286987304688,49.08632278442383,169.70416259765625,168.20574951171875,587.3722534179688,380.3888244628906,366.47052001953125,220.7209930419922,244.01162719726562,259.1180725097656,173.76605224609375,20.690000534057617,657.8858032226562,547.0700073242188,241.6727752685547,150.7712860107422,258.5315246582031,777.2484741210938,138.39300537109375,70.79977416992188,452.6082458496094,723.3612060546875,463.6799621582031,226.16712951660156,82.42174530029297,568.0205078125,259.3589172363281,312.87908935546875,58.390281677246094,717.1632690429688,471.9275207519531,64.29009246826172,83.71458435058594,634.5831298828125,227.00804138183594,147.98806762695312,63.099998474121094,57.50677490234375,155.83251953125,75.47138977050781,124.43550872802734,558.31787109375,451.8272399902344,424.35235595703125,95.68994903564453,70.42121887207031,1194.6300048828125,59.275978088378906,469.7953186035156,1014.760009765625,238.25735473632812,131.78341674804688,203.45921325683594,156.5749969482422,91.36599731445312,40.68424606323242,181.25999450683594,94.020751953125,127.49026489257812,22.649185180664062,164.30636596679688,280.77703857421875,660.2113037109375,102.76393127441406,171.7213897705078,169.2330780029297,289.89697265625,110.68804168701172,,71.6500015258789,149.55540466308594,603.7033081054688,571.0267944335938,133.6768035888672,82.43608093261719,87.33365631103516,353.1751403808594,33.32036590576172,501.4599914550781,88.95469665527344,508.4356689453125,75.62344360351562,378.0788879394531,26.90853500366211,1317.39453125,92.01215362548828,130.61473083496094,397.51080322265625,239.03216552734375,334.6199951171875,422.96844482421875,184.08941650390625,298.958251953125,220.89376831054688,94.07339477539062,41.97108459472656,357.6706237792969,126.7638168334961,435.32000732421875,42.32627868652344,72.76254272460938,232.42776489257812,96.2052993774414,102.70429992675781,160.9019775390625
2025-05-22,201.13172912597656,179.68153381347656,130.3328094482422,314.8752136230469,414.3299865722656,210.13836669921875,47.552066802978516,318.39703369140625,295.0,334.0904846191406,160.06126403808594,110.70999908447266,269.7120056152344,206.8050079345703,203.10000610351562,92.55999755859375,354.5857849121094,265.7754211425781,84.9915771484375,,229.5952911376953,285.7327575683594,3859.25,203.41000366210938,42.81810760498047,170.35096740722656,5323.53955078125,960.2570190429688,45.788482666015625,,104.5,72.9402847290039,71.55926513671875,,286.12738037109375,97.75652313232422,316.6300048828125,409.92999267578125,309.6173095703125,89.75640869140625,33.91581344604492,279.3782958984375,50.779998779296875,85.4252700805664,1016.721435546875,282.4794006347656,62.60324478149414,30.39177131652832,221.2093963623047,59.57032012939453,133.80052185058594,512.2338256835938,186.85211181640625,110.6581039428711,114.57948303222656,258.4036560058594,380.74481201171875,116.88887786865234,108.8357162475586,861.245849609375,320.1376953125,74.79000091552734,10.301660537719727,37.4417724609375,216.0220489501953,161.33999633789062,,274.4100646972656,229.6536102294922,105.2564926147461,48.99684143066406,171.62013244628906,170.51087951660156,592.0933227539062,375.23809814453125,361.8160400390625,222.4718780517578,225.51490783691406,256.6348571777344,173.0499725341797,20.549999237060547,663.9564819335938,542.6699829101562,241.7320556640625,150.2102508544922,258.16510009765625,765.8433227539062,137.09805297851562,70.10015106201172,456.0860290527344,713.632568359375,463.84759521484375,222.5662841796875,82.1927719116211,568.6189575195312,259.3589172363281,310.7730712890625,57.650413513183594,709.0909423828125,470.9093933105469,64.51666259765625,80.24342346191406,635.6515502929688,226.47276306152344,148.36448669433594,62.869998931884766,57.36167526245117,158.01039123535156,76.31452178955078,125.38888549804688,562.0858154296875,454.11346435546875,419.65545654296875,94.68152618408203,65.89315032958984,1187.969970703125,60.600250244140625,468.7841491699219,1015.77001953125,238.47628784179688,132.81329345703125,194.70059204101562,156.70449829101562,90.98600006103516,40.634788513183594,186.13999938964844,94.020751953125,127.46088409423828,22.649185180664062,163.90908813476562,276.9001159667969,655.791748046875,103.17627716064453,172.30152893066406,169.94039916992188,289.818603515625,111.87632751464844,,71.44999694824219,145.66110229492188,595.945068359375,567.2984008789062,132.80511474609375,83.41958618164062,87.06441497802734,352.1772766113281,33.20231246948242,503.4800109863281,88.1411361694336,509.48193359375,75.54469299316406,376.6153564453125,26.67344093322754,1314.74658203125,94.04015350341797,129.16932678222656,399.7065734863281,239.09173583984375,341.0400085449219,422.3711242675781,178.91680908203125,292.7320556640625,220.1529083251953,95.17263793945312,42.1961555480957,357.3412170410156,127.67635345458984,434.0299987792969,41.72645568847656,72.96137237548828,231.64344787597656,95.70646667480469,102.02066040039062,161.43020629882812
2025-05-23,195.04864501953125,180.3902587890625,130.1345977783203,308.03936767578125,407.69000244140625,208.69073486328125,47.5322380065918,317.84271240234375,295.3500061035156,336.639892578125,157.05984497070312,110.30999755859375,269.47393798828125,208.36880493164062,200.99000549316406,91.19999694824219,355.79327392578125,266.3677062988281,85.2806625366211,,227.79263305664062,283.7826843261719,3826.4599609375,202.36000061035156,42.70935821533203,169.43154907226562,5314.46044921875,953.603759765625,45.61323165893555,,104.5,72.61244201660156,70.77159118652344,,285.14068603515625,97.9913330078125,315.510009765625,406.3599853515625,312.8948669433594,91.42514038085938,33.84717559814453,281.4290771484375,50.630001068115234,84.49296569824219,1007.104736328125,272.2235412597656,62.35622787475586,30.570314407348633,221.83810424804688,60.17374038696289,135.03675842285156,506.6808166503906,183.92196655273438,109.25409698486328,115.49159240722656,259.8367004394531,368.6246643066406,117.77538299560547,108.23648071289062,858.2243041992188,320.1277160644531,74.98999786376953,10.2227201461792,38.75273513793945,213.85008239746094,159.33999633789062,,272.1516418457031,232.16683959960938,105.87773895263672,48.41023254394531,169.23513793945312,168.11593627929688,592.400146484375,375.1882629394531,358.4363098144531,220.88015747070312,223.3207244873047,256.89312744140625,175.1584014892578,20.049999237060547,717.8449096679688,539.5399780273438,238.89697265625,150.53506469726562,258.2046813964844,755.5257568359375,138.8638916015625,70.72093963623047,455.9866638183594,712.1458740234375,462.29962158203125,219.9004669189453,80.6994400024414,562.076416015625,257.0448303222656,311.0301513671875,55.80321502685547,714.5291137695312,468.80316162109375,65.1570053100586,80.01531219482422,626.1552734375,227.3252410888672,146.94105529785156,63.36000061035156,57.78729248046875,158.2291717529297,76.05962371826172,125.20018768310547,556.8923950195312,449.441162109375,416.8691711425781,93.22381591796875,66.70033264160156,1185.3900146484375,59.31550979614258,467.3764343261719,1004.3699951171875,238.8544464111328,131.2734832763672,190.3807373046875,155.36965942382812,91.62466430664062,40.84251022338867,186.75,92.93431854248047,126.69682312011719,22.9244327545166,164.7334442138672,277.0799560546875,653.407470703125,102.14540100097656,175.21206665039062,168.791015625,290.7200622558594,112.02485656738281,,69.8499984741211,143.6941680908203,587.447998046875,565.2648315429688,131.76966857910156,83.84677124023438,87.15415954589844,351.74822998046875,33.113773345947266,498.8500061035156,88.93484497070312,508.18658447265625,76.46993255615234,374.9626159667969,26.859556198120117,1339.4013671875,93.2784194946289,125.3016128540039,392.8997497558594,241.13694763183594,339.3399963378906,421.40545654296875,175.0348663330078,291.6466369628906,219.40219116210938,93.602294921875,42.02001190185547,352.91900634765625,127.50773620605469,436.0,41.91027069091797,72.40464782714844,235.10836791992188,96.11550903320312,102.0801010131836,162.03817749023438
2025-05-27,199.98304748535156,182.811767578125,131.76002502441406,313.8602600097656,413.1000061035156,215.05645751953125,48.216373443603516,322.4159851074219,300.3599853515625,341.33038330078125,161.3675079345703,114.55999755859375,277.2012634277344,210.17848205566406,206.02000427246094,92.48999786376953,364.29541015625,271.0269775390625,88.05191040039062,,234.6945343017578,292.2796325683594,3695.659912109375,201.02999877929688,43.7177734375,172.5259552001953,5432.99169921875,971.5634765625,45.65217971801758,,106.16999816894531,74.97689819335938,72.11763000488281,,288.7585144042969,98.37287902832031,323.0799865722656,411.1300048828125,312.1918029785156,91.26716613769531,34.268795013427734,281.71636962890625,50.9900016784668,84.85002136230469,1016.3818969726562,276.27008056640625,62.988582611083984,31.175371170043945,225.4208221435547,60.67823791503906,136.31256103515625,506.253662109375,188.54641723632812,111.88288879394531,115.38253784179688,264.19549560546875,372.29833984375,120.49465942382812,109.26795959472656,871.4933471679688,327.20709228515625,76.22000122070312,10.173383712768555,39.36848449707031,216.9599609375,160.13999938964844,,276.5892639160156,241.13278198242188,107.5738296508789,48.80793380737305,173.61595153808594,172.53662109375,609.413818359375,377.3999938964844,366.03570556640625,225.2872314453125,224.9886932373047,261.46221923828125,177.565185546875,20.549999237060547,749.5739135742188,550.1900024414062,243.6879425048828,152.13333129882812,262.7406921386719,787.3464965820312,140.1392364501953,70.73079681396484,464.9792175292969,723.6305541992188,470.15777587890625,224.61538696289062,83.56663513183594,573.0171508789062,265.4234924316406,311.4058837890625,58.27607727050781,718.8097534179688,480.37225341796875,65.90571594238281,80.51119232177734,641.3932495117188,229.50599670410156,148.80245971679688,64.23999786376953,57.67121505737305,161.4313507080078,76.06941986083984,128.3185272216797,564.7872314453125,459.93389892578125,418.3817138671875,96.22909545898438,66.9759521484375,1211.5699462890625,62.092529296875,471.3517150878906,1027.3900146484375,243.6012725830078,135.48294067382812,197.06858825683594,161.28680419921875,90.7586669921875,41.16893005371094,187.4600067138672,94.65865325927734,128.68533325195312,23.209514617919922,166.62054443359375,278.52880859375,669.319580078125,104.67842102050781,176.23468017578125,173.1331024169922,294.0907287597656,113.213134765625,,71.4800033569336,146.90647888183594,602.3453979492188,572.0336303710938,133.6016082763672,86.43965911865234,88.38069915771484,358.54351806640625,33.379390716552734,511.7900085449219,89.21263885498047,514.8425903320312,77.6707763671875,382.0911560058594,26.830169677734375,1360.2291259765625,95.94944763183594,127.55445861816406,402.7706298828125,241.61349487304688,362.8900146484375,434.32763671875,181.92506408691406,291.08416748046875,221.61488342285156,95.74188995361328,42.80287170410156,358.66888427734375,129.6502227783203,446.0,42.08441162109375,73.55786895751953,236.31959533691406,97.35262298583984,102.56558227539062,165.70590209960938
2025-05-28,200.1927947998047,180.22293090820312,130.84820556640625,314.41748046875,412.2300109863281,213.79718017578125,47.938751220703125,320.8619079589844,299.2300109863281,338.3926086425781,161.12818908691406,112.86000061035156,276.1596984863281,208.95892333984375,204.72000122070312,92.79000091552734,360.5632629394531,268.26300048828125,87.8525390625,,238.45919799804688,291.8816223144531,3744.419921875,201.5,43.55958938598633,171.04299926757812,5456.43017578125,961.623291015625,45.73006820678711,,104.51000213623047,74.53976440429688,70.83141326904297,,288.0309753417969,97.48258209228516,288.6099853515625,407.3800048828125,307.8150939941406,90.60559844970703,33.95503234863281,283.3213195800781,50.06999969482422,83.8879623413086,1011.7383422851562,275.1139221191406,62.58348083496094,31.086101531982422,224.6224365234375,61.77626419067383,134.52249145507812,504.62451171875,188.3769989013672,111.04644775390625,113.46907806396484,261.47869873046875,374.2490539550781,119.26948547363281,108.501708984375,875.2802124023438,324.7243347167969,76.66000366210938,10.035238265991211,38.623619079589844,214.38320922851562,160.74000549316406,,271.0521545410156,243.01773071289062,106.93286895751953,47.85344696044922,173.0172119140625,171.9977569580078,602.1985473632812,377.0313720703125,363.7232971191406,223.44680786132812,226.16024780273438,258.4922790527344,176.82923889160156,20.3700008392334,752.0560302734375,552.4099731445312,240.86276245117188,151.3192901611328,260.9579772949219,775.8115844726562,139.97244262695312,70.11001586914062,459.5737609863281,717.8134155273438,463.38421630859375,223.33221435546875,83.6263656616211,574.3834838867188,263.8574523925781,309.3196105957031,57.06447219848633,710.5776977539062,477.647216796875,65.6298828125,80.57069396972656,642.6514282226562,227.51358032226562,147.9762725830078,63.77000045776367,57.535789489746094,157.73194885253906,74.67725372314453,126.63025665283203,560.8896484375,456.609375,418.7698059082031,96.0294189453125,66.15892791748047,1208.550048828125,61.05485153198242,471.2030334472656,1021.2999877929688,241.36219787597656,134.7930450439453,194.4033660888672,163.21932983398438,90.50399780273438,40.67435073852539,187.8000030517578,93.74166870117188,127.99964141845703,22.786808013916016,166.2232666015625,276.8101806640625,664.7205200195312,105.95474243164062,175.80203247070312,170.9031219482422,296.07000732421875,111.66837310791016,,71.44000244140625,145.88844299316406,590.95263671875,567.3582763671875,132.26748657226562,85.436279296875,87.80233764648438,353.96343994140625,33.03507614135742,462.42999267578125,87.52601623535156,510.5899963378906,76.28292083740234,378.716064453125,26.93792152404785,1366.55419921875,94.91072082519531,125.8199691772461,401.3533935546875,239.7767791748047,356.8999938964844,431.0124816894531,182.82852172851562,294.15289306640625,219.47132873535156,94.9468994140625,42.30379867553711,359.09814453125,125.90086364746094,445.1000061035156,41.72645568847656,73.29939270019531,235.4459228515625,97.01341247558594,101.16858673095703,164.84877014160156
2025-05-29,199.72332763671875,182.7133026123047,131.67083740234375,316.1488342285156,413.3599853515625,213.9261016845703,47.958580017089844,320.8420715332031,297.0,340.48388671875,159.02423095703125,113.02999877929688,281.25836181640625,210.18832397460938,205.6999969482422,86.37000274658203,366.15155029296875,269.6548767089844,88.64005279541016,,240.98892211914062,293.8914489746094,3689.6298828125,208.17999267578125,43.737548828125,171.84381103515625,5483.07861328125,966.6131591796875,46.58683776855469,,104.5,75.0364990234375,71.20033264160156,,293.1636962890625,98.17720794677734,284.5,395.80999755859375,308.9934387207031,91.1387939453125,33.61185073852539,283.2123107910156,49.72999954223633,84.89961242675781,1007.3444213867188,266.0341491699219,62.29694747924805,31.16545295715332,224.29310607910156,62.102699279785156,136.3916778564453,500.1146240234375,189.8321075439453,111.54432678222656,114.46050262451172,263.0112609863281,376.8038024902344,119.44878387451172,107.94176483154297,882.0489501953125,323.8668212890625,77.7300033569336,10.084576606750488,38.76266098022461,217.45358276367188,159.6199951171875,,272.5973815917969,243.5064239501953,109.56575775146484,48.31080627441406,172.5980987548828,171.49880981445312,598.6552734375,377.2406005859375,363.9505920410156,224.0238037109375,228.4338836669922,256.9527282714844,177.55523681640625,20.25,754.8171997070312,555.75,242.73963928222656,152.46092224121094,261.8294982910156,772.2892456054688,141.11044311523438,70.44503784179688,461.1337585449219,720.9864501953125,467.0421142578125,223.7400360107422,83.78565216064453,576.2385864257812,262.9397888183594,308.3506164550781,57.709999084472656,711.3060913085938,480.7715759277344,66.46723937988281,81.73106384277344,644.1193237304688,229.46636962890625,148.9418182373047,63.63999938964844,57.535789489746094,159.03468322753906,74.90274810791016,127.27577209472656,564.1990966796875,457.9272155761719,416.3815612792969,96.64845275878906,67.91109466552734,1184.8599853515625,60.718841552734375,475.2377624511719,1015.22998046875,245.10394287109375,139.17250061035156,194.0863037109375,162.27297973632812,90.13733673095703,41.01066589355469,185.82000732421875,93.98088073730469,129.22409057617188,23.052228927612305,167.41510009765625,277.0799560546875,665.6483154296875,107.24089813232422,174.8974151611328,172.01319885253906,299.8522033691406,113.5597152709961,,70.93000030517578,146.61984252929688,604.47216796875,562.5133666992188,134.20892333984375,83.49906158447266,87.51315307617188,354.981201171875,33.13344955444336,454.989990234375,88.05184936523438,513.2053833007812,76.72583770751953,380.6674499511719,26.82037353515625,1366.7039794921875,93.8521957397461,126.66727447509766,402.9702453613281,237.5826416015625,358.42999267578125,430.3653869628906,183.66250610351562,294.2121276855469,219.7973175048828,96.28169250488281,42.82244110107422,361.763427734375,128.11279296875,447.0899963378906,41.919944763183594,74.07483673095703,236.05154418945312,96.87374114990234,101.74324035644531,166.58297729492188
2025-05-30,200.622314453125,183.19564819335938,132.39434814453125,315.2433776855469,415.0899963378906,212.17105102539062,47.859432220458984,322.2378234863281,296.1199951171875,346.0009765625,156.30203247070312,110.7300033569336,285.8609924316406,211.11282348632812,205.00999450683594,86.63999938964844,371.30072021484375,275.32098388671875,89.6468734741211,,241.0885009765625,292.5681457519531,3733.0400390625,207.32000732421875,43.6287956237793,170.62777709960938,5499.95068359375,970.147705078125,47.00548553466797,,105.26000213623047,74.82787322998047,70.9909439086914,,296.2034912109375,98.17720794677734,287.07000732421875,396.2699890136719,313.5385437011719,91.770751953125,33.896202087402344,286.313232421875,50.08000183105469,84.65165710449219,1038.740966796875,264.4892883300781,62.28706359863281,31.46426010131836,226.03955078125,63.3491096496582,135.1949920654297,502.9060363769531,189.26400756835938,112.55999755859375,116.71105194091797,264.3348083496094,380.0813903808594,118.91090393066406,106.65487670898438,883.4305419921875,319.2702331542969,78.22000122070312,10.24245548248291,38.216426849365234,215.3211212158203,162.7899932861328,,275.85626220703125,245.25173950195312,108.55007934570312,49.324947357177734,172.48831176757812,171.37905883789062,597.2528076171875,379.9704284667969,363.9505920410156,225.49612426757812,231.46205139160156,257.3202209472656,178.8183135986328,19.549999237060547,751.0791015625,552.3400268554688,242.09754943847656,154.0790557861328,261.46307373046875,755.2363891601562,141.0319366455078,71.04612731933594,464.6115417480469,736.0532836914062,475.61016845703125,224.5358123779297,80.4306411743164,584.0376586914062,263.15924072265625,310.3182373046875,57.64048385620117,717.941650390625,478.45574951171875,66.48694610595703,82.29637145996094,646.5557861328125,231.6173858642578,147.66770935058594,63.95000076293945,58.62885665893555,159.85015869140625,75.33412170410156,127.14666748046875,562.2254028320312,459.60443115234375,413.34649658203125,94.3121109008789,69.53529357910156,1207.22998046875,59.87881851196289,480.5711364746094,1011.0900268554688,245.91995239257812,135.11300659179688,189.37014770507812,164.8928680419922,91.16666412353516,40.338035583496094,192.4199981689453,93.54232025146484,128.76370239257812,23.091550827026367,168.73606872558594,284.70391845703125,663.1243286132812,106.62236785888672,177.57196044921875,170.7459259033203,302.1940612792969,112.37144470214844,,70.27999877929688,143.51625061035156,489.5366516113281,568.4946899414062,135.88156127929688,83.39971160888672,88.09151458740234,358.03460693359375,32.513671875,463.9800109863281,89.2920150756836,511.9675598144531,77.35578918457031,380.9561462402344,27.231788635253906,1373.9554443359375,93.00142669677734,126.49781799316406,402.04205322265625,241.34934997558594,346.4599914550781,428.3543395996094,181.53787231445312,297.9024658203125,220.28428649902344,95.73207092285156,42.65608596801758,364.5485534667969,127.92432403564453,442.04998779296875,42.529441833496094,74.34325408935547,239.2384796142578,98.4899673461914,101.35684204101562,168.06800842285156
2025-06-02,201.47134399414062,184.06187438964844,132.3844451904297,312.9050598144531,403.3999938964844,213.62863159179688,47.69087600708008,322.50506591796875,295.260009765625,347.3254089355469,156.82054138183594,114.62999725341797,286.148681640625,210.58172607421875,206.64999389648438,89.77999877929688,375.3721923828125,275.1136779785156,90.07551574707031,,247.7015838623047,293.8417053222656,3749.81005859375,211.47000122070312,43.57936477661133,167.4740447998047,5519.861328125,968.3457641601562,47.50202560424805,,104.16999816894531,75.30474090576172,70.13346862792969,,298.92431640625,97.7271728515625,292.5299987792969,394.7799987792969,311.9046630859375,90.77345275878906,33.6608772277832,288.00732421875,49.84000015258789,86.01045227050781,1055.3878173828125,260.751708984375,63.0873908996582,31.115652084350586,226.2291717529297,62.91385269165039,136.32244873046875,504.47552490234375,188.59625244140625,112.47037506103516,116.22525787353516,263.8670654296875,373.35784912109375,118.3929443359375,109.37601470947266,885.0903930664062,317.93408203125,78.0999984741211,9.847755432128906,39.87499237060547,215.11378479003906,162.0,,273.1025390625,246.81752014160156,107.39633178710938,47.415977478027344,170.01348876953125,168.6747589111328,595.531982421875,380.737548828125,363.62445068359375,224.3520965576172,229.73451232910156,262.1277160644531,179.33547973632812,19.739999771118164,762.5625610351562,553.2899780273438,239.69711303710938,154.2676544189453,262.1167297363281,760.7843017578125,138.99142456054688,70.94758605957031,461.62066650390625,745.4826049804688,475.35205078125,224.32693481445312,82.11312866210938,579.6693725585938,260.5458984375,310.91485595703125,59.58699035644531,720.8880615234375,479.06463623046875,66.50665283203125,83.05010223388672,669.9320678710938,232.707763671875,145.72665405273438,63.83000183105469,58.6482048034668,157.8711700439453,74.75568389892578,127.51410675048828,562.4048461914062,461.2118225097656,417.1179504394531,98.02629089355469,69.61170196533203,1218.97998046875,61.25168228149414,481.4875793457031,1012.1099853515625,244.06898498535156,137.3627166748047,191.03466796875,165.92886352539062,91.37866973876953,40.990882873535156,194.86000061035156,91.4691390991211,128.23475646972656,23.062057495117188,166.64041137695312,288.5108642578125,658.7347412109375,106.76963806152344,179.69586181640625,170.87364196777344,303.5266418457031,113.16361999511719,,70.93000030517578,144.92967224121094,490.06585693359375,564.9258422851562,136.85726928710938,84.631591796875,87.86216735839844,354.671875,32.79896545410156,466.1499938964844,89.23249053955078,512.6963500976562,76.79474639892578,379.1839904785156,27.359132766723633,1360.238525390625,92.3188247680664,128.02296447753906,395.7043151855469,242.20632934570312,342.69000244140625,428.4439697265625,182.8881072998047,300.6751708984375,217.53146362304688,95.55540466308594,42.68544387817383,364.6783142089844,127.25975799560547,445.42999267578125,42.664886474609375,74.28360748291016,240.36036682128906,99.53751373291016,102.09992218017578,168.85537719726562
2025-06-03,203.03956604003906,184.3177947998047,132.52320861816406,311.3428649902344,412.489990234375,216.5834197998047,46.87785339355469,323.22772216796875,299.5199890136719,343.8200378417969,161.27777099609375,117.30999755859375,287.2398376464844,209.8735809326172,205.7100067138672,94.5,373.6957092285156,279.6446228027344,91.39136505126953,,255.80857849121094,295.891357421875,3748.0,213.42999267578125,44.142887115478516,168.71974182128906,5456.24072265625,972.3653564453125,46.82050323486328,,103.0999984741211,76.02996826171875,70.59212493896484,,295.4161376953125,97.69782257080078,293.3299865722656,390.79998779296875,310.1037902832031,89.47993469238281,33.98444747924805,279.6854248046875,50.06999969482422,87.19071197509766,1054.1295166015625,263.59228515625,63.59130096435547,31.733184814453125,227.1173553466797,62.90396499633789,138.0136260986328,509.7503967285156,191.41677856445312,113.11762237548828,115.72954559326172,264.13580322265625,375.2491760253906,119.91693115234375,110.82991027832031,889.4140625,324.8938293457031,77.72000122070312,10.054972648620605,39.964378356933594,216.9796905517578,162.11000061035156,,273.429443359375,248.20379638671875,107.81050109863281,48.77810287475586,167.35906982421875,165.8307342529297,600.6148071289062,381.6341857910156,368.68414306640625,225.5956268310547,231.74998474121094,263.41900634765625,178.36082458496094,20.290000915527344,762.2335815429688,551.8499755859375,242.2753448486328,153.2947998046875,263.71124267578125,774.1052856445312,136.852783203125,70.119873046875,468.82464599609375,749.1346435546875,476.6922607421875,227.58956909179688,83.28787994384766,580.4173583984375,263.727783203125,310.6264953613281,63.40055847167969,714.0262451171875,481.2007751464844,66.04363250732422,84.83527374267578,665.8878173828125,232.80690002441406,147.44871520996094,63.9900016784668,58.39670181274414,161.07334899902344,75.62824249267578,127.79217529296875,564.6077880859375,462.2101745605469,420.1430358886719,102.08991241455078,70.40555572509766,1217.93994140625,62.04754638671875,486.3086242675781,1010.8800048828125,246.77577209472656,141.2022247314453,197.1280517578125,168.4889678955078,91.4713363647461,42.227333068847656,197.1199951171875,93.2532730102539,129.15553283691406,22.95392608642578,165.71673583984375,287.0220642089844,663.1343383789062,107.03471374511719,179.32220458984375,173.2018585205078,297.19683837890625,114.83711242675781,,71.33000183105469,147.212890625,487.12030029296875,566.1021728515625,136.8970947265625,86.03234100341797,87.75247192382812,356.98687744140625,33.55647277832031,466.260009765625,88.88523864746094,511.4085388183594,76.568359375,379.3333435058594,27.388519287109375,1362.2781982421875,94.75243377685547,127.71394348144531,399.1576232910156,243.02346801757812,344.2699890136719,430.8233337402344,186.73033142089844,297.22161865234375,220.40353393554688,96.2620620727539,43.429161071777344,365.21734619140625,129.8882598876953,446.4800109863281,42.4036750793457,75.20817565917969,238.46408081054688,99.74703216552734,102.84300994873047,169.73245239257812
2025-06-04,202.590087890625,184.40638732910156,131.77984619140625,314.825439453125,413.9100036621094,217.63925170898438,46.83819580078125,322.9109191894531,298.3599853515625,334.9469299316406,161.46722412109375,118.58000183105469,284.700439453125,210.82760620117188,207.22999572753906,94.94000244140625,371.8395690917969,276.604248046875,91.62063598632812,,260.0213928222656,294.4386901855469,3717.0400390625,211.97999572753906,43.85618209838867,168.99655151367188,5537.8896484375,979.1373901367188,46.684200286865234,,102.43000030517578,75.90081787109375,71.18038177490234,,290.8016357421875,98.059814453125,294.3999938964844,388.7699890136719,308.5615539550781,89.0652084350586,33.768733978271484,275.296630859375,52.15999984741211,85.24674224853516,1050.2349853515625,262.2966003417969,63.62093734741211,31.802906036376953,226.90777587890625,62.884178161621094,135.8576202392578,504.4159240722656,192.43336486816406,113.00808715820312,114.98596954345703,265.7479553222656,376.3482971191406,121.13214111328125,108.8160629272461,906.6687622070312,326.1302185058594,77.8499984741211,10.104310989379883,40.58013153076172,216.10104370117188,164.16000366210938,,272.4289855957031,250.20843505859375,107.50479888916016,47.396087646484375,169.03555297851562,167.6968231201172,596.0194091796875,380.2394104003906,368.01214599609375,226.2720947265625,229.1785125732422,263.7368469238281,178.1519775390625,20.25,764.3767700195312,557.9500122070312,243.51014709472656,152.10354614257812,261.68096923828125,780.3916625976562,135.80308532714844,70.32679748535156,472.263671875,764.16162109375,478.71746826171875,227.18174743652344,84.39293670654297,582.5715942382812,261.2640686035156,309.8111267089844,64.22484588623047,708.6127319335938,484.6445617675781,65.63972473144531,84.894775390625,686.9573974609375,230.2891082763672,146.13478088378906,63.15999984741211,57.3713493347168,156.0811309814453,76.73609924316406,127.27577209472656,565.1061401367188,463.1086730957031,415.3565673828125,103.08834838867188,69.34376525878906,1239.6600341796875,62.44548034667969,489.3666076660156,1012.739990234375,246.19859313964844,141.9021453857422,208.0862274169922,167.45298767089844,91.10600280761719,41.45579147338867,194.07000732421875,92.28645324707031,129.0477752685547,22.99324607849121,164.8228302001953,281.9461364746094,663.5632934570312,106.45545959472656,177.6407928466797,171.7774200439453,297.17724609375,111.38121032714844,,72.80000305175781,147.3216094970703,484.19476318359375,566.24169921875,137.94248962402344,87.5324478149414,87.23394012451172,361.4372253417969,32.97611618041992,473.19000244140625,87.59546661376953,513.0457153320312,75.2297134399414,380.8665466308594,26.800783157348633,1355.49462890625,92.93217468261719,127.66411590576172,402.88043212890625,241.11021423339844,332.04998779296875,430.69390869140625,189.35137939453125,296.3927917480469,219.49917602539062,96.72335052490234,42.95944595336914,367.3536071777344,125.51403045654297,445.8500061035156,41.83287811279297,74.93975067138672,237.1734161376953,99.11849212646484,101.35684204101562,168.02813720703125
2025-06-05,200.40257263183594,184.5343475341797,132.7511444091797,313.810546875,415.20001220703125,217.18106079101562,46.580406188964844,322.9307556152344,298.2200012207031,326.7410583496094,163.72076416015625,115.69000244140625,284.7897033691406,212.65695190429688,207.91000366210938,95.18000030517578,369.71405029296875,272.6656188964844,92.22871398925781,,258.8760986328125,294.4685363769531,3725.25,209.02000427246094,43.87595748901367,169.08551025390625,5551.36279296875,980.8294067382812,46.57710266113281,,102.83000183105469,76.16905212402344,71.19036102294922,,290.5425109863281,98.10871887207031,296.2900085449219,391.2699890136719,309.45703125,89.0158462524414,33.55302429199219,272.3443298339844,52.599998474121094,84.65165710449219,1009.4115600585938,266.2534484863281,63.84819412231445,31.613662719726562,226.43873596191406,62.39946746826172,135.39279174804688,507.36627197265625,191.5064697265625,112.05216217041016,114.7480239868164,265.6384582519531,380.8834228515625,122.01864624023438,109.07147979736328,904.2236328125,325.531982421875,77.7699966430664,9.966166496276855,41.404441833496094,213.9685516357422,165.3800048828125,,271.82476806640625,251.24563598632812,108.92478942871094,46.9785041809082,169.4546661376953,167.8564910888672,602.6538696289062,380.0799865722656,367.19677734375,225.49612426757812,225.53477478027344,265.0678405761719,177.5850830078125,19.989999771118164,764.2073364257812,558.0599975585938,243.11500549316406,152.54034423828125,259.43280029296875,790.1703491210938,132.7324981689453,69.87351989746094,468.7648620605469,764.001953125,474.5677490234375,226.38597106933594,84.53231811523438,583.8781127929688,259.14947509765625,307.2357482910156,63.926910400390625,710.7501831054688,486.6609191894531,65.38359832763672,86.28324890136719,683.6322021484375,226.85935974121094,145.58731079101562,63.0,57.448734283447266,157.33416748046875,76.09883880615234,129.7187957763672,562.2752685546875,466.91241455078125,414.0828552246094,106.12358856201172,70.95133972167969,1250.52001953125,62.34599685668945,486.208984375,1017.5999755859375,245.72093200683594,139.97239685058594,204.99493408203125,170.48126220703125,91.45333099365234,41.366764068603516,197.11000061035156,92.14691162109375,128.43064880371094,22.727827072143555,161.69422912597656,279.9776916503906,660.4007568359375,105.8565673828125,178.9190673828125,171.6202392578125,294.4042663574219,111.13365173339844,,72.47000122070312,146.72500610351562,482.33758544921875,567.7171020507812,138.460205078125,86.41978454589844,86.9946060180664,357.10662841796875,32.817386627197266,482.20001220703125,87.68475341796875,514.862548828125,74.75724792480469,381.41412353515625,27.19260597229004,1351.5555419921875,92.51667785644531,126.9663314819336,397.59063720703125,244.0398712158203,284.70001220703125,428.90191650390625,189.123046875,291.91302490234375,219.28053283691406,95.07449340820312,42.74415588378906,366.1257629394531,125.85126495361328,443.82000732421875,41.89091873168945,74.46255493164062,236.9252166748047,97.73173522949219,100.89117431640625,168.04808044433594
2025-06-06,203.68882751464844,186.85740661621094,132.39434814453125,316.0692138671875,416.9200134277344,221.3844451904297,47.016658782958984,323.5048522949219,297.8599853515625,328.0482177734375,166.26348876953125,116.19000244140625,287.9936828613281,209.03758239746094,213.57000732421875,97.25,370.3127746582031,276.1797790527344,93.06607818603516,,245.92880249023438,300.94573974609375,3719.239990234375,210.8000030517578,44.72125244140625,171.47799682617188,5604.96044921875,984.4025268554688,47.13205337524414,,102.08999633789062,77.74866485595703,70.83141326904297,,292.8348083496094,96.8075180053711,296.95001220703125,396.45001220703125,310.6112060546875,89.1047134399414,34.0236701965332,271.6904296875,52.5,86.50635528564453,1013.5358276367188,273.5989685058594,65.27098846435547,32.10171127319336,227.19720458984375,62.894073486328125,138.66636657714844,516.5449829101562,195.363525390625,113.41635131835938,114.24240112304688,265.7678527832031,389.5081481933594,123.0246810913086,112.03821563720703,908.8851928710938,330.487548828125,77.5199966430664,10.124046325683594,41.19588088989258,216.81185913085938,166.7100067138672,,273.86529541015625,254.9457244873047,110.89698791503906,47.34755325317383,174.55398559570312,173.3149871826172,610.7306518554688,382.9093933105469,365.2577819824219,227.59519958496094,229.0494384765625,267.0643310546875,177.7044219970703,20.059999465942383,769.1317138671875,557.0800170898438,244.54736328125,153.90036010742188,263.17645263671875,806.245361328125,132.24728393554688,70.30708312988281,471.20703125,768.1927490234375,478.20123291015625,224.0782470703125,85.96591186523438,588.545654296875,264.9546813964844,305.6248779296875,64.80084991455078,712.0386352539062,488.0683898925781,65.16686248779297,86.71961975097656,696.703369140625,227.99929809570312,144.830810546875,63.40999984741211,57.30363845825195,159.23358154296875,77.4223861694336,130.9105224609375,566.8306884765625,469.6080017089844,415.87408447265625,108.39002990722656,71.60627746582031,1241.469970703125,62.47532272338867,487.49395751953125,1030.2099609375,249.55223083496094,141.70216369628906,205.7677459716797,173.35018920898438,91.8479995727539,42.07896423339844,199.60000610351562,93.19347381591797,128.77032470703125,22.95392608642578,162.90594482421875,279.0983581542969,669.6688232421875,106.80890655517578,178.69290161132812,175.48095703125,296.8049011230469,113.17352294921875,,73.43000030517578,148.3955078125,492.4721984863281,571.0865478515625,138.49008178710938,89.05242156982422,88.00177001953125,356.7074890136719,33.601112365722656,486.0,87.56570434570312,518.4562377929688,75.64311981201172,382.2006530761719,27.506067276000977,1371.5787353515625,96.27590942382812,128.04290771484375,401.1238098144531,244.9965057373047,295.1400146484375,427.9540710449219,191.0391845703125,299.1950988769531,222.0432891845703,96.42890930175781,43.81080627441406,369.5697021484375,127.30935668945312,450.5,42.37464904785156,75.88420867919922,235.44577026367188,97.24288177490234,103.30867004394531,169.59291076660156
2025-06-09,201.2216339111328,186.19789123535156,132.2159423828125,315.0443420410156,416.260009765625,226.76316833496094,47.49258041381836,315.3482360839844,297.2099914550781,317.141845703125,169.3047637939453,121.7300033569336,287.6465148925781,209.32281494140625,216.97999572753906,96.80000305175781,353.08892822265625,276.3179931640625,92.66732788085938,,243.28955078125,300.0403137207031,3697.47998046875,217.50999450683594,44.621803283691406,171.5774688720703,5529.89013671875,984.1935424804688,47.70648193359375,,100.04000091552734,77.65924835205078,71.43962097167969,,288.8282775878906,96.87600708007812,301.6600036621094,394.55999755859375,309.8351135253906,89.72679138183594,33.92561340332031,267.0725402832031,51.130001068115234,87.31964874267578,1004.7879638671875,271.3464660644531,65.11290740966797,31.852706909179688,224.14341735839844,63.171051025390625,139.21029663085938,518.2238159179688,198.53286743164062,115.16887664794922,114.48033905029297,265.061279296875,385.79486083984375,125.10646057128906,112.31327819824219,901.9773559570312,324.8639221191406,76.36000061035156,10.202985763549805,42.049991607666016,219.34912109375,166.94000244140625,,274.68743896484375,250.7370147705078,111.42948913574219,47.806365966796875,177.47137451171875,175.93264770507812,610.2532348632812,371.6216125488281,363.1398010253906,225.95375061035156,231.40249633789062,270.2527770996094,175.0092315673828,20.479999542236328,761.9545288085938,526.1500244140625,244.27078247070312,154.09889221191406,264.1767272949219,827.4891357421875,131.39566040039062,70.72093963623047,470.6687927246094,772.0143432617188,477.34747314453125,222.42703247070312,87.90724182128906,582.7711181640625,265.25390625,303.0594482421875,67.58158111572266,707.3742065429688,484.67449951171875,65.70867919921875,86.72953796386719,693.05859375,220.57476806640625,143.56663513183594,63.0,57.13919448852539,159.38275146484375,77.77532958984375,131.03961181640625,556.2245483398438,471.97412109375,410.749267578125,110.77629089355469,71.34827423095703,1224.4599609375,61.589927673339844,489.4363098144531,1026.8599853515625,249.35321044921875,142.612060546875,211.11802673339844,176.4681396484375,89.87333679199219,42.77137756347656,196.3300018310547,94.12042236328125,128.70101928710938,23.56340789794922,161.4558563232422,271.0947265625,668.2920532226562,106.94635772705078,177.6112823486328,175.5890350341797,296.4815368652344,114.9658432006836,,73.55000305175781,154.5305938720703,516.815185546875,571.2959594726562,140.36183166503906,90.07566833496094,87.96188354492188,357.1764831542969,33.84912872314453,495.7699890136719,87.80381774902344,514.1038208007812,73.51704406738281,380.5977478027344,27.290565490722656,1366.1239013671875,96.30558776855469,125.94955444335938,407.74102783203125,237.11428833007812,308.5799865722656,426.7967224121094,197.7804718017578,299.1654968261719,222.74888610839844,97.4692611694336,43.908660888671875,366.0159606933594,127.22007751464844,446.1499938964844,42.22953414916992,76.01344299316406,233.11453247070312,97.2229232788086,104.0022201538086,164.06141662597656
2025-06-10,202.44024658203125,186.5325469970703,132.93946838378906,319.3229675292969,416.05999755859375,232.42079162597656,48.325435638427734,311.3391418457031,297.5400085449219,313.71929931640625,173.2733917236328,123.23999786376953,291.0687561035156,211.073486328125,217.61000061035156,93.69999694824219,350.973388671875,278.25274658203125,92.19880676269531,,243.6381378173828,298.0105895996094,3713.570068359375,215.72999572753906,44.8405876159668,173.4473114013672,5478.54833984375,987.2391357421875,48.650875091552734,,99.33999633789062,77.5201644897461,71.5393295288086,,285.2901916503906,97.7271728515625,305.69000244140625,406.7699890136719,312.0439758300781,90.78333282470703,34.92573547363281,264.833251953125,50.619998931884766,90.43395233154297,1005.87646484375,267.329833984375,64.37186431884766,32.480201721191406,221.76824951171875,63.56673812866211,141.77178955078125,512.4026489257812,201.94140625,118.22583770751953,115.33296966552734,268.066650390625,381.83648681640625,126.44120025634766,115.80064392089844,901.8382568359375,323.2984619140625,75.80000305175781,10.459541320800781,41.90102005004883,225.05548095703125,168.80999755859375,,274.7468566894531,241.35220336914062,108.55992889404297,48.80378341674805,179.8492431640625,178.44041442871094,611.5960083007812,363.56170654296875,365.83453369140625,225.0882568359375,230.32028198242188,274.38482666015625,174.57162475585938,22.079999923706055,759.6817626953125,529.5999755859375,245.9698486328125,155.3100128173828,266.01885986328125,854.7298583984375,131.74224853515625,71.29246520996094,474.0479736328125,805.4209594726562,473.4459228515625,223.70025634765625,90.59523010253906,587.9671020507812,267.3585510253906,298.7340087890625,69.11097717285156,704.0181884765625,484.14544677734375,66.24066162109375,87.23533630371094,701.3865966796875,216.21324157714844,144.392822265625,63.040000915527344,56.64586639404297,161.7396240234375,79.7557373046875,130.9105224609375,556.0650634765625,470.1471252441406,410.22186279296875,113.96129608154297,72.25128936767578,1203.6199951171875,63.539791107177734,486.8863220214844,1009.7899780273438,251.69178771972656,143.94189453125,216.7061004638672,176.79685974121094,91.70999908447266,43.67654037475586,195.9499969482422,94.46927642822266,130.55288696289062,23.88780975341797,161.7339630126953,265.2793273925781,669.3395385742188,107.49615478515625,176.03802490234375,176.24720764160156,297.89251708984375,117.54044342041016,,74.76000213623047,158.2295379638672,522.7362670898438,570.3987426757812,137.91261291503906,90.8306884765625,88.02171325683594,359.9504699707031,35.23801803588867,504.3999938964844,88.59752655029297,513.0256958007812,74.77694702148438,383.35552978515625,27.8391170501709,1340.84228515625,99.68889617919922,125.64054107666016,413.7394104003906,236.14768981933594,326.0899963378906,420.7205810546875,200.83834838867188,299.75750732421875,225.19361877441406,100.56087493896484,44.27073669433594,370.04888916015625,130.86032104492188,451.5199890136719,42.693912506103516,75.00933837890625,233.11453247070312,97.09322357177734,106.23147583007812,166.54312133789062
2025-06-11,198.55465698242188,188.50123596191406,134.07925415039062,317.63140869140625,412.8399963378906,231.6239471435547,48.25602722167969,309.21087646484375,296.7699890136719,312.262451171875,172.2961883544922,121.13999938964844,289.4617919921875,210.82760620117188,213.1999969482422,94.20999908447266,348.7480773925781,278.5784912109375,92.77698516845703,,251.88455200195312,297.59271240234375,3658.590087890625,214.0,44.48257827758789,171.7863311767578,5456.88525390625,988.632568359375,48.83585739135742,,99.4000015258789,77.86787414550781,72.2671890258789,,284.6523132324219,97.27713012695312,307.20001220703125,399.7900085449219,308.64117431640625,90.95118713378906,34.49431228637695,268.3663330078125,51.790000915527344,92.58619689941406,995.4010009765625,265.0274963378906,63.42333221435547,32.19135284423828,221.26927185058594,65.010986328125,143.18603515625,517.3894653320312,204.0343780517578,119.01248168945312,115.35279083251953,266.6435852050781,378.8626708984375,125.99296569824219,117.8046646118164,888.2809448242188,324.76422119140625,75.47000122070312,10.518745422363281,40.72909927368164,221.14593505859375,168.07000732421875,,273.2214050292969,244.86277770996094,107.78091430664062,49.74135971069336,178.63034057617188,177.1915283203125,620.8464965820312,366.2217712402344,358.4265441894531,224.65054321289062,230.08200073242188,279.62939453125,176.53086853027344,20.68000030517578,762.3233642578125,522.4099731445312,243.61878967285156,154.12867736816406,265.57318115234375,870.1063842773438,131.55410766601562,71.01655578613281,467.0503234863281,806.8378295898438,453.29296875,220.42767333984375,90.54544830322266,589.1639404296875,265.3835754394531,300.0167236328125,69.12090301513672,716.90283203125,482.66815185546875,65.95497131347656,87.33451080322266,693.1384887695312,215.39048767089844,146.50306701660156,62.59000015258789,57.95173645019531,163.7484588623047,78.74592590332031,130.9005889892578,552.6559448242188,471.8443298339844,407.0673828125,115.84833526611328,72.43982696533203,1219.8800048828125,62.783721923828125,486.54766845703125,1004.3300170898438,250.10951232910156,142.8219451904297,215.4081573486328,175.70111083984375,90.01000213623047,44.60159683227539,194.38999938964844,93.57221984863281,128.64158630371094,24.064756393432617,161.00892639160156,263.01116943359375,670.1576538085938,106.52417755126953,180.3054962158203,174.60665893554688,294.1103210449219,119.76846313476562,,74.61000061035156,158.57754516601562,517.813720703125,567.786865234375,141.1881866455078,94.76472473144531,88.15135192871094,356.3582458496094,35.40666580200195,500.7300109863281,88.8455581665039,513.0856323242188,74.78678131103516,379.40301513671875,27.760753631591797,1337.6422119140625,97.05743408203125,124.13532257080078,414.34820556640625,230.12890625,326.42999267578125,421.9976501464844,198.25701904296875,306.4376525878906,224.31907653808594,99.28498077392578,43.25301742553711,372.654296875,132.97305297851562,452.44000244140625,42.31660461425781,74.49237823486328,233.41339111328125,95.57677459716797,108.30220794677734,165.7756805419922
2025-06-12,198.97418212890625,189.40682983398438,135.23886108398438,316.5468444824219,413.67999267578125,231.20559692382812,49.23760986328125,306.6174011230469,298.57000732421875,319.45684814453125,174.4998779296875,118.5,294.897705078125,214.11256408691406,213.24000549316406,95.7699966430664,355.03485107421875,279.6347351074219,94.30216217041016,,255.03175354003906,296.4883117675781,3683.469970703125,203.75,44.37318801879883,173.51693725585938,5452.56298828125,983.6062622070312,49.351863861083984,,98.55999755859375,77.71886444091797,72.2671890258789,,288.32000732421875,97.86414337158203,307.8500061035156,396.8999938964844,313.7851867675781,91.96823120117188,34.582557678222656,269.67010498046875,50.88999938964844,93.91523742675781,1001.3228149414062,266.0242004394531,64.32246398925781,32.26107406616211,223.1155242919922,65.63418579101562,143.3739471435547,513.435791015625,204.41311645507812,118.1063461303711,116.27482604980469,269.6390380859375,384.1239929199219,126.22206115722656,118.46284484863281,890.9844360351562,329.3807678222656,75.88999938964844,10.390467643737793,40.8979377746582,222.13319396972656,168.02000427246094,,277.28265380859375,239.3475799560547,110.4926986694336,49.132930755615234,176.8119659423828,175.54299926757812,621.781494140625,370.2865905761719,361.111328125,224.8793487548828,233.2789764404297,279.1426696777344,178.1022491455078,20.770000457763672,763.7787475585938,513.0,243.01622009277344,155.5184783935547,265.66229248046875,873.099853515625,132.58395385742188,71.18407440185547,469.0339660644531,810.2503662109375,465.8711853027344,222.31761169433594,91.2522964477539,587.7078857421875,262.560791015625,301.4486083984375,67.46240234375,729.92724609375,480.1427001953125,67.10758209228516,87.76097106933594,692.359619140625,217.48204040527344,144.1041717529297,63.689998626708984,57.96140670776367,164.15618896484375,80.2165298461914,131.00982666015625,553.4234619140625,478.0840759277344,411.04779052734375,115.99810791015625,73.27338409423828,1215.030029296875,62.47532272338867,495.1837463378906,1007.3699951171875,250.24884033203125,144.9918212890625,215.3982391357422,199.09072875976562,91.05000305175781,44.52201843261719,197.6699981689453,93.33301544189453,131.01834106445312,24.418651580810547,162.07164001464844,268.20703125,665.2792358398438,106.46527862548828,181.02330017089844,174.60665893554688,293.6055603027344,120.33289337158203,,74.80999755859375,157.8019561767578,521.048828125,570.2492065429688,140.36183166503906,93.70174407958984,88.25106811523438,355.4302673339844,35.347145080566406,494.989990234375,89.64918518066406,504.98974609375,75.03286743164062,378.8155822753906,27.692184448242188,1343.4620361328125,98.22477722167969,124.0655517578125,414.5278625488281,227.8967742919922,319.1099853515625,423.3446044921875,198.22723388671875,314.27227783203125,224.09051513671875,99.04942321777344,43.213871002197266,370.74761962890625,132.4176025390625,460.05999755859375,41.7554817199707,73.5777587890625,236.2626953125,94.6090316772461,108.71833801269531,168.25738525390625
2025-06-13,196.227294921875,188.0878143310547,134.41622924804688,310.1587829589844,391.67999267578125,224.14352416992188,51.55770492553711,305.2345886230469,292.1600036621094,315.9544677734375,170.10247802734375,116.16000366210938,292.8443603515625,212.92306518554688,212.10000610351562,92.3499984741211,352.26068115234375,276.7621765136719,92.19880676269531,,247.69161987304688,286.3397216796875,3642.60009765625,200.32000732421875,43.84611892700195,171.2790985107422,5289.27392578125,967.2534790039062,48.436683654785156,,99.73999786376953,75.86107635498047,71.03082275390625,,286.7900085449219,97.29356384277344,300.0,388.7200012207031,315.8049621582031,89.12446594238281,34.32762145996094,268.2170715332031,50.2400016784668,96.16666412353516,988.840087890625,257.54241943359375,63.324520111083984,31.992149353027344,221.5287322998047,66.73220825195312,144.30360412597656,506.2139587402344,199.99794006347656,117.43919372558594,115.8584213256836,262.9316101074219,382.4630432128906,125.04669952392578,123.07012176513672,887.2273559570312,322.7201843261719,75.1500015258789,10.291793823242188,40.65958023071289,221.52110290527344,163.02000427246094,,280.3236083984375,235.9666748046875,109.22151947021484,48.52450942993164,175.7229461669922,174.513916015625,610.2730712890625,369.79840087890625,352.6592712402344,223.12844848632812,233.57681274414062,275.3582763671875,177.94268798828125,20.139999389648438,751.5874633789062,512.1799926757812,238.54135131835938,155.9552764892578,262.4039611816406,865.7857666015625,129.56370544433594,70.47947692871094,464.49847412109375,817.5642700195312,482.9267883300781,216.12057495117188,89.1218032836914,560.5305786132812,254.3417205810547,300.2056579589844,65.27754974365234,727.3303833007812,471.0291442871094,65.93527221679688,86.55101776123047,681.884765625,215.47972106933594,141.66543579101562,63.060001373291016,57.85500717163086,165.23019409179688,80.10868835449219,128.5966033935547,541.0031127929688,474.18048095703125,407.17657470703125,115.41900634765625,74.20616912841797,1212.1500244140625,60.21706008911133,514.697021484375,988.6599731445312,247.3927764892578,141.9619903564453,208.95809936523438,214.39161682128906,89.91000366210938,46.20303726196289,196.27000427246094,91.57878112792969,129.5823974609375,24.123741149902344,159.19134521484375,267.6374816894531,652.53955078125,105.3263931274414,181.24945068359375,170.3136749267578,291.92303466796875,120.95674133300781,,70.83000183105469,153.844482421875,528.4375610351562,559.0043334960938,145.05117797851562,92.64868927001953,87.11427307128906,335.1541442871094,36.01182174682617,478.8599853515625,89.6392593383789,500.6173400878906,72.9166259765625,375.6396484375,27.613819122314453,1346.989501953125,94.34683227539062,123.51729583740234,402.3987731933594,227.19923400878906,325.30999755859375,420.4312438964844,193.60067749023438,309.36822509765625,221.98365783691406,98.14647674560547,42.06894302368164,352.230224609375,133.02264404296875,455.45001220703125,41.61035919189453,71.93739318847656,235.61512756347656,94.21994018554688,111.0863037109375,163.7823486328125
2025-06-16,198.195068359375,187.8712615966797,132.82052612304688,312.7657470703125,401.7300109863281,230.88687133789062,53.69933319091797,306.3189697265625,299.29998779296875,315.6451110839844,176.04544067382812,126.38999938964844,293.1816101074219,213.1014862060547,216.10000610351562,95.08999633789062,349.306884765625,276.8214111328125,93.08600616455078,,251.07785034179688,292.7373046875,3603.169921875,201.6999969482422,44.16434860229492,171.16969299316406,5359.8125,977.4851684570312,47.37545394897461,,101.48999786376953,77.55990600585938,70.83141326904297,,286.42999267578125,97.89676666259766,300.80999755859375,375.2300109863281,312.85986328125,88.97634887695312,34.42567825317383,266.2365417480469,52.540000915527344,94.22270202636719,982.9981689453125,263.0042419433594,64.7275619506836,32.43040084838867,222.0177459716797,66.9795150756836,144.4222869873047,520.965576171875,200.4364776611328,118.97265625,114.41094207763672,264.852294921875,374.486572265625,128.17434692382812,121.00715637207031,882.7645874023438,337.02850341796875,74.81999969482422,10.479275703430176,41.6229362487793,223.88064575195312,164.88999938964844,,276.6487121582031,235.90679931640625,110.06565856933594,49.142906188964844,177.78109741210938,176.61204528808594,624.5068969726562,367.9317321777344,351.5654602050781,222.9294891357422,233.7058868408203,279.9372863769531,179.2989044189453,20.739999771118164,765.6427612304688,519.0399780273438,241.47520446777344,154.08897399902344,267.7619323730469,890.442138671875,129.39537048339844,69.98328399658203,465.1164855957031,805.8101196289062,463.6772155761719,214.93687438964844,92.99451446533203,567.1527709960938,257.2543029785156,294.6174011230469,67.72061920166016,718.710693359375,476.0600891113281,66.21111297607422,87.19566345214844,701.6464233398438,214.73626708984375,144.4027862548828,63.880001068115234,57.864845275878906,165.85670471191406,80.16809844970703,129.99685668945312,545.6283569335938,478.3536376953125,406.5379943847656,119.65237426757812,73.2138442993164,1225.3499755859375,61.579978942871094,495.57220458984375,1005.1300048828125,250.9056396484375,144.6818389892578,215.5270538330078,210.28746032714844,88.12000274658203,45.088993072509766,198.11000061035156,92.3960952758789,130.136962890625,23.986114501953125,159.7872772216797,266.2185974121094,660.2711791992188,104.87477111816406,180.22683715820312,172.05247497558594,291.5370178222656,122.41238403320312,,72.26000213623047,155.98231506347656,521.8875122070312,563.8990478515625,145.81781005859375,92.86724853515625,88.7197494506836,335.034423828125,35.62491989135742,479.4100036621094,88.2403564453125,504.1212463378906,72.621337890625,375.46044921875,27.398313522338867,1335.5650634765625,96.32537841796875,123.87614440917969,404.7166748046875,230.17874145507812,329.1300048828125,425.63934326171875,197.79039001464844,305.7311706542969,223.25570678710938,99.21627044677734,42.22551345825195,354.8556213378906,136.64305114746094,450.9100036621094,41.1169548034668,72.7227783203125,233.7820281982422,94.0702896118164,111.44298553466797,163.83218383789062
2025-06-17,195.418212890625,182.57550048828125,131.10589599609375,310.4772033691406,382.67999267578125,226.54403686523438,53.63984298706055,306.03045654296875,296.8500061035156,315.445556640625,173.59246826171875,127.0999984741211,287.7159423828125,213.2600860595703,214.82000732421875,89.68000030517578,350.07525634765625,273.4848937988281,92.67158508300781,,248.35890197753906,291.33441162109375,3604.64990234375,200.25999450683594,43.98534393310547,169.0213623046875,5291.93896484375,964.6258544921875,45.98320388793945,,101.7300033569336,76.85454559326172,69.57511138916016,,283.79998779296875,97.7088851928711,299.0,373.6199951171875,310.9395751953125,87.51496887207031,33.85697937011719,268.4161071777344,51.380001068115234,94.7186050415039,976.3673095703125,261.8879699707031,64.54972076416016,31.992149353027344,220.87008666992188,66.36620330810547,147.21124267578125,519.654296875,195.09442138671875,117.62837982177734,113.80616760253906,260.7122497558594,373.1538391113281,126.8695068359375,122.44140625,881.3829956054688,329.55029296875,73.2699966430664,10.281926155090332,41.08663558959961,219.6946563720703,163.44000244140625,,278.6396789550781,235.1189422607422,107.25517272949219,48.155460357666016,177.0717315673828,175.7927703857422,621.3140258789062,371.78485107421875,346.81243896484375,220.6414031982422,239.7225341796875,281.14910888671875,180.48558044433594,20.799999237060547,762.472900390625,512.1099853515625,238.2449951171875,151.26966857910156,266.9300231933594,891.060791015625,127.67233276367188,69.09014129638672,459.4346008300781,789.5059204101562,475.8682556152344,210.7988739013672,92.24784851074219,567.9307861328125,255.5486602783203,290.65985107421875,67.22406005859375,723.514892578125,470.3803405761719,65.36388397216797,85.4600830078125,696.7597045898438,214.14151000976562,141.55593872070312,62.779998779296875,58.05182647705078,169.13844299316406,77.51431274414062,129.19244384765625,546.8046264648438,477.25543212890625,405.4903869628906,120.1515884399414,71.30857849121094,1220.6700439453125,59.68980026245117,501.9969482421875,1004.9099731445312,249.2039337158203,144.1118621826172,210.87034606933594,207.37869262695312,88.80000305175781,45.73553466796875,202.0500030517578,90.80133819580078,128.03749084472656,23.592899322509766,157.4433135986328,265.5591125488281,650.6640014648438,104.1611328125,180.3939971923828,170.1466827392578,290.646240234375,123.32339477539062,,70.66999816894531,153.58596801757812,508.0884704589844,560.82861328125,147.8289337158203,90.98963165283203,88.70977020263672,330.31463623046875,35.79357147216797,475.3999938964844,87.72444152832031,500.1980895996094,72.9166259765625,371.7269287109375,27.084856033325195,1333.675048828125,94.00057983398438,122.62014770507812,389.9100036621094,220.6522979736328,316.3500061035156,420.989990234375,196.27137756347656,306.93359375,219.22091674804688,97.82258605957031,41.775367736816406,357.2114562988281,140.62054443359375,441.989990234375,40.48810577392578,72.07657623291016,233.42337036132812,94.03038024902344,112.94896697998047,161.13121032714844
2025-06-18,196.35714721679688,182.58535766601562,131.23472595214844,304.8553161621094,378.0400085449219,228.74533081054688,53.53078079223633,305.1848449707031,295.19000244140625,316.4433898925781,172.34603881835938,126.79000091552734,287.2993469238281,213.59710693359375,212.52000427246094,90.23999786376953,350.09521484375,271.8363952636719,93.34066009521484,,250.24124145507812,294.9262390136719,3603.6298828125,197.67999267578125,44.81075668334961,167.67864990234375,5277.1748046875,974.9172973632812,45.6035041809082,,101.37000274658203,77.83807373046875,69.65487670898438,,282.1499938964844,98.27252960205078,296.8399963378906,377.42999267578125,312.8200378417969,87.08050537109375,33.59223937988281,270.8046875,51.83000183105469,93.03252410888672,973.55126953125,259.0489196777344,65.0536117553711,32.11167526245117,219.97190856933594,66.118896484375,146.55850219726562,521.501953125,193.78880310058594,117.35953521728516,113.59796905517578,259.5949401855469,373.86993408203125,128.15444946289062,121.59657287597656,881.472412109375,333.88763427734375,73.9800033569336,10.291793823242188,40.8979377746582,220.45486450195312,161.36000061035156,,275.8959045410156,235.258544921875,107.25517272949219,47.96595001220703,173.8246307373047,173.16513061523438,631.8575439453125,376.18695068359375,345.0722961425781,220.7209930419922,241.6585693359375,281.30804443359375,179.25900268554688,21.489999771118164,752.4348754882812,509.489990234375,238.37342834472656,149.63168334960938,271.3273620605469,869.2681884765625,126.71179962158203,68.68325805664062,457.2416076660156,783.3095703125,465.2060546875,209.7146453857422,92.05821228027344,537.2926635742188,256.8752746582031,287.9949951171875,67.5517807006836,728.0394897460938,469.66162109375,65.36388397216797,85.02371215820312,695.3007202148438,212.4464569091797,141.85455322265625,63.189998626708984,58.54387664794922,166.4931640625,78.51443481445312,131.60569763183594,541.9899291992188,479.4518127441406,403.82415771484375,121.6292724609375,71.02080535888672,1222.2900390625,59.20233154296875,492.71343994140625,982.0800170898438,251.7017364501953,145.47178649902344,209.50303649902344,210.05833435058594,88.31999969482422,45.108882904052734,199.77999877929688,90.4225845336914,127.81963348388672,23.474933624267578,156.9467010498047,260.1234130859375,650.7437133789062,104.15122985839844,179.55819702148438,172.18019104003906,287.82550048828125,123.60066223144531,,68.56999969482422,152.7606658935547,512.8013305664062,554.0198974609375,145.23037719726562,91.67510986328125,89.6571044921875,330.7536926269531,35.56539535522461,473.6199951171875,87.93279266357422,501.75537109375,73.22174835205078,371.617431640625,27.094650268554688,1323.476318359375,94.09951782226562,122.1516342163086,392.2079162597656,220.21385192871094,322.04998779296875,418.9046936035156,196.9266357421875,305.2740783691406,220.63209533691406,97.3711166381836,42.34294509887695,339.7821350097656,138.2895965576172,448.3999938964844,40.31396484375,74.3034896850586,232.347412109375,94.86841583251953,112.14643859863281,154.54322814941406
2025-06-20,200.7721405029297,182.39834594726562,131.80960083007812,283.9498596191406,376.9200134277344,227.45045471191406,53.154014587402344,304.677490234375,297.2099914550781,319.4668273925781,168.9757080078125,128.24000549316406,287.0017395019531,215.5796356201172,209.69000244140625,86.25,353.9571228027344,267.0191955566406,93.69017028808594,,249.5624237060547,297.08526611328125,3655.330078125,198.75,45.248321533203125,167.50958251953125,5294.9140625,969.8611450195312,45.62297058105469,,101.30000305175781,77.93742370605469,70.26309204101562,,283.82000732421875,99.0636215209961,295.3999938964844,386.3699951171875,312.77032470703125,86.6756591796875,33.85697937011719,272.6856689453125,52.779998779296875,93.91523742675781,978.9337768554688,260.17694091796875,65.52789306640625,31.932390213012695,218.20550537109375,65.85181427001953,147.90353393554688,517.9258422851562,195.73226928710938,117.13050842285156,114.41094207763672,260.6025390625,372.4874572753906,127.82573699951172,123.10941314697266,877.5265502929688,330.2681884765625,73.83000183105469,10.449673652648926,39.94451141357422,223.15992736816406,163.3800048828125,,276.1435241699219,238.72923278808594,107.75172424316406,48.07566833496094,167.58021545410156,166.4910888671875,637.387939453125,376.8258361816406,347.647705078125,220.65135192871094,237.90560913085938,279.0830993652344,177.93270874023438,21.079999923706055,758.7247924804688,509.3599853515625,237.6918182373047,148.6985321044922,272.35736083984375,848.1541748046875,127.03857421875,68.31607055664062,454.4106140136719,761.058349609375,467.15185546875,211.62448120117188,90.31166076660156,531.548095703125,259.52850341796875,285.83721923828125,68.49524688720703,720.0590209960938,469.1525573730469,67.29476165771484,85.62867736816406,681.8897094726562,214.31993103027344,143.36756896972656,63.09000015258789,58.799739837646484,168.18374633789062,78.28668212890625,131.7943878173828,543.046630859375,476.6164855957031,405.33074951171875,123.40647888183594,70.98110961914062,1231.4100341796875,59.48088836669922,495.75152587890625,971.4099731445312,251.9505157470703,143.84188842773438,207.07559204101562,204.38027954101562,89.69000244140625,45.387393951416016,199.24000549316406,90.69169616699219,127.81963348388672,23.56340789794922,157.99949645996094,261.8021240234375,651.1826782226562,104.7558364868164,180.22683715820312,174.2628173828125,287.10296630859375,123.56105041503906,,70.05000305175781,150.46372985839844,508.9471740722656,560.2404174804688,145.99700927734375,92.50961303710938,88.95906829833984,332.779296875,35.555477142333984,470.5299987792969,88.59752655029297,503.3226623535156,72.89693450927734,373.90728759765625,27.202404022216797,1349.637451171875,94.51500701904297,123.10858917236328,397.5231628417969,220.7419891357422,322.1600036621094,418.7450866699219,196.7777099609375,300.1166076660156,221.12899780273438,97.43000030517578,42.36251449584961,337.9753112792969,139.9559783935547,440.8699951171875,40.34299087524414,74.95964050292969,231.07220458984375,95.89602661132812,113.64250946044922,156.6461944580078
2025-06-23,201.27157592773438,180.8824462890625,132.0771942138672,293.5319519042969,380.1199951171875,230.07008361816406,52.370731353759766,308.63690185546875,300.95001220703125,323.4182434082031,171.46856689453125,129.5800018310547,270.2476806640625,219.69337463378906,208.47000122070312,91.94999694824219,359.1961364746094,269.66473388671875,95.11819458007812,,253.33595275878906,298.12005615234375,3709.5400390625,201.30999755859375,46.04389572143555,168.80255126953125,5324.25390625,981.6654052734375,45.68138885498047,,102.36000061035156,78.84147644042969,71.5692367553711,,288.19000244140625,101.3874282836914,293.55999755859375,392.5799865722656,315.37713623046875,87.5544662475586,33.91581344604492,271.3620300292969,53.779998779296875,90.9596176147461,1003.0902709960938,262.9521179199219,66.57522583007812,32.29095458984375,220.450927734375,66.08921813964844,145.24314880371094,510.6741943359375,195.68243408203125,117.25,115.96748352050781,265.3111877441406,370.3988952636719,128.9014892578125,119.83815002441406,884.5834350585938,331.98321533203125,75.31999969482422,10.607552528381348,40.65958023071289,227.7703857421875,170.5399932861328,,279.6500549316406,247.1466522216797,105.45765686035156,48.39484405517578,165.86175537109375,165.04238891601562,643.4356079101562,378.04364013671875,354.9462890625,223.5761260986328,232.98110961914062,287.2379455566406,179.22909545898438,21.190000534057617,760.1303100585938,515.0900268554688,241.22824096679688,150.21739196777344,275.5959167480469,854.4205322265625,128.8606414794922,69.20922088623047,458.28826904296875,768.9510498046875,469.0380859375,217.4136962890625,91.42945861816406,540.9030151367188,263.4385070800781,287.8855895996094,68.1079330444336,720.9679565429688,475.4112243652344,67.48194122314453,85.25181579589844,698.0588989257812,217.19459533691406,146.92115783691406,63.209999084472656,59.52797317504883,165.68765258789062,79.37592315673828,133.0754852294922,553.3536987304688,485.2023620605469,409.9402770996094,121.88887023925781,70.187255859375,1253.5400390625,60.46576690673828,497.71380615234375,980.4000244140625,255.33399963378906,144.161865234375,208.91847229003906,206.2430877685547,91.26000213623047,43.71632766723633,203.32000732421875,91.44921112060547,127.83943176269531,23.622390747070312,159.93624877929688,266.1686096191406,662.6454467773438,106.18310546875,181.8590850830078,177.5635986328125,291.7349548339844,119.8476791381836,,72.01000213623047,152.27342224121094,511.14385986328125,564.4174194335938,145.170654296875,91.7347183227539,88.13140106201172,343.027099609375,33.46222686767578,470.9800109863281,89.95674133300781,513.6845703125,74.59976959228516,377.491455078125,27.623615264892578,1376.0606689453125,95.494384765625,124.3646011352539,399.8510437011719,226.1828155517578,348.67999267578125,425.94866943359375,199.94480895996094,298.794921875,224.47808837890625,98.5390625,43.1453742980957,343.1462097167969,135.94873046875,443.5400085449219,40.98151397705078,76.56023406982422,233.8318328857422,97.6419448852539,110.70980072021484,156.8156280517578
2025-06-24,200.07293701171875,182.6444091796875,136.85440063476562,299.2234802246094,382.3399963378906,234.05433654785156,52.47979736328125,309.7909240722656,304.19000244140625,325.27423095703125,179.66506958007812,138.42999267578125,275.25701904296875,221.95346069335938,212.77000427246094,94.97000122070312,359.9245910644531,277.38409423828125,95.66743469238281,,263.31884765625,306.825927734375,3577.5400390625,200.94000244140625,46.40190505981445,170.64256286621094,5472.80810546875,1000.2476806640625,45.788482666015625,,104.12000274658203,80.60984802246094,72.24724578857422,,286.7799987792969,102.04007720947266,296.79998779296875,403.5,315.2378234863281,87.07063293457031,34.52372741699219,270.0881042480469,54.650001525878906,88.65859985351562,1000.5338134765625,270.6986389160156,67.07913970947266,32.35071563720703,222.7462615966797,66.85092163085938,141.96958923339844,510.69403076171875,196.8086700439453,118.6500015258789,115.94764709472656,266.19903564453125,374.3771667480469,130.21629333496094,118.55126190185547,901.0032958984375,342.2632751464844,75.8499984741211,10.587817192077637,41.72224807739258,228.04859924316406,172.66000366210938,,278.39202880859375,248.08413696289062,106.46068572998047,48.87360382080078,167.5902099609375,166.62098693847656,658.58447265625,378.3431091308594,358.38677978515625,223.43685913085938,237.08155822753906,291.8169860839844,180.34597778320312,22.549999237060547,756.6215209960938,523.0800170898438,242.80877685546875,151.0810546875,278.5572204589844,887.0994262695312,128.68238830566406,69.67564392089844,461.6874084472656,776.374755859375,456.8669128417969,218.81622314453125,95.44153594970703,556.0426025390625,268.0467834472656,289.8245849609375,69.94519805908203,719.9591674804688,488.1182861328125,67.41297912597656,85.3708267211914,711.7196655273438,217.74969482421875,149.18069458007812,63.56999969482422,58.95719528198242,164.3749542236328,79.53435516357422,134.9623565673828,573.8582763671875,489.30560302734375,417.40338134765625,127.7097396850586,70.85211181640625,1279.1099853515625,61.10245895385742,482.1051330566406,996.3200073242188,256.2097473144531,147.8916473388672,216.49803161621094,214.44142150878906,89.18000030517578,42.25414276123047,201.69000244140625,93.7018051147461,129.78045654296875,23.897640228271484,159.27081298828125,265.7989196777344,673.6493530273438,107.17427062988281,181.4067840576172,178.8112030029297,292.56634521484375,118.29302215576172,,73.58000183105469,154.82888793945312,521.4781494140625,569.2423706054688,141.22802734375,90.90022277832031,89.06876373291016,344.9429626464844,33.23405075073242,478.9800109863281,90.17501068115234,522.0599365234375,74.89505767822266,384.75933837890625,27.70197868347168,1378.1844482421875,96.48365783691406,124.2051010131836,404.00732421875,229.01284790039062,340.4700012207031,428.04388427734375,204.33309936523438,303.7039489746094,226.4954833984375,98.7549819946289,43.58573532104492,351.0123596191406,134.74855041503906,450.2699890136719,41.24272537231445,77.65380859375,233.2639617919922,97.77164459228516,107.34114837646484,157.24420166015625
2025-06-25,201.33151245117188,182.48690795898438,136.18043518066406,293.1339416503906,387.54998779296875,233.75550842285156,51.85515594482422,296.649169921875,302.3699951171875,316.74273681640625,182.54681396484375,143.39999389648438,278.0940246582031,218.2957000732422,211.99000549316406,96.30999755859375,353.7176208496094,278.3712463378906,96.8857421875,,264.19732666015625,307.0348815917969,3489.5400390625,198.89999389648438,46.590850830078125,169.97616577148438,5475.9228515625,1013.296142578125,45.44772720336914,,104.29000091552734,82.0901107788086,72.21733093261719,,282.82000732421875,100.68534088134766,297.5299987792969,398.8500061035156,314.4120178222656,86.6954116821289,34.16093826293945,271.7302551269531,55.13999938964844,88.27178955078125,985.1751098632812,267.2945556640625,67.37555694580078,32.360679626464844,218.7943115234375,65.65397644042969,141.65310668945312,503.3828125,200.3268280029297,119.41999816894531,114.95622253417969,265.8199462890625,371.8310546875,128.93138122558594,117.70642852783203,819.3117065429688,341.35589599609375,76.97000122070312,10.341130256652832,41.32499313354492,220.58642578125,170.36000061035156,,283.20611572265625,249.23104858398438,105.19944763183594,48.0058479309082,171.3368682861328,170.52748107910156,666.3031616210938,373.5217590332031,359.8186340332031,220.6414031982422,236.80355834960938,289.1053161621094,180.02685546875,22.200000762939453,755.4552001953125,521.6300048828125,242.70013427734375,151.17039489746094,281.3302917480469,891.519775390625,126.89994049072266,69.10005950927734,458.7368469238281,790.5635986328125,455.07000732421875,219.5324249267578,95.83076477050781,548.2334594726562,265.3137512207031,283.93798828125,71.10713958740234,717.552001953125,480.7815246582031,66.28006744384766,85.26173400878906,708.2020263671875,214.41905212402344,147.07044982910156,62.20000076293945,58.002620697021484,164.7727508544922,78.89070892333984,136.7698211669922,568.1763916015625,491.4620666503906,418.0519104003906,127.05076599121094,69.80023956298828,1275.25,60.51551055908203,485.0137023925781,1005.1599731445312,253.97067260742188,154.30130004882812,215.28761291503906,209.90892028808594,87.83999633789062,42.1944580078125,204.3000030517578,93.83137512207031,126.7798080444336,23.84848976135254,157.89024353027344,259.4639892578125,671.9134521484375,103.8538818359375,176.5985107421875,179.2925567626953,286.46954345703125,118.46135711669922,,73.06999969482422,155.04763793945312,519.5011596679688,565.175048828125,140.7600860595703,90.50284576416016,89.54741668701172,342.8774108886719,32.91659164428711,487.2699890136719,89.68887329101562,520.3828735351562,73.84185791015625,390.50396728515625,27.34933853149414,1363.4852294921875,95.66255950927734,122.09182739257812,410.2817077636719,230.0890350341797,327.54998779296875,426.5572814941406,203.90618896484375,300.12652587890625,225.40231323242188,97.52815246582031,43.85973358154297,344.653564453125,134.61959838867188,445.82000732421875,40.74932098388672,78.60820007324219,227.72476196289062,97.03337097167969,107.3708724975586,156.70599365234375
2025-06-26,200.7721405029297,183.864990234375,132.48353576660156,294.6065673828125,384.95001220703125,236.36520385742188,52.71775436401367,301.4144287109375,304.92999267578125,317.70068359375,182.9955291748047,143.67999267578125,276.8639831542969,215.61929321289062,217.1199951171875,101.58999633789062,352.80950927734375,279.3583679199219,96.8458023071289,,269.7079162597656,309.85064697265625,3522.25,202.5800018310547,47.197479248046875,169.0511932373047,5586.38232421875,1025.9464111328125,45.41851806640625,,104.58000183105469,83.8187484741211,72.37686157226562,,283.57000732421875,99.23171997070312,303.69000244140625,394.010009765625,328.3416748046875,86.68553161621094,34.52372741699219,271.53118896484375,54.27000045776367,90.14632415771484,981.5501098632812,270.26934814453125,68.12647247314453,32.44035720825195,219.99188232421875,67.40487670898438,142.84979248046875,505.1609802246094,200.78529357910156,121.45999908447266,115.25365447998047,262.61767578125,371.1547546386719,132.20843505859375,118.99331665039062,741.0093994140625,347.12908935546875,77.1500015258789,10.489143371582031,44.15547180175781,219.662353515625,171.36000061035156,,288.6343078613281,250.32810974121094,106.87779235839844,49.0331916809082,174.27423095703125,173.38491821289062,683.5010986328125,376.9855651855469,361.44940185546875,225.2076416015625,238.18360900878906,289.969482421875,180.29611206054688,22.5,770.4075317382812,534.1900024414062,243.74722290039062,150.90235900878906,285.9752502441406,900.9791870117188,125.60272216796875,68.94127655029297,462.9832763671875,793.3773803710938,454.58355712890625,220.0596160888672,96.6491470336914,544.3538208007812,268.93450927734375,284.0175476074219,70.29278564453125,721.1377563476562,480.6717529296875,66.74308776855469,85.47000122070312,725.6002807617188,214.131591796875,150.0666046142578,62.189998626708984,57.85500717163086,166.59262084960938,78.05892944335938,138.7858123779297,563.8900756835938,496.6335754394531,414.330322265625,125.802734375,70.44525146484375,1306.6700439453125,62.216670989990234,491.7273254394531,1011.4400024414062,254.2692108154297,155.01126098632812,217.29835510253906,212.0008544921875,88.2300033569336,42.93052673339844,202.33999633789062,94.5689468383789,126.97786712646484,23.828828811645508,157.5525665283203,261.41241455078125,690.0703125,103.46732330322266,177.6407928466797,182.2396697998047,285.6084899902344,118.99608612060547,,73.16999816894531,157.29486083984375,520.2100830078125,563.5501098632812,142.04441833496094,91.23799133300781,89.18842315673828,341.1311950683594,33.56143569946289,495.70001220703125,89.6392593383789,514.1238403320312,74.40281677246094,388.6820068359375,27.427701950073242,1377.1646728515625,96.55290222167969,121.75289916992188,411.7503662109375,230.6072235107422,325.7799987792969,428.2135009765625,204.8295135498047,300.7227783203125,227.96630859375,98.7353515625,44.6425895690918,345.4222106933594,135.85946655273438,443.3999938964844,40.7299690246582,79.49300384521484,225.87173461914062,95.79624938964844,108.97593688964844,155.2707977294922
2025-06-27,200.85205078125,179.45513916015625,133.187255859375,293.9896545410156,385.8299865722656,236.02655029296875,51.53787612915039,301.88201904296875,305.1300048828125,317.0421142578125,182.68641662597656,143.80999755859375,274.8999328613281,215.87701416015625,223.3000030517578,99.38999938964844,351.99127197265625,278.7167053222656,97.53484344482422,,268.8893127441406,315.591552734375,3609.489990234375,214.5500030517578,46.85935974121094,169.93638610839844,5683.34521484375,1042.8963623046875,45.126434326171875,,106.52999877929688,83.82867431640625,73.45368957519531,,285.1199951171875,99.52838134765625,305.20001220703125,400.9700012207031,324.6701965332031,87.59395599365234,34.63158416748047,273.4520263671875,55.04999923706055,89.43222045898438,983.777099609375,272.9447326660156,67.83006286621094,32.77900314331055,220.30123901367188,67.7510986328125,142.20693969726562,509.9391174316406,198.44943237304688,122.33999633789062,115.91790771484375,266.8075866699219,379.4196472167969,132.64671325683594,118.66914367675781,780.349365234375,352.2043151855469,78.20999908447266,10.656890869140625,43.56951141357422,227.4524383544922,172.3300018310547,,287.99041748046875,253.82870483398438,109.90675354003906,49.551849365234375,178.11080932617188,178.37046813964844,687.1316528320312,378.62261962890625,366.6598205566406,227.66485595703125,241.03866577148438,287.75445556640625,181.24346923828125,22.690000534057617,774.1058349609375,533.7100219726562,245.04129028320312,151.29945373535156,284.3509826660156,887.9375610351562,126.64248657226562,69.79473114013672,462.3154296875,773.7505493164062,455.2685546875,222.44692993164062,97.00843811035156,548.851806640625,272.7747497558594,289.90411376953125,70.0047836303711,724.9132690429688,487.1500244140625,66.77263641357422,86.0199966430664,733.1351928710938,215.0732879638672,151.32081604003906,61.709999084472656,57.815643310546875,166.4832305908203,78.32628631591797,139.71932983398438,574.575927734375,495.1260681152344,417.7126770019531,124.56466674804688,70.34602355957031,1323.1199951171875,71.66755676269531,492.06597900390625,1022.4199829101562,254.5677490234375,157.74110412597656,216.04412841796875,209.4307861328125,89.16000366210938,42.373504638671875,200.57000732421875,94.57891082763672,129.77053833007812,23.77967643737793,158.77420043945312,263.780517578125,698.87939453125,104.68645477294922,179.3447723388672,182.47543334960938,286.9050598144531,118.08507537841797,,73.63999938964844,157.6428680419922,520.2100830078125,561.7557373046875,144.02569580078125,91.5062255859375,89.7269058227539,344.972900390625,33.7400016784668,502.6300048828125,90.1849365234375,516.8091430664062,74.8198013305664,391.8181457519531,27.506067276000977,1402.7176513671875,98.16542053222656,122.98896789550781,407.913818359375,234.42376708984375,323.6300048828125,431.30645751953125,205.593994140625,307.17205810546875,229.97377014160156,99.30460357666016,44.77959060668945,347.9976501464844,133.5979461669922,441.29998779296875,40.93313980102539,79.03569030761719,227.4059600830078,97.04334259033203,108.3715591430664,155.6495361328125
2025-06-30,204.93740844726562,182.7133026123047,134.80276489257812,297.402587890625,386.8800048828125,237.08236694335938,52.33106994628906,306.8064270019531,309.57000732421875,319.4269104003906,182.54681396484375,141.89999389648438,276.9631652832031,219.08871459960938,219.38999938964844,102.30999755859375,356.0128173828125,278.4304504394531,98.61334991455078,,275.17852783203125,317.37255859375,3712.22998046875,209.52999877929688,47.05825424194336,171.31887817382812,5779.29052734375,1044.3197021484375,45.06801986694336,,107.41000366210938,84.5638427734375,72.97510528564453,,289.7200012207031,101.585205078125,308.1499938964844,408.80999755859375,328.9187316894531,89.75640869140625,34.99436950683594,274.30792236328125,56.150001525878906,89.0057373046875,988.5704345703125,272.2159729003906,68.55134582519531,32.5001220703125,222.41693115234375,68.2358169555664,141.61355590820312,506.7203369140625,197.19163513183594,124.01000213623047,116.98865509033203,268.7928161621094,386.8490905761719,132.80609130859375,117.50013732910156,790.6465454101562,355.953369140625,78.20999908447266,10.706228256225586,43.05307388305664,225.86260986328125,172.41000366210938,,288.9017333984375,256.7010192871094,110.10538482666016,49.08306121826172,177.23159790039062,176.07252502441406,703.9814453125,382.41583251953125,364.5716857910156,231.67398071289062,243.62960815429688,292.80035400390625,182.9586639404297,22.399999618530273,785.1307373046875,543.4099731445312,245.72703552246094,151.63697814941406,287.12408447265625,893.7947998046875,127.66243743896484,70.21153259277344,467.6882629394531,777.8215942382812,459.7856140136719,220.69622802734375,97.14816284179688,560.4407958984375,272.515380859375,290.5206604003906,69.88561248779297,731.9049072265625,500.6855773925781,66.90160369873047,87.16999816894531,737.5922241210938,216.7286834716797,151.53981018066406,62.63999938964844,57.69755172729492,165.1904296875,78.38570404052734,139.88815307617188,574.9049072265625,496.5936584472656,419.5085754394531,123.0570297241211,68.88729858398438,1339.1300048828125,70.67272186279297,498.0225830078125,1028.0799560546875,254.72698974609375,157.98109436035156,217.48748779296875,217.78848266601562,90.12999725341797,41.78664016723633,204.63999938964844,94.74835205078125,130.76084899902344,23.828828811645508,158.2378692626953,266.6482238769531,696.8142700195312,104.19087982177734,180.43453979492188,183.1336212158203,290.4087219238281,118.13459014892578,,74.31999969482422,158.35879516601562,524.2040405273438,565.0753784179688,145.37973022460938,91.02937316894531,90.98336029052734,342.61798095703125,33.53166961669922,512.6799926757812,91.10762023925781,526.3724365234375,75.22686004638672,394.7315368652344,28.34848976135254,1422.8062744140625,97.59164428710938,123.09861755371094,405.0963439941406,237.42318725585938,317.6600036621094,436.414794921875,206.13011169433594,310.01416015625,228.6520233154297,99.06905364990234,44.76969909667969,354.4263610839844,133.33013916015625,445.20001220703125,41.861900329589844,79.6520767211914,227.96388244628906,97.55215454101562,106.8061294555664,155.43026733398438
2025-07-01,207.58441162109375,187.014892578125,135.05055236816406,301.114013671875,392.1000061035156,239.69203186035156,53.98686981201172,308.5274963378906,311.6700134277344,318.79827880859375,183.23483276367188,136.11000061035156,288.1821594238281,222.50856018066406,220.4600067138672,98.91000366210938,356.18243408203125,283.5963134765625,97.25523376464844,,264.28717041015625,320.9046630859375,3718.590087890625,209.7899932861328,47.883663177490234,176.70957946777344,5720.880859375,1049.3160400390625,46.25580978393555,,104.77999877929688,85.70632934570312,74.08184814453125,,289.5899963378906,102.56417083740234,309.4599914550781,418.2200012207031,332.7096252441406,90.88206481933594,35.62189865112305,274.10888671875,58.2400016784668,91.2373275756836,984.595947265625,271.4373474121094,68.27468872070312,33.33677673339844,223.85400390625,68.829345703125,143.96734619140625,506.5907897949219,200.74537658691406,123.48999786376953,117.8511962890625,271.9551696777344,393.6122131347656,134.97752380371094,119.05226135253906,790.55712890625,354.0090637207031,77.18000030517578,11.199603080749512,43.7482795715332,232.83792114257812,172.67999267578125,,291.59600830078125,248.35340881347656,110.9594497680664,51.89578628540039,176.7520294189453,175.682861328125,702.6983642578125,388.8343505859375,371.0549011230469,237.53347778320312,251.70144653320312,289.244384765625,181.35316467285156,22.850000381469727,777.1361694335938,537.989990234375,253.61813354492188,154.78387451171875,287.6192932128906,896.8980712890625,130.32620239257812,71.1245346069336,475.23419189453125,774.1995849609375,462.5653076171875,227.430419921875,96.61920928955078,563.1036376953125,277.363037109375,295.81060791015625,71.18659210205078,726.8709106445312,501.573974609375,68.40946197509766,88.75,718.73486328125,215.92578125,153.1025848388672,63.540000915527344,57.2153434753418,169.0091552734375,81.00978088378906,140.09671020507812,579.4902954101562,491.242431640625,424.6868591308594,120.70072937011719,72.4993667602539,1293.5999755859375,73.03047180175781,501.5586853027344,1011.8900146484375,261.1058654785156,153.29136657714844,220.19500732421875,218.11721801757812,90.5,42.63212203979492,197.5800018310547,97.87805938720703,133.9496612548828,24.615259170532227,160.12496948242188,264.09027099609375,701.6129150390625,105.63796997070312,175.87734985351562,189.1260986328125,295.0307922363281,121.94697570800781,,75.29000091552734,158.4980010986328,534.0989379882812,570.9271240234375,143.55775451660156,94.29780578613281,90.9135513305664,354.53216552734375,34.920555114746094,521.780029296875,91.57392120361328,528.39892578125,75.63392639160156,395.8389892578125,28.289714813232422,1415.4801025390625,102.73585510253906,124.76333618164062,421.0920104980469,240.66177368164062,300.7099914550781,433.18218994140625,208.93980407714844,324.0953369140625,234.1079559326172,102.53362274169922,45.99654006958008,354.8456115722656,136.89102172851562,452.1600036621094,42.2585563659668,81.01406860351562,227.94395446777344,98.01107788085938,108.23284912109375,158.6594696044922
2025-07-02,212.1991729736328,187.7629852294922,132.91964721679688,300.7856750488281,378.4700012207031,244.18426513671875,55.424537658691406,303.4737243652344,310.3399963378906,315.056396484375,189.4669647216797,138.52000427246094,294.46124267578125,220.8828887939453,219.9199981689453,101.12999725341797,350.813720703125,288.3946228027344,98.3836669921875,,269.4383544921875,323.9691162109375,3685.340087890625,212.02999877929688,48.4405632019043,176.31173706054688,5691.96044921875,1065.5394287109375,46.37264633178711,,103.62999725341797,86.19313049316406,75.03902435302734,,280.0799865722656,102.02030181884766,310.95001220703125,412.260009765625,318.77996826171875,91.23754119873047,35.45368194580078,274.5069885253906,56.77000045776367,93.66728210449219,981.0009155273438,268.7420349121094,67.7707748413086,33.476219177246094,215.22158813476562,65.88148498535156,146.35081481933594,518.4992065429688,202.1428985595703,122.9800033569336,116.05670928955078,271.8055419921875,348.34918212890625,137.24855041503906,120.71244812011719,790.3284912109375,357.14990234375,77.0199966430664,11.61403751373291,45.45650100708008,237.61729431152344,172.4499969482422,,291.1403503417969,244.0948486328125,110.740966796875,52.54411315917969,179.59947204589844,178.48036193847656,712.078125,377.3648681640625,369.7522888183594,238.0209197998047,242.94200134277344,285.7182312011719,181.23348999023438,21.8799991607666,771.2449340820312,540.5999755859375,254.87037658691406,154.42649841308594,289.19403076171875,919.0997314453125,131.06887817382812,70.37032318115234,475.65289306640625,777.5721435546875,459.1998596191406,225.73941040039062,98.6352310180664,560.02197265625,276.8144226074219,292.9667663574219,72.65641021728516,704.6075439453125,496.2236328125,69.00467681884766,88.27999877929688,713.0886840820312,210.86044311523438,153.26185607910156,63.040000915527344,58.22896194458008,173.49420166015625,81.5841064453125,141.8743438720703,580.9954833984375,490.2840270996094,421.3144836425781,121.54940032958984,72.45967102050781,1284.8599853515625,75.99506378173828,496.9468078613281,1009.760009765625,260.7276916503906,157.2411346435547,230.08938598632812,229.09478759765625,89.31999969482422,43.696434020996094,196.97000122070312,99.01432037353516,135.1578369140625,24.8905086517334,160.1051025390625,257.5954284667969,709.7734985351562,107.35267639160156,174.27243041992188,192.25987243652344,294.05096435546875,125.22463989257812,,76.30999755859375,161.4014892578125,546.9095458984375,564.3177490234375,143.8863067626953,93.56266021728516,91.08307647705078,351.74822998046875,35.62491989135742,523.1099853515625,90.43296813964844,524.725341796875,74.28367614746094,390.9201965332031,27.731365203857422,1414.3946533203125,104.31868743896484,124.91284942626953,427.3763732910156,236.58615112304688,315.6499938964844,431.7254638671875,214.04290771484375,305.6318054199219,235.68807983398438,103.58379364013672,46.985923767089844,353.5978088378906,140.90818786621094,457.0299987792969,42.171485900878906,81.87899017333984,222.55418395996094,97.38255310058594,110.02616882324219,158.54983520507812
2025-07-03,213.30792236328125,186.31600952148438,133.24671936035156,303.2632751464844,379.30999755859375,244.71217346191406,54.83955383300781,307.602294921875,316.6600036621094,317.4112854003906,190.50401306152344,137.91000366210938,295.84002685546875,219.8123321533203,223.41000366210938,102.5199966430664,354.0169982910156,289.92449951171875,99.3223648071289,,274.7093200683594,327.3006896972656,3769.260009765625,215.9199981689453,48.65934753417969,175.20774841308594,5706.974609375,1077.0650634765625,46.28386306762695,,104.31999969482422,88.14031982421875,75.4278793334961,,283.79998779296875,101.77308654785156,326.80999755859375,416.9700012207031,318.1431579589844,91.61275482177734,35.612003326416016,275.3828125,57.06999969482422,92.91349792480469,985.6544799804688,271.6769104003906,68.9536361694336,33.46625900268555,218.9140625,66.7025375366211,146.73651123046875,519.1569213867188,202.84165954589844,124.0,116.3045654296875,273.431640625,345.9522705078125,139.2108154296875,120.97769165039062,782.2279052734375,361.168212890625,76.79000091552734,11.653507232666016,45.486289978027344,239.6939697265625,175.5500030517578,,293.4700927734375,246.21913146972656,110.97930908203125,52.753570556640625,180.38877868652344,179.36956787109375,719.82666015625,375.907470703125,369.583251953125,239.155029296875,238.84629821777344,290.00921630859375,182.59967041015625,22.489999771118164,778.1629028320312,544.469970703125,256.9077453613281,154.8732147216797,294.56787109375,922.5722045898438,130.8312225341797,70.80696868896484,474.0679016113281,778.9590454101562,459.1700744628906,227.10215759277344,98.61526489257812,567.7213134765625,279.31805419921875,292.4198303222656,72.55709075927734,718.4409790039062,504.1493225097656,68.43922424316406,88.38999938964844,718.5250244140625,213.19981384277344,152.23658752441406,63.08000183105469,58.701332092285156,175.0753936767578,80.13838958740234,143.14552307128906,585.8699340820312,498.02130126953125,423.8786926269531,122.09854125976562,73.31307220458984,1297.1800537109375,75.99506378173828,502.22607421875,1044.68994140625,261.22528076171875,159.3310089111328,231.0350341796875,236.40655517578125,91.33000183105469,43.56712341308594,201.82000732421875,97.33983612060547,134.06851196289062,24.94948959350586,159.73760986328125,261.5538330078125,717.4453125,107.06523895263672,177.2147979736328,193.10470581054688,293.2789611816406,126.0465316772461,,76.58999633789062,161.2921142578125,546.5300903320312,571.2161865234375,145.1109161376953,93.82096099853516,91.22268676757812,353.2349853515625,35.36698532104492,548.739990234375,90.7901382446289,528.6884155273438,74.58152770996094,394.38232421875,27.780344009399414,1424.9957275390625,102.94359588623047,125.46111297607422,428.9449462890625,239.90444946289062,315.3500061035156,436.3948669433594,214.46983337402344,306.6155700683594,234.81353759765625,102.19992065429688,47.4212532043457,358.2296447753906,143.4077606201172,459.6199951171875,42.13278579711914,83.11174774169922,226.25030517578125,98.13080596923828,111.16555786132812,158.6494903564453
2025-07-07,209.7119903564453,184.6918487548828,132.51329040527344,299.04437255859375,376.92999267578125,240.857421875,54.0562744140625,306.8064270019531,315.30999755859375,315.38568115234375,190.23477172851562,134.8000030517578,290.5926208496094,218.09744262695312,223.47000122070312,101.47000122070312,352.4902038574219,287.1230163574219,98.41362762451172,,273.7110290527344,321.9143371582031,3790.639892578125,218.6300048828125,48.390838623046875,172.0150909423828,5805.92431640625,1070.9140625,45.85969543457031,,103.83000183105469,87.02763366699219,74.42084503173828,,279.9700012207031,100.71501159667969,320.29998779296875,408.32000732421875,312.0539245605469,92.15583801269531,35.06777572631836,281.2049255371094,55.459999084472656,91.7927474975586,990.8073120117188,269.33099365234375,68.51628112792969,32.9184455871582,217.09776306152344,65.96062469482422,145.77719116210938,508.51409912109375,199.27796936035156,123.16000366210938,116.28473663330078,271.1271667480469,344.99749755859375,137.8561553955078,117.50013732910156,772.4078369140625,357.44903564453125,76.69000244140625,11.436422348022461,44.82088088989258,233.59307861328125,173.30999755859375,,293.3605651855469,248.34654235839844,111.00910186767578,51.68632888793945,177.4014434814453,176.63201904296875,707.14453125,378.3031921386719,365.5660400390625,238.1104736328125,236.38490295410156,290.505859375,182.57972717285156,22.0,781.1234741210938,534.7100219726562,253.09140014648438,154.13861083984375,290.557373046875,910.63818359375,130.3657989501953,70.46955871582031,468.0969543457031,771.1761474609375,465.6627197265625,223.7997283935547,97.94658660888672,563.6123046875,277.69219970703125,291.8729553222656,70.98796844482422,734.4518432617188,501.46417236328125,68.27058410644531,87.66999816894531,717.865478515625,211.29660034179688,151.1416473388672,62.849998474121094,59.291786193847656,175.47317504882812,80.10868835449219,142.74827575683594,586.1290893554688,496.90313720703125,425.40521240234375,119.8449478149414,74.17639923095703,1289.6199951171875,76.13433837890625,505.9314880371094,1035.010009765625,258.7274475097656,158.2310791015625,224.9630126953125,231.3660125732422,92.66999816894531,43.11951446533203,201.4199981689453,96.32317352294922,133.1475067138672,24.811864852905273,159.40985107421875,253.43711853027344,704.9151000976562,105.39018249511719,179.51318359375,192.79034423828125,288.95379638671875,125.16522979736328,,76.18000030517578,157.19541931152344,537.2941284179688,564.2379760742188,145.28016662597656,93.02619934082031,92.33953094482422,345.5416564941406,34.672542572021484,536.52001953125,90.93895721435547,529.2574462890625,73.85675811767578,391.6186218261719,27.829320907592773,1426.165283203125,100.50999450683594,124.77330017089844,418.3244934082031,236.79541015625,293.94000244140625,433.6112060546875,211.87857055664062,301.8059387207031,233.88931274414062,98.98072052001953,47.27284240722656,356.0135803222656,142.57456970214844,459.4100036621094,41.40719223022461,81.85910034179688,226.07098388671875,99.11849212646484,110.08560943603516,156.526611328125
2025-07-08,209.7719268798828,186.79833984375,132.17630004882812,301.8204650878906,382.239990234375,244.18426513671875,54.08601760864258,305.3141784667969,314.9100036621094,313.0806884765625,194.43275451660156,137.82000732421875,294.6100158691406,218.77149963378906,219.36000061035156,103.38999938964844,353.827392578125,290.4311828613281,97.27520751953125,,271.3350830078125,316.1788635253906,3742.080078125,218.52000427246094,46.88919448852539,173.68601989746094,5703.5107421875,1069.9686279296875,46.40224075317383,,102.41000366210938,85.01090240478516,74.68008422851562,,279.95001220703125,101.43687438964844,323.2799987792969,411.6600036621094,310.43212890625,90.9808120727539,35.62189483642578,274.31787109375,55.45000076293945,95.00623321533203,984.4761352539062,273.17431640625,68.17831420898438,33.25709533691406,214.8523406982422,66.21782684326172,151.5529022216797,507.1388854980469,200.3260955810547,121.81999969482422,115.3131332397461,268.25408935546875,347.5634765625,138.1848602294922,121.76358032226562,762.73681640625,355.94342041015625,76.38999938964844,11.525230407714844,45.95307159423828,237.19003295898438,170.4199981689453,,295.351806640625,246.74850463867188,110.2940673828125,52.05537414550781,175.0035858154297,174.20419311523438,693.5672607421875,376.9256591796875,365.42681884765625,238.55813598632812,236.66392517089844,288.4696350097656,180.47560119628906,23.59000015258789,779.000244140625,527.2999877929688,256.3114318847656,154.65481567382812,281.4118347167969,917.2238159179688,130.1182403564453,69.70541381835938,468.4558410644531,775.9556274414062,459.65655517578125,222.48670959472656,99.63326263427734,560.939453125,279.24822998046875,290.0234680175781,74.04676055908203,723.2452392578125,498.1202087402344,67.64561462402344,88.58000183105469,720.1838989257812,211.30650329589844,153.0329132080078,61.59000015258789,58.59307861328125,178.9339141845703,80.57408905029297,140.1562957763672,579.1214599609375,495.804931640625,416.41558837890625,124.34213256835938,71.90397644042969,1275.31005859375,73.53783416748047,502.8735046386719,1022.97998046875,259.9316101074219,159.99098205566406,231.27392578125,233.59739685058594,91.63999938964844,45.50675582885742,203.99000549316406,98.37641906738281,133.73178100585938,25.185420989990234,156.8175811767578,251.53790283203125,705.2442626953125,105.90557861328125,176.06558227539062,194.50949096679688,287.83538818359375,128.7300567626953,,75.02999877929688,158.54771423339844,546.9194946289062,563.6539306640625,144.27459716796875,94.31768035888672,91.69136047363281,345.2522888183594,36.24991989135742,551.510009765625,90.54210662841797,525.4740600585938,73.7872543334961,388.6154479980469,27.711774826049805,1431.6575927734375,100.91559600830078,124.8630142211914,425.78778076171875,235.1412353515625,297.80999755859375,425.9187316894531,215.07545471191406,305.77093505859375,235.07191467285156,100.48236083984375,47.154117584228516,353.9272155761719,147.464599609375,466.3599853515625,41.65873718261719,81.11347961425781,224.0286407470703,96.86376190185547,113.13721466064453,157.27410888671875
2025-07-09,210.90065002441406,187.635009765625,132.03753662109375,295.91998291015625,373.3800048828125,241.7638397216797,53.54069519042969,306.8163757324219,307.2699890136719,314.56744384765625,194.83160400390625,138.41000366210938,294.1338806152344,219.89163208007812,222.5399932861328,106.27999877929688,356.1724853515625,292.3087463378906,98.0740966796875,,277.4246826171875,316.5479431152344,3742.179931640625,226.60000610351562,46.580909729003906,174.55130004882812,5658.298828125,1083.634033203125,47.013832092285156,,102.95999908447266,85.2294692993164,75.66717529296875,,280.0,102.25762939453125,322.9100036621094,403.55999755859375,308.2232666015625,90.4278564453125,35.245887756347656,274.3278503417969,55.939998626708984,93.75654602050781,980.7313232421875,270.4490661621094,68.85423278808594,33.19733428955078,216.19960021972656,65.94084930419922,151.3353271484375,507.5574035644531,200.60562133789062,120.61000061035156,116.16576385498047,267.56573486328125,344.48028564453125,139.25067138671875,119.73991394042969,760.0731201171875,358.73529052734375,77.19000244140625,11.67324161529541,45.27772903442383,235.0040283203125,170.9499969482422,,298.6473388671875,250.0244903564453,112.45903015136719,52.43439483642578,177.50135803222656,176.46217346191406,692.85107421875,377.76416015625,368.9468688964844,237.48373413085938,235.87667846679688,288.1915283203125,181.65232849121094,23.440000534057617,767.1480102539062,528.1300048828125,258.1500549316406,155.14125061035156,281.7900085449219,921.1752319335938,130.20736694335938,68.95120239257812,469.7716064453125,785.1953735351562,459.7061767578125,224.3766632080078,99.61329650878906,564.3649291992188,278.4801940917969,291.3658142089844,74.16593933105469,726.3615112304688,501.314453125,66.3163070678711,89.0,732.2857666015625,212.29776000976562,155.26260375976562,59.56999969482422,56.831546783447266,178.27757263183594,82.89119720458984,140.57339477539062,579.9588012695312,502.68365478515625,416.9344482421875,122.16349792480469,73.08484649658203,1288.280029296875,73.17969512939453,505.951416015625,1013.7100219726562,258.7772216796875,162.87081909179688,229.36273193359375,234.90235900878906,92.58000183105469,45.32771301269531,206.05999755859375,98.34651947021484,133.17721557617188,25.12643814086914,156.45010375976562,250.30841064453125,705.9127197265625,105.44964599609375,176.3231658935547,192.68228149414062,286.024169921875,129.23507690429688,,74.83000183105469,158.4482879638672,551.7421875,557.7138061523438,145.5390167236328,94.62564849853516,92.06031799316406,350.78033447265625,35.96221923828125,550.9500122070312,91.2365951538086,527.8099365234375,73.95603942871094,391.1596374511719,27.525659561157227,1428.2330322265625,101.33108520507812,125.05240631103516,419.50341796875,231.4940948486328,295.8800048828125,432.6234130859375,214.83717346191406,301.0109558105469,235.02224731445312,100.25662231445312,46.79793930053711,357.1316223144531,147.86135864257812,478.9700012207031,41.2233772277832,81.31231689453125,224.9053497314453,96.58441162109375,112.75081634521484,157.74253845214844
2025-07-10,212.16920471191406,191.94644165039062,132.41416931152344,288.3599853515625,371.42999267578125,244.1643524169922,54.423126220703125,304.23974609375,286.1099853515625,312.90106201171875,197.46405029296875,144.16000366210938,297.9529113769531,219.0787811279297,222.25999450683594,106.29000091552734,358.24810791015625,292.169677734375,98.17395782470703,,274.928955078125,324.41796875,3728.47998046875,226.08999633789062,46.71018981933594,176.54049682617188,5708.681640625,1098.8621826171875,47.86217498779297,,103.86000061035156,86.51103973388672,76.54458618164062,,280.5400085449219,102.81138610839844,322.6600036621094,401.5799865722656,307.2283020019531,89.47993469238281,35.0479850769043,273.8799743652344,56.40999984741211,94.58967590332031,968.8277587890625,263.5111389160156,68.34729766845703,33.406497955322266,216.1197509765625,64.91206359863281,152.47265625,517.39306640625,205.1475830078125,121.55999755859375,117.15719604492188,266.149169921875,343.9830017089844,140.11724853515625,119.5827407836914,754.2883911132812,356.60150146484375,78.80000305175781,11.752182006835938,46.88663101196289,237.20989990234375,169.6999969482422,,302.0523681640625,252.2617645263672,113.75006866455078,53.012901306152344,178.54042053222656,177.46127319335938,705.3441772460938,377.6443786621094,371.194091796875,235.54383850097656,231.3723907470703,285.49969482421875,181.3132781982422,23.81999969482422,746.53564453125,526.0499877929688,260.50543212890625,156.5409698486328,286.7956848144531,926.6034545898438,130.66287231445312,69.2389907836914,468.8445739746094,788.917236328125,460.9471130371094,226.70428466796875,100.86083221435547,562.7770385742188,281.582275390625,296.7055358886719,74.56318664550781,713.6866455078125,504.8081359863281,66.6139144897461,89.4000015258789,726.7494506835938,212.8330535888672,156.59645080566406,59.16999816894531,57.61882400512695,181.25100708007812,83.19815826416016,142.10275268554688,578.8124389648438,500.656982421875,416.7748107910156,123.03295135498047,74.06724548339844,1250.5899658203125,74.23421478271484,511.8581848144531,968.0900268554688,261.8621826171875,164.09075927734375,232.12002563476562,234.5928955078125,92.37999725341797,45.606224060058594,192.07000732421875,98.89472198486328,134.76171875,25.34270668029785,157.41351318359375,249.27882385253906,712.6067504882812,107.45179748535156,179.30514526367188,194.4603729248047,285.8757019042969,133.07717895507812,,75.69999694824219,158.18975830078125,558.9113159179688,548.888427734375,145.758056640625,94.52630615234375,92.7782974243164,351.0696716308594,36.359046936035156,566.1900024414062,92.52637481689453,528.9080810546875,74.36309814453125,393.87347412109375,27.3258113861084,1440.48095703125,103.61630249023438,123.7665023803711,430.34368896484375,227.34869384765625,309.8699951171875,433.5413513183594,218.08370971679688,297.6322937011719,235.52906799316406,101.0123519897461,47.06507110595703,355.2549133300781,153.5548095703125,479.5299987792969,41.31971740722656,81.87899017333984,224.80572509765625,94.63896179199219,113.87039184570312,158.27076721191406
2025-07-11,210.92062377929688,189.43637084960938,130.84820556640625,281.05999755859375,363.3500061035156,243.7161102294922,54.47269821166992,301.08612060546875,280.3900146484375,310.8655090332031,197.3643341064453,146.4199981689453,292.8939514160156,217.3242645263672,225.02000427246094,108.56999969482422,354.92510986328125,290.05364990234375,98.62333679199219,,273.91070556640625,318.6625671386719,3705.639892578125,226.83999633789062,46.47151565551758,175.01876831054688,5707.2744140625,1096.4635009765625,46.22467803955078,,103.19999694824219,86.163330078125,76.39503479003906,,278.04998779296875,101.6148681640625,320.6000061035156,392.20001220703125,301.7459716796875,88.45301818847656,34.62250518798828,273.7704772949219,56.0,94.82771301269531,968.9876098632812,257.62139892578125,67.54216003417969,33.96426773071289,215.00204467773438,64.08112335205078,153.60011291503906,510.6266784667969,204.48875427246094,119.87000274658203,116.45327758789062,266.3187561035156,338.8211975097656,139.54949951171875,120.86962890625,752.1116333007812,359.5728454589844,78.05000305175781,11.62390422821045,46.042457580566406,234.55690002441406,165.52000427246094,,300.8775634765625,255.1082763671875,108.88385772705078,53.252281188964844,181.14808654785156,180.02899169921875,701.1964111328125,375.3984069824219,367.9823303222656,234.7081756591797,229.86764526367188,281.68548583984375,180.0069122314453,23.43000030517578,746.53564453125,512.0599975585938,258.1003723144531,155.75672912597656,285.4720764160156,922.5722045898438,128.11795043945312,69.3382339477539,467.3194580078125,791.2720336914062,464.12396240234375,222.9442901611328,101.5295181274414,549.45458984375,280.9339294433594,298.2169494628906,74.04676055908203,708.7426147460938,498.6293029785156,66.6436767578125,89.91999816894531,717.0260620117188,209.88900756835938,155.1232452392578,58.83000183105469,56.88075256347656,178.8643035888672,82.54462432861328,141.29835510253906,563.760498046875,502.49395751953125,415.088623046875,124.45206451416016,73.82908630371094,1245.1099853515625,72.25450134277344,512.5853271484375,938.780029296875,265.2755126953125,164.91070556640625,227.86961364746094,230.16058349609375,91.62000274658203,46.06378173828125,187.38999938964844,96.89131164550781,133.9496612548828,25.21491050720215,155.98329162597656,244.88059997558594,713.2152709960938,108.205078125,178.23519897460938,193.54676818847656,286.1627502441406,130.42335510253906,,71.36000061035156,156.56898498535156,566.8792114257812,546.5523681640625,146.2259979248047,94.31768035888672,91.71131134033203,345.18243408203125,37.0138053894043,559.280029296875,91.93109130859375,526.15283203125,74.0255355834961,388.5755310058594,26.68273162841797,1443.76513671875,103.12166595458984,123.31792449951172,434.469970703125,226.96006774902344,313.510009765625,436.50457763671875,219.6623077392578,302.1935119628906,233.640869140625,99.39292907714844,46.6396369934082,347.31884765625,151.80908203125,468.8500061035156,40.916648864746094,82.06787872314453,225.1643829345703,94.1800308227539,114.36578369140625,154.44357299804688
2025-07-14,208.3834991455078,188.52093505859375,130.8581085205078,279.989990234375,366.989990234375,242.5009307861328,53.83814239501953,301.7924499511719,294.54998779296875,314.7171325683594,196.53672790527344,146.24000549316406,294.6397705078125,219.84205627441406,225.69000244140625,108.37000274658203,359.06640625,288.8913269042969,100.07132720947266,,275.12860107421875,320.1089172363281,3772.300048828125,230.50999450683594,46.809635162353516,176.13270568847656,5756.13037109375,1106.2373046875,46.69816970825195,,104.33000183105469,86.92829132080078,76.38506317138672,,280.20001220703125,102.08951568603516,317.489990234375,399.6099853515625,301.53704833984375,87.7322006225586,35.26567840576172,275.7410583496094,54.81999969482422,93.39949035644531,979.5529174804688,259.22857666015625,67.4129409790039,33.84474563598633,216.4590606689453,63.66565704345703,149.98040771484375,505.8434143066406,197.40127563476562,119.97000122070312,116.91925048828125,267.5857238769531,338.2244567871094,139.3502655029297,120.43738555908203,755.5904541015625,359.2438049316406,78.27999877929688,11.722579956054688,45.31745910644531,232.49014282226562,167.0,,303.5159606933594,262.01983642578125,111.31696319580078,53.19243621826172,182.64674377441406,181.3977508544922,709.5018920898438,379.77056884765625,368.0220947265625,236.8271484375,226.6688232421875,281.8841552734375,181.3132781982422,23.299999237060547,751.3767700195312,516.4400024414062,256.0331726074219,155.6773223876953,287.30322265625,919.8381958007812,126.2166748046875,68.94127655029297,467.28955078125,797.5881958007812,470.14007568359375,221.22341918945312,99.42367553710938,552.2908935546875,282.15081787109375,300.17584228515625,73.540283203125,714.7154541015625,502.5122985839844,67.10000610351562,89.7300033569336,720.4337158203125,211.70301818847656,157.18373107910156,59.66999816894531,57.20550537109375,174.65773010253906,82.8515853881836,142.97669982910156,568.84423828125,502.1944274902344,412.68408203125,118.5357666015625,74.46417999267578,1261.949951171875,71.87646484375,519.06982421875,961.780029296875,261.6134033203125,164.06076049804688,223.5793914794922,228.8828125,93.12000274658203,44.83037185668945,190.72000122070312,95.57563781738281,134.2566680908203,24.920000076293945,152.7156219482422,247.26962280273438,710.4020385742188,108.38348388671875,179.0673828125,193.91024780273438,285.6678771972656,127.74972534179688,,73.88999938964844,153.4169158935547,569.7249145507812,547.4208984375,148.62542724609375,92.8076400756836,92.43924713134766,343.7555236816406,35.93246078491211,549.530029296875,91.95093536376953,529.197509765625,74.01560974121094,390.57098388671875,26.870708465576172,1473.528564453125,103.74491119384766,123.16839599609375,424.9585266113281,227.34869384765625,316.8999938964844,438.19073486328125,218.47091674804688,298.695556640625,231.86196899414062,98.26425170898438,46.560489654541016,349.88433837890625,147.66297912597656,472.3500061035156,40.87732696533203,82.94274139404297,228.44207763671875,95.55681610107422,112.86970520019531,155.13125610351562
2025-07-15,208.87295532226562,185.055908203125,130.9078826904297,276.07000732421875,364.17999267578125,239.472900390625,53.27299118041992,296.63922119140625,288.9599914550781,307.3930358886719,198.72044372558594,155.61000061035156,290.1561584472656,217.00704956054688,226.35000610351562,107.37000274658203,351.6419982910156,284.7685852050781,99.30239868164062,,280.45947265625,309.8648376464844,3696.93994140625,230.0,45.89472579956055,177.3461151123047,5665.775390625,1041.244140625,45.80051040649414,,103.4800033569336,90.12725830078125,75.1586685180664,,275.67999267578125,100.81388854980469,318.0400085449219,383.3299865722656,300.920166015625,87.04100799560547,34.355342864990234,273.6908874511719,53.95000076293945,91.7927474975586,966.3412475585938,257.1322326660156,66.77677917480469,33.346736907958984,212.8065185546875,63.250186920166016,149.03097534179688,501.71783447265625,192.5198974609375,118.9800033569336,116.09636688232422,264.1938781738281,334.3853759765625,139.14109802246094,117.5983657836914,755.3518676757812,361.0585021972656,76.80999755859375,11.41668701171875,43.96231460571289,229.1912841796875,164.4199981689453,,299.533447265625,264.3470153808594,108.307861328125,52.574031829833984,182.93649291992188,181.83737182617188,698.7694091796875,371.135986328125,356.6168212890625,234.08143615722656,221.12814331054688,280.8014831542969,179.28892517089844,22.920000076293945,744.5892333984375,512.22998046875,254.79086303710938,154.03933715820312,285.1636047363281,934.4962768554688,125.51360321044922,68.83211517333984,459.0956726074219,770.0586547851562,466.71502685546875,213.87252807617188,100.87081146240234,549.6343383789062,274.2010803222656,297.9285888671875,72.60675048828125,709.9711303710938,494.386962890625,66.20718383789062,89.22000122070312,709.910888671875,209.05633544921875,155.8697967529297,58.939998626708984,57.5499382019043,174.64776611328125,80.72261810302734,140.6131134033203,561.3382568359375,504.9898376464844,407.8051452636719,120.03482818603516,74.12678527832031,1260.27001953125,71.61781311035156,514.796630859375,956.9199829101562,258.2298889160156,170.69036865234375,220.04568481445312,234.552978515625,91.19000244140625,42.4630241394043,192.25,94.81812286376953,132.51370239257812,24.19255256652832,151.64295959472656,242.1017303466797,706.960205078125,107.65994262695312,179.2357940673828,190.3925323486328,280.9963073730469,127.01696014404297,,72.95999908447266,153.42686462402344,547.1292114257812,543.9166870117188,148.02806091308594,91.87380981445312,91.3523178100586,338.3172912597656,34.791587829589844,569.0999755859375,91.74258422851562,521.3712158203125,73.6085433959961,389.7029724121094,26.732200622558594,1474.2021484375,101.11344909667969,121.35416412353516,417.6151123046875,225.2261962890625,310.7799987792969,435.3671569824219,216.7930450439453,289.88116455078125,229.7054443359375,97.68518829345703,45.20502853393555,346.41046142578125,147.5935516357422,464.20001220703125,40.5627326965332,78.39942932128906,224.99501037597656,95.167724609375,111.8690185546875,152.35057067871094
2025-07-16,209.92176818847656,189.21592712402344,131.1567840576172,279.6700134277344,361.7699890136719,239.6621551513672,53.54069519042969,298.7184143066406,289.4700012207031,309.2490234375,194.2532501220703,160.0800018310547,296.61376953125,221.40826416015625,223.19000244140625,108.30000305175781,353.8174133300781,287.09320068359375,100.4108657836914,,280.3296813964844,311.1116943359375,3682.6201171875,229.89999389648438,45.775386810302734,177.30633544921875,5648.40576171875,1077.1546630859375,46.53047561645508,,103.19000244140625,89.43182373046875,75.20852661132812,,277.6000061035156,102.63339233398438,314.5799865722656,379.6199951171875,304.2831726074219,86.55717468261719,34.03870391845703,276.2088317871094,53.380001068115234,90.76126098632812,950.0537719726562,257.5016174316406,66.96564483642578,33.12760925292969,213.58493041992188,63.111698150634766,148.2694549560547,505.9630126953125,192.95912170410156,119.81999969482422,116.78045654296875,267.0769348144531,342.68011474609375,139.7487030029297,116.70442199707031,760.9974365234375,361.8362731933594,76.13999938964844,11.091059684753418,43.822818756103516,227.29344177246094,165.7100067138672,,298.6871643066406,265.8551330566406,109.09241485595703,53.042823791503906,183.60589599609375,182.80650329589844,705.0457763671875,361.9324645996094,355.3837890625,235.65325927734375,225.77194213867188,280.0267333984375,180.29611206054688,22.690000534057617,749.3504638671875,512.6400146484375,255.23809814453125,163.57931518554688,284.4371337890625,931.4628295898438,126.38501739501953,68.7427978515625,458.2085266113281,788.0690307617188,468.0552673339844,215.45411682128906,100.17219543457031,554.78759765625,272.9044189453125,297.212646484375,73.91766357421875,714.88525390625,499.3280334472656,66.93135833740234,89.77999877929688,702.4358520507812,210.1269073486328,156.83534240722656,58.650001525878906,57.923892974853516,171.41575622558594,81.62371826171875,138.82553100585938,570.3095703125,504.7901611328125,415.3480529785156,116.35713195800781,74.19624328613281,1250.31005859375,71.72724151611328,517.6654052734375,966.969970703125,259.0558776855469,171.36033630371094,219.56788635253906,240.88198852539062,91.23999786376953,42.40334701538086,192.58999633789062,95.07727813720703,134.03880310058594,24.19255256652832,152.6858367919922,246.36001586914062,708.5364379882812,109.19623565673828,181.5639190673828,192.16624450683594,282.6194763183594,122.4618911743164,,72.97000122070312,153.1981658935547,547.0992431640625,544.3259887695312,149.51153564453125,91.90361022949219,91.00330352783203,339.12554931640625,34.315399169921875,571.2000122070312,92.56605529785156,523.4475708007812,74.7006607055664,389.9823303222656,26.662946701049805,1473.294677734375,100.25277709960938,120.96540069580078,415.9366149902344,227.93663024902344,321.6700134277344,435.98577880859375,215.08538818359375,290.6562805175781,229.74517822265625,97.78333282470703,45.195133209228516,349.285400390625,142.02903747558594,469.54998779296875,40.55290222167969,79.44329833984375,225.0149383544922,94.92828369140625,111.1952896118164,151.0349578857422
2025-07-17,209.78192138671875,190.03004455566406,119.97649383544922,282.70001220703125,366.45001220703125,240.02073669433594,53.08460998535156,300.5588684082031,292.1600036621094,313.2303771972656,191.9698028564453,160.41000366210938,295.8499755859375,221.09104919433594,223.8800048828125,111.9800033569336,353.88726806640625,291.653076171875,101.81890869140625,,285.9600524902344,314.552978515625,3649.419921875,231.0,46.75991439819336,179.92210388183594,5674.17138671875,1100.1859130859375,47.408409118652344,,104.6500015258789,92.48176574707031,76.70411682128906,,275.4599914550781,103.07837677001953,320.8599853515625,383.55999755859375,296.78106689453125,86.14244842529297,34.33555221557617,276.4974670410156,53.540000915527344,92.05061340332031,952.5902709960938,259.4282531738281,67.89006042480469,34.362674713134766,221.46885681152344,62.61709213256836,149.71337890625,497.4029235839844,194.4464874267578,122.20999908447266,116.45327758789062,268.36383056640625,300.8086242675781,143.8226318359375,117.30367279052734,770.8672485351562,379.6144714355469,76.18000030517578,11.002252578735352,44.30110168457031,226.91586303710938,167.35000610351562,,298.7767639160156,259.96234130859375,108.0496597290039,53.0727424621582,184.53506469726562,183.41595458984375,702.0816650390625,361.95245361328125,357.0145568847656,237.1355438232422,222.7724151611328,280.1061706542969,181.4329376220703,22.799999237060547,753.9920043945312,516.1599731445312,256.1126708984375,161.79241943359375,288.4974060058594,935.0451049804688,126.66229248046875,70.05274963378906,459.8233642578125,759.8311157226562,465.8017272949219,217.42364501953125,100.59136962890625,554.87744140625,270.90948486328125,298.6743469238281,73.78855895996094,709.4317626953125,501.5240478515625,69.24275970458984,89.52999877929688,700.9368896484375,209.1951141357422,158.3085174560547,59.09000015258789,57.05788803100586,173.20579528808594,80.72261810302734,139.92787170410156,578.333984375,510.8601989746094,420.0872802734375,113.18911743164062,74.60310363769531,1274.1700439453125,72.60269927978516,521.7792358398438,959.1500244140625,268.499755859375,172.99024963378906,223.4698944091797,248.31907653808594,91.58999633789062,43.31845474243164,196.27999877929688,93.74166870117188,144.0310516357422,24.163061141967773,154.56298828125,247.169677734375,721.5455322265625,105.48929595947266,177.50209045410156,194.20751953125,280.630126953125,123.95714569091797,,73.86000061035156,151.74642944335938,549.1661376953125,545.4441528320312,150.835693359375,92.57914733886719,92.83812713623047,339.16546630859375,34.39476013183594,589.010009765625,92.59581756591797,524.44580078125,75.74313354492188,388.0168151855469,26.7025203704834,1492.6160888671875,102.53800201416016,121.78280639648438,424.5988464355469,226.23263549804688,319.4100036621094,449.0360107421875,215.03573608398438,286.2640075683594,226.07809448242188,97.6557388305664,44.73012161254883,349.195556640625,143.4970245361328,463.2699890136719,40.257972717285156,79.24446105957031,224.8555450439453,94.86841583251953,110.63054656982422,149.52999877929688
2025-07-18,210.9405975341797,187.90536499023438,123.12250518798828,282.44000244140625,365.7900085449219,240.89727783203125,53.92737579345703,300.2305908203125,297.0299987792969,312.4620361328125,189.895751953125,156.99000549316406,292.3880615234375,222.80593872070312,226.1300048828125,111.77999877929688,355.3641662597656,293.3717346191406,103.1969985961914,,282.8553771972656,307.17169189453125,3713.929931640625,229.33999633789062,47.05825424194336,177.88320922851562,5693.0986328125,1098.404296875,46.717899322509766,,103.63999938964844,92.83941650390625,76.40499877929688,,274.1300048828125,103.96834564208984,315.57000732421875,382.0799865722656,294.2239685058594,86.26165008544922,34.17723083496094,273.3923034667969,53.93000030517578,90.89019012451172,949.6343994140625,261.9239196777344,67.64156341552734,34.25311279296875,221.48883056640625,61.29154586791992,148.38812255859375,498.0805358886719,189.71485900878906,121.41999816894531,117.4050521850586,268.1044616699219,275.58624267578125,143.6632537841797,116.56080627441406,773.0638427734375,377.52056884765625,76.48999786376953,11.012120246887207,44.63988494873047,225.177001953125,165.74000549316406,,297.671630859375,262.9486999511719,107.4736557006836,53.08271789550781,185.77395629882812,184.89462280273438,704.48876953125,360.4750671386719,357.3725280761719,235.3150177001953,219.64334106445312,283.9501647949219,180.21633911132812,23.100000381469727,751.2570190429688,518.6199951171875,253.578369140625,162.50717163085938,289.8607482910156,929.0980224609375,126.28599548339844,69.3183822631836,463.53155517578125,770.0187377929688,460.5996398925781,218.00057983398438,100.46162414550781,551.9313354492188,271.8869934082031,295.3929748535156,74.26525115966797,708.9523315429688,498.9986267089844,69.25267791748047,89.61000061035156,703.8049926757812,210.42428588867188,152.52525329589844,59.0,57.097251892089844,173.24559020996094,79.1778793334961,139.8583526611328,576.10107421875,509.212890625,419.5085754394531,114.31840515136719,75.3671875,1209.239990234375,72.09532928466797,517.0079345703125,963.4000244140625,275.3164978027344,172.40028381347656,224.86346435546875,245.02479553222656,92.33999633789062,43.38808059692383,195.77999877929688,93.37287902832031,141.85235595703125,24.0549259185791,155.10000610351562,246.31002807617188,720.8671875,105.8362045288086,177.06617736816406,194.73269653320312,281.144775390625,124.67011260986328,,74.16999816894531,153.92404174804688,541.6974487304688,543.88671875,150.835693359375,93.18515014648438,95.53053283691406,339.3351135253906,33.05548095703125,584.760009765625,93.3597640991211,523.467529296875,77.6890869140625,388.5156555175781,26.653053283691406,1494.5343017578125,102.35003662109375,121.78280639648438,414.3780212402344,226.41201782226562,329.6499938964844,446.31219482421875,215.06552124023438,280.8779602050781,223.47434997558594,97.38093566894531,45.20502853393555,348.4368896484375,144.96502685546875,459.80999755859375,40.14982986450195,80.16902923583984,226.469482421875,94.82852172851562,106.77640533447266,148.60000610351562
2025-07-21,212.23912048339844,183.52694702148438,123.86917877197266,282.45001220703125,367.67999267578125,239.5326690673828,53.689422607421875,299.3451843261719,295.1600036621094,307.5726318359375,192.05955505371094,157.0,293.4891052246094,224.52081298828125,229.3000030517578,111.61000061035156,350.175048828125,291.79217529296875,103.56649017333984,,287.717041015625,302.20428466796875,3729.699951171875,229.32000732421875,47.217369079589844,174.38223266601562,5667.39306640625,1087.884033203125,46.056983947753906,,103.77999877929688,92.04464721679688,75.97000122070312,,274.0199890136719,105.21430969238281,316.32000732421875,388.8900146484375,293.31854248046875,86.06298828125,34.64229202270508,273.6908874511719,52.459999084472656,90.25542449951172,946.2490844726562,261.8240661621094,67.92981719970703,34.22323226928711,220.87008666992188,60.974998474121094,148.03208923339844,494.5129699707031,187.7383575439453,120.83999633789062,118.80297088623047,267.4659729003906,274.94970703125,142.34844970703125,115.38211822509766,784.4046630859375,372.5749816894531,76.55999755859375,11.16013240814209,45.02849197387695,224.2926788330078,165.4600067138672,,295.75006103515625,262.5391845703125,107.53324127197266,53.0727424621582,190.9792938232422,189.9301300048828,702.2407836914062,363.8989562988281,361.9863586425781,234.00186157226562,222.65283203125,282.7979736328125,180.3060760498047,23.260000228881836,762.2968139648438,516.1199951171875,253.07151794433594,163.16236877441406,289.5622253417969,935.7235717773438,125.47399139404297,69.53671264648438,468.9342956542969,760.5095825195312,457.1944885253906,219.74131774902344,101.53948974609375,553.9187622070312,270.8695983886719,294.0704650878906,73.3416519165039,710.3606567382812,499.2581787109375,68.86579132080078,89.69999694824219,712.4890747070312,208.1741180419922,152.1171417236328,59.43000030517578,57.98293685913086,173.91188049316406,78.53423309326172,139.50083923339844,576.1309814453125,509.2228698730469,419.95758056640625,113.15914154052734,75.58550262451172,1233.27001953125,73.63731384277344,513.2725830078125,959.9099731445312,276.03302001953125,171.37034606933594,227.2226104736328,243.11810302734375,94.1500015258789,42.77137756347656,199.8800048828125,92.60540771484375,140.3272705078125,23.84848976135254,155.02999877929688,245.03054809570312,709.5340576171875,106.90665435791016,178.7998809814453,194.2471466064453,281.659423828125,124.81864929199219,,74.81999969482422,158.0704345703125,544.7029418945312,550.9949340820312,150.8954315185547,92.05262756347656,95.9792709350586,340.56243896484375,33.27373504638672,591.4600219726562,94.0443344116211,521.21142578125,78.00679016113281,386.4403991699219,27.08836555480957,1481.7811279296875,100.61881256103516,124.54402923583984,404.5768127441406,231.80299377441406,328.489990234375,441.4732666015625,213.03024291992188,280.3711853027344,224.44827270507812,97.06686401367188,45.294071197509766,350.3235778808594,145.09397888183594,458.489990234375,41.771949768066406,79.8111343383789,224.45704650878906,95.44706726074219,107.05382537841797,147.3699951171875
2025-07-22,214.15695190429688,185.77076721191406,125.17338562011719,286.9599914550781,372.8699951171875,234.57228088378906,54.93870162963867,301.4144287109375,299.42999267578125,311.7336120605469,186.6051788330078,154.72000122070312,303.2301025390625,230.3197021484375,227.47000122070312,109.77999877929688,353.4781188964844,296.1732482910156,101.63916015625,,278.1134948730469,303.371337890625,3773.7099609375,228.47999572753906,47.50576400756836,180.30006408691406,5765.603515625,1095.2193603515625,47.368953704833984,,103.16000366210938,93.38582611083984,76.41999816894531,,278.7300109863281,109.02140045166016,319.6000061035156,395.8500061035156,298.5421447753906,88.10926818847656,34.89956283569336,273.3326110839844,52.380001068115234,92.21923065185547,940.3073120117188,263.1318054199219,67.75090026855469,35.08977127075195,219.23341369628906,61.08000183105469,148.38812255859375,503.93011474609375,189.57510375976562,121.05999755859375,119.69525909423828,269.9001159667969,280.19110107421875,143.7728271484375,116.80842590332031,795.6957397460938,371.5679016113281,76.30000305175781,11.041722297668457,45.63631057739258,230.2246551513672,165.97999572753906,,296.29766845703125,258.6839294433594,109.41020202636719,48.763885498046875,191.93844604492188,191.1690216064453,696.6805419921875,350.34320068359375,368.9170227050781,235.3548126220703,230.3160858154297,280.0664367675781,180.29611206054688,23.239999771118164,765.3812255859375,511.0,258.5277099609375,166.70635986328125,290.0199890136719,890.282470703125,127.63272857666016,69.12983703613281,470.51922607421875,774.7383422851562,407.7651062011719,225.62998962402344,97.49747467041016,558.0233154296875,272.2859802246094,297.48114013671875,74.74195098876953,708.6226806640625,498.22003173828125,70.18517303466797,91.6500015258789,704.3345947265625,208.4615936279297,150.5045928955078,59.59000015258789,58.494667053222656,174.27981567382812,80.81173706054688,139.07379150390625,524.8048095703125,504.44073486328125,420.3167419433594,109.15164947509766,76.94499206542969,1190.0799560546875,75.00023651123047,561.582763671875,962.3699951171875,278.8990478515625,167.0205841064453,226.95384216308594,237.697509765625,95.3499984741211,43.32840347290039,196.72999572753906,98.25682067871094,144.62522888183594,24.71356201171875,158.32000732421875,247.26962280273438,719.4105834960938,108.22490692138672,163.7314910888672,194.99032592773438,288.0531311035156,124.92757415771484,,76.0,157.0959930419922,560.0795288085938,562.9052124023438,148.5159149169922,96.30457305908203,95.12168884277344,339.3351135253906,34.077301025390625,615.1300048828125,95.09599304199219,516.908935546875,79.22798156738281,394.25262451171875,27.127939224243164,1469.982421875,105.3969955444336,125.20193481445312,427.2364807128906,232.4307861328125,332.1099853515625,446.6614074707031,213.37771606445312,283.3424377441406,227.81724548339844,99.26534271240234,45.670040130615234,351.241943359375,143.93345642089844,470.1300048828125,42.234004974365234,81.89886474609375,226.24034118652344,95.62664794921875,107.539306640625,151.19000244140625
2025-07-23,213.9072265625,189.18614196777344,125.27294158935547,286.0400085449219,372.4599914550781,227.1815185546875,55.74181365966797,302.6579895019531,300.9800109863281,310.11712646484375,186.4755401611328,158.64999389648438,306.731689453125,228.1686553955078,228.2899932861328,113.04000091552734,356.5317077636719,295.934814453125,100.57064056396484,,283.20477294921875,307.8798828125,3771.18994140625,233.8800048828125,47.873714447021484,181.59303283691406,5726.4609375,1115.10546875,48.31593704223633,,107.76000213623047,95.3628158569336,79.61000061035156,,270.1499938964844,108.5072021484375,326.4599914550781,398.1099853515625,302.81060791015625,88.19866943359375,35.41410446166992,275.1638488769531,52.779998779296875,94.26237487792969,939.8878784179688,266.7554931640625,68.20813751220703,34.830806732177734,220.7503204345703,61.849998474121094,151.43421936035156,513.3770751953125,197.54103088378906,122.94000244140625,118.4857177734375,267.8550720214844,294.9903564453125,146.3028564453125,117.7493896484375,791.382080078125,379.1358642578125,76.91000366210938,11.229205131530762,44.679744720458984,236.3851776123047,143.0,,315.55303955078125,262.8587951660156,112.77682495117188,52.992950439453125,191.33897399902344,190.0600128173828,713.699462890625,352.63909912109375,374.2268981933594,238.0308837890625,236.2952117919922,280.1161193847656,180.4955596923828,23.489999771118164,774.5843505859375,501.95001220703125,261.6185302734375,167.8678436279297,295.32421875,895.1419067382812,126.48404693603516,68.6336441040039,468.4956970214844,797.13916015625,416.35247802734375,228.61000061035156,96.90863800048828,561.3489379882812,272.81463623046875,296.4370422363281,69.76643371582031,713.1473388671875,506.9642333984375,69.60980224609375,92.01000213623047,713.0986938476562,207.96597290039062,150.1263427734375,59.189998626708984,58.819419860839844,176.55714416503906,83.15856170654297,141.2288360595703,529.1708984375,505.0397644042969,421.2147521972656,109.76126861572266,72.2612075805664,1176.780029296875,76.35320281982422,566.2742919921875,956.4299926757812,278.9089660644531,170.77037048339844,223.67893981933594,241.48094177246094,95.41999816894531,44.20372009277344,199.22000122070312,100.77852630615234,144.24891662597656,24.92983055114746,158.27999877929688,247.4295654296875,726.44384765625,109.02774047851562,163.13706970214844,195.96141052246094,286.647705078125,126.60105895996094,,76.66000366210938,158.9752960205078,571.5221557617188,556.0964965820312,155.8038330078125,95.29125213623047,94.88236236572266,342.19891357421875,34.86103057861328,614.4199829101562,94.38166046142578,524.7453002929688,78.81098175048828,400.01947021484375,27.454425811767578,1494.9552001953125,106.2774429321289,125.95952606201172,466.2914123535156,233.1083984375,332.55999755859375,458.30487060546875,184.91346740722656,290.6761779785156,229.56631469726562,101.61104583740234,45.79866027832031,354.66595458984375,146.34375,476.95001220703125,42.116031646728516,83.2111587524414,227.2664794921875,95.45704650878906,108.91648864746094,153.4499969482422
2025-07-24,213.51766967773438,189.46414184570312,125.08377838134766,281.7099914550781,371.69000244140625,225.47825622558594,55.02793502807617,304.6575622558594,301.1000061035156,308.390869140625,187.58236694335938,162.1199951171875,306.06707763671875,229.2194061279297,232.22999572753906,114.04000091552734,355.86309814453125,295.2691955566406,104.3154525756836,,288.2161865234375,307.4709167480469,3841.5,231.27000427246094,48.12233352661133,182.63735961914062,5640.28955078125,1113.1148681640625,48.2764778137207,,106.20999908447266,94.76673889160156,79.44000244140625,,270.17999267578125,112.64061737060547,324.6400146484375,380.0,292.4529113769531,87.86093139648438,34.998512268066406,275.8605041503906,45.7400016784668,94.83763122558594,932.5081176757812,267.23468017578125,67.88011932373047,34.860687255859375,222.42691040039062,58.75,154.11439514160156,512.8688354492188,202.4523468017578,121.94999694824219,118.7236557006836,269.1818542480469,278.9081115722656,146.2430877685547,117.91777801513672,784.7525024414062,383.7823486328125,75.80000305175781,11.110795021057129,44.42067337036133,235.0040283203125,140.0800018310547,,312.8648376464844,267.68292236328125,112.41930389404297,52.20499038696289,193.0274658203125,191.99827575683594,715.3505859375,340.87017822265625,370.98529052734375,223.31747436523438,228.41273498535156,258.760498046875,183.068359375,22.6299991607666,779.784912109375,488.6099853515625,260.21722412109375,168.32447814941406,295.1152038574219,902.2164916992188,126.50385284423828,68.57408905029297,469.99090576171875,803.664794921875,417.5040588378906,225.55999755859375,97.58729553222656,562.757080078125,272.1862487792969,292.8175964355469,67.34322357177734,709.3418579101562,512.1648559570312,69.6197280883789,92.31999969482422,714.31787109375,207.38856506347656,148.6133270263672,60.18000030517578,58.661964416503906,170.36163330078125,83.28728485107422,141.51683044433594,541.581298828125,510.0415344238281,423.8686828613281,111.66007995605469,71.41773223876953,1180.760009765625,75.03007507324219,566.25439453125,996.1799926757812,276.6499938964844,173.73020935058594,223.40020751953125,242.40933227539062,98.16000366210938,44.3927116394043,201.16000366210938,101.09747314453125,143.11004638671875,24.920000076293945,158.80999755859375,247.27963256835938,727.8904418945312,108.7502212524414,159.5804901123047,194.36605834960938,284.3614196777344,123.10554504394531,,77.81999969482422,157.94117736816406,563.783935546875,559.44091796875,154.5393829345703,93.08580017089844,96.22856140136719,339.47479248046875,34.96023941040039,609.6799926757812,94.252685546875,529.92626953125,79.88323974609375,395.7591857910156,27.62261390686035,1496.349365234375,104.6847152709961,125.85984802246094,474.60394287109375,246.6307373046875,305.29998779296875,460.6794738769531,184.35748291015625,276.8334655761719,219.15135192871094,100.62957763671875,45.571102142333984,353.3482666015625,139.20213317871094,472.2699890136719,42.35197830200195,83.38017272949219,229.74717712402344,96.3749008178711,109.76856231689453,152.82000732421875
2025-07-25,213.63754272460938,188.91807556152344,125.97979736328125,283.1499938964844,370.739990234375,226.92254638671875,54.87921142578125,307.0352478027344,303.2799987792969,314.45770263671875,185.15933227539062,166.47000122070312,304.1129150390625,227.8613739013672,231.44000244140625,114.27999877929688,372.1090393066406,297.27593994140625,104.87467193603516,,289.68365478515625,310.8224182128906,3820.909912109375,233.05999755859375,48.182003021240234,184.31822204589844,5622.59033203125,1118.0018310546875,47.77339172363281,,106.13999938964844,95.44229888916016,80.7300033569336,,269.1499938964844,110.23770141601562,332.19000244140625,309.75,294.8806457519531,87.34439849853516,33.326263427734375,278.2192077636719,46.7599983215332,94.17310333251953,934.1857299804688,268.6421813964844,68.27771759033203,35.61766052246094,223.10552978515625,60.70000076293945,153.13528442382812,515.5794067382812,205.11764526367188,121.47000122070312,118.90211486816406,271.0972595214844,287.53106689453125,149.0420379638672,117.26404571533203,796.5704345703125,391.03125,80.0,11.318012237548828,44.72956466674805,241.65142822265625,142.02999877929688,,312.64581298828125,271.258544921875,115.39862060546875,53.26225662231445,193.9066925048828,193.0073699951172,725.098388671875,333.72296142578125,373.22259521484375,223.07872009277344,237.1522216796875,257.9757995605469,183.92596435546875,20.700000762939453,784.5162353515625,495.8599853515625,260.0880432128906,167.07366943359375,297.1752014160156,900.1310424804688,126.13745880126953,68.64356231689453,471.3865051269531,810.908935546875,418.1195983886719,226.8000030517578,96.76891326904297,567.4708251953125,278.400390625,296.7850646972656,68.73358917236328,710.9699096679688,512.0250854492188,70.01653289794922,92.94000244140625,712.1992797851562,209.45925903320312,150.57427978515625,60.65999984741211,58.888309478759766,170.62020874023438,83.88141632080078,142.0233154296875,544.5517578125,512.866943359375,427.0315246582031,111.19036865234375,71.29865264892578,1180.489990234375,75.87567901611328,567.5094604492188,968.7899780273438,281.00872802734375,173.49021911621094,222.26544189453125,244.6953582763672,97.66000366210938,44.472286224365234,203.27000427246094,101.23701477050781,142.06031799316406,24.790000915527344,158.3000030517578,249.99853515625,737.0686645507812,109.31517791748047,159.42198181152344,194.2669677734375,284.8067932128906,123.74919891357422,,77.9800033569336,157.503662109375,562.2462158203125,562.0965576171875,156.19210815429688,93.80108642578125,96.7869873046875,339.36505126953125,35.18841552734375,601.5499877929688,94.59992980957031,534.0191650390625,80.24066162109375,402.61358642578125,27.701763153076172,1504.0311279296875,104.9122543334961,126.03927612304688,477.8910217285156,242.6946258544922,316.05999755859375,470.9959411621094,183.66250610351562,279.2979431152344,223.3451690673828,101.64048767089844,45.82834243774414,356.4128723144531,140.8189239501953,469.6499938964844,42.35197830200195,83.8275375366211,228.81068420410156,97.24288177490234,109.38215637207031,152.1199951171875
2025-07-28,213.80735778808594,187.17066955566406,125.79063415527344,277.0400085449219,369.4700012207031,229.86093139648438,54.294227600097656,305.3042297363281,304.4700012207031,308.4507141113281,189.7262420654297,173.66000366210938,298.8655090332031,222.25083923339844,232.7899932861328,117.55000305175781,368.3868408203125,293.6200866699219,106.5523452758789,,293.7966003417969,309.9546203613281,3796.56005859375,236.41000366210938,47.963218688964844,181.9510955810547,5668.990234375,1112.5673828125,46.86586380004883,,105.83999633789062,94.92569732666016,80.18000030517578,,265.989990234375,107.58756256103516,333.760009765625,298.2699890136719,290.9206848144531,85.89411926269531,33.17783737182617,272.8150634765625,44.86000061035156,96.22616577148438,932.6978149414062,269.78021240234375,67.51233673095703,35.5678596496582,219.9320068359375,59.63999938964844,154.55943298339844,508.7731628417969,202.58212280273438,120.37000274658203,116.59207916259766,269.3414611816406,284.4280090332031,148.8926239013672,120.49304962158203,788.8077392578125,391.6195373535156,78.48999786376953,11.130529403686523,43.63349914550781,240.86647033691406,139.94000244140625,,311.7298583984375,270.27972412109375,112.25048065185547,53.31212615966797,193.2472686767578,192.4079132080078,719.7968139648438,339.9318542480469,375.1019592285156,223.91436767578125,230.71469116210938,261.4423522949219,182.2805633544922,20.68000030517578,797.2728881835938,493.95001220703125,258.408447265625,165.00881958007812,296.83685302734375,921.1453247070312,125.6225357055664,67.57177734375,465.9737243652344,806.3389282226562,418.288330078125,229.99000549316406,98.42564392089844,567.53076171875,275.0888366699219,297.5308532714844,70.04450225830078,705.4365844726562,506.5849304199219,69.02452087402344,91.97000122070312,717.14599609375,205.3477325439453,151.35067749023438,60.209999084472656,57.7861213684082,173.8323211669922,83.2377700805664,141.576416015625,551.0311279296875,511.65887451171875,428.9970703125,111.18037414550781,70.79256439208984,1174.5999755859375,78.83032989501953,566.3938598632812,985.75,285.02911376953125,176.7400360107422,227.44158935546875,247.2808837890625,97.33000183105469,45.30781936645508,204.5,100.31006622314453,140.19854736328125,24.309999465942383,157.11000061035156,240.8722381591797,737.3080444335938,106.17320251464844,156.30130004882812,192.2058868408203,283.0549621582031,126.442626953125,,78.22000122070312,160.138671875,557.7830200195312,558.1031494140625,155.3856658935547,93.05599975585938,97.63460540771484,335.4335632324219,35.71420669555664,592.6300048828125,93.55818939208984,529.4869995117188,79.73431396484375,399.780029296875,27.30602264404297,1503.0394287109375,105.28817749023438,124.99259948730469,484.5250549316406,237.3534393310547,325.5899963378906,471.4648742675781,187.89193725585938,280.3512878417969,227.81724548339844,99.69718933105469,45.60078430175781,354.8456115722656,143.57638549804688,460.8299865722656,41.64414596557617,82.5848388671875,227.04730224609375,97.38255310058594,110.4125747680664,150.75
2025-07-29,211.03050231933594,189.85134887695312,127.44328308105469,278.8999938964844,370.70001220703125,229.84100341796875,53.73899459838867,307.0451965332031,306.6099853515625,287.7257080078125,187.87155151367188,177.44000244140625,301.11724853515625,212.83384704589844,231.00999450683594,118.62000274658203,353.28851318359375,293.2525329589844,105.16426849365234,,296.91131591796875,307.76019287109375,3873.85009765625,226.0800018310547,47.68476867675781,181.3941192626953,5581.16162109375,1116.260009765625,46.22467803955078,,106.47000122070312,93.86268615722656,71.66999816894531,,268.54998779296875,108.11165618896484,366.260009765625,280.67999267578125,290.7017822265625,86.28152465820312,32.485191345214844,273.29278564453125,44.380001068115234,97.188232421875,933.2770385742188,266.9252014160156,67.5521011352539,35.27901077270508,222.22731018066406,60.0,155.30117797851562,510.7164001464844,206.4852294921875,119.91000366210938,118.46588134765625,258.7669677734375,287.1630859375,147.0299835205078,121.9787826538086,806.2116088867188,388.87750244140625,80.47000122070312,10.93317985534668,43.075496673583984,233.04656982421875,142.5,,313.3228454589844,269.9801025390625,113.44220733642578,51.975582122802734,196.25457763671875,195.5750732421875,728.0824584960938,343.884765625,375.2113037109375,220.57176208496094,231.8108673095703,260.6477355957031,184.19522094726562,20.40999984741211,804.8690795898438,496.8699951171875,257.9015808105469,166.8850555419922,295.6028747558594,914.1006469726562,126.68209075927734,68.85195922851562,470.0108642578125,761.2779541015625,417.0871276855469,230.0399932861328,98.7450180053711,562.5772705078125,272.7747497558594,300.96136474609375,70.19347381591797,711.299560546875,509.57952880859375,69.15348052978516,92.44000244140625,699.52783203125,202.01271057128906,151.0918731689453,61.38999938964844,58.41594314575195,174.4588165283203,81.82176208496094,142.56951904296875,555.4370727539062,511.728759765625,432.96807861328125,111.88993072509766,71.39788055419922,1168.739990234375,77.92503356933594,570.975830078125,993.2000122070312,276.3514709472656,175.50009155273438,225.6996307373047,249.54693603515625,98.9000015258789,45.21829605102539,193.83999633789062,99.15386962890625,142.49606323242188,24.299999237060547,156.61000061035156,241.39202880859375,733.1180419921875,108.7502212524414,161.2349395751953,191.61134338378906,289.56744384765625,127.15559387207031,,71.44999694824219,161.162841796875,557.3037719726562,562.12646484375,156.43104553222656,92.35065460205078,97.63460540771484,336.2417907714844,35.347145080566406,635.8099975585938,94.45110321044922,529.8663330078125,80.56829833984375,399.6603088378906,27.118045806884766,1503.320068359375,103.06231689453125,125.96949768066406,481.7275695800781,238.4097137451172,321.20001220703125,469.9084167480469,190.00665283203125,259.4332580566406,222.3811798095703,89.15625,45.60078430175781,350.6729736328125,143.55653381347656,468.4100036621094,41.98822784423828,82.16729736328125,234.67864990234375,98.10087585449219,111.83928680419922,151.00999450683594
2025-07-30,208.81301879882812,187.95501708984375,127.98090362548828,274.0,364.0,230.1995849609375,54.73048782348633,309.33331298828125,308.1400146484375,285.22113037109375,188.8487548828125,179.50999450683594,298.9448547363281,206.916015625,230.19000244140625,122.08999633789062,354.59576416015625,288.2257385253906,105.34402465820312,,302.1023864746094,302.6431579589844,3843.110107421875,225.83999633789062,47.6947135925293,180.55865478515625,5603.263671875,1109.412353515625,45.35660934448242,,106.76000213623047,95.18399047851562,68.19999694824219,,266.510009765625,105.7779541015625,371.0299987792969,279.8900146484375,296.3631591796875,85.22858428955078,32.15865707397461,276.4178161621094,43.7599983215332,95.87903594970703,926.226806640625,264.34967041015625,67.87017822265625,35.149532318115234,222.67640686035156,62.29999923706055,151.86936950683594,506.1025085449219,203.63027954101562,119.54000091552734,119.44740295410156,262.4979553222656,291.9568786621094,145.48606872558594,120.08694458007812,792.20703125,388.957275390625,81.16000366210938,10.72596263885498,39.00011444091797,222.43458557128906,140.85000610351562,,310.8138427734375,273.2161560058594,113.96855163574219,51.975582122802734,197.26368713378906,196.35438537597656,726.8590087890625,354.4259033203125,369.9809875488281,221.00949096679688,260.5605163574219,258.5121765136719,185.22235107421875,20.34000015258789,805.9171142578125,500.510009765625,252.1074981689453,166.04122924804688,298.1803283691406,922.9813232421875,124.0678482055664,68.22676086425781,464.7476501464844,758.4142456054688,415.6476135253906,227.42999267578125,98.89471435546875,558.372802734375,269.35345458984375,301.8960266113281,69.80615997314453,714.0662231445312,511.6956787109375,64.58027648925781,91.63999938964844,694.7410888671875,199.6632537841797,145.94564819335938,61.040000915527344,60.521907806396484,169.83456420898438,80.95037078857422,143.94000244140625,557.3709106445312,512.3976440429688,435.0832824707031,114.6681900024414,70.44525146484375,1184.199951171875,76.2835693359375,570.5674438476562,977.47998046875,277.6451416015625,179.25990295410156,219.92623901367188,250.16587829589844,99.37999725341797,44.17388153076172,183.02999877929688,98.6754379272461,141.47604370117188,23.809999465942383,152.8800048828125,241.6119384765625,730.2947387695312,107.53108215332031,160.66033935546875,190.79879760742188,285.6876525878906,123.18476104736328,,69.70999908447266,158.15992736816406,553.7391967773438,551.4242553710938,157.7054443359375,92.15196990966797,98.29273986816406,331.2626037597656,33.89873123168945,645.3499755859375,94.15347290039062,528.408935546875,80.59808349609375,399.50067138671875,27.207088470458984,1516.55029296875,102.0334701538086,125.41127014160156,476.8519287109375,240.73153686523438,319.0400085449219,430.4583740234375,188.16000366210938,264.3721008300781,223.88180541992188,85.56409454345703,45.39301300048828,350.29364013671875,138.239990234375,469.1600036621094,41.88008499145508,81.30237579345703,231.6400604248047,97.36259460449219,110.86833190917969,148.80999755859375
2025-07-31,207.33470153808594,187.66709899902344,125.63134765625,267.1000061035156,357.69000244140625,223.7451171875,53.71916580200195,307.9007263183594,303.1099853515625,286.6280822753906,179.54541015625,176.30999755859375,292.7253112792969,206.56906127929688,234.11000061035156,123.22000122070312,354.9649963378906,285.9905090332031,106.36261749267578,,293.1976623535156,298.55352783203125,3768.3798828125,221.83999633789062,47.00852966308594,177.28643798828125,5494.6005859375,1100.81298828125,42.72281265258789,,104.91999816894531,93.08777618408203,68.62000274658203,,266.0400085449219,103.91889953613281,364.57000732421875,269.3599853515625,266.0363464355469,83.29157257080078,32.88098907470703,276.95526123046875,42.880001068115234,94.5599136352539,938.3400268554688,257.88092041015625,67.67137908935547,35.398536682128906,222.0975799560547,62.099998474121094,149.97052001953125,522.5451049804688,196.81231689453125,119.11000061035156,120.59745788574219,261.1312561035156,281.543701171875,144.93821716308594,118.87854766845703,780.4089965820312,383.6028747558594,79.30999755859375,10.923312187194824,40.096187591552734,222.0669403076172,138.94000244140625,,310.246337890625,270.7491455078125,111.51558685302734,53.20240783691406,192.68777465820312,191.728515625,719.7371826171875,353.3578186035156,365.436767578125,221.19851684570312,249.0008544921875,251.4499053955078,184.31488037109375,19.799999237060547,783.69775390625,481.0899963378906,254.39332580566406,163.53961181640625,294.80670166015625,877.1211547851562,123.40438842773438,67.37329864501953,458.796630859375,738.4480590820312,417.93096923828125,223.57000732421875,94.65309143066406,565.7230834960938,263.15924072265625,298.37603759765625,67.12474060058594,692.7117309570312,514.800048828125,64.17355346679688,90.23999786376953,772.9183349609375,198.30934143066406,148.53369140625,58.75,60.95490646362305,169.24783325195312,77.35588073730469,142.4600067138672,559.5738525390625,532.6243896484375,437.9866943359375,109.07169342041016,70.51471710205078,1159.4000244140625,74.3038558959961,574.3525390625,943.1199951171875,276.6499938964844,177.85997009277344,212.7891387939453,253.33038330078125,98.31999969482422,43.70637893676758,173.60000610351562,98.43623352050781,136.58389282226562,23.290000915527344,150.47000122070312,241.94178771972656,730.1651000976562,105.8362045288086,162.52284240722656,188.53953552246094,269.149169921875,122.37277221679688,,68.76000213623047,145.9295196533203,544.6329956054688,549.4874877929688,156.87908935546875,88.57556915283203,97.45510864257812,330.16497802734375,33.53166961669922,633.469970703125,93.73677825927734,550.1409912109375,81.09449768066406,391.838134765625,27.118045806884766,1504.9761962890625,99.42179107666016,124.13532257080078,467.26055908203125,237.5726776123047,308.2699890136719,437.083251953125,181.05999755859375,247.99542236328125,220.5923614501953,84.56300354003906,44.4827766418457,344.8631896972656,137.30999755859375,456.8699951171875,42.037384033203125,80.15908813476562,228.30259704589844,97.75169372558594,110.61072540283203,145.7899932861328
2025-08-01,202.1505889892578,193.8227081298828,126.72647857666016,255.3699951171875,347.79998779296875,220.8366241455078,53.3919677734375,298.8875427246094,297.0199890136719,283.55474853515625,179.47561645507812,171.6999969482422,294.4909973144531,210.2466583251953,214.75,117.56999969482422,353.4599914550781,279.9007263183594,104.16565704345703,,288.1463317871094,293.5262451171875,3858.860107421875,221.89999389648438,45.40743637084961,175.41659545898438,5377.03271484375,1086.6697998046875,43.63033676147461,,105.41000366210938,91.2300033569336,66.91999816894531,,267.3999938964844,105.68895721435547,356.9700012207031,264.69000244140625,260.9122314453125,82.9538345336914,32.17844772338867,279.4234619140625,42.52000045776367,92.00102996826172,952.52001953125,250.30413818359375,66.70719909667969,34.870643615722656,221.04971313476562,62.470001220703125,149.733154296875,499.23651123046875,196.742431640625,116.58999633789062,121.85657501220703,260.383056640625,273.16943359375,141.22288513183594,115.49107360839844,767.0703735351562,380.1828308105469,79.33000183105469,10.67662525177002,39.886932373046875,215.71763610839844,135.3300018310547,,309.3801574707031,269.0512390136719,112.39944458007812,52.39449691772461,189.78036499023438,188.96099853515625,705.7918090820312,356.3324890136719,371.5520935058594,216.58253479003906,246.39993286132812,248.37074279785156,184.0855255126953,19.309999465942383,774.734130859375,483.1199951171875,250.75587463378906,166.11073303222656,287.969970703125,884.714599609375,129.36566162109375,68.33592224121094,457.9493408203125,760.6593017578125,417.96075439453125,226.39999389648438,96.1800765991211,559.15185546875,254.7008056640625,301.1801452636719,65.90321350097656,697.9654541015625,500.3761291503906,63.419620513916016,89.33999633789062,749.504150390625,196.89569091796875,143.74581909179688,59.02000045776367,60.79745101928711,164.61363220214844,78.51443481445312,139.08999633789062,555.62646484375,523.2498168945312,435.7218017578125,104.81436157226562,69.85977935791016,1158.5999755859375,74.23421478271484,584.1441040039062,914.3699951171875,274.8500061035156,173.710205078125,208.95680236816406,243.99658203125,99.12000274658203,43.17919921875,172.8800048828125,96.16370391845703,137.93072509765625,23.489999771118164,150.64999389648438,240.99217224121094,710.44189453125,103.98273468017578,161.4429931640625,184.18946838378906,276.02783203125,118.43164825439453,,67.11000061035156,147.3514404296875,558.0226440429688,541.211181640625,156.12242126464844,86.29064178466797,95.26129150390625,342.6678771972656,32.78762435913086,618.6500244140625,94.24275970458984,544.71044921875,80.38958740234375,376.9320373535156,27.454425811767578,1483.0255126953125,98.69962310791016,125.60066986083984,462.6247253417969,236.36691284179688,302.6300048828125,438.2506103515625,180.86000061035156,236.2793426513672,218.03829956054688,82.93376922607422,43.473602294921875,338.7539367675781,133.17999267578125,462.1300048828125,42.155357360839844,77.32573699951172,228.02365112304688,98.260498046875,108.62916564941406,147.3800048828125
2025-08-04,203.11949157714844,195.7786102294922,129.3547821044922,258.7799987792969,338.8500061035156,221.5238800048828,53.89763259887695,300.6981506347656,302.5,283.9937744140625,182.2975311279297,176.77999877929688,299.5102844238281,211.11895751953125,211.64999389648438,120.3499984741211,360.3999938964844,285.5931396484375,108.47967529296875,,297.2107849121094,297.8353271484375,3967.760009765625,222.33999633789062,45.59638214111328,177.93292236328125,5466.67822265625,1110.8157958984375,44.78447341918945,,106.79000091552734,92.08000183105469,66.54000091552734,,267.739990234375,105.9955062866211,364.8800048828125,261.75,265.25030517578125,82.8048324584961,32.2180290222168,285.7332763671875,42.880001068115234,92.09028625488281,955.3699951171875,251.8813934326172,68.07891845703125,35.31885528564453,224.63241577148438,61.45000076293945,149.3771209716797,508.78314208984375,197.11178588867188,119.3499984741211,123.10577392578125,263.64520263671875,273.4379577636719,142.05958557128906,115.89717864990234,773.670166015625,383.64276123046875,80.08999633789062,10.804903030395508,40.27553939819336,216.1051483154297,136.14999389648438,,311.4112243652344,275.89288330078125,113.72027587890625,52.633880615234375,195.5751953125,194.86570739746094,722.1641845703125,362.5513916015625,378.67169189453125,219.64657592773438,246.48963928222656,250.2877655029297,187.92478942871094,19.5,783.4381713867188,483.3599853515625,252.01805114746094,169.79368591308594,292.8363037109375,913.6316528320312,131.84127807617188,68.4351577758789,465.9139404296875,767.3146362304688,420.6312561035156,233.80999755859375,98.21605682373047,569.0587158203125,258.47119140625,302.5125732421875,66.13162231445312,710.0909423828125,518.9126586914062,63.0228157043457,89.63999938964844,775.8463745117188,198.18988037109375,147.1898956298828,60.349998474121094,60.95490646362305,167.03018188476562,79.078857421875,141.36000061035156,570.2198486328125,534.7609252929688,438.9744567871094,107.70254516601562,69.98878479003906,1170.989990234375,74.43318176269531,587.4411010742188,923.0,278.1199951171875,179.98985290527344,211.01730346679688,252.092529296875,101.37000274658203,42.63212203979492,171.0,96.02415466308594,138.2080078125,23.530000686645508,150.75999450683594,241.4819793701172,717.3355102539062,104.28007507324219,161.47271728515625,187.3504638671875,277.7004699707031,120.27348327636719,,68.01000213623047,146.67527770996094,570.6734008789062,545.5140380859375,156.68992614746094,89.19149780273438,96.82687377929688,347.0982971191406,32.61897659301758,636.02001953125,95.24481201171875,562.040283203125,82.38518524169922,380.6236267089844,27.385169982910156,1505.4627685546875,98.71941375732422,128.8104705810547,466.15155029296875,240.1635284423828,309.260009765625,432.9826354980469,182.72999572753906,239.46920776367188,220.68179321289062,83.44412994384766,43.94850540161133,341.54901123046875,135.0399932861328,472.2699890136719,42.22417449951172,77.12690734863281,229.67742919921875,99.3579330444336,106.38009643554688,151.80999755859375
2025-08-05,202.68995666503906,197.12887573242188,130.11143493652344,247.07000732421875,338.739990234375,219.81065368652344,57.129905700683594,297.8927307128906,299.20001220703125,285.1612548828125,178.63800048828125,174.30999755859375,297.66522216796875,208.21456909179688,213.75,118.12000274658203,361.6000061035156,290.5603332519531,107.78064727783203,,292.428955078125,295.8902893066406,4011.25,224.86000061035156,45.30799102783203,175.9337921142578,5448.47998046875,1104.4259033203125,45.228370666503906,,104.83000183105469,91.5199966430664,66.37999725341797,,267.67999267578125,103.77057647705078,360.5,265.9800109863281,269.37945556640625,82.50682830810547,32.168548583984375,283.255126953125,42.630001068115234,92.43742370605469,943.6300048828125,247.05978393554688,67.11473846435547,35.50809860229492,222.40695190429688,63.41999816894531,151.3551025390625,506.8100280761719,198.68899536132812,118.31999969482422,122.9372329711914,265.8399353027344,274.909912109375,140.01763916015625,116.65985107421875,774.216796875,355.41497802734375,79.23999786376953,10.913445472717285,39.886932373046875,220.9938201904297,134.27999877929688,,312.386962890625,271.78790283203125,111.68441009521484,52.44437026977539,195.1455841064453,194.4960479736328,717.0713500976562,363.1602783203125,383.2358093261719,219.91517639160156,253.58486938476562,248.986572265625,186.87771606445312,20.190000534057617,767.86669921875,477.0,254.46290588378906,169.4958953857422,289.96026611328125,881.4915771484375,132.90084838867188,68.52447509765625,468.3461608886719,764.2713623046875,425.13836669921875,237.4600067138672,96.48946380615234,565.293701171875,259.0596923828125,297.0833740234375,66.66790771484375,708.6427001953125,514.9198608398438,61.802635192871094,89.66999816894531,762.945068359375,199.60353088378906,149.39968872070312,59.040000915527344,61.52568435668945,167.98486328125,79.99976348876953,140.4600067138672,555.9553833007812,526.8838500976562,433.0678405761719,108.99174499511719,70.63379669189453,1147.8699951171875,73.99545288085938,587.640380859375,905.1199951171875,279.8699951171875,178.24993896484375,207.51345825195312,255.22708129882812,102.2300033569336,42.850955963134766,169.08999633789062,97.87805938720703,138.0990753173828,24.75,150.50999450683594,242.8414306640625,713.1854248046875,106.09390258789062,162.61199951171875,187.27117919921875,278.9277648925781,120.87752532958984,,67.83000183105469,145.87982177734375,569.0359497070312,537.0381469726562,155.64451599121094,89.6087417602539,96.16873931884766,351.3291320800781,33.23405075073242,628.5,93.6474838256836,562.040283203125,81.77955627441406,379.99505615234375,27.474212646484375,1325.7779541015625,101.33108520507812,128.3618927001953,466.001708984375,238.09083557128906,308.7200012207031,427.78448486328125,185.39999389648438,249.4263916015625,221.58615112304688,85.1715087890625,44.0870246887207,336.8373107910156,136.8300018310547,374.9800109863281,41.94890213012695,77.50468444824219,228.92027282714844,99.0785903930664,106.25128936767578,146.1199951171875
2025-08-06,213.0082550048828,194.89498901367188,130.35035705566406,247.5399932861328,345.6199951171875,219.8206329345703,56.247474670410156,300.08135986328125,305.17999267578125,285.6402282714844,177.6309051513672,163.1199951171875,282.3792724609375,207.07460021972656,222.30999755859375,138.77999877929688,363.67999267578125,287.1528015136719,109.34847259521484,,301.1540222167969,294.7930603027344,4072.800048828125,225.0399932861328,45.16876220703125,171.47801208496094,5526.794921875,1115.274658203125,44.212337493896484,,102.94999694824219,92.2300033569336,66.11000061035156,,269.6300048828125,104.1166763305664,360.1600036621094,262.0400085449219,268.6033630371094,84.0465087890625,31.822227478027344,280.0106506347656,42.689998626708984,92.3481674194336,968.5599975585938,248.7368621826172,68.79459381103516,35.86666488647461,223.82406616210938,63.52000045776367,151.09796142578125,507.8663635253906,194.82582092285156,115.16999816894531,124.13685607910156,268.1443786621094,274.8005065917969,133.40371704101562,115.48116302490234,768.3128051757812,357.1199951171875,78.61000061035156,11.061457633972168,39.71754455566406,225.00808715820312,134.0399932861328,,313.611572265625,271.94769287109375,109.51944732666016,52.33465576171875,196.74415588378906,195.91476440429688,720.8809814453125,365.49609375,384.6179504394531,218.09466552734375,255.72738647460938,250.58575439453125,187.52590942382812,20.40999984741211,778.0480346679688,474.05999755859375,255.92384338378906,169.3469696044922,289.9403991699219,886.35107421875,135.34674072265625,68.98097229003906,469.9809875488281,744.7342529296875,431.70050048828125,238.2899932861328,95.75092315673828,568.379638671875,262.0420837402344,305.9231872558594,65.71451568603516,702.9195556640625,516.5469360351562,61.57447052001953,89.36000061035156,771.4692993164062,202.9883270263672,150.1263427734375,59.5,62.145668029785156,161.54074096679688,78.6629638671875,141.3000030517578,546.555419921875,524.0784912109375,441.11956787109375,108.71192169189453,69.99871063232422,1178.47998046875,75.08977508544922,586.98291015625,912.3099975585938,282.95001220703125,179.40988159179688,204.9751434326172,255.9857635498047,104.44000244140625,42.31382369995117,172.88999938964844,97.05078887939453,139.4359893798828,23.93000030517578,152.86000061035156,247.41957092285156,695.4774780273438,104.79548645019531,165.4354705810547,186.8450927734375,278.5318908691406,118.66930389404297,,69.41999816894531,145.01473999023438,554.288330078125,540.941650390625,155.0670623779297,88.40667724609375,96.43797302246094,349.9720764160156,32.5991325378418,625.8800048828125,93.9352035522461,561.5811157226562,80.56829833984375,374.0885009765625,27.197195053100586,1311.0694580078125,104.25933074951172,131.68133544921875,448.537353515625,238.37982177734375,319.9100036621094,426.05841064453125,185.91000366210938,244.23912048339844,224.06069946289062,84.65133666992188,43.96829605102539,339.14324951171875,133.4600067138672,385.6499938964844,41.63431167602539,77.15673065185547,230.7334747314453,103.11915588378906,105.52802276611328,146.5
2025-08-07,219.7805633544922,197.43666076660156,131.47535705566406,241.72000122070312,338.2699890136719,222.24105834960938,57.367862701416016,301.9217834472656,292.989990234375,289.3621520996094,182.62657165527344,172.39999389648438,282.4090270996094,208.17491149902344,223.1300048828125,139.27999877929688,365.0299987792969,286.6660461425781,108.39979553222656,,303.2404479980469,293.985107421875,4060.330078125,227.3300018310547,44.67152786254883,186.6654510498047,5422.76416015625,1107.600830078125,44.745018005371094,,102.95999908447266,91.2300033569336,66.36000061035156,,269.30999755859375,105.02642059326172,354.3299865722656,258.7799987792969,269.6381530761719,84.14584350585938,31.337373733520508,279.6125793457031,42.689998626708984,91.84233856201172,977.4500122070312,240.46127319335938,69.48045349121094,35.10969161987305,222.9458465576172,63.58000183105469,151.47378540039062,504.8768005371094,198.1399688720703,112.87999725341797,124.8506851196289,269.12200927734375,281.9415588378906,132.3080596923828,114.8670654296875,774.6143798828125,360.1600036621094,77.93000030517578,11.130529403686523,40.65418243408203,223.2294921875,132.6999969482422,,311.3614807128906,271.6880187988281,109.51944732666016,52.81341552734375,197.10382080078125,196.34439086914062,715.9075927734375,372.66326904296875,383.99151611328125,215.45838928222656,255.2490692138672,248.47999572753906,187.49598693847656,19.770000457763672,760.2205810546875,469.80999755859375,255.19833374023438,170.28012084960938,285.5517272949219,910.0794067382812,135.4358673095703,69.89397430419922,467.9374694824219,639.4554443359375,427.63018798828125,238.55999755859375,98.95459747314453,560.4800415039062,259.927490234375,306.1717834472656,65.76417541503906,662.4579467773438,513.1331176757812,61.90183639526367,91.23999786376953,761.316162109375,202.4009552001953,151.0421142578125,60.79999923706055,62.539302825927734,160.61587524414062,79.58386993408203,140.9199981689453,543.7543334960938,519.9852294921875,444.09283447265625,111.79998779296875,72.02305603027344,1180.3699951171875,73.96560668945312,585.0803833007812,874.1199951171875,280.4700012207031,180.7598114013672,204.96519470214844,248.9579620361328,103.47000122070312,43.35824203491211,168.10000610351562,96.45275115966797,142.52577209472656,24.229999542236328,153.49000549316406,245.21046447753906,723.6405639648438,105.35053253173828,166.6044921875,185.41818237304688,280.9765319824219,118.13459014892578,,68.22000122070312,145.0743865966797,558.9512329101562,535.8201904296875,155.07701110839844,90.42337036132812,95.7199935913086,349.1737976074219,32.52968978881836,620.3300170898438,94.59992980957031,558.1570434570312,81.99797058105469,375.5152587890625,27.76112174987793,1337.2025146484375,104.53632354736328,131.56170654296875,454.3321533203125,242.0767822265625,322.2699890136719,427.13592529296875,185.91000366210938,243.13607788085938,221.278076171875,84.88688659667969,43.622013092041016,331.5066833496094,132.58999633789062,375.6300048828125,42.22417449951172,76.60000610351562,232.347412109375,102.87971496582031,104.97318267822266,148.24000549316406
2025-08-08,229.0900115966797,196.63246154785156,133.68553161621094,239.1999969482422,341.04998779296875,223.06777954101562,57.3480339050293,304.22979736328125,290.67999267578125,288.8133544921875,184.34165954589844,172.75999450683594,285.9106140136719,204.7054901123047,222.69000244140625,139.17999267578125,366.3999938964844,286.8448486328125,109.82781219482422,,304.4483642578125,296.6782531738281,4035.159912109375,229.1199951171875,45.755496978759766,192.45401000976562,5396.619140625,1119.683837890625,45.32701873779297,,103.13999938964844,92.7300033569336,66.02999877929688,,271.239990234375,103.33547973632812,352.05999755859375,256.57000732421875,273.5185546875,84.1259765625,31.337373733520508,280.8665466308594,41.439998626708984,93.1416244506836,980.97998046875,240.0919189453125,71.35911560058594,35.28897476196289,225.81002807617188,65.54000091552734,153.30340576171875,508.59381103515625,200.20631408691406,112.43000030517578,124.24591827392578,272.2145690917969,292.3945007324219,132.21841430664062,115.17411804199219,771.493408203125,362.8399963378906,78.3499984741211,11.170000076293945,41.72035598754883,226.597900390625,133.24000549316406,,312.7553405761719,274.67437744140625,118.58648681640625,53.39191818237305,201.90953063964844,201.24000549316406,717.4295043945312,380.928466796875,385.66204833984375,215.18978881835938,265.75238037109375,242.27000427246094,185.8804931640625,19.950000762939453,747.6336059570312,470.0799865722656,255.4070281982422,172.0670166015625,287.3629150390625,912.8134155273438,134.83181762695312,69.80464935302734,470.9179992675781,624.2788696289062,422.5472717285156,241.14999389648438,101.54947662353516,573.5628051757812,259.2591857910156,303.7256774902344,61.44411849975586,667.7815551757812,514.36083984375,61.336387634277344,92.87999725341797,768.7811279296875,202.7593536376953,152.59494018554688,64.69000244140625,63.16912841796875,159.9495849609375,79.90074157714844,143.17999267578125,544.9405517578125,521.1832275390625,452.384033203125,118.81558990478516,71.85436248779297,1211.6400146484375,73.80644226074219,578.8349609375,872.510009765625,280.0299987792969,182.689697265625,206.20947265625,249.61683654785156,103.33000183105469,44.08435821533203,167.05999755859375,97.02088165283203,143.80328369140625,24.579999923706055,153.50999450683594,246.40997314453125,726.014892578125,104.74592590332031,168.59576416015625,188.0143585205078,278.84857177734375,117.96623992919922,,67.6500015258789,146.72500610351562,562.1464233398438,533.4940185546875,154.18096923828125,91.51616668701172,97.08000183105469,351.39898681640625,32.60905075073242,619.4199829101562,93.94512176513672,555.9010009765625,81.12428283691406,376.7225036621094,27.78091049194336,1300.3560791015625,104.26922607421875,130.95364379882812,460.3067932128906,244.1195831298828,329.6499938964844,429.1114501953125,187.22000122070312,249.3170928955078,220.86068725585938,85.06354522705078,44.38383865356445,336.1884460449219,133.2899932861328,366.5400085449219,42.42079544067383,77.8499984741211,234.2104034423828,103.48829650878906,105.81535339355469,147.35000610351562
2025-08-11,227.17999267578125,197.21823120117188,130.77845764160156,238.61000061035156,333.6499938964844,223.18731689453125,57.7842903137207,302.1506042480469,284.6199951171875,288.2944641113281,183.8530731201172,172.27999877929688,282.7958679199219,204.2792510986328,221.3000030517578,137.64999389648438,368.0899963378906,282.0863037109375,109.65804290771484,,303.38018798828125,295.4813232421875,4036.7900390625,225.9600067138672,45.90467071533203,191.45941162109375,5355.03076171875,1122.6300048828125,45.307289123535156,,102.75,92.30999755859375,64.87999725341797,,271.0,102.62350463867188,349.0899963378906,258.7699890136719,275.6477966308594,83.8875732421875,31.08010482788086,284.38970947265625,41.619998931884766,92.76472473144531,988.739990234375,232.27552795410156,70.24583435058594,35.08977127075195,223.4248809814453,64.87999725341797,151.76058959960938,505.2156066894531,199.40773010253906,112.55000305175781,124.48385620117188,272.8430480957031,289.2118835449219,131.4414825439453,115.72879028320312,772.0400390625,360.1099853515625,78.16000366210938,11.140000343322754,41.311824798583984,223.1798095703125,132.22000122070312,,313.55181884765625,274.8641662597656,119.63917541503906,53.87067794799805,201.449951171875,200.8203887939453,715.4102783203125,382.2261657714844,385.3438415527344,215.3290557861328,265.742431640625,236.3000030517578,185.41180419921875,20.649999618530273,704.8019409179688,471.8500061035156,255.30767822265625,172.55345153808594,288.1590270996094,908.2034912109375,132.84141540527344,70.21153259277344,468.88446044921875,633.8278198242188,423.1727294921875,239.85000610351562,101.79898071289062,572.8338012695312,257.31414794921875,302.6418151855469,60.530452728271484,671.966552734375,510.7374267578125,61.06854248046875,92.73999786376953,765.3534545898438,202.4407958984375,154.59568786621094,63.65999984741211,64.6255874633789,157.71205139160156,79.2471923828125,143.8800048828125,547.6419677734375,520.9136962890625,459.8970031738281,123.64257049560547,71.89405059814453,1218.31005859375,73.63731384277344,577.9683227539062,856.3699951171875,278.32000732421875,182.0497283935547,204.21864318847656,252.2422637939453,103.5999984741211,43.477603912353516,168.1699981689453,96.83150482177734,143.46656799316406,24.579999923706055,154.97999572753906,244.78065490722656,728.927978515625,103.16007232666016,168.73448181152344,186.8153533935547,276.8789978027344,117.21366882324219,,67.08000183105469,147.1326904296875,545.1122436523438,526.60546875,154.12123107910156,91.1386489868164,97.62999725341797,353.813720703125,32.11302185058594,616.1199951171875,93.82606506347656,554.9127197265625,80.3200912475586,375.8146057128906,27.84027099609375,1318.863525390625,102.8941421508789,131.98037719726562,461.9753112792969,247.9959259033203,339.0299987792969,427.0960388183594,183.7100067138672,250.7877960205078,218.2867431640625,84.71022033691406,44.0870246887207,335.30999755859375,131.77000427246094,374.4599914550781,42.450286865234375,77.58999633789062,236.212890625,103.68782806396484,104.85429382324219,149.02000427246094
2025-08-12,229.64999389648438,197.21823120117188,130.43997192382812,237.8699951171875,338.42999267578125,231.12591552734375,58.061912536621094,298.0817565917969,283.0299987792969,290.0207214355469,187.91143798828125,174.9499969482422,282.686767578125,202.83200073242188,221.47000122070312,141.25,363.80999755859375,287.3713684082031,111.69522094726562,,312.294921875,302.44366455078125,4000.669921875,232.61000061035156,47.23725891113281,193.90611267089844,5452.15380859375,1154.1610107421875,45.918880462646484,,102.63999938964844,95.73999786376953,65.7300033569336,,269.7699890136719,101.18965911865234,353.6099853515625,263.1000061035156,279.0605773925781,84.40411376953125,31.762855529785156,274.5666809082031,42.83000183105469,93.81604766845703,991.25,231.25730895996094,70.95156860351562,35.67742156982422,222.8560333251953,65.51000213623047,152.7397003173828,504.08953857421875,205.3572235107422,113.72000122070312,123.40320587158203,275.95556640625,290.8927307128906,132.42758178710938,116.88766479492188,782.5459594726562,363.29998779296875,76.93000030517578,11.25,41.999359130859375,228.9528045654297,132.32000732421875,,312.6358642578125,279.28875732421875,119.19226837158203,54.020294189453125,203.97769165039062,203.15829467773438,739.4217529296875,389.6129455566406,393.76605224609375,215.8861541748047,273.9836730957031,234.77000427246094,182.230712890625,21.809999465942383,712.1784057617188,478.19000244140625,258.87554931640625,171.52101135253906,291.4331359863281,933.4984741210938,132.33639526367188,70.17183685302734,471.72540283203125,638.0286254882812,428.434326171875,244.8699951171875,105.07251739501953,573.4229736328125,264.33624267578125,299.93719482421875,64.05601501464844,658.2230224609375,515.1195068359375,60.899898529052734,92.08000183105469,789.4671630859375,203.4960479736328,157.12400817871094,64.02999877929688,64.9601821899414,158.2291717529297,79.51455688476562,147.2899932861328,548.4094848632812,528.3713989257812,470.1337890625,127.67005157470703,71.30857849121094,1225.280029296875,74.51277160644531,578.526123046875,853.4299926757812,278.239990234375,183.14967346191406,219.04031372070312,253.42022705078125,101.88999938964844,43.91526412963867,175.39999389648438,98.62560272216797,145.4471893310547,24.649999618530273,155.08999633789062,242.94139099121094,750.2572631835938,103.88361358642578,167.03048706054688,189.4907989501953,277.6015319824219,118.86735534667969,,67.97000122070312,152.86009216308594,555.7061767578125,518.638671875,154.80821228027344,92.75797271728516,98.69000244140625,357.316162109375,32.678497314453125,625.7999877929688,93.22086334228516,558.087158203125,81.50155639648438,375.75469970703125,28.17664909362793,1319.939453125,105.12000274658203,132.9672393798828,476.9818420410156,251.39395141601562,340.8399963378906,437.9512939453125,192.97000122070312,259.9301452636719,217.44203186035156,85.80946350097656,45.2841796875,336.739990234375,133.3800048828125,387.7699890136719,42.51910400390625,79.4800033569336,232.10830688476562,103.37854766845703,105.15151977539062,149.77000427246094
2025-08-13,233.3300018310547,200.02798461914062,128.82713317871094,245.67999267578125,351.07000732421875,236.69390869140625,59.31119155883789,303.374267578125,287.010009765625,294.4610900878906,189.48692321777344,184.4199981689453,287.0017395019531,202.36610412597656,224.55999755859375,138.00999450683594,370.9200134277344,292.2789611816406,109.67802429199219,,308.5613098144531,306.09442138671875,4036.429931640625,233.3699951171875,46.97869873046875,194.9007110595703,5438.55712890625,1154.5791015625,47.201255798339844,,102.5,94.6500015258789,67.05000305175781,,275.0400085449219,100.68534088134766,349.1199951171875,269.0,285.6572570800781,85.76498413085938,32.594032287597656,272.61602783203125,43.47999954223633,95.09549713134766,978.8499755859375,236.6179656982422,69.97745513916016,35.9363899230957,224.6424102783203,65.9000015258789,154.15394592285156,511.75274658203125,208.7711944580078,116.63999938964844,124.63257598876953,281.15301513671875,292.8321228027344,134.4695281982422,118.33377838134766,779.24609375,357.489990234375,77.68000030517578,11.4399995803833,42.587249755859375,229.0323028564453,134.2899932861328,,316.1006164550781,268.5318603515625,119.31144714355469,55.4366340637207,202.84869384765625,201.779541015625,740.7247924804688,389.7626647949219,404.8829650878906,218.60202026367188,281.0091247558594,240.07000732421875,180.9044189453125,22.219999313354492,710.4116821289062,482.3500061035156,265.6734313964844,173.14906311035156,289.1243591308594,947.4180908203125,133.49497985839844,69.92374420166016,474.1177673339844,659.04248046875,439.3645935058594,256.3299865722656,106.5296401977539,577.1380615234375,269.01434326171875,303.3478088378906,65.29740905761719,662.3779907226562,520.1903686523438,61.693511962890625,92.91000366210938,779.5538940429688,208.41397094726562,159.46319580078125,64.1500015258789,64.45829010009766,160.8346710205078,81.9009780883789,147.75999450683594,565.62451171875,519.7256469726562,469.13604736328125,124.19222259521484,71.74520111083984,1204.43994140625,76.80087280273438,579.8111572265625,863.2999877929688,281.8399963378906,181.5797576904297,229.4622802734375,243.75698852539062,102.63999938964844,44.5120735168457,176.86000061035156,100.33000183105469,147.90316772460938,25.15999984741211,155.41000366210938,249.08889770507812,760.2435913085938,105.25141906738281,164.3358154296875,191.6410675048828,280.2738037109375,121.3825454711914,,70.62999725341797,155.7039031982422,560.6986083984375,521.6636962890625,155.02725219726562,93.56266021728516,95.58999633789062,368.0329284667969,33.283653259277344,618.5700073242188,94.0443344116211,561.60107421875,81.63063049316406,378.08941650390625,28.097501754760742,1334.077392578125,105.36000061035156,133.6750030517578,484.355224609375,249.95901489257812,339.3800048828125,433.88055419921875,193.2899932861328,270.1059265136719,221.79483032226562,86.54556274414062,46.115264892578125,342.54998779296875,136.14999389648438,395.9200134277344,42.97132873535156,77.88999938964844,229.03982543945312,100.75466918945312,106.60797119140625,152.44000244140625
2025-08-14,232.77999877929688,203.21499633789062,128.70767211914062,246.16000366210938,348.5799865722656,235.2794952392578,58.81544494628906,300.1211242675781,283.75,292.7747497558594,187.70204162597656,180.9499969482422,287.95404052734375,201.68215942382812,230.97999572753906,136.47999572753906,366.3500061035156,290.2523498535156,110.58676147460938,,310.69769287109375,306.9522399902344,3992.47998046875,233.19000244140625,47.44609451293945,193.94589233398438,5475.34375,1154.70849609375,47.161800384521484,,104.1500015258789,95.45999908447266,65.76000213623047,,275.739990234375,99.9239273071289,348.9200134277344,263.20001220703125,288.89093017578125,84.08624267578125,32.55445861816406,273.3923034667969,43.16999816894531,94.86738586425781,975.3900146484375,232.96432495117188,68.8840560913086,36.2053108215332,220.91000366210938,66.7300033569336,153.45176696777344,477.1735534667969,209.8492889404297,116.30999755859375,123.19499969482422,279.3074951171875,293.8266906738281,133.8419952392578,118.6507339477539,770.66845703125,355.1000061035156,78.18000030517578,11.4399995803833,42.12889099121094,229.5986785888672,134.6199951171875,,314.4578552246094,269.3708801269531,118.19916534423828,56.27446365356445,203.63800048828125,202.75865173339844,743.221435546875,392.9469909667969,398.0616760253906,217.0699920654297,280.36138916015625,237.11000061035156,182.17086791992188,23.860000610351562,709.3436279296875,477.0799865722656,260.8731689453125,173.44688415527344,292.7367858886719,953.335205078125,132.08883666992188,69.02067565917969,476.1114196777344,682.9299926757812,434.1526184082031,253.0500030517578,107.16837310791016,582.9903564453125,265.872314453125,307.2059326171875,65.53575897216797,673.0153198242188,520.3800048828125,60.96934127807617,91.9800033569336,781.6024780273438,206.06451416015625,155.9295196533203,64.19999694824219,64.50749969482422,161.42141723632812,81.95049285888672,148.50999450683594,563.9199829101562,521.6224975585938,460.5654602050781,125.21158599853516,71.68566131591797,1230.56005859375,75.99506378173828,581.4346923828125,850.8599853515625,282.5,182.00973510742188,230.4775848388672,244.53564453125,101.5,44.53196716308594,173.5500030517578,99.69000244140625,147.18023681640625,25.110000610351562,153.74000549316406,250.84817504882812,743.5732421875,104.91442108154297,163.7314910888672,192.80043029785156,278.00732421875,121.53108215332031,,69.37999725341797,157.19541931152344,565.1118774414062,524.0896606445312,154.40000915527344,92.44999694824219,97.77999877929688,364.7799987792969,32.956275939941406,616.3599853515625,93.44905853271484,563.1683349609375,81.29306030273438,377.6603698730469,28.44377326965332,1321.8388671875,104.25,132.9499969482422,484.60498046875,249.43087768554688,335.5799865722656,427.55499267578125,193.7100067138672,269.7879333496094,220.14515686035156,86.90870666503906,46.33293151855469,345.489990234375,135.82000732421875,390.29998779296875,42.76487731933594,79.41000366210938,225.30384826660156,100.61499786376953,106.38999938964844,153.05999755859375
2025-08-15,231.58999633789062,205.2106170654297,131.16673278808594,247.00999450683594,354.8500061035156,230.71754455566406,59.24178695678711,300.2305908203125,286.7300109863281,292.08624267578125,161.29769897460938,177.50999450683594,294.08428955078125,204.3188934326172,231.02999877929688,137.3000030517578,367.010009765625,288.5535583496094,109.05887603759766,,305.8160400390625,304.69793701171875,4006.909912109375,235.25999450683594,46.680355072021484,194.8808135986328,5444.916015625,1129.6766357421875,47.78325653076172,,103.16999816894531,93.69000244140625,65.4000015258789,,274.2099914550781,100.55679321289062,349.8800048828125,267.79998779296875,295.3681945800781,84.50344848632812,33.09867858886719,272.61602783203125,44.040000915527344,94.55000305175781,972.0399780273438,242.01856994628906,65.80265808105469,36.17543029785156,216.5500030517578,68.5999984741211,154.8264617919922,487.098876953125,210.5580291748047,115.38999938964844,122.44999694824219,280.1554260253906,307.8899841308594,131.75,117.85834503173828,776.5723876953125,351.0299987792969,78.26000213623047,11.4399995803833,42.2086067199707,225.81292724609375,136.6999969482422,,312.3172607421875,267.52313232421875,117.55365753173828,56.16474914550781,204.72702026367188,203.71778869628906,726.8291625976562,395.08319091796875,397.1269836425781,216.77000427246094,285.39385986328125,239.72000122070312,180.6949920654297,24.559999465942383,715.4324951171875,480.260009765625,257.0469055175781,175.35289001464844,289.08453369140625,873.0399780273438,131.64321899414062,69.38784790039062,478.5536193847656,701.22998046875,434.390869140625,252.05999755859375,99.31388854980469,580.9330444335938,264.5257873535156,307.1860046386719,65.25768280029297,672.2462158203125,516.4600219726562,61.58439254760742,93.0199966430664,784.7003784179688,206.28353881835938,151.68911743164062,64.63999938964844,64.77320098876953,161.4412841796875,83.38630676269531,144.6300048828125,557.02001953125,519.3162841796875,459.2684326171875,120.79435729980469,74.83133697509766,1238.949951171875,76.57206726074219,581.673828125,867.239990234375,280.739990234375,180.4398193359375,227.73025512695312,247.84988403320312,101.54000091552734,44.37281799316406,177.08999633789062,98.22000122070312,148.9429931640625,25.139999389648438,154.36000061035156,247.04971313476562,728.2296752929688,105.64788055419922,164.64291381835938,189.5304412841797,280.0362548828125,122.40248107910156,,69.2300033569336,156.956787109375,579.5299682617188,528.7619018554688,154.08999633789062,90.5999984741211,96.11000061035156,364.3999938964844,32.72810363769531,617.9099731445312,93.32999420166016,555.5016479492188,80.6477279663086,381.0426940917969,28.562496185302734,1298.587646484375,103.0199966430664,132.6199951171875,488.5714416503906,253.73570251464844,330.55999755859375,422.4665832519531,194.57000732421875,302.10406494140625,219.4097442626953,86.84000396728516,45.442481994628906,344.4700012207031,136.8000030517578,392.7900085449219,43.492374420166016,77.0999984741211,225.9613800048828,100.0,106.48999786376953,154.11000061035156
2025-08-18,230.88999938964844,205.0914764404297,129.6932830810547,249.1300048828125,357.239990234375,230.63784790039062,59.16246795654297,301.08612060546875,289.6499938964844,293.87237548828125,163.06265258789062,176.13999938964844,290.2652587890625,201.35504150390625,231.49000549316406,138.0399932861328,365.3699951171875,286.2488098144531,110.90631103515625,,305.2370300292969,306.2739562988281,4039.949951171875,232.41000366210938,47.65493392944336,193.94589233398438,5522.49267578125,1130.781494140625,47.536643981933594,,103.05000305175781,94.22000122070312,66.48999786376953,,272.9200134277344,99.42949676513672,356.25,266.80999755859375,296.82086181640625,83.69884490966797,33.078887939453125,269.12274169921875,43.380001068115234,94.0,979.3499755859375,243.5458984375,66.54815673828125,35.84674835205078,214.27999877929688,70.16999816894531,153.61001586914062,489.4207763671875,208.64141845703125,116.55000305175781,121.45999908447266,279.4072265625,307.6413269042969,131.8300018310547,116.6103286743164,764.983154296875,353.5,78.30000305175781,11.460000038146973,41.60078811645508,226.27000427246094,137.05999755859375,,312.2077331542969,268.1224060058594,117.17626953125,56.08495330810547,204.10755920410156,203.3181610107422,727.0679321289062,392.91705322265625,392.473388671875,216.39999389648438,286.1910705566406,239.4499969482422,177.444091796875,23.65999984741211,715.9016723632812,481.2799987792969,257.6233215332031,174.96572875976562,290.1195068359375,883.3900146484375,130.04893493652344,68.60386657714844,476.9886169433594,698.0499877929688,437.4485778808594,250.88999938964844,98.68512725830078,583.369873046875,265.58306884765625,306.95733642578125,65.10871887207031,670.388427734375,509.2200012207031,61.34630584716797,92.80999755859375,766.8524169921875,206.7215576171875,152.15695190429688,64.12000274658203,64.94049835205078,161.76947021484375,83.39620971679688,144.77999877929688,555.6699829101562,516.2512817382812,460.1364440917969,123.4726791381836,75.13896179199219,1245.0899658203125,77.0296859741211,582.5304565429688,892.0499877929688,279.7900085449219,181.99972534179688,230.9454345703125,248.63853454589844,101.38999938964844,43.974945068359375,176.1699981689453,98.37999725341797,148.10122680664062,25.06999969482422,155.72000122070312,246.98974609375,734.4548950195312,104.50804901123047,165.04910278320312,190.26370239257812,277.6806945800781,121.63999938964844,,69.52999877929688,158.00082397460938,573.9099731445312,531.3975219726562,155.5,92.54000091552734,96.16999816894531,358.8500061035156,33.035640716552734,625.3300170898438,92.8499984741211,550.2508544921875,80.40943908691406,380.74334716796875,28.611963272094727,1300.7022705078125,104.94999694824219,133.05999755859375,487.1027526855469,254.2837677001953,335.1600036621094,427.9042053222656,194.3300018310547,306.55596923828125,218.71408081054688,86.51000213623047,45.62057113647461,342.739990234375,136.80999755859375,389.8800048828125,43.63983917236328,77.44000244140625,223.36114501953125,100.69999694824219,106.72000122070312,152.32000732421875
2025-08-19,230.55999755859375,204.71420288085938,130.6689453125,255.8800048828125,361.0299987792969,229.5322265625,59.45000076293945,304.1402587890625,289.239990234375,300.328369140625,161.7563934326172,166.5500030517578,293.17169189453125,204.84426879882812,228.00999450683594,132.77999877929688,372.8599853515625,288.3151550292969,109.82781219482422,,294.40557861328125,305.32635498046875,4128.7998046875,225.0,47.814048767089844,196.9595184326172,5574.48291015625,1123.1673583984375,47.68461227416992,,103.75,93.73999786376953,66.9800033569336,,273.79998779296875,101.27865600585938,346.8800048828125,267.010009765625,300.591796875,85.27825164794922,33.5340576171875,270.19757080078125,43.25,93.76000213623047,980.8499755859375,245.57237243652344,66.35930633544922,36.374637603759766,216.42999267578125,70.97000122070312,152.0,487.7366638183594,211.82579040527344,116.2699966430664,123.77999877929688,282.9786376953125,310.3067626953125,131.58999633789062,116.2042236328125,768.77001953125,349.0,78.93000030517578,11.579999923706055,41.311824798583984,231.64556884765625,139.11000061035156,,315.015380859375,265.6054382324219,117.16635131835938,56.91281509399414,202.30918884277344,201.389892578125,717.5388793945312,401.9708557128906,404.90289306640625,216.74000549316406,287.24737548828125,241.27999877929688,177.77316284179688,25.309999465942383,699.7511596679688,479.20001220703125,262.3142395019531,176.5044403076172,289.25372314453125,876.0800170898438,131.6531219482422,69.59625244140625,478.3941345214844,703.2100219726562,437.9052429199219,256.3599853515625,100.13227844238281,584.738037109375,266.10174560546875,309.1747131347656,64.26456451416016,676.1015625,512.0,62.159759521484375,89.9000015258789,750.97314453125,209.9868927001953,153.63014221191406,63.9900016784668,65.50143432617188,163.47000122070312,84.0992660522461,144.07000732421875,568.1599731445312,508.933349609375,459.3681945800781,121.97361755371094,75.92289733886719,1214.1500244140625,76.48252868652344,583.9348754882812,886.780029296875,285.5299987792969,175.63009643554688,228.218017578125,234.2135467529297,103.05999755859375,43.72627258300781,181.55999755859375,99.45999908447266,150.68594360351562,25.31999969482422,158.39999389648438,250.53831481933594,742.4658203125,109.7810287475586,167.1988983154297,191.23480224609375,284.4010009765625,122.16999816894531,,69.05000305175781,155.36582946777344,571.780029296875,531.70703125,153.66000366210938,90.93000030517578,95.76000213623047,367.92999267578125,33.075321197509766,612.7899780273438,94.18000030517578,553.4652099609375,82.05754852294922,389.054443359375,28.671323776245117,1307.850830078125,105.36000061035156,134.6199951171875,497.8431091308594,257.3131103515625,329.30999755859375,427.8144226074219,195.94000244140625,302.3326110839844,222.3811798095703,87.80000305175781,45.71950912475586,342.45001220703125,137.92999267578125,390.760009765625,44.1805419921875,77.52999877929688,227.63511657714844,101.29000091552734,107.41999816894531,155.6699981689453
2025-08-20,226.00999450683594,207.6529998779297,131.8536834716797,255.0500030517578,353.42999267578125,243.90536499023438,60.72999954223633,307.43316650390625,288.6300048828125,301.9847717285156,160.5,165.1999969482422,294.064453125,207.66937255859375,223.80999755859375,131.47000122070312,374.0,290.4510192871094,108.4996566772461,,290.6719970703125,307.62054443359375,4158.10009765625,225.6199951171875,48.08255386352539,198.12318420410156,5630.0869140625,1123.1573486328125,47.60569763183594,,106.05000305175781,93.16999816894531,66.83999633789062,,279.67999267578125,101.71375274658203,345.45001220703125,266.6199951171875,303.0394592285156,85.47692108154297,32.94036102294922,273.302734375,43.06999969482422,94.88999938964844,994.5700073242188,246.02159118652344,66.70719909667969,35.84674835205078,216.72999572753906,70.81999969482422,153.22000122070312,491.0052490234375,211.02719116210938,117.04000091552734,124.4800033569336,284.7843017578125,308.317626953125,130.88999938964844,117.23433685302734,776.2899780273438,346.2200012207031,81.38999938964844,11.489999771118164,41.16236114501953,225.7632598876953,139.9600067138672,,316.0906677246094,266.1148376464844,117.91117858886719,56.62356185913086,200.01123046875,199.1418914794922,716.8425903320312,409.44744873046875,399.4736633300781,217.0,288.99127197265625,242.5500030517578,180.7947235107422,23.540000915527344,697.8745727539062,480.45001220703125,260.4060363769531,177.536865234375,290.8260803222656,878.4400024414062,131.96009826660156,70.16191101074219,480.82635498046875,705.4400024414062,442.7697448730469,257.1400146484375,98.95459747314453,591.8985595703125,262.8600158691406,311.3125915527344,66.30046081542969,702.1005249023438,514.9500122070312,62.665687561035156,93.22000122070312,747.2156372070312,210.26565551757812,154.03826904296875,64.38999938964844,66.50521087646484,165.82000732421875,83.8319091796875,144.1199951171875,574.25,504.8900146484375,461.0843200683594,117.13664245605469,75.59542846679688,1213.8599853515625,75.86573791503906,590.2201538085938,890.25,285.489990234375,175.39010620117188,227.72030639648438,234.6527862548828,104.0,44.03462600708008,184.42999267578125,98.18000030517578,149.26979064941406,25.3799991607666,159.50999450683594,252.5774688720703,741.2088012695312,109.2061538696289,171.2409210205078,193.2265167236328,283.9952087402344,123.56999969482422,,68.08000183105469,154.56040954589844,591.010009765625,539.6238403320312,156.58999633789062,89.51000213623047,95.51000213623047,367.1300048828125,33.09516525268555,601.1300048828125,94.93000030517578,556.0607299804688,81.80934143066406,390.9800720214844,28.968128204345703,1311.948974609375,98.69000244140625,138.27000427246094,494.3662109375,258.100341796875,323.8999938964844,425.3300476074219,200.77000427246094,297.960205078125,224.27932739257812,86.94000244140625,45.91738510131836,343.92999267578125,140.50999450683594,394.3599853515625,44.29851531982422,78.16000366210938,229.16934204101562,102.56999969482422,108.52999877929688,156.75999450683594
2025-08-21,224.89999389648438,208.00050354003906,131.41561889648438,253.99000549316406,353.42999267578125,245.9771728515625,61.119998931884766,303.3642883300781,286.05999755859375,304.7188415527344,159.83999633789062,163.7100067138672,293.3800048828125,207.89735412597656,221.9499969482422,132.02999877929688,375.2699890136719,291.5934753417969,108.65943145751953,,289.10467529296875,307.3911437988281,4127.68994140625,224.4600067138672,47.99304962158203,195.5670928955078,5700.92529296875,1119.46484375,47.77339172363281,,105.20999908447266,92.58999633789062,65.01000213623047,,278.82000732421875,101.65442657470703,347.57000732421875,267.9800109863281,299.4376525878906,85.70538330078125,33.247100830078125,272.0188903808594,42.90999984741211,94.77999877929688,969.6799926757812,245.40267944335938,66.61773681640625,35.72722244262695,216.11000061035156,71.43000030517578,155.5500030517578,485.06597900390625,203.54042053222656,116.20999908447266,124.13999938964844,282.3800964355469,307.9197998046875,130.08999633789062,117.3829116821289,772.1900024414062,345.3800048828125,81.16000366210938,11.329999923706055,41.57089614868164,223.8455352783203,140.0,,315.14483642578125,268.3820495605469,115.33903503417969,56.36423110961914,200.4408416748047,199.57150268554688,712.1378173828125,403.5380554199219,395.45648193359375,217.4199981689453,293.44573974609375,239.39999389648438,178.73048400878906,23.5,696.4871215820312,469.8800048828125,259.392333984375,177.62620544433594,290.059814453125,872.3900146484375,131.6729278564453,70.12222290039062,479.1816101074219,709.8200073242188,443.9610595703125,255.64999389648438,98.21605682373047,591.1395874023438,262.2699890136719,311.4518127441406,65.6449966430664,705.1568603515625,509.4700012207031,62.437522888183594,91.0999984741211,738.6014404296875,210.1660919189453,153.6699676513672,64.36000061035156,66.60362243652344,164.94000244140625,85.2380142211914,144.0399932861328,567.27001953125,504.239990234375,461.38360595703125,115.71753692626953,75.49620056152344,1206.2099609375,75.78614807128906,594.8719482421875,876.969970703125,284.3500061035156,174.97012329101562,222.9025115966797,232.75608825683594,102.87000274658203,44.32308578491211,183.32000732421875,97.54000091552734,147.5367431640625,25.739999771118164,158.72999572753906,248.84898376464844,731.3123168945312,107.43196868896484,172.86566162109375,192.23561096191406,283.81707763671875,124.44999694824219,,67.55000305175781,153.25782775878906,598.1599731445312,526.0663452148438,156.32000732421875,88.55999755859375,95.81999969482422,363.8599853515625,33.54159164428711,598.1699829101562,94.62000274658203,551.4786987304688,80.5484390258789,383.9560241699219,29.12642478942871,1303.50927734375,97.05999755859375,137.50999450683594,483.3261413574219,257.2532958984375,320.1099853515625,421.3092346191406,200.7100067138672,301.4482116699219,223.9016876220703,86.1500015258789,45.679931640625,343.69000244140625,140.2899932861328,397.4599914550781,44.269020080566406,77.83000183105469,228.75091552734375,97.95999908447266,109.2300033569336,155.61000061035156
2025-08-22,227.75999450683594,209.09263610839844,132.0030059814453,259.2200012207031,362.0899963378906,251.2064971923828,62.91999816894531,306.3587646484375,290.2300109863281,302.5136413574219,162.49000549316406,167.75999450683594,293.7200012207031,210.02857971191406,228.83999633789062,133.25,375.1000061035156,297.3355407714844,109.20867156982422,,293.49713134765625,318.3533630371094,4110.60986328125,230.1199951171875,49.206302642822266,198.58070373535156,5711.0380859375,1142.77490234375,47.27030563354492,,106.16999816894531,95.26000213623047,67.75,,277.69000244140625,102.63339233398438,349.6300048828125,277.5799865722656,302.820556640625,85.3676528930664,33.79132843017578,268.2369689941406,43.63999938964844,96.77999877929688,958.5399780273438,247.85838317871094,66.91593933105469,34.442359924316406,215.58999633789062,71.30000305175781,158.17999267578125,494.26385498046875,211.42649841308594,118.86000061035156,124.33999633789062,283.0484924316406,314.8320617675781,133.77000427246094,119.95818328857422,786.469970703125,347.6099853515625,81.83000183105469,11.739999771118164,43.12531661987305,235.2921905517578,139.67999267578125,,318.2113342285156,266.2047119140625,113.97847747802734,58.21943283081055,206.535400390625,205.9058380126953,737.939697265625,404.24676513671875,410.4613342285156,222.8300018310547,298.46820068359375,242.08999633789062,180.16647338867188,24.799999237060547,661.4511108398438,476.1600036621094,267.75054931640625,177.98358154296875,294.80670166015625,870.280029296875,132.1878662109375,69.59625244140625,480.1385803222656,711.6799926757812,442.9682922363281,263.7300109863281,99.88276672363281,598.1703491210938,273.82000732421875,312.2970275878906,69.13999938964844,688.6266479492188,516.010009765625,62.90377426147461,92.70999908447266,754.2808837890625,209.6085968017578,157.99000549316406,62.84000015258789,66.59378051757812,170.8800048828125,86.5154037475586,148.02000427246094,574.8300170898438,507.2300109863281,460.86480712890625,117.60635375976562,75.7343521118164,1204.6500244140625,77.97477722167969,590.12060546875,886.75,284.6000061035156,177.97996520996094,233.75250244140625,235.9605255126953,102.30999755859375,45.586334228515625,185.8800048828125,101.5,148.1903533935547,25.8799991607666,158.6699981689453,249.10890197753906,750.546630859375,111.28759002685547,170.15115356445312,199.85568237304688,290.69573974609375,129.94000244140625,,69.9000015258789,157.11585998535156,589.47998046875,535.949951171875,156.24000549316406,88.37999725341797,95.83000183105469,372.92999267578125,35.327301025390625,606.52001953125,94.4800033569336,555.6913452148438,82.30575561523438,393.3247375488281,28.46356201171875,1317.8436279296875,99.23999786376953,136.5399932861328,499.54156494140625,251.0651092529297,340.010009765625,423.1450500488281,206.05999755859375,305.4927062988281,226.4358673095703,88.81999969482422,47.76753616333008,350.0400085449219,145.3699951171875,395.1199951171875,43.68899154663086,79.0999984741211,226.1706085205078,96.83000183105469,111.27999877929688,156.6199951171875
2025-08-25,227.16000366210938,206.06446838378906,131.28619384765625,256.04998779296875,363.2099914550781,253.48748779296875,64.20999908447266,302.2699890136719,285.3399963378906,297.97344970703125,161.99000549316406,163.36000061035156,288.4700012207031,209.27520751953125,227.94000244140625,133.0399932861328,370.94000244140625,292.2392272949219,109.57816314697266,,293.72674560546875,315.0018310546875,4139.830078125,226.8699951171875,49.206302642822266,193.5977783203125,5693.7978515625,1131.7568359375,46.50088119506836,,105.11000061035156,95.0,66.0,,274.4100036621094,101.8225326538086,345.19000244140625,273.44000244140625,299.24859619140625,83.50016784667969,33.652793884277344,270.09808349609375,42.75,98.18000030517578,941.5800170898438,247.43911743164062,66.73702239990234,32.679405212402344,211.86000061035156,71.20999908447266,158.1999969482422,486.2019958496094,207.36367797851562,117.70999908447266,123.11000061035156,277.6913757324219,312.2959289550781,132.3800048828125,120.27513885498047,782.3800048828125,345.760009765625,80.86000061035156,11.819999694824219,43.533851623535156,231.51638793945312,137.25999450683594,,318.4901428222656,266.28460693359375,113.36276245117188,58.12966537475586,208.9732208251953,208.30369567871094,734.856201171875,402.0506896972656,406.59326171875,220.61000061035156,296.166259765625,239.42999267578125,178.64073181152344,24.549999237060547,655.7615356445312,468.44000244140625,265.09698486328125,177.11000061035156,293.47320556640625,879.5499877929688,129.47457885742188,68.40538787841797,476.3307189941406,695.3300170898438,444.477294921875,258.8699951171875,101.08039855957031,592.4279174804688,268.6000061035156,311.6705627441406,68.55000305175781,678.0991821289062,510.0,61.46534729003906,92.04000091552734,752.7918701171875,206.08441162109375,155.85000610351562,62.29999923706055,65.983642578125,172.17999267578125,84.47554779052734,147.64999389648438,573.719970703125,504.260009765625,459.6375732421875,116.34713745117188,74.74202728271484,1218.0699462890625,78.76068878173828,584.44287109375,879.9400024414062,277.3900146484375,179.79986572265625,235.5840606689453,235.002197265625,102.47000122070312,46.15330123901367,184.5500030517578,100.51000213623047,146.76429748535156,25.139999389648438,156.14999389648438,243.990966796875,748.5214233398438,110.6334228515625,165.8119354248047,198.8746795654297,286.8654479980469,129.52000427246094,,69.4800033569336,155.5348663330078,572.3800048828125,529.4107666015625,156.27000427246094,85.80999755859375,96.19000244140625,367.0,35.36698532104492,597.0,93.12999725341797,550.72998046875,81.10443115234375,389.9923095703125,28.433879852294922,1300.5526123046875,97.12999725341797,135.5,490.30987548828125,250.85586547851562,346.6000061035156,418.6752624511719,205.97000122070312,302.94873046875,221.93397521972656,87.73999786376953,47.64881134033203,348.82000732421875,147.11000061035156,388.94000244140625,43.482540130615234,80.19000244140625,223.20175170898438,96.06999969482422,111.73999786376953,155.19000244140625
2025-08-26,229.30999755859375,206.86866760253906,131.00743103027344,255.4199981689453,354.9100036621094,254.6230010986328,62.81999969482422,301.88201904296875,282.45001220703125,299.550048828125,164.50999450683594,166.6199951171875,289.5799865722656,205.6372833251953,228.7100067138672,134.27000427246094,369.0,292.04052734375,109.7479248046875,,297.5002746582031,319.7897033691406,4180.169921875,234.8300018310547,49.9720458984375,193.02093505859375,5695.8740234375,1134.4442138671875,46.56993103027344,,106.38999938964844,95.72000122070312,66.4800033569336,,272.0,100.2601318359375,344.0299987792969,266.6700134277344,298.8108215332031,83.57963562011719,33.326263427734375,270.3169860839844,42.52000045776367,97.05000305175781,941.3400268554688,243.31631469726562,67.9795150756836,32.2809944152832,212.99000549316406,71.55000305175781,157.36000061035156,486.0625,205.88629150390625,117.6500015258789,123.27999877929688,278.54931640625,308.34747314453125,133.35000610351562,120.14637756347656,781.7899780273438,352.0199890136719,81.2699966430664,11.84000015258789,44.19149398803711,229.6284942626953,137.8800048828125,,320.7701110839844,273.6056823730469,113.9586181640625,58.64832305908203,207.76429748535156,206.95489501953125,744.9620971679688,401.24212646484375,405.240966796875,222.55999755859375,297.8304138183594,242.6300048828125,178.24185180664062,24.350000381469727,658.3367919921875,474.260009765625,264.6000671386719,176.49000549316406,297.1254577636719,888.0999755859375,128.5437469482422,68.20691680908203,480.3877868652344,736.030029296875,452.1612243652344,258.3299865722656,103.42576599121094,590.8299560546875,267.8500061035156,311.17340087890625,67.62000274658203,679.7073364257812,511.3900146484375,61.554630279541016,92.18000030517578,753.5913696289062,205.49705505371094,156.57000732421875,62.119998931884766,65.39318084716797,173.50999450683594,84.15867614746094,148.97000122070312,571.4299926757812,502.0400085449219,454.5890197753906,116.42708587646484,74.26570892333984,1226.0899658203125,78.2433853149414,590.6983642578125,864.6599731445312,276.6700134277344,181.75975036621094,236.72879028320312,233.8042755126953,103.18000030517578,45.79521560668945,184.22999572753906,100.25,145.575927734375,24.920000076293945,155.97000122070312,245.93017578125,759.7447509765625,110.36580657958984,165.12835693359375,201.60958862304688,285.9153137207031,129.88999938964844,,70.18000030517578,158.26930236816406,587.6500244140625,523.5805053710938,159.57000732421875,86.62999725341797,97.23999786376953,366.4599914550781,35.03960418701172,596.0,93.08999633789062,552.3200073242188,81.19377899169922,393.4344787597656,28.255796432495117,1322.40966796875,96.11000061035156,136.67999267578125,488.0419006347656,250.3177490234375,351.6700134277344,425.2203369140625,205.97999572753906,298.5465087890625,221.35757446289062,87.45999908447266,48.05445861816406,351.17999267578125,146.9499969482422,387.17999267578125,43.21710205078125,81.51000213623047,224.4072265625,96.05000305175781,111.48999786376953,154.7899932861328
2025-08-27,230.49000549316406,206.57080078125,130.87802124023438,257.1199951171875,356.3500061035156,254.49349975585938,62.709999084472656,301.52386474609375,285.95001220703125,298.0732421875,164.38999938964844,167.1300048828125,287.9700012207031,201.49380493164062,229.1199951171875,133.27000427246094,368.3699951171875,292.6564636230469,109.97760009765625,,299.7364501953125,321.6449890136719,4205.41015625,235.6199951171875,50.10132598876953,194.34371948242188,5606.02880859375,1126.3125,46.9842414855957,,105.87000274658203,96.87000274658203,67.58999633789062,,273.04998779296875,99.0339584350586,346.8800048828125,269.1499938964844,298.44268798828125,83.8875732421875,33.454898834228516,268.8341064453125,42.650001525878906,97.9000015258789,949.52001953125,249.7251434326172,68.02922058105469,32.41048049926758,213.1999969482422,71.93000030517578,159.24000549316406,491.3639831542969,204.63848876953125,118.08999633789062,123.68000030517578,279.70654296875,308.128662109375,133.4499969482422,121.71134185791016,790.5599975585938,351.3999938964844,80.9000015258789,11.90999984741211,43.71321105957031,230.73141479492188,137.97999572753906,,324.0357360839844,273.01641845703125,113.13434600830078,58.598453521728516,208.02407836914062,207.29458618164062,745.67822265625,404.3266296386719,405.9369812011719,221.25,296.2260437011719,244.83999633789062,176.8058624267578,24.850000381469727,661.960205078125,471.1499938964844,265.1864318847656,176.7899932861328,297.8320007324219,888.8900146484375,128.9398651123047,68.30615234375,481.1752624511719,734.1699829101562,451.17840576171875,258.6700134277344,103.46569061279297,589.8812255859375,269.6700134277344,309.6719055175781,66.6500015258789,682.6937255859375,510.07000732421875,61.266944885253906,92.05000305175781,746.8759155273438,205.44728088378906,156.52999877929688,61.72999954223633,65.35382080078125,177.88999938964844,83.24767303466797,149.3800048828125,570.1500244140625,506.739990234375,463.3591613769531,117.67630767822266,73.322998046875,1223.5,77.65642547607422,584.3134155273438,887.97998046875,272.3500061035156,181.5897674560547,236.5794677734375,235.4014892578125,104.05000305175781,46.62080001831055,187.61000061035156,101.44000244140625,146.20973205566406,25.06999969482422,156.9600067138672,244.59072875976562,766.2792358398438,111.68405151367188,162.6615447998047,204.16610717773438,288.20159912109375,132.6199951171875,,69.6500015258789,158.8659210205078,586.9600219726562,527.783447265625,159.83999633789062,87.66000366210938,96.87000274658203,367.3999938964844,35.69436264038086,603.1699829101562,93.27999877929688,549.8699951171875,81.67034149169922,392.25714111328125,28.750471115112305,1305.287109375,97.95999908447266,137.22999572753906,487.6822204589844,250.47718811035156,349.6000061035156,423.2248840332031,205.47000122070312,301.9748840332031,219.57867431640625,87.86000061035156,48.24243927001953,350.3500061035156,150.77000427246094,389.0799865722656,43.52186584472656,82.5,224.9850616455078,96.08000183105469,112.75,155.3699951171875
2025-08-28,232.55999755859375,206.4318084716797,130.7884063720703,256.1700134277344,353.9599914550781,253.24842834472656,62.65999984741211,302.5286560058594,288.489990234375,298.9712829589844,165.27000427246094,168.5800018310547,285.6099853515625,200.79000854492188,231.60000610351562,136.22999572753906,366.5400085449219,293.0836181640625,111.78510284423828,,308.1220703125,326.1635437011719,4197.08984375,236.16000366210938,50.21072006225586,190.21617126464844,5642.2763671875,1125.16796875,46.244407653808594,,105.75,96.81999969482422,66.16999816894531,,273.25,96.65081024169922,354.2900085449219,263.6300048828125,297.4974365234375,82.86443328857422,33.2174186706543,265.5000305175781,42.40999984741211,98.44999694824219,944.9600219726562,254.08753967285156,69.01327514648438,32.529998779296875,208.32000732421875,72.13999938964844,159.32000732421875,489.7297058105469,204.927978515625,117.63999938964844,122.37000274658203,278.34979248046875,308.72540283203125,134.5500030517578,123.15745544433594,786.3499755859375,355.3399963378906,81.2300033569336,11.710000038146973,44.211421966552734,229.7974090576172,137.64999389648438,,323.4881591796875,275.6631774902344,111.78372192382812,58.33912658691406,212.1803436279297,211.4508819580078,747.219970703125,406.5526428222656,405.1514587402344,221.35000610351562,296.8538513183594,245.72999572753906,176.6463165283203,24.93000030517578,666.9810180664062,473.8399963378906,264.11309814453125,175.4499969482422,299.6133728027344,894.0,127.46438598632812,67.83972930908203,480.6170349121094,731.9600219726562,452.8760070800781,257.5400085449219,103.88485717773438,589.7014770507812,270.25,310.45745849609375,65.25,680.2067260742188,509.42999267578125,60.790775299072266,91.95999908447266,750.6033935546875,205.5169677734375,157.55999755859375,62.02000045776367,65.36365509033203,179.3000030517578,82.39608764648438,150.17999267578125,568.5499877929688,509.6400146484375,469.0362854003906,121.92364501953125,72.08999633789062,1231.449951171875,77.51715087890625,585.598388671875,928.5999755859375,277.79998779296875,180.1598358154297,237.97305297851562,239.9036865234375,103.98999786376953,47.25739669799805,191.02000427246094,100.68000030517578,145.55612182617188,24.600000381469727,155.64999389648438,246.01014709472656,765.0222778320312,111.6444091796875,164.22683715820312,203.7499237060547,288.67669677734375,132.8300018310547,,70.05999755859375,159.8900909423828,579.6099853515625,525.7169799804688,160.66000366210938,88.0199966430664,97.08999633789062,366.17999267578125,36.19039535522461,612.1699829101562,92.23999786376953,547.5499877929688,80.8562240600586,388.7850646972656,28.631750106811523,1308.11279296875,96.80999755859375,137.1199951171875,489.3007507324219,249.67999267578125,345.9800109863281,423.5341796875,204.08999633789062,300.39483642578125,220.97000122070312,87.2699966430664,48.15339660644531,349.8599853515625,151.16000366210938,392.04998779296875,43.1876106262207,81.9800033569336,223.73973083496094,96.11000061035156,113.3499984741211,154.7899932861328
2025-08-29,232.13999938964844,208.89405822753906,132.0727081298828,259.9700012207031,356.70001220703125,250.32000732421875,62.63999938964844,302.4788818359375,314.70001220703125,302.0945129394531,160.75999450683594,162.6300048828125,287.7099914550781,202.06874084472656,229.0,136.5500030517578,367.0,292.1795959472656,108.70936584472656,,296.88134765625,330.4427185058594,4198.52978515625,234.67999267578125,50.45933532714844,191.9368133544922,5589.42724609375,1121.8436279296875,46.540340423583984,,105.5,96.56999969482422,65.19999694824219,,275.07000732421875,98.03520965576172,350.42999267578125,265.5799865722656,299.3580322265625,83.51010131835938,33.61322021484375,265.2413024902344,42.13999938964844,98.97000122070312,943.3200073242188,255.8045654296875,68.6753158569336,32.5099983215332,210.02999877929688,73.1500015258789,160.60000610351562,476.9742431640625,205.45704650878906,118.37999725341797,122.48999786376953,276.3745422363281,316.9206848144531,132.0,123.63289642333984,786.1900024414062,349.1400146484375,81.33999633789062,11.770000457763672,44.24131774902344,229.5986785888672,138.17999267578125,,323.149658203125,274.8641662597656,112.1908950805664,58.438865661621094,213.3393096923828,212.71974182128906,745.25,403.2385559082031,404.47528076171875,219.5,302.603759765625,243.49000549316406,176.10781860351562,24.350000381469727,665.783203125,473.29998779296875,263.0198669433594,177.1699981689453,299.961669921875,872.0,127.88028717041016,68.46492767333984,476.7693176269531,732.5800170898438,452.3299865722656,258.05999755859375,99.95262908935547,594.505126953125,267.8599853515625,311.77001953125,65.0,685.8200073242188,509.760009765625,60.949501037597656,92.80999755859375,738.2017822265625,204.88978576660156,155.52999877929688,62.40999984741211,66.14109802246094,179.7100067138672,83.29718780517578,150.47999572753906,567.719970703125,506.69000244140625,471.39093017578125,118.93551635742188,72.05000305175781,1208.25,76.97000122070312,587.72998046875,917.4600219726562,279.9800109863281,174.170166015625,233.7724151611328,225.73826599121094,103.68000030517578,47.356868743896484,190.52000427246094,99.9800033569336,147.20994567871094,24.760000228881836,157.0399932861328,246.9597625732422,757.5499267578125,112.77433013916016,165.5741729736328,205.55337524414062,291.56671142578125,133.5800018310547,,70.19000244140625,159.8204803466797,580.7000122070312,525.4373779296875,158.60000610351562,88.19000244140625,95.83999633789062,365.8299865722656,36.54753875732422,603.52001953125,92.30000305175781,548.4400024414062,81.96818542480469,390.5211181640625,28.978023529052734,1308.8800048828125,95.9800033569336,136.61000061035156,492.2781066894531,251.99000549316406,333.8699951171875,414.6544189453125,202.47999572753906,307.92730712890625,223.57000732421875,87.44000244140625,48.311702728271484,351.7799987792969,152.00999450683594,391.0199890136719,43.482540130615234,82.18000030517578,225.54295349121094,96.9800033569336,114.29000091552734,156.39999389648438
2025-09-02,229.72000122070312,210.40318298339844,130.87802124023438,256.1700134277344,345.6300048828125,248.32000732421875,62.04999923706055,298.22100830078125,319.1600036621094,301.9149169921875,157.57000732421875,162.32000732421875,286.9200134277344,198.73809814453125,225.33999633789062,135.8699951171875,371.9599914550781,290.272216796875,109.09882354736328,,297.7298889160156,330.34295654296875,4179.83984375,237.3800048828125,50.1411018371582,187.13291931152344,5496.087890625,1109.53173828125,46.7672233581543,,106.66000366210938,94.77999877929688,63.5,,276.80999755859375,97.00679779052734,342.80999755859375,264.4200134277344,299.20880126953125,83.82797241210938,33.77153778076172,264.1365661621094,41.75,98.98999786376953,938.8200073242188,252.4204559326172,67.39306640625,32.189998626708984,205.50999450683594,74.08999633789062,161.8300018310547,475.1206970214844,203.4306182861328,118.2699966430664,121.88999938964844,274.1299743652344,320.5806884765625,131.3800048828125,124.90071868896484,771.5599975585938,343.75,81.7699966430664,11.720000267028809,44.77938461303711,222.75253295898438,136.77999877929688,,322.970458984375,275.0539245605469,111.93268585205078,58.37902069091797,211.8007049560547,211.16114807128906,730.8499755859375,405.4147033691406,404.01788330078125,217.60000610351562,308.98150634765625,241.5,174.60202026367188,24.209999084472656,660.7823486328125,469.07000732421875,260.64459228515625,178.05999755859375,298.25,846.3499755859375,127.58321380615234,68.53439331054688,472.63250732421875,735.1900024414062,452.5,258.739990234375,96.83877563476562,591.0896606445312,264.4800109863281,315.760009765625,63.599998474121094,691.6199951171875,498.5,61.29670715332031,93.33000183105469,734.6141357421875,204.5214385986328,154.27000427246094,62.66999816894531,66.06236267089844,180.14999389648438,84.64389038085938,148.85000610351562,553.9099731445312,505.1199951171875,477.9161376953125,118.40585327148438,72.6500015258789,1214.1099853515625,74.29000091552734,589.3200073242188,911.4199829101562,278.25,170.77037048339844,231.59246826171875,224.90969848632812,103.19000244140625,47.79452896118164,190.52000427246094,98.86000061035156,148.82415771484375,24.979999542236328,157.99000549316406,245.76025390625,749.9299926757812,110.31625366210938,165.84164428710938,203.55174255371094,285.22247314453125,133.83999633789062,,69.25,157.8815155029297,577.9000244140625,518.1295166015625,158.00999450683594,89.77999877929688,96.12000274658203,360.9200134277344,35.6150016784668,592.010009765625,92.08999633789062,539.6400146484375,82.29582214355469,389.054443359375,28.7702579498291,1304.8800048828125,92.44000244140625,138.57000732421875,487.0927429199219,255.88999938964844,329.3599853515625,409.9950256347656,199.80999755859375,306.864013671875,221.99000549316406,85.2300033569336,48.00498962402344,350.07000732421875,154.27999877929688,401.0,43.05980682373047,81.77999877929688,224.8854217529297,97.8499984741211,114.69000244140625,152.8800048828125
2025-09-03,238.47000122070312,210.34361267089844,131.59481811523438,254.14999389648438,348.5,244.5500030517578,61.720001220703125,297.3157043457031,317.510009765625,303.04248046875,156.25,162.1300048828125,283.8500061035156,194.54505920410156,225.99000549316406,137.3800048828125,374.0,289.3681945800781,110.53683471679688,,301.872802734375,322.891845703125,4189.47998046875,232.3800048828125,49.78309631347656,188.5850372314453,5573.35498046875,1094.3236083984375,46.85600280761719,,107.52999877929688,95.02999877929688,62.470001220703125,,278.2200012207031,95.98827362060547,347.32000732421875,261.2200012207031,298.97003173828125,83.2518310546875,33.5340576171875,268.0677795410156,41.790000915527344,94.6500015258789,949.780029296875,256.00421142578125,67.26383972167969,32.279998779296875,205.61000061035156,73.31999969482422,158.05999755859375,467.8859558105469,199.0883026123047,117.37999725341797,121.5,272.5736999511719,319.8447265625,129.5,119.43321990966797,762.219970703125,342.989990234375,81.22000122070312,11.619999885559082,46.04484558105469,223.9051513671875,136.77000427246094,,321.3973388671875,275.5932312011719,112.21075439453125,57.60103225708008,230.8936309814453,230.45388793945312,730.5599975585938,406.8820495605469,405.40997314453125,214.0,310.89483642578125,244.10000610351562,174.6419219970703,24.0,667.4601440429688,441.17999267578125,259.64080810546875,178.0,298.0609130859375,843.9000244140625,126.75141143798828,68.46492767333984,470.2799987792969,737.8300170898438,449.05999755859375,260.67999267578125,97.54737854003906,592.497802734375,265.07000732421875,316.3900146484375,63.279998779296875,690.8400268554688,496.44000244140625,60.81061935424805,92.25,736.5528564453125,204.35220336914062,152.0,63.5099983215332,65.57032012939453,179.0,83.35659790039062,148.52999877929688,551.6099853515625,505.3500061035156,473.08709716796875,118.64569854736328,71.62999725341797,1226.1800537109375,74.73999786376953,581.010009765625,919.3800048828125,278.19000244140625,170.61038208007812,227.15292358398438,223.06289672851562,103.83999633789062,46.0538330078125,191.52999877929688,96.22000122070312,147.20004272460938,24.790000915527344,158.1699981689453,246.61990356445312,748.530029296875,109.96934509277344,161.7005615234375,203.1355743408203,288.7657470703125,130.52999877929688,,69.63999938964844,156.38999938964844,563.7999877929688,523.260986328125,158.11000061035156,87.25,96.22000122070312,363.0299987792969,35.0,592.1199951171875,91.66000366210938,539.239990234375,81.64055633544922,387.6775817871094,28.73068618774414,1278.47998046875,92.3499984741211,139.47000122070312,484.11541748046875,252.66000366210938,334.0899963378906,407.3810119628906,195.74000549316406,305.9497985839844,221.75999450683594,85.29000091552734,48.024776458740234,350.8699951171875,155.3800048828125,396.6199951171875,43.000823974609375,80.51000213623047,223.57037353515625,99.44000244140625,111.91000366210938,152.42999267578125
2025-09-04,239.77999877929688,211.47544860839844,132.22203063964844,252.94000244140625,344.30999755859375,246.11000061035156,61.939998626708984,299.6336669921875,319.92999267578125,299.57000732421875,158.24000549316406,161.7899932861328,280.1000061035156,193.38528442382812,235.67999267578125,141.1699981689453,373.489990234375,288.0667724609375,112.59397888183594,,305.5764465332031,329.8143005371094,4232.9599609375,230.75,50.339996337890625,190.22610473632812,5576.259765625,1103.550048828125,46.056983947753906,,107.29000091552734,97.08000183105469,63.540000915527344,,279.8800048828125,94.3962173461914,349.3299865722656,259.510009765625,304.0299987792969,83.1127700805664,33.59342956542969,266.15692138671875,41.40999984741211,95.7699966430664,955.9000244140625,243.58583068847656,67.58191680908203,32.65999984741211,206.83999633789062,73.69000244140625,157.69000244140625,473.24725341796875,198.67901611328125,118.80999755859375,120.87000274658203,274.27960205078125,306.3782043457031,133.10000610351562,120.44351959228516,767.9299926757812,348.2200012207031,80.95999908447266,11.680000305175781,45.90534591674805,223.8455352783203,136.17999267578125,,321.0289611816406,281.9255065917969,111.99227142333984,58.000003814697266,232.45223999023438,232.09242248535156,748.9000244140625,410.8549499511719,411.69000244140625,215.16000366210938,310.9147644042969,247.17999267578125,174.0336151123047,24.610000610351562,667.0708618164062,454.5199890136719,264.0335998535156,178.75999450683594,302.3500671386719,873.2899780273438,127.90999603271484,67.73056030273438,472.3900146484375,742.9099731445312,456.8500061035156,264.57000732421875,100.22209167480469,594.8546752929688,268.8500061035156,316.989990234375,64.43000030517578,691.4500122070312,499.760009765625,60.413814544677734,92.8499984741211,748.1450805664062,205.18844604492188,155.52000427246094,63.45000076293945,65.53095245361328,178.97999572753906,83.22787475585938,150.52999877929688,557.1900024414062,507.9700012207031,477.5369873046875,124.13226318359375,70.87000274658203,1257.47998046875,75.3499984741211,579.760009765625,898.5599975585938,279.760009765625,171.65032958984375,224.35581970214844,222.6136932373047,105.04000091552734,46.362186431884766,192.35000610351562,98.20999908447266,145.4669952392578,24.540000915527344,159.19000244140625,248.90896606445312,756.9600219726562,111.61466979980469,159.6498260498047,205.47410583496094,289.2210388183594,131.5800018310547,,68.45999908447266,159.7100067138672,567.219970703125,526.2460327148438,158.67999267578125,87.01000213623047,97.62999725341797,365.7799987792969,36.0099983215332,601.9600219726562,91.87000274658203,540.260009765625,81.5313491821289,393.4444580078125,29.26493263244629,1281.81005859375,92.70999908447266,141.02000427246094,489.0509948730469,252.1199951171875,338.5299987792969,412.2099914550781,187.2899932861328,308.43414306640625,223.05999755859375,84.4800033569336,48.64808654785156,350.989990234375,155.38999938964844,396.92999267578125,43.433387756347656,81.83000183105469,224.1083526611328,100.93000030517578,112.4000015258789,153.1999969482422
2025-09-05,239.69000244140625,211.03860473632812,132.35147094726562,254.9499969482422,348.9700012207031,247.07000732421875,62.939998626708984,294.4406433105469,326.3699951171875,299.17999267578125,162.75,151.13999938964844,283.6400146484375,196.58706665039062,232.3300018310547,142.85000610351562,370.5400085449219,287.9574890136719,110.29715728759766,,334.31719970703125,325.3955078125,4219.41015625,229.61000061035156,49.77000045776367,191.35000610351562,5505.7998046875,1099.1500244140625,46.50088119506836,,107.22000122070312,95.4000015258789,65.51000213623047,,277.3800048828125,95.07852935791016,351.010009765625,261.5,305.30999755859375,84.56304168701172,33.55384826660156,260.69305419921875,41.060001373291016,92.94999694824219,963.47998046875,250.3240966796875,66.49846649169922,32.529998779296875,204.5,73.77999877929688,153.66000366210938,471.61297607421875,199.85694885253906,117.91000366210938,120.61000061035156,272.90289306640625,311.9378967285156,132.5500030517578,116.80842590332031,773.6799926757812,349.0299987792969,80.94000244140625,11.739999771118164,46.174381256103516,226.27000427246094,135.0500030517578,,321.4471130371094,278.8892517089844,114.25655364990234,58.27000045776367,234.95999145507812,234.79000854492188,738.2100219726562,420.0185546875,418.95001220703125,214.25,306.8489685058594,248.52999877929688,173.78431701660156,24.489999771118164,671.5925903320312,466.8599853515625,264.6000671386719,178.42999267578125,292.9557189941406,905.0900268554688,129.88999938964844,67.4427719116211,469.5199890136719,727.2100219726562,463.8999938964844,269.9700012207031,102.74710845947266,583.44970703125,264.70001220703125,314.3800048828125,65.91999816894531,687.4000244140625,499.0299987792969,61.247108459472656,92.9000015258789,751.9425048828125,202.82904052734375,155.3000030517578,62.459999084472656,65.49159240722656,180.27999877929688,83.88141632080078,148.08999633789062,555.1500244140625,495.0,477.89617919921875,131.28778076171875,70.9000015258789,1243.8199462890625,73.91000366210938,580.7999877929688,913.7999877929688,277.75,167.01058959960938,225.6996307373047,232.39671325683594,104.83999633789062,45.6659049987793,194.4600067138672,99.05000305175781,146.38999938964844,24.8799991607666,160.02000427246094,243.7610626220703,758.5599975585938,112.6454849243164,160.04611206054688,202.541015625,294.7437438964844,131.5500030517578,,68.26000213623047,159.83999633789062,573.3800048828125,517.5804443359375,157.52000427246094,85.43000030517578,92.05000305175781,372.42999267578125,35.81999969482422,598.1400146484375,91.77999877929688,538.0599975585938,80.5285873413086,391.4190673828125,29.274826049804688,1271.0400390625,93.16999816894531,139.25999450683594,492.158203125,252.75999450683594,350.8399963378906,413.8299865722656,187.92999267578125,313.4127197265625,220.30999755859375,85.04000091552734,48.28201675415039,343.2200012207031,156.77000427246094,396.1199951171875,43.630008697509766,78.95999908447266,219.2366485595703,100.51000213623047,109.2300033569336,153.32000732421875
2025-09-08,237.8800048828125,208.28842163085938,131.61473083496094,255.57000732421875,358.6600036621094,248.97999572753906,62.29999923706055,296.887939453125,326.7900085449219,299.1199951171875,162.0500030517578,151.41000366210938,280.19000244140625,191.9479522705078,235.83999633789062,140.00999450683594,370.010009765625,287.01373291015625,110.38703918457031,,345.05877685546875,324.5875549316406,4242.8798828125,230.9499969482422,49.459999084472656,191.5800018310547,5569.7001953125,1104.9200439453125,46.086578369140625,,108.13999938964844,95.87000274658203,65.61000061035156,,277.4700012207031,92.83382415771484,360.6400146484375,263.8800048828125,300.8900146484375,83.62931060791016,33.64290237426758,261.3299865722656,39.650001525878906,91.4000015258789,971.8499755859375,251.83148193359375,66.47857666015625,32.43000030517578,202.77999877929688,70.26000213623047,154.0,479.8342590332031,198.27972412109375,118.83999633789062,120.16999816894531,274.6885986328125,306.48760986328125,132.72999572753906,116.53108978271484,765.510009765625,349.489990234375,80.20999908447266,11.6899995803833,46.49324035644531,225.0,135.2100067138672,,321.3077392578125,275.7131042480469,115.08082580566406,58.20000076293945,234.16000366210938,234.0399932861328,741.8499755859375,417.35333251953125,419.94000244140625,214.75,309.3003845214844,256.0899963378906,173.40536499023438,24.479999542236328,670.4546508789062,470.0,265.037353515625,178.1300048828125,291.4928283691406,908.97998046875,129.77999877929688,66.91680145263672,474.6300048828125,738.6400146484375,459.1099853515625,273.0199890136719,104.86293029785156,585.8265991210938,268.07000732421875,312.79998779296875,65.30000305175781,696.97998046875,507.6300048828125,61.44550704956055,92.98999786376953,751.7925415039062,202.55029296875,154.0,63.02000045776367,64.72399139404297,181.19000244140625,83.2674789428711,148.7899932861328,574.5800170898438,498.20001220703125,477.2875671386719,131.3777313232422,69.7699966430664,1244.760009765625,74.1500015258789,581.9000244140625,939.3300170898438,275.5899963378906,168.30050659179688,224.46531677246094,238.06686401367188,106.4000015258789,45.13872528076172,197.3800048828125,98.25,141.7100067138672,24.549999237060547,159.00999450683594,245.8402099609375,760.1799926757812,112.5562744140625,161.20521545410156,201.91676330566406,291.69537353515625,130.2100067138672,,68.4000015258789,160.24000549316406,558.4400024414062,522.5621948242188,154.22000122070312,84.16999816894531,93.44999694824219,375.2300109863281,35.779998779296875,609.0800170898438,90.83000183105469,545.8699951171875,78.84077453613281,392.21722412109375,28.59217643737793,1293.239990234375,91.5,140.83999633789062,487.212646484375,242.89999389648438,346.3999938964844,414.92999267578125,185.82000732421875,318.24224853515625,217.25999450683594,84.31999969482422,48.133609771728516,342.29998779296875,157.36000061035156,395.25,42.587921142578125,79.13999938964844,218.2304229736328,102.27999877929688,109.8499984741211,151.75
2025-09-09,234.35000610351562,208.91390991210938,131.3658447265625,251.99000549316406,354.05999755859375,248.17999267578125,62.189998626708984,295.7040710449219,325.19000244140625,298.5,163.5,155.82000732421875,279.9700012207031,192.89956665039062,238.24000549316406,141.91000366210938,366.3800048828125,285.25537109375,116.62838745117188,,336.09417724609375,323.520263671875,4291.1201171875,229.52000427246094,50.290000915527344,190.49000549316406,5571.830078125,1105.6700439453125,46.58966064453125,,108.08999633789062,97.33999633789062,63.470001220703125,,276.989990234375,93.44691467285156,361.7699890136719,263.3500061035156,302.010009765625,83.71870422363281,33.316368103027344,261.5299987792969,39.459999084472656,91.86000061035156,979.25,251.62184143066406,66.9358139038086,32.20000076293945,202.07000732421875,71.75,154.85000610351562,473.94482421875,193.9873046875,117.37000274658203,120.37999725341797,270.0098876953125,313.3800048828125,132.0500030517578,116.19432067871094,779.5399780273438,348.2300109863281,79.80000305175781,11.489999771118164,43.73313903808594,225.75,136.41000366210938,,319.9237976074219,275.9028625488281,114.96165466308594,58.0099983215332,239.94000244140625,239.6300048828125,763.9199829101562,412.6617126464844,415.3399963378906,214.1999969482422,272.0703430175781,259.1099853515625,172.97657775878906,24.440000534057617,669.6661376953125,467.5400085449219,260.5650634765625,176.9600067138672,296.408935546875,917.72998046875,130.97000122070312,67.3435287475586,473.44000244140625,750.6099853515625,457.05999755859375,269.0299987792969,105.36194610595703,583.2300415039062,264.0,312.5199890136719,64.76000213623047,705.5499877929688,507.9599914550781,62.07048034667969,94.06999969482422,765.1835327148438,200.97735595703125,153.0800018310547,63.349998474121094,65.13732147216797,183.17999267578125,83.78239440917969,152.22000122070312,569.1599731445312,498.4100036621094,476.8485412597656,135.15536499023438,70.06999969482422,1263.25,73.5999984741211,571.6300048828125,933.6699829101562,273.45001220703125,170.7503662109375,222.6636199951172,241.09161376953125,106.91999816894531,44.89999771118164,197.5500030517578,97.52999877929688,143.10000610351562,24.709999084472656,159.4600067138672,243.1613006591797,755.239990234375,110.98033142089844,163.2064208984375,198.5873260498047,287.122802734375,132.2899932861328,,67.68000030517578,158.66000366210938,556.530029296875,518.8084106445312,151.75,83.80999755859375,93.66999816894531,361.3800048828125,35.779998779296875,604.3699951171875,91.20999908447266,547.7100219726562,79.74424743652344,391.8680419921875,29.106637954711914,1312.0899658203125,90.91000366210938,139.97000122070312,481.97735595703125,242.72000122070312,346.9700012207031,409.4100036621094,185.02999877929688,345.7388000488281,216.0500030517578,84.4000015258789,48.84596633911133,343.989990234375,161.8300018310547,396.4800109863281,42.83369445800781,80.76000213623047,218.3400115966797,102.29000091552734,110.6500015258789,149.7899932861328
2025-09-10,226.7899932861328,210.12518310546875,128.7873077392578,243.11000061035156,350.1600036621094,247.2100067138672,61.40999984741211,290.879150390625,323.79998779296875,293.17999267578125,163.4199981689453,159.5399932861328,278.510009765625,192.06689453125,230.3300018310547,150.72000122070312,362.3699951171875,285.6130065917969,118.92520141601562,,368.9378967285156,322.53277587890625,4252.89990234375,227.52000427246094,50.130001068115234,188.42999267578125,5474.81005859375,1102.8900146484375,46.51074981689453,,105.2300033569336,97.16999816894531,62.5,,277.45001220703125,92.9821548461914,338.5299987792969,263.0,302.44000244140625,82.6458969116211,33.12836456298828,259.9100036621094,38.709999084472656,94.31999969482422,956.2899780273438,242.14834594726562,67.72107696533203,32.04999923706055,201.39999389648438,73.97000122070312,157.7899932861328,469.7096252441406,192.2503662109375,115.79000091552734,121.3499984741211,268.4436340332031,306.75,133.6699981689453,119.11626434326172,780.5999755859375,362.25,78.27999877929688,11.420000076293945,44.719600677490234,225.69000244140625,132.13999938964844,,321.63629150390625,283.0641174316406,114.45516967773438,57.34000015258789,239.55999755859375,239.1699981689453,769.5800170898438,393.65570068359375,413.2300109863281,211.6999969482422,272.6283874511719,256.8800048828125,171.74998474121094,24.770000457763672,655.0628051757812,449.9800109863281,260.9327697753906,175.7899932861328,299.0859375,932.6300048828125,128.00999450683594,67.3038330078125,472.70001220703125,754.6199951171875,463.8699951171875,266.54998779296875,107.14842224121094,578.6160888671875,262.4200134277344,305.94000244140625,64.73999786376953,706.25,506.0799865722656,61.77287673950195,92.31999969482422,751.4727783203125,197.8812713623047,153.57000732421875,62.83000183105469,65.17668151855469,181.69000244140625,83.20806884765625,154.1199951171875,563.1799926757812,500.3699951171875,480.61004638671875,139.91238403320312,71.04000091552734,1247.7099609375,74.25,579.8699951171875,923.5700073242188,272.3599853515625,177.32000732421875,218.2738494873047,327.7611999511719,105.11000061035156,46.310001373291016,197.3300018310547,98.66000366210938,142.66000366210938,24.56999969482422,157.35000610351562,246.31002807617188,765.280029296875,109.99908447265625,163.77110290527344,200.05384826660156,285.7272644042969,131.4199981689453,,65.63999938964844,158.9499969482422,555.8300170898438,512.3790893554688,155.0,82.87999725341797,92.23999786376953,357.45001220703125,36.15999984741211,387.7799987792969,91.55999755859375,539.8900146484375,81.42213439941406,382.10028076171875,28.888980865478516,1287.3199462890625,90.77999877929688,139.86000061035156,476.11260986328125,240.3800048828125,347.7900085449219,417.32000732421875,184.00999450683594,344.6059265136719,215.19000244140625,83.8499984741211,48.677772521972656,338.1199951171875,158.5,388.54998779296875,42.75505065917969,80.30000305175781,216.87551879882812,100.41000366210938,112.5,149.4199981689453
2025-09-11,230.02999877929688,218.64376831054688,132.062744140625,244.14999389648438,350.54998779296875,248.24000549316406,61.41999816894531,296.489990234375,324.5199890136719,300.6099853515625,170.14999389648438,155.6699981689453,282.7300109863281,194.83253479003906,229.9499969482422,153.0399932861328,372.25,292.5869140625,119.30467987060547,,359.014892578125,328.4876708984375,4354.5400390625,219.99000549316406,50.75,190.55999755859375,5498.0,1134.1800537109375,46.89546203613281,,104.33999633789062,98.81999969482422,62.29999923706055,,282.8900146484375,94.51488494873047,354.70001220703125,263.9200134277344,305.8699951171875,83.50016784667969,33.0492057800293,262.3800048828125,38.959999084472656,94.12999725341797,964.3200073242188,245.8518829345703,67.28372192382812,32.849998474121094,204.5,74.66999816894531,158.25,474.80181884765625,194.8158416748047,117.08000183105469,122.11000061035156,274.2197265625,314.8900146484375,137.47000122070312,118.85873413085938,797.47998046875,360.0799865722656,78.01000213623047,11.760000228881836,45.755882263183594,228.80999755859375,135.6999969482422,,328.17755126953125,281.21636962890625,117.04717254638672,58.709999084472656,240.77999877929688,240.3699951171875,784.72998046875,402.13055419921875,423.4200134277344,215.30999755859375,277.7505187988281,257.010009765625,175.67901611328125,24.610000610351562,659.3150634765625,455.8500061035156,264.729248046875,178.5,304.0816345214844,959.280029296875,129.47000122070312,67.10536193847656,483.5899963378906,756.280029296875,470.7300109863281,272.3999938964844,115.35221862792969,587.9537963867188,267.94000244140625,308.42999267578125,65.0199966430664,719.7999877929688,518.7000122070312,61.554630279541016,94.25,750.3935546875,202.55029296875,159.47000122070312,63.79999923706055,65.30461120605469,182.30999755859375,84.3171157836914,156.47999572753906,585.47998046875,501.010009765625,489.1905517578125,150.47576904296875,71.31999969482422,1203.5,74.33000183105469,582.9500122070312,938.280029296875,274.0,177.1699981689453,222.18582153320312,307.32666015625,107.81999969482422,46.02000045776367,198.3300018310547,101.76000213623047,144.22999572753906,24.860000610351562,158.6300048828125,248.6990509033203,769.6699829101562,113.80513763427734,166.3369903564453,200.90603637695312,291.8933410644531,132.52000427246094,,67.2699966430664,161.50999450683594,568.2000122070312,516.522216796875,157.64999389648438,82.36000061035156,93.94000244140625,368.67999267578125,36.029998779296875,438.1000061035156,92.12999725341797,550.8800048828125,82.87166595458984,387.9070739746094,29.175891876220703,1293.300048828125,91.5199966430664,140.8300018310547,490.9692687988281,241.38999938964844,368.80999755859375,414.8800048828125,184.35000610351562,351.3930969238281,216.0399932861328,84.6500015258789,48.7964973449707,343.489990234375,157.58999633789062,397.3699951171875,43.39406204223633,81.25,219.6750030517578,102.6500015258789,112.13999938964844,150.61000061035156
2025-09-12,234.07000732421875,216.7772216796875,133.13796997070312,238.5399932861328,349.3599853515625,245.2100067138672,61.56999969482422,293.5,319.04998779296875,297.2799987792969,167.8000030517578,158.57000732421875,276.3900146484375,193.3753662109375,228.14999389648438,139.38999938964844,371.95001220703125,290.8981018066406,118.5157699584961,,359.25445556640625,324.48779296875,4322.14990234375,215.94000244140625,50.58000183105469,186.83999633789062,5458.31982421875,1123.4100341796875,45.57362747192383,,102.70999908447266,99.44000244140625,61.66999816894531,,278.1099853515625,94.32699584960938,343.4800109863281,263.3999938964844,302.760009765625,82.7253646850586,32.71277618408203,262.29998779296875,38.630001068115234,92.43000030517578,967.9000244140625,242.33799743652344,66.13068389892578,32.470001220703125,202.3699951171875,74.9800033569336,157.11000061035156,468.8725280761719,189.71485900878906,115.95999908447266,121.94999694824219,271.96514892578125,311.760009765625,135.10000610351562,117.03623962402344,788.6099853515625,365.8999938964844,77.56999969482422,11.680000305175781,44.56017303466797,229.5500030517578,134.32000732421875,,324.72271728515625,281.3462219238281,113.76000213623047,58.5,241.3800048828125,240.8000030517578,780.0599975585938,404.406494140625,422.69000244140625,211.4600067138672,275.47845458984375,253.44000244140625,173.4851531982422,24.079999923706055,644.8515014648438,449.67999267578125,261.73779296875,178.05999755859375,305.42510986328125,964.02001953125,127.98999786376953,66.5,482.0400085449219,755.3900146484375,471.30999755859375,271.8299865722656,116.72949981689453,579.6447143554688,266.5,305.3999938964844,64.69999694824219,711.4199829101562,512.3099975585938,61.48518753051758,94.02999877929688,755.0803833007812,202.0226593017578,157.8699951171875,64.69000244140625,65.59000396728516,180.27999877929688,82.0,156.38999938964844,583.25,509.8999938964844,480.6199951171875,157.131591796875,71.63999938964844,1188.43994140625,73.0,575.9600219726562,928.9600219726562,274.7200012207031,177.82000732421875,217.8159637451172,291.673828125,107.5,45.66999816894531,196.2899932861328,102.51000213623047,143.52999877929688,23.8700008392334,157.89999389648438,248.17926025390625,758.780029296875,114.33045196533203,164.56365966796875,200.14303588867188,289.32000732421875,130.77999877929688,,66.88999938964844,161.8300018310547,560.0,511.6802673339844,155.85000610351562,81.9000015258789,93.54000091552734,360.1000061035156,35.56999969482422,425.45001220703125,92.2699966430664,544.22998046875,83.33830261230469,382.46942138671875,29.25503921508789,1271.449951171875,89.95999908447266,139.47999572753906,479.02996826171875,241.72000122070312,395.94000244140625,400.7699890136719,182.60000610351562,350.3000183105469,214.91000366210938,84.3499984741211,48.608516693115234,339.42999267578125,156.72000122070312,394.5299987792969,43.22693634033203,81.45999908447266,218.16000366210938,103.48999786376953,112.16000366210938,148.1999969482422
2025-09-15,236.6999969482422,216.05245971679688,130.74859619140625,237.8699951171875,347.1000061035156,244.91000366210938,60.529998779296875,290.8699951171875,321.07000732421875,289.3999938964844,170.92999267578125,161.16000366210938,274.3999938964844,190.8179168701172,231.42999267578125,145.42999267578125,363.79998779296875,287.6197204589844,119.07499694824219,,363.4672546386719,326.4328918457031,4233.2998046875,215.75,50.59000015258789,185.74000549316406,5559.830078125,1115.1099853515625,45.72159194946289,,99.87000274658203,99.79000091552734,61.2400016784668,,274.3299865722656,93.56999969482422,351.5199890136719,260.7200012207031,297.1400146484375,81.58302307128906,32.27739334106445,258.8299865722656,38.58000183105469,92.33000183105469,960.0999755859375,242.0984344482422,66.61773681640625,32.5,199.7100067138672,73.45999908447266,157.30999755859375,467.4773864746094,188.20750427246094,115.62000274658203,122.37000274658203,269.9599914550781,306.9100036621094,135.66000366210938,116.42213439941406,791.6799926757812,375.5400085449219,76.05000305175781,11.680000305175781,45.47688293457031,225.69000244140625,132.64999389648438,,325.5491027832031,286.4300231933594,112.54000091552734,58.95000076293945,251.75999450683594,251.61000061035156,786.760009765625,402.45001220703125,422.7099914550781,211.74000549316406,274.4620056152344,256.239990234375,171.74998474121094,24.770000457763672,650.141845703125,433.989990234375,262.2446594238281,177.39999389648438,307.40545654296875,988.9099731445312,125.47000122070312,66.20999908447266,476.7300109863281,748.1900024414062,473.25,272.0899963378906,118.97506713867188,582.19140625,265.1400146484375,302.07000732421875,63.16999816894531,702.8800048828125,508.760009765625,61.10822296142578,93.43000030517578,764.1842041015625,197.22421264648438,156.66000366210938,64.3499984741211,64.88999938964844,179.94000244140625,81.0199966430664,156.63999938964844,576.6099853515625,515.3599853515625,482.42999267578125,157.6712646484375,71.5,1202.260009765625,73.02999877929688,574.5399780273438,947.4199829101562,277.1600036621094,177.75,218.26390075683594,301.6166076660156,106.30000305175781,45.470001220703125,201.27999877929688,102.16999816894531,140.63999938964844,23.969999313354492,156.8300018310547,245.55032348632812,759.9600219726562,113.25999450683594,160.13526916503906,200.61868286132812,286.55999755859375,131.17999267578125,,67.11000061035156,161.22000122070312,572.5900268554688,504.3923645019531,158.3699951171875,82.68000030517578,92.0999984741211,357.0799865722656,34.77000045776367,419.20001220703125,92.27999877929688,543.989990234375,82.79224395751953,376.2535705566406,29.304508209228516,1288.1300048828125,88.55999755859375,141.1699981689453,474.4599914550781,239.74000549316406,410.0400085449219,402.44000244140625,178.1999969482422,347.8900146484375,216.25,84.0199966430664,48.76681900024414,339.04998779296875,157.57000732421875,393.2099914550781,43.128623962402344,81.41000366210938,216.1300048828125,103.69000244140625,112.3499984741211,146.25
2025-09-16,238.14999389648438,214.7121124267578,132.17225646972656,236.80999755859375,352.7300109863281,244.10000610351562,62.349998474121094,288.69000244140625,318.510009765625,291.4599914550781,173.5399932861328,160.4600067138672,273.0799865722656,193.02842712402344,234.0500030517578,142.16000366210938,356.57000732421875,283.0797424316406,119.04000091552734,,359.3842468261719,326.21343994140625,4223.93017578125,215.02000427246094,50.65999984741211,186.2100067138672,5475.009765625,1118.8900146484375,45.71173095703125,,98.9800033569336,100.63999938964844,60.93000030517578,,272.0199890136719,93.56999969482422,349.010009765625,261.0799865722656,294.2099914550781,80.9373550415039,31.950862884521484,259.8299865722656,39.29999923706055,94.54000091552734,952.0700073242188,238.8939971923828,66.52828216552734,32.470001220703125,199.2899932861328,73.4800033569336,159.5399932861328,467.06884765625,190.1341094970703,115.2300033569336,120.25,264.05999755859375,310.0,129.02999877929688,119.69074249267578,779.3099975585938,371.19000244140625,75.08999633789062,11.609999656677246,45.138099670410156,227.6999969482422,132.75,,324.97161865234375,292.6124572753906,110.86000061035156,58.459999084472656,251.4199981689453,251.16000366210938,785.530029296875,399.75,421.45001220703125,210.9499969482422,271.3727722167969,257.5199890136719,171.39999389648438,25.270000457763672,650.1118774414062,434.5,260.2271728515625,176.4600067138672,307.6940612792969,990.5700073242188,125.04000091552734,66.23999786376953,471.4700012207031,764.7100219726562,474.32000732421875,270.5199890136719,120.23258209228516,585.6467895507812,267.8900146484375,303.2900085449219,64.44999694824219,693.4500122070312,508.0,62.19944381713867,94.19000244140625,778.4745483398438,195.94993591308594,156.5,66.16000366210938,64.80999755859375,182.99000549316406,81.08999633789062,155.80999755859375,567.02001953125,509.0400085449219,476.8399963378906,158.72061157226562,69.83000183105469,1200.510009765625,72.75,579.3599853515625,932.010009765625,278.0899963378906,174.8800048828125,219.97601318359375,306.1187744140625,105.38999938964844,47.7599983215332,201.33999633789062,102.86000061035156,140.02999877929688,23.899999618530273,158.0500030517578,244.87060546875,754.0499877929688,114.02999877929688,161.4429931640625,199.1125030517578,284.80999755859375,133.0399932861328,,66.8499984741211,164.13999938964844,575.0599975585938,501.6069641113281,158.5800018310547,84.37000274658203,91.02999877929688,353.20001220703125,35.2400016784668,425.9700012207031,91.36000061035156,541.2899780273438,82.10718536376953,375.7646789550781,29.017595291137695,1281.72998046875,89.72000122070312,139.5500030517578,480.739990234375,237.6199951171875,421.6199951171875,399.989990234375,177.6300048828125,339.7799987792969,216.0,85.19999694824219,47.87636947631836,340.0299987792969,162.63999938964844,391.3599853515625,43.000823974609375,81.38999938964844,213.8800048828125,103.41999816894531,114.68000030517578,147.4600067138672
2025-09-17,238.99000549316406,219.22955322265625,133.57601928710938,241.24000549316406,362.07000732421875,246.32000732421875,61.09000015258789,288.75,319.2799987792969,292.6600036621094,178.1300048828125,159.16000366210938,274.7099914550781,195.49667358398438,231.6199951171875,142.83999633789062,358.0,288.72247314453125,118.41000366210938,,345.5779113769531,335.1507873535156,4232.56982421875,214.6300048828125,51.400001525878906,187.57000732421875,5553.7001953125,1131.780029296875,45.52430725097656,,98.5,101.76000213623047,60.720001220703125,,272.25,94.80000305175781,347.2699890136719,268.0199890136719,296.5899963378906,81.67242431640625,32.089393615722656,262.3999938964844,39.66999816894531,93.81999969482422,963.030029296875,242.2100067138672,67.31353759765625,32.77000045776367,199.97999572753906,74.0,160.08999633789062,467.48736572265625,192.59976196289062,116.0999984741211,121.0999984741211,265.3599853515625,308.4800109863281,131.0,118.70025634765625,778.780029296875,363.3500061035156,75.19999694824219,11.65999984741211,44.92885208129883,225.77999877929688,134.17999267578125,,323.8565368652344,289.1466979980469,112.26000213623047,58.72999954223633,249.85000610351562,249.52999877929688,794.219970703125,399.3900146484375,417.0,211.67999267578125,268.4529724121094,259.0799865722656,172.25,24.899999618530273,661.4710693359375,433.6600036621094,260.8632507324219,177.1999969482422,310.2416687011719,989.8699951171875,125.58999633789062,67.04000091552734,479.8599853515625,760.1300048828125,473.1199951171875,267.95001220703125,121.6597671508789,597.8407592773438,262.04998779296875,304.9700012207031,65.77999877929688,692.239990234375,511.7699890136719,62.328407287597656,94.58000183105469,775.19677734375,196.5173797607422,155.16000366210938,66.5199966430664,65.51000213623047,184.67999267578125,81.13999938964844,157.41000366210938,578.6400146484375,510.0199890136719,477.8500061035156,159.88987731933594,70.30999755859375,1228.5,72.30999755859375,577.0800170898438,950.3699951171875,278.0,170.2899932861328,221.88999938964844,300.8878479003906,104.55000305175781,47.189998626708984,203.1199951171875,100.86000061035156,141.22999572753906,24.049999237060547,160.3300018310547,243.5111541748047,738.5,113.88999938964844,164.75189208984375,201.91676330566406,284.1300048828125,133.13999938964844,,68.62000274658203,165.25999450683594,585.5,508.8050231933594,158.30999755859375,83.22000122070312,92.08999633789062,350.2099914550781,34.790000915527344,425.3999938964844,91.62999725341797,544.0999755859375,82.05754852294922,376.02410888671875,29.225360870361328,1275.9599609375,88.93000030517578,140.0399932861328,472.6400146484375,239.4499969482422,425.8599853515625,398.9599914550781,180.3000030517578,341.6099853515625,217.1699981689453,84.18000030517578,49.08341979980469,346.20001220703125,163.6699981689453,387.1499938964844,43.4628791809082,82.4800033569336,215.66000366210938,104.2699966430664,115.29000091552734,146.92999267578125
2025-09-18,237.8800048828125,220.40110778808594,133.97425842285156,239.5500030517578,367.4599914550781,249.0500030517578,60.83000183105469,290.95001220703125,323.0400085449219,296.739990234375,189.75999450683594,157.9199981689453,275.8299865722656,191.34327697753906,231.22999572753906,146.66000366210938,352.760009765625,290.530517578125,122.06999969482422,,344.7593078613281,340.80645751953125,4132.830078125,215.66000366210938,52.130001068115234,188.3699951171875,5442.8798828125,1137.1300048828125,44.98176193237305,,98.2300033569336,102.41000366210938,61.099998474121094,,274.2799987792969,92.95999908447266,364.8800048828125,262.1700134277344,293.760009765625,80.98702239990234,31.307687759399414,260.5899963378906,39.810001373291016,93.4800033569336,952.3599853515625,244.27999877929688,68.26777648925781,33.43000030517578,199.50999450683594,74.41999816894531,158.83999633789062,474.4630126953125,194.9256591796875,114.86000061035156,120.38999938964844,264.8299865722656,315.7699890136719,131.91000366210938,117.19471740722656,785.2999877929688,371.2699890136719,74.55000305175781,11.739999771118164,44.76942443847656,226.5,132.8699951171875,,323.149658203125,296.7274169921875,113.62000274658203,59.2599983215332,252.3300018310547,252.02999877929688,804.3099975585938,401.05999755859375,417.4800109863281,210.1999969482422,263.938720703125,265.0,171.1300048828125,30.56999969482422,673.7286987304688,435.8299865722656,261.9664001464844,174.16000366210938,311.71453857421875,1046.68994140625,125.51000213623047,66.45999908447266,476.0,762.9299926757812,473.6199951171875,267.57000732421875,126.07105255126953,585.2772827148438,263.95001220703125,301.1400146484375,66.26000213623047,690.1300048828125,482.32000732421875,62.745052337646484,95.58999633789062,779.7237548828125,195.27296447753906,155.39999389648438,64.63999938964844,63.939998626708984,185.02999877929688,81.52999877929688,159.24000549316406,555.97998046875,508.45001220703125,474.54998779296875,168.7843017578125,70.79000091552734,1207.780029296875,72.0999984741211,573.75,947.739990234375,282.67999267578125,176.24000549316406,226.50999450683594,296.10614013671875,103.69000244140625,47.36000061035156,205.67999267578125,101.41999816894531,140.72999572753906,24.149999618530273,157.32000732421875,241.9018096923828,755.7000122070312,115.16000366210938,160.254150390625,204.39402770996094,283.7900085449219,131.35000610351562,,68.5199966430664,168.1300048828125,598.7100219726562,508.16607666015625,158.19000244140625,83.41999816894531,93.27999877929688,349.55999755859375,34.7400016784668,480.1099853515625,91.44999694824219,507.79998779296875,81.8887710571289,376.98193359375,28.888980865478516,1286.1199951171875,89.41999816894531,139.92999267578125,481.1000061035156,238.8300018310547,416.8500061035156,402.489990234375,181.6199951171875,334.82000732421875,220.36000061035156,85.05000305175781,49.67705154418945,338.17999267578125,163.85000610351562,387.1099853515625,42.932003021240234,83.5,215.9199981689453,103.5999984741211,113.93000030517578,147.10000610351562
2025-09-19,245.5,220.87767028808594,135.43772888183594,239.6999969482422,365.8999938964844,245.3300018310547,61.650001525878906,292.0,322.6700134277344,299.6499938964844,190.10000610351562,157.38999938964844,285.4100036621094,191.62083435058594,231.47999572753906,149.61000061035156,351.32000732421875,288.24560546875,123.94000244140625,,344.3500061035156,340.2578430175781,4140.35986328125,215.64999389648438,52.25,187.0399932861328,5444.43994140625,1142.8499755859375,44.40962600708008,,97.83000183105469,102.68000030517578,60.38999938964844,,273.8900146484375,93.5999984741211,373.3500061035156,262.54998779296875,290.3599853515625,80.6294174194336,31.258214950561523,261.5299987792969,39.31999969482422,91.91999816894531,951.1599731445312,247.08999633789062,67.80059814453125,32.97999954223633,200.1300048828125,74.91999816894531,156.2100067138672,467.99560546875,192.94912719726562,113.76000213623047,121.08000183105469,265.4800109863281,313.7099914550781,132.33999633789062,114.89678192138672,791.25,374.5,74.41000366210938,11.619999885559082,44.77938461303711,231.75,131.8000030517578,,322.6617736816406,300.7724914550781,114.08999633789062,58.97999954223633,255.24000549316406,254.72000122070312,805.0,402.29998779296875,415.69000244140625,209.3699951171875,251.78115844726562,266.3999938964844,169.77000427246094,29.579999923706055,686.6650390625,438.7200012207031,260.2470397949219,176.19000244140625,313.25701904296875,1044.81005859375,124.62000274658203,66.43000030517578,479.010009765625,751.989990234375,472.94000244140625,265.20001220703125,126.66986846923828,583.3897705078125,268.5199890136719,302.3800048828125,65.1500015258789,698.3099975585938,480.739990234375,63.201377868652344,95.08000183105469,777.85498046875,195.90016174316406,156.60000610351562,64.12999725341797,64.88999938964844,185.4600067138672,81.51000213623047,159.91000366210938,559.75,517.9299926757812,476.2099914550781,162.62815856933594,71.08000183105469,1226.969970703125,70.88999938964844,573.030029296875,961.1500244140625,283.7099914550781,176.6699981689453,224.0500030517578,308.12530517578125,103.93000030517578,46.099998474121094,208.19000244140625,99.45999908447266,141.75999450683594,24.030000686645508,156.0399932861328,242.24166870117188,755.6799926757812,113.51000213623047,161.43307495117188,203.65084838867188,279.0,129.72000122070312,,68.22000122070312,166.85000610351562,591.989990234375,503.7833557128906,158.24000549316406,84.55999755859375,94.33000183105469,346.79998779296875,34.43000030517578,495.5,91.80000305175781,507.1600036621094,82.60359954833984,375.9742126464844,28.701004028320312,1282.4599609375,88.12999725341797,139.77999877929688,479.5799865722656,238.1699981689453,426.07000732421875,406.5799865722656,179.3699951171875,336.69000244140625,220.61000061035156,84.05999755859375,49.87492752075195,341.6099853515625,162.6199951171875,383.1199951171875,42.745216369628906,84.63999938964844,216.39999389648438,102.33000183105469,112.81999969482422,145.8800048828125
2025-09-22,256.0799865722656,220.99681091308594,136.01516723632812,239.99000549316406,364.0799865722656,247.33999633789062,59.86000061035156,293.6600036621094,324.3900146484375,300.05999755859375,200.52000427246094,159.7899932861328,286.0,191.52171325683594,227.6300048828125,145.39999389648438,353.4599914550781,285.6030578613281,123.69000244140625,,338.7900085449219,340.11822509765625,4121.0,212.08999633789062,51.91999816894531,186.5500030517578,5457.1298828125,1136.2099609375,44.37016677856445,,97.02999877929688,103.48999786376953,60.310001373291016,,273.0,94.27999877929688,373.3699951171875,266.1300048828125,288.6199951171875,78.83147430419922,31.159263610839844,261.0799865722656,40.130001068115234,92.01000213623047,943.260009765625,249.69000244140625,67.3433609008789,33.20000076293945,202.58999633789062,75.12999725341797,156.0500030517578,467.3976745605469,190.12413024902344,112.55999755859375,121.58000183105469,267.0899963378906,317.8900146484375,132.83999633789062,114.31239318847656,798.0700073242188,378.30999755859375,73.75,11.65999984741211,44.998600006103516,230.1199951171875,130.47999572753906,,321.2480163574219,300.6526184082031,112.48999786376953,58.880001068115234,252.8800048828125,252.52999877929688,805.5599975585938,407.239990234375,412.0,209.0,256.9730224609375,271.3699951171875,170.1199951171875,28.760000228881836,700.8092041015625,444.54998779296875,259.2830505371094,174.2100067138672,310.9283447265625,1071.25,124.06999969482422,66.20999908447266,477.760009765625,754.9500122070312,480.3900146484375,260.3900146484375,131.93946838378906,583.7193603515625,264.1000061035156,302.989990234375,65.4000015258789,697.0,488.2900085449219,62.9930534362793,94.62000274658203,765.1599731445312,196.15899658203125,153.86000061035156,63.97999954223633,63.790000915527344,187.25,80.4000015258789,160.7100067138672,568.0599975585938,514.4500122070312,471.4700012207031,164.5169677734375,72.3499984741211,1227.3699951171875,71.27999877929688,576.1500244140625,947.780029296875,290.54998779296875,183.61000061035156,225.72999572753906,327.5815124511719,103.44999694824219,45.7599983215332,208.17999267578125,97.06999969482422,141.02999877929688,24.040000915527344,153.07000732421875,241.05215454101562,759.9500122070312,113.93000030517578,160.47210693359375,201.2726593017578,279.6700134277344,129.57000732421875,,67.68000030517578,169.72000122070312,595.6799926757812,508.7850646972656,159.42999267578125,85.29000091552734,94.43000030517578,346.4100036621094,33.91999816894531,514.7899780273438,92.33000183105469,505.57000732421875,81.77955627441406,377.3610534667969,28.611963272094727,1295.2900390625,86.55999755859375,139.41000366210938,474.989990234375,237.44000244140625,434.2099914550781,407.6300048828125,179.6199951171875,341.29998779296875,225.85000610351562,84.2300033569336,48.96469497680664,344.3599853515625,166.44000244140625,383.1300048828125,42.430625915527344,85.16000366210938,216.99000549316406,102.81999969482422,112.0199966430664,144.64999389648438
2025-09-23,254.42999267578125,221.01666259765625,135.2884063720703,235.5,361.7799987792969,246.77999877929688,60.70000076293945,289.2099914550781,324.8599853515625,304.3599853515625,200.8699951171875,160.89999389648438,286.80999755859375,192.58236694335938,220.7100067138672,144.08999633789062,353.07000732421875,274.7646484375,125.4000015258789,,338.94000244140625,340.6069641113281,4120.0,216.33999633789062,51.70000076293945,186.52000427246094,5509.02001953125,1131.75,44.301116943359375,,97.69000244140625,103.0,59.7400016784668,,275.8999938964844,94.3499984741211,366.29998779296875,267.0400085449219,290.0799865722656,79.6162109375,31.287899017333984,261.9599914550781,39.68000030517578,93.47000122070312,943.5999755859375,244.55999755859375,67.1346206665039,34.06999969482422,200.58999633789062,76.5,157.4199981689453,470.02850341796875,189.38543701171875,112.25,123.0999984741211,265.80999755859375,323.7300109863281,131.4600067138672,114.56991577148438,803.280029296875,368.5199890136719,74.56999969482422,11.729999542236328,45.1978874206543,233.6999969482422,129.82000732421875,,321.78564453125,305.25701904296875,114.4000015258789,58.58000183105469,252.33999633789062,251.66000366210938,806.3200073242188,409.45001220703125,410.9100036621094,209.30999755859375,257.4214782714844,272.239990234375,168.08999633789062,29.34000015258789,697.9044799804688,447.75,259.6109924316406,176.5800018310547,311.22686767578125,1071.199951171875,123.81999969482422,66.70999908447266,479.94000244140625,746.97998046875,486.6700134277344,259.80999755859375,131.66998291015625,569.218505859375,261.8399963378906,303.19000244140625,64.70999908447266,741.3099975585938,476.7799987792969,63.31050109863281,94.95999908447266,755.4000244140625,196.57713317871094,156.2899932861328,64.4800033569336,64.87000274658203,190.8699951171875,79.95999908447266,160.75999450683594,568.9400024414062,509.2300109863281,470.7200012207031,166.3058624267578,72.31999969482422,1218.469970703125,70.93000030517578,577.0800170898438,927.6699829101562,292.0799865722656,178.42999267578125,225.6199951171875,313.28631591796875,103.7300033569336,46.41999816894531,203.25,97.75,141.89999389648438,24.1299991607666,152.5,238.51318359375,760.1699829101562,114.44000244140625,162.24545288085938,202.06539916992188,282.29998779296875,132.27999877929688,,67.30999755859375,169.52999877929688,567.8900146484375,503.1543884277344,160.5399932861328,85.69000244140625,93.91000366210938,344.45001220703125,34.4900016784668,490.32000732421875,93.72000122070312,496.760009765625,85.43317413330078,372.6717224121094,28.483348846435547,1299.3699951171875,87.05000305175781,139.72000122070312,469.75,239.49000549316406,425.8500061035156,405.1600036621094,182.0399932861328,347.69000244140625,227.97999572753906,84.41000366210938,48.82617950439453,338.70001220703125,170.38999938964844,379.7200012207031,42.61741256713867,84.37000274658203,218.22999572753906,102.5199966430664,113.94999694824219,142.61000061035156
2025-09-24,252.30999755859375,218.41542053222656,133.29725646972656,239.0800018310547,353.2699890136719,248.61000061035156,61.47999954223633,291.5,323.5199890136719,304.54998779296875,201.44000244140625,160.8800048828125,279.2200012207031,191.24415588378906,220.2100067138672,142.63999938964844,353.739990234375,270.4928894042969,123.12999725341797,,339.30999755859375,339.6194763183594,4176.89013671875,215.10000610351562,51.70000076293945,186.0500030517578,5525.60009765625,1127.97998046875,43.56128692626953,,98.05999755859375,101.6500015258789,58.9900016784668,,278.260009765625,93.70999908447266,356.9599914550781,263.3900146484375,291.42999267578125,80.58968353271484,31.278005599975586,264.42999267578125,39.54999923706055,95.62999725341797,945.27001953125,245.88999938964844,66.91593933105469,33.81999969482422,200.0399932861328,76.37999725341797,159.17999267578125,467.3080139160156,185.5821533203125,113.43000030517578,123.63999938964844,267.0,326.3800048828125,131.9199981689453,115.59011840820312,789.7899780273438,372.2099914550781,74.66000366210938,11.630000114440918,37.53536605834961,233.75,130.58999633789062,,322.20379638671875,299.9335021972656,113.66999816894531,59.91999816894531,247.8300018310547,247.13999938964844,792.4299926757812,416.6199951171875,409.7699890136719,208.60000610351562,261.05877685546875,267.5299987792969,168.0500030517578,31.219999313354492,693.5225219726562,443.989990234375,257.9612121582031,176.69000244140625,311.90362548828125,1068.6700439453125,123.93000030517578,66.44999694824219,474.1300048828125,741.8499755859375,486.25,257.3299865722656,128.32000732421875,568.06005859375,262.1400146484375,304.3299865722656,65.8499984741211,760.5800170898438,474.79998779296875,63.87594985961914,95.73999786376953,760.6599731445312,198.7672882080078,154.60000610351562,64.93000030517578,65.12999725341797,193.10000610351562,79.66999816894531,157.8800048828125,566.4199829101562,510.1499938964844,455.1300048828125,161.60879516601562,73.83000183105469,1203.949951171875,71.22000122070312,586.27001953125,933.3699951171875,293.32000732421875,176.97000122070312,227.66000366210938,307.9256286621094,103.47000122070312,46.88999938964844,200.6999969482422,96.88999938964844,142.1699981689453,24.09000015258789,152.4199981689453,239.90261840820312,748.760009765625,112.86000061035156,161.4826202392578,202.22393798828125,280.7099914550781,136.58999633789062,,67.86000061035156,173.5500030517578,576.97998046875,504.8415832519531,161.3800048828125,84.2699966430664,92.37000274658203,342.9599914550781,34.61000061035156,468.0899963378906,94.41000366210938,490.739990234375,86.65435791015625,370.376953125,28.018354415893555,1300.0,88.30999755859375,140.44000244140625,468.0,238.39999389648438,442.7900085449219,404.0899963378906,184.44000244140625,351.80999755859375,230.36000061035156,83.9000015258789,48.65798568725586,338.67999267578125,170.8300018310547,376.6199951171875,42.450286865234375,84.11000061035156,219.4199981689453,102.7300033569336,114.55999755859375,141.6699981689453
2025-09-25,256.8699951171875,216.97579956054688,132.71981811523438,232.55999755859375,354.1600036621094,247.52999877929688,61.06999969482422,288.8900146484375,320.1700134277344,303.0799865722656,199.60000610351562,161.27000427246094,271.17999267578125,192.01734924316406,218.14999389648438,143.05999755859375,351.6400146484375,264.0355529785156,122.33000183105469,,336.1000061035156,339.3202209472656,4136.06982421875,213.52999877929688,51.849998474121094,180.58999633789062,5575.72998046875,1147.2900390625,42.82145309448242,,98.13999938964844,102.11000061035156,58.75,,278.29998779296875,93.9800033569336,351.05999755859375,270.57000732421875,284.05999755859375,79.16920471191406,31.287899017333984,268.7300109863281,39.33000183105469,96.80999755859375,943.3099975585938,240.9499969482422,67.44275665283203,33.779998779296875,202.0500030517578,74.61000061035156,160.72000122070312,465.0758056640625,181.1400146484375,112.98999786376953,122.31999969482422,267.25,316.70001220703125,130.11000061035156,116.18441772460938,782.8800048828125,364.739990234375,75.2699966430664,11.619999885559082,35.21369552612305,236.4199981689453,128.66000366210938,,323.01025390625,296.81732177734375,110.98999786376953,60.59000015258789,246.57000732421875,245.7899932861328,794.760009765625,414.8900146484375,407.45001220703125,207.6999969482422,253.5449981689453,281.44000244140625,167.27999877929688,33.9900016784668,691.4163818359375,438.1199951171875,256.301513671875,177.72999572753906,311.9334716796875,1059.0999755859375,121.72000122070312,65.9800033569336,473.7799987792969,714.5900268554688,484.3399963378906,255.52999877929688,128.1300048828125,566.552001953125,260.8999938964844,302.29998779296875,64.83999633789062,736.52001953125,472.69000244140625,62.06056213378906,94.30000305175781,748.9099731445312,197.0848388671875,153.02999877929688,64.58999633789062,65.19000244140625,196.44000244140625,77.5999984741211,158.9499969482422,564.6599731445312,507.0299987792969,455.7300109863281,156.7318572998047,74.6500015258789,1208.239990234375,69.23999786376953,585.77001953125,918.6099853515625,294.57000732421875,177.69000244140625,226.80999755859375,290.8252868652344,104.58000183105469,46.9900016784668,202.2100067138672,95.56999969482422,139.9199981689453,23.600000381469727,152.14999389648438,242.09173583984375,745.0800170898438,113.20999908447266,162.4733123779297,200.89613342285156,280.260009765625,139.0800018310547,,66.73999786376953,169.67999267578125,555.510009765625,494.2092590332031,160.50999450683594,83.83000183105469,94.77999877929688,340.1000061035156,34.59000015258789,487.20001220703125,93.69000244140625,484.94000244140625,85.8700180053711,367.73297119140625,27.998565673828125,1290.0,87.13999938964844,141.4600067138672,459.2200012207031,237.94000244140625,423.3900146484375,406.3999938964844,182.0399932861328,345.55999755859375,232.0,82.58000183105469,48.50957489013672,334.92999267578125,174.4199981689453,381.8699951171875,42.61741256713867,84.31999969482422,217.16000366210938,103.05000305175781,115.58999633789062,141.1300048828125
2025-09-26,255.4600067138672,219.03099060058594,132.95877075195312,238.97000122070312,360.3699951171875,247.55999755859375,60.599998474121094,291.5400085449219,322.8800048828125,304.1499938964844,203.9199981689453,159.4600067138672,272.9800109863281,192.57244873046875,219.77999877929688,142.5,356.0799865722656,265.02899169921875,122.5999984741211,,334.5299987792969,340.8164367675781,4198.02978515625,221.25999450683594,52.209999084472656,184.60000610351562,5548.0,1156.449951171875,43.521827697753906,,98.18000030517578,103.41999816894531,58.84000015258789,,280.69000244140625,95.30999755859375,350.1099853515625,273.3999938964844,286.1700134277344,79.0599365234375,31.38684844970703,270.2799987792969,40.08000183105469,98.4800033569336,915.9500122070312,243.42999267578125,66.81654357910156,34.0099983215332,204.24000549316406,75.7699966430664,160.16000366210938,462.3752136230469,184.83999633789062,113.47000122070312,123.0199966430664,271.0,318.6099853515625,128.60000610351562,116.19432067871094,790.3400268554688,365.5799865722656,76.25,12.010000228881836,35.622230529785156,237.82000732421875,129.55999755859375,,328.8943786621094,294.6200256347656,112.0999984741211,61.2400016784668,247.17999267578125,246.5399932861328,802.510009765625,419.0799865722656,410.0899963378906,208.19000244140625,254.9499969482422,284.30999755859375,167.72999572753906,35.5,696.9862060546875,441.1199951171875,259.4320983886719,179.7100067138672,314.53082275390625,1064.2900390625,122.2300033569336,65.66999816894531,474.4100036621094,724.5399780273438,487.44000244140625,257.1199951171875,128.3300018310547,564.3848876953125,264.2099914550781,305.239990234375,64.41999816894531,760.5499877929688,476.739990234375,62.85417175292969,94.22000122070312,743.75,198.667724609375,152.80999755859375,65.33999633789062,65.70999908447266,198.69000244140625,78.55999755859375,160.11000061035156,565.4199829101562,511.4599914550781,456.5199890136719,157.17156982421875,75.8499984741211,1210.6099853515625,69.30999755859375,594.52001953125,936.0,297.489990234375,178.19000244140625,226.0399932861328,282.96893310546875,106.0999984741211,47.470001220703125,202.3699951171875,100.5,140.44000244140625,23.760000228881836,152.5,243.38121032714844,750.719970703125,114.19000244140625,163.3550262451172,201.47085571289062,286.2900085449219,139.4600067138672,,67.30000305175781,169.1999969482422,563.9000244140625,498.4821472167969,163.35000610351562,83.38999938964844,95.45999908447266,341.9100036621094,35.52000045776367,487.760009765625,94.52999877929688,487.17999267578125,87.95496368408203,368.18194580078125,28.008459091186523,1295.719970703125,87.8499984741211,143.08999633789062,464.239990234375,237.47000122070312,440.3999938964844,415.2300109863281,184.5500030517578,344.0799865722656,235.1999969482422,83.72000122070312,48.91522216796875,337.3699951171875,175.6300048828125,385.739990234375,42.87302017211914,85.01000213623047,218.69000244140625,103.16000366210938,117.22000122070312,143.5
2025-09-29,254.42999267578125,221.56272888183594,132.5207061767578,247.0,359.4200134277344,244.7899932861328,60.310001373291016,292.6600036621094,322.0299987792969,305.7099914550781,204.9499969482422,161.36000061035156,273.9700012207031,192.85000610351562,222.1699981689453,143.3699951171875,354.6199951171875,268.7047119140625,121.01000213623047,,327.8999938964844,341.44482421875,4273.83984375,217.0800018310547,52.41999816894531,184.0,5454.81005859375,1175.56005859375,43.551422119140625,,97.04000091552734,103.16000366210938,59.130001068115234,,279.55999755859375,96.19000244140625,348.5199890136719,276.1199951171875,286.6400146484375,79.86454772949219,31.159263610839844,272.239990234375,39.900001525878906,95.8499984741211,916.8699951171875,245.10000610351562,67.31353759765625,35.83000183105469,203.91000366210938,75.56999969482422,156.10000610351562,463.8699951171875,186.05999755859375,114.77999877929688,122.80000305175781,272.9100036621094,319.69000244140625,129.25,112.27198028564453,781.719970703125,367.1499938964844,77.19000244140625,12.09000015258789,36.987335205078125,236.5800018310547,130.4499969482422,,330.7164001464844,293.6300048828125,112.62000274658203,61.119998931884766,244.36000061035156,244.0500030517578,804.1199951171875,420.9200134277344,406.79998779296875,209.27999877929688,255.22999572753906,279.79998779296875,167.99000549316406,34.47999954223633,693.4227294921875,439.2200012207031,259.77001953125,181.6199951171875,314.1626281738281,1064.1300048828125,122.66000366210938,66.04000091552734,476.489990234375,726.510009765625,491.9800109863281,253.32000732421875,131.08999633789062,567.3909301757812,266.82000732421875,302.989990234375,64.06999969482422,761.8200073242188,480.82000732421875,62.130001068115234,93.97000122070312,743.4000244140625,199.33473205566406,154.0800018310547,66.95999908447266,65.66999816894531,196.47000122070312,78.58000183105469,161.16000366210938,568.9000244140625,514.5999755859375,454.17999267578125,163.79742431640625,76.20999908447266,1206.4100341796875,69.55000305175781,593.989990234375,940.8499755859375,299.6199951171875,181.85000610351562,226.11000061035156,282.2701721191406,107.55000305175781,48.099998474121094,203.9600067138672,99.8499984741211,140.1699981689453,23.850000381469727,153.52999877929688,244.3008270263672,753.5700073242188,114.23999786376953,161.47271728515625,200.01422119140625,288.5299987792969,137.57000732421875,,69.68000030517578,165.3000030517578,560.75,500.1294250488281,163.6300048828125,85.63999938964844,96.88999938964844,342.9200134277344,35.11000061035156,481.6099853515625,93.91000366210938,491.3399963378906,89.0570068359375,369.0400085449219,27.77101707458496,1289.2900390625,88.83000183105469,143.52000427246094,462.0400085449219,237.9600067138672,443.2099914550781,414.3800048828125,183.22999572753906,345.17999267578125,236.17999267578125,84.5,48.470001220703125,340.1600036621094,172.13999938964844,395.30999755859375,42.51910400390625,84.6500015258789,219.42999267578125,103.08000183105469,114.22000122070312,143.05999755859375
2025-09-30,254.6300048828125,229.88275146484375,133.3470458984375,246.60000610351562,352.75,245.6999969482422,59.7400016784668,293.5,317.6700134277344,309.739990234375,204.74000549316406,161.7899932861328,282.20001220703125,192.32000732421875,219.57000732421875,145.7100067138672,356.5799865722656,270.92999267578125,123.75,,329.9100036621094,331.32049560546875,4290.240234375,215.8300018310547,51.59000015258789,187.1699981689453,5399.27001953125,1165.8699951171875,44.48854064941406,,97.62999725341797,101.5,59.70000076293945,,282.25,96.48999786376953,351.260009765625,275.1099853515625,288.25,79.4076156616211,31.09000015258789,270.19000244140625,39.189998626708984,94.58999633789062,925.6300048828125,237.0,68.00933837890625,35.5099983215332,205.25999450683594,75.38999938964844,155.2899932861328,457.260009765625,198.25999450683594,114.5,123.75,273.8599853515625,323.1199951171875,131.17999267578125,111.05368041992188,783.239990234375,374.25,77.7699966430664,11.960000038146973,39.079830169677734,235.80999755859375,128.92999267578125,,339.50775146484375,300.82000732421875,111.0,60.970001220703125,243.5500030517578,243.10000610351562,796.3499755859375,426.20001220703125,405.19000244140625,210.5,260.1700134277344,282.1600036621094,168.47999572753906,33.54999923706055,681.6641845703125,447.2300109863281,260.760009765625,185.4199981689453,313.90386962890625,1078.5999755859375,124.33999633789062,66.31999969482422,475.0,763.0,499.2099914550781,251.30999755859375,133.89999389648438,568.06005859375,260.44000244140625,303.8900146484375,64.22000122070312,772.5399780273438,476.4800109863281,62.470001220703125,95.23999786376953,734.3800048828125,200.62892150878906,155.17999267578125,67.30999755859375,66.05999755859375,192.74000549316406,83.93000030517578,158.9600067138672,567.4099731445312,517.9500122070312,457.2900085449219,167.2152862548828,75.48999786376953,1198.9200439453125,69.7300033569336,609.3200073242188,920.280029296875,300.4100036621094,186.5800018310547,227.72999572753906,280.7527770996094,107.80999755859375,47.25,203.6199951171875,98.31999969482422,140.44000244140625,25.479999542236328,153.64999389648438,246.8498077392578,758.1500244140625,114.5199966430664,160.6900634765625,199.1025848388672,288.8500061035156,136.02000427246094,,67.05999755859375,166.36000061035156,562.27001953125,497.8631896972656,167.3300018310547,84.5999984741211,95.47000122070312,346.260009765625,34.369998931884766,493.3900146484375,94.7699966430664,486.7099914550781,89.33500671386719,369.6700134277344,27.939205169677734,1318.02001953125,89.69999694824219,144.5399932861328,485.0199890136719,239.3800048828125,444.7200012207031,421.9599914550781,183.72999572753906,345.29998779296875,236.3699951171875,83.52999877929688,48.33000183105469,341.3800048828125,170.25999450683594,391.6400146484375,43.207275390625,83.81999969482422,220.8300018310547,103.05999755859375,112.75,146.32000732421875
