Target,Sector,Best_Method,RMSE,MAE,Return_Corr,N_Methods,N_Peers,Distress_Start,Distress_End,Sweep_Best_LB,Sweep_Best_THR,Sweep_Best_RMSE,Enhanced_Sweep_LB,Enhanced_Sweep_THR,Enhanced_Sweep_MP,Enhanced_Sweep_RMSE,Enhanced_Sweep_MAPE,Enhanced_Sweep_DirAcc,True_Return,True_Sharpe,Observed_Return,Observed_Sharpe,Output_Dir
AMCR,Materials,Static Proxy+OLS,0.13354551851970928,0.11071670426903411,0.022188973313102732,8,25,2024-12-11,2025-01-27,40.0,0.25,0.26277900372463114,,,,,,,0.26307458342545,0.8231335650144637,-0.16288784346833451,-0.38495195255133624,/Users/yevgeniy/Development/Projects/FinancialEngineering/quant-finance/qf/timeseries/results/amcr
KVUE,Consumer Staples,Dynamic Proxy+OLS,0.23536538086426373,0.182563203955914,0.28068923446667693,7,25,2024-11-20,2025-01-03,40.0,0.45,0.8555531167563712,,,,,,,0.19733197023491633,0.562651096561821,-0.13473855906532706,-0.22787292035382975,/Users/yevgeniy/Development/Projects/FinancialEngineering/quant-finance/qf/timeseries/results/kvue
HBAN,Financials,ML Proxy+Opt (Best Sweep),0.28039113103952645,0.2228219116351955,0.219514150658401,8,25,2024-12-11,2025-01-27,120.0,0.25,0.28039113103952645,,,,,,,0.4808137414568232,1.0690834314991227,-0.05996779081189241,-0.02657839920919447,/Users/yevgeniy/Development/Projects/FinancialEngineering/quant-finance/qf/timeseries/results/hban
K,Consumer Staples,ML Proxy+Opt (Best Sweep),0.31664889117584594,0.26223107769814596,-0.2774956052746079,7,25,2024-11-20,2025-01-03,40.0,0.55,0.31664889117584594,,,,,,,0.17012979005848927,0.8291086645141378,-0.1919018400911462,-0.7644076848454179,/Users/yevgeniy/Development/Projects/FinancialEngineering/quant-finance/qf/timeseries/results/k
KEY,Financials,ML Proxy+Opt (Best Sweep),0.3180726839861341,0.24028315156998586,0.2417432941879611,8,25,2024-12-11,2025-01-27,60.0,0.45,0.3180726839861341,,,,,,,0.7215739388469822,1.2194082169365354,0.030965756559368618,0.18997897684114795,/Users/yevgeniy/Development/Projects/FinancialEngineering/quant-finance/qf/timeseries/results/key
F,Consumer Discretionary,GP-RBF,0.31843090992917117,0.27630400342541184,0.07476792206660784,8,25,2024-12-11,2025-01-27,120.0,0.55,0.3239719471111767,,,,,,,-0.13693403012066252,-0.13739215243475295,-0.4378119147950359,-0.8742979091510203,/Users/yevgeniy/Development/Projects/FinancialEngineering/quant-finance/qf/timeseries/results/f
AES,Utilities,ML Proxy+Opt (Best Sweep),0.33066278013054706,0.23246491662902802,0.09537189167812588,8,25,2024-12-11,2025-01-27,40.0,0.55,0.33066278013054706,,,,,,,-0.08388957825094001,0.027913850803587836,-0.3325466735220024,-0.4334146118263644,/Users/yevgeniy/Development/Projects/FinancialEngineering/quant-finance/qf/timeseries/results/aes
IVZ,Financials,ML Proxy+Opt (Best Sweep),0.3322274588483164,0.2727773675798196,0.27646716152480594,8,25,2024-12-11,2025-01-27,80.0,0.25,0.3322274588483164,,,,,,,0.4674246781516198,0.8894321986961976,0.004113541423655498,0.13974402884759848,/Users/yevgeniy/Development/Projects/FinancialEngineering/quant-finance/qf/timeseries/results/ivz
HST,Real Estate,Dynamic Proxy+OLS,0.3593245572782027,0.27166029745240083,0.16296361713434784,8,25,2024-12-11,2025-01-27,120.0,0.55,0.7186863312444091,,,,,,,0.4005814942562549,1.0081668780666182,-0.04575768087586263,-0.01256763537037976,/Users/yevgeniy/Development/Projects/FinancialEngineering/quant-finance/qf/timeseries/results/hst
INVH,Real Estate,GP-RBF,0.3853198686955055,0.3104812904187707,0.08102962210164981,8,25,2024-12-11,2025-01-27,60.0,0.25,0.4628036435146504,,,,,,,0.24321298422734428,0.8152209485209589,-0.20153319854940377,-0.5706230834811465,/Users/yevgeniy/Development/Projects/FinancialEngineering/quant-finance/qf/timeseries/results/invh
PPL,Utilities,Static Proxy+OLS,0.40482396801974996,0.29860926370080976,-0.03893231430405516,8,25,2024-12-11,2025-01-27,120.0,0.55,0.41901209201399253,,,,,,,0.4768261211665761,1.7722925032082646,-0.08081224157530842,-0.22407070352428266,/Users/yevgeniy/Development/Projects/FinancialEngineering/quant-finance/qf/timeseries/results/ppl
T,Communication Services,ML Proxy+Opt (Best Sweep),0.4150900070701065,0.3271779938071078,-0.03148046013614014,8,21,2024-12-11,2025-01-27,60.0,0.55,0.4150900070701065,,,,,,,0.876157672886789,2.466491742693105,0.24069834004401525,0.7548251594030037,/Users/yevgeniy/Development/Projects/FinancialEngineering/quant-finance/qf/timeseries/results/t
NWSA,Communication Services,ML Proxy+Opt (Best Sweep),0.4178330648401776,0.36227013086481796,0.29599430617353567,8,21,2024-12-11,2025-01-27,120.0,0.25,0.4178330648401776,,,,,,,0.45858437045434397,1.2731760695872845,-0.06843655937378046,-0.10013865633884633,/Users/yevgeniy/Development/Projects/FinancialEngineering/quant-finance/qf/timeseries/results/nwsa
VZ,Communication Services,ML Proxy+Opt (Best Sweep),0.41979859537995573,0.3380440957300479,0.19523176581203608,8,21,2024-12-11,2025-01-27,60.0,0.55,0.41979859537995573,,,,,,,0.5499448933271638,1.8933516786831557,0.045996590049330655,0.22496343377372727,/Users/yevgeniy/Development/Projects/FinancialEngineering/quant-finance/qf/timeseries/results/vz
RF,Financials,ML Proxy+Opt (Best Sweep),0.4536056311226584,0.35201370000421534,0.10211181362763253,8,25,2024-12-11,2025-01-27,60.0,0.55,0.4536056311226584,,,,,,,0.7132222154884591,1.5584189725705078,0.06826911565420568,0.2627340116915838,/Users/yevgeniy/Development/Projects/FinancialEngineering/quant-finance/qf/timeseries/results/rf
NI,Utilities,ML Proxy+Opt (Best Sweep),0.4570555495546739,0.3479102448374559,0.09841388311318752,8,25,2024-12-11,2025-01-27,120.0,0.25,0.4570555495546739,,,,,,,0.6287978554859721,2.1865423313804238,0.061397259879736765,0.2816639429192373,/Users/yevgeniy/Development/Projects/FinancialEngineering/quant-finance/qf/timeseries/results/ni
DOC,Real Estate,ML Proxy+Opt (Best Sweep),0.4575713609604177,0.4021920250858406,-0.1578481079218057,8,25,2024-12-11,2025-01-27,120.0,0.25,0.4575713609604177,,,,,,,0.3699398731474921,0.9673542138200238,-0.054727724521062227,-0.04062063460609579,/Users/yevgeniy/Development/Projects/FinancialEngineering/quant-finance/qf/timeseries/results/doc
HPE,Information Technology,Feature PCA Proxy+OLS,0.4635590132378572,0.3532775676148238,0.1525595289472401,8,25,2024-12-11,2025-01-27,80.0,0.25,0.4635590132378572,,,,,,,0.13803915574958348,0.37169451770750006,-0.19432924278262753,-0.22616308497133153,/Users/yevgeniy/Development/Projects/FinancialEngineering/quant-finance/qf/timeseries/results/hpe
CMCSA,Communication Services,ML Proxy+Opt (Best Sweep),0.4923809397438525,0.4182378667767781,-0.037698113025586726,8,21,2024-12-11,2025-01-27,120.0,0.35,0.4923809397438525,,,,,,,0.22389654658414804,0.6530242867246554,-0.19141727345267223,-0.417354664407564,/Users/yevgeniy/Development/Projects/FinancialEngineering/quant-finance/qf/timeseries/results/cmcsa
CNP,Utilities,ML Proxy+Opt (Best Sweep),0.5085631440947083,0.39006627189023213,-0.09739116079601089,8,25,2024-12-11,2025-01-27,60.0,0.55,0.5085631440947083,,,,,,,0.600793313663682,2.0287725659117326,0.02667947069177523,0.1642592425281263,/Users/yevgeniy/Development/Projects/FinancialEngineering/quant-finance/qf/timeseries/results/cnp
NWS,Communication Services,ML Proxy+Opt (Best Sweep),0.514567872750979,0.4333928206644308,0.11347655570016993,8,21,2024-12-11,2025-01-27,120.0,0.55,0.514567872750979,,,,,,,0.5330562362345967,1.4191002903555145,-0.0058800527335052255,0.07573308052506669,/Users/yevgeniy/Development/Projects/FinancialEngineering/quant-finance/qf/timeseries/results/nws
CSX,Industrials,ML Proxy+Opt (Best Sweep),0.5150688729044095,0.4243326293734621,-0.12465785580953187,8,25,2024-12-11,2025-01-27,120.0,0.35,0.5150688729044095,,,,,,,0.15811503377303526,0.5642104775218278,-0.2988678478533484,-0.92832838069035,/Users/yevgeniy/Development/Projects/FinancialEngineering/quant-finance/qf/timeseries/results/csx
BAX,Health Care,ML Proxy+Opt (Best Sweep),0.5329453801321342,0.37707932432557884,0.14680548733669457,8,25,2024-12-11,2025-01-27,120.0,0.25,0.5329453801321342,,,,,,,-0.15578457706561977,-0.1748164362950644,-0.44437021278880573,-0.8855472336182584,/Users/yevgeniy/Development/Projects/FinancialEngineering/quant-finance/qf/timeseries/results/bax
DOW,Materials,ML Proxy+Opt (Best Sweep),0.538953009803685,0.42250422559354656,-0.06929353235837532,8,25,2024-12-11,2025-01-27,120.0,0.45,0.538953009803685,,,,,,,-0.2579006944125114,-0.4518269886962457,-0.5086565349478711,-1.17241322573178,/Users/yevgeniy/Development/Projects/FinancialEngineering/quant-finance/qf/timeseries/results/dow
FOX,Communication Services,ML Proxy+Opt (Best Sweep),0.5624031368980462,0.40832450971117235,-0.02918195519417755,8,21,2024-12-11,2025-01-27,40.0,0.25,0.5624031368980462,,,,,,,0.2924476080602121,0.9164516412500913,-0.11212849377371614,-0.25965787944524105,/Users/yevgeniy/Development/Projects/FinancialEngineering/quant-finance/qf/timeseries/results/fox
HPQ,Information Technology,Feature PCA Proxy+OLS,0.5774361575166338,0.46144287695611663,0.2456060080120883,8,25,2024-12-11,2025-01-27,80.0,0.25,0.5774361575166338,,,,,,,0.0013065857719720686,0.11773452077320104,-0.3582522635514367,-0.7952140176424222,/Users/yevgeniy/Development/Projects/FinancialEngineering/quant-finance/qf/timeseries/results/hpq
MGM,Consumer Discretionary,GP-RBF,0.5866493594819461,0.4626463978469689,-0.03485764548386155,8,25,2024-12-11,2025-01-27,60.0,0.55,0.6322583775054984,,,,,,,0.09162006181609494,0.2977808462284902,-0.2661948342719128,-0.4169009425100525,/Users/yevgeniy/Development/Projects/FinancialEngineering/quant-finance/qf/timeseries/results/mgm
WBA,Consumer Staples,ML Proxy+Opt (Best Sweep),0.5948926288482127,0.4555561890452489,-0.2473218807717553,8,25,2024-11-20,2025-01-03,60.0,0.25,0.5948926288482127,,,,,,,0.006472699652179115,0.20829570635922712,-0.19373196119190939,-0.054801004822295454,/Users/yevgeniy/Development/Projects/FinancialEngineering/quant-finance/qf/timeseries/results/wba
KHC,Consumer Staples,ML Proxy+Opt (Best Sweep),0.6232484698785152,0.5306140325442339,0.15031024104438334,8,25,2024-11-20,2025-01-03,40.0,0.35,0.6232484698785152,,,,,,,0.11946150991888382,0.45936500785798134,-0.2020870184066511,-0.6016147316987612,/Users/yevgeniy/Development/Projects/FinancialEngineering/quant-finance/qf/timeseries/results/khc
FOXA,Communication Services,Elastic Net+CV,0.6380348301615606,0.4634829528482951,-0.04324858367132872,8,21,2024-12-11,2025-01-27,40.0,0.55,0.6558364968973627,,,,,,,0.4657441084123257,1.2871126093849565,0.010375931611697586,0.11798640284416606,/Users/yevgeniy/Development/Projects/FinancialEngineering/quant-finance/qf/timeseries/results/foxa
WBD,Communication Services,ML Proxy+Opt (Best Sweep),0.6397548003400884,0.4808857331132596,-0.17809349579084469,8,21,2024-12-11,2025-01-27,120.0,0.55,0.6397548003400884,,,,,,,0.30304157346849947,0.5390275499130476,0.040606955200329864,0.24702627989163453,/Users/yevgeniy/Development/Projects/FinancialEngineering/quant-finance/qf/timeseries/results/wbd
FAST,Industrials,ML Proxy+Opt (Best Sweep),0.6491003509764194,0.5624836218399901,0.21470674951588528,8,25,2024-12-11,2025-01-27,40.0,0.35,0.6491003509764194,,,,,,,0.22161342324608646,0.7538684928629482,-0.1928098520880953,-0.5121830426099585,/Users/yevgeniy/Development/Projects/FinancialEngineering/quant-finance/qf/timeseries/results/fast
VICI,Real Estate,ML Proxy+Opt (Best Sweep),0.6556297242573921,0.5446464490050107,-0.1587223313601603,8,25,2024-12-11,2025-01-27,120.0,0.35,0.6556297242573921,,,,,,,0.25475170126068747,0.95828622179487,-0.1823988096921766,-0.5553278293557586,/Users/yevgeniy/Development/Projects/FinancialEngineering/quant-finance/qf/timeseries/results/vici
EVRG,Utilities,ML Proxy+Opt (Best Sweep),0.6558687882010673,0.5443667305549186,0.06353561502909369,8,25,2024-12-11,2025-01-27,60.0,0.25,0.6558687882010673,,,,,,,0.34359974881057886,1.4581901442100962,-0.1260414901140231,-0.4198537486817668,/Users/yevgeniy/Development/Projects/FinancialEngineering/quant-finance/qf/timeseries/results/evrg
KMI,Energy,Static Proxy+OLS,0.6715438601937964,0.4700790842706938,0.017425761146734404,8,21,2024-12-11,2025-01-27,40.0,0.25,0.7034522700307896,,,,,,,0.29427295422030264,0.9526832825573495,0.014469436609046982,0.12644172439087473,/Users/yevgeniy/Development/Projects/FinancialEngineering/quant-finance/qf/timeseries/results/kmi
LKQ,Consumer Discretionary,ML Proxy+Opt (Best Sweep),0.6880471143864686,0.584423006244054,0.11216528831322507,8,25,2024-12-11,2025-01-27,60.0,0.55,0.6880471143864686,,,,,,,-0.24360220355422313,-0.6361396496640722,-0.4969825084376731,-1.5301081943805754,/Users/yevgeniy/Development/Projects/FinancialEngineering/quant-finance/qf/timeseries/results/lkq
CSCO,Information Technology,Feature PCA Proxy+OLS,0.6951562875662243,0.5211379563421105,0.042718225289986214,8,25,2024-12-11,2025-01-27,80.0,0.35,0.6951562875662243,,,,,,,0.2730752555584579,0.9160294396318056,-0.1725197696394445,-0.48998718256257573,/Users/yevgeniy/Development/Projects/FinancialEngineering/quant-finance/qf/timeseries/results/csco
APA,Energy,ML Proxy+Opt (Best Sweep),0.7055500789667615,0.6209253526655246,0.31978551324761284,8,21,2024-12-11,2025-01-27,120.0,0.25,0.7055500789667615,,,,,,,-0.2977169162323863,-0.3984462429302464,-0.435016047925749,-0.7092713587579524,/Users/yevgeniy/Development/Projects/FinancialEngineering/quant-finance/qf/timeseries/results/apa
UDR,Real Estate,ML Proxy+Opt (Best Sweep),0.7083404128852957,0.5570260063476492,-0.1093649701543282,8,25,2024-12-11,2025-01-27,60.0,0.35,0.7083404128852957,,,,,,,-0.02654538162363196,-0.0013091084725511536,-0.38051197132399184,-1.2148475654497832,/Users/yevgeniy/Development/Projects/FinancialEngineering/quant-finance/qf/timeseries/results/udr
PCG,Utilities,Static Proxy+OLS,0.708626654818995,0.5522156586639745,0.4031907602091274,8,25,2024-12-11,2025-01-27,80.0,0.25,0.7469581737822989,,,,,,,0.14382839942553138,0.45719181405103815,-0.09130781281583256,-0.13762737057721747,/Users/yevgeniy/Development/Projects/FinancialEngineering/quant-finance/qf/timeseries/results/pcg
CCL,Consumer Discretionary,ML Proxy+Opt (Best Sweep),0.7152248330149864,0.5036606586381736,0.09286248333455295,8,25,2024-12-11,2025-01-27,120.0,0.25,0.7152248330149864,,,,,,,0.0578300956593325,0.24796906554267578,-0.3270405354100855,-0.43162665404217876,/Users/yevgeniy/Development/Projects/FinancialEngineering/quant-finance/qf/timeseries/results/ccl
FE,Utilities,Elastic Net+CV,0.7202578942425556,0.5030390975210957,-0.1343145498755053,8,25,2024-12-11,2025-01-27,80.0,0.35,0.7808763518291039,,,,,,,0.37722818015305526,1.3818884777406075,-0.11971647697289622,-0.36568375271706577,/Users/yevgeniy/Development/Projects/FinancialEngineering/quant-finance/qf/timeseries/results/fe
ROL,Industrials,GP-RBF,0.723441396209138,0.5237493600070706,-0.11088854457166147,8,25,2024-12-11,2025-01-27,80.0,0.35,0.8433210856959539,,,,,,,0.3668593592483864,1.2053489927328394,-0.08740833459677877,-0.18493749337396992,/Users/yevgeniy/Development/Projects/FinancialEngineering/quant-finance/qf/timeseries/results/rol
INTC,Information Technology,GP-RBF,0.7281584154191869,0.6104703387902802,0.5037825563349597,8,25,2024-12-11,2025-01-27,60.0,0.25,0.7811255661020411,,,,,,,-0.48642561492513114,-0.6925794482240327,-0.6754465249435969,-1.259473564242874,/Users/yevgeniy/Development/Projects/FinancialEngineering/quant-finance/qf/timeseries/results/intc
BAC,Financials,Feature PCA Proxy+OLS,0.733855967528958,0.5379409671419098,0.04755750664143946,8,25,2024-12-11,2025-01-27,80.0,0.45,0.733855967528958,,,,,,,0.29100506550446936,0.7940394621320533,-0.19574862188944475,-0.43017282046645045,/Users/yevgeniy/Development/Projects/FinancialEngineering/quant-finance/qf/timeseries/results/bac
CAG,Consumer Staples,ML Proxy+Opt (Best Sweep),0.7390121662412009,0.6257863338402707,-0.024737312526379146,8,25,2024-11-20,2025-01-03,60.0,0.35,0.7390121662412009,,,,,,,0.3975702145131035,1.1531043224050106,-0.07758394639146482,-0.13714429220502727,/Users/yevgeniy/Development/Projects/FinancialEngineering/quant-finance/qf/timeseries/results/cag
HAL,Energy,Dynamic Proxy+OLS,0.7416169374086305,0.6117851055794292,0.4015877342248604,8,21,2024-12-11,2025-01-27,120.0,0.25,0.826021694419548,,,,,,,-0.32789902250452563,-0.6886330921121862,-0.5098787560128852,-1.2276289449353437,/Users/yevgeniy/Development/Projects/FinancialEngineering/quant-finance/qf/timeseries/results/hal
BEN,Financials,Dynamic Proxy+OLS,0.7894472145806197,0.6416116297117355,0.18095358979926537,8,25,2024-12-11,2025-01-27,120.0,0.45,1.0113752076978733,,,,,,,0.08116792239723813,0.29080209526136425,-0.28003479369132345,-0.5934922331758603,/Users/yevgeniy/Development/Projects/FinancialEngineering/quant-finance/qf/timeseries/results/ben
KIM,Real Estate,Dynamic Proxy+OLS,0.7897537182326703,0.7084773232789259,-0.058146152190165494,8,25,2024-12-11,2025-01-27,40.0,0.25,1.3721592698499434,,,,,,,0.09610804580233756,0.3629409927405975,-0.25132542325680096,-0.6661484287614776,/Users/yevgeniy/Development/Projects/FinancialEngineering/quant-finance/qf/timeseries/results/kim
VTRS,Health Care,Dynamic Proxy+OLS,0.7950733906310002,0.641922064346801,-0.12659315244981803,8,25,2024-12-11,2025-01-27,80.0,0.25,0.9629767796566385,,,,,,,0.4774882924801278,0.9907599060339544,-0.006472516270811912,0.10503356460671147,/Users/yevgeniy/Development/Projects/FinancialEngineering/quant-finance/qf/timeseries/results/vtrs
MO,Consumer Staples,Static Proxy+OLS,0.8184940387627463,0.6525895495750985,-0.1776601294675245,8,25,2024-11-20,2025-01-03,60.0,0.35,1.8032756248447321,,,,,,,0.4346599262796256,1.4220233310252055,0.024750381333566107,0.1609261316247399,/Users/yevgeniy/Development/Projects/FinancialEngineering/quant-finance/qf/timeseries/results/mo
WRB,Financials,Static Proxy+OLS,0.825556400011982,0.6425201875213307,0.10333347033477167,8,25,2024-12-11,2025-01-27,80.0,0.25,1.070400344986946,,,,,,,0.8189222828670935,2.4945265053520504,0.14645868207989388,0.5264755809116238,/Users/yevgeniy/Development/Projects/FinancialEngineering/quant-finance/qf/timeseries/results/wrb
PFE,Health Care,ML Proxy+Opt (Best Sweep),0.8384233572638382,0.7598462750694954,-0.22325912743453827,8,25,2024-12-11,2025-01-27,120.0,0.45,0.8384233572638382,,,,,,,0.055824125406150005,0.2378955317589149,-0.3198422730139361,-0.8369423283086326,/Users/yevgeniy/Development/Projects/FinancialEngineering/quant-finance/qf/timeseries/results/pfe
WY,Real Estate,Elastic Net+CV,0.8402840473869312,0.6826329015917451,0.14984684671970108,8,25,2024-12-11,2025-01-27,40.0,0.55,0.8447225086039895,,,,,,,0.33178602226634446,0.8134397831610339,-0.11746157086111009,-0.17106918097543128,/Users/yevgeniy/Development/Projects/FinancialEngineering/quant-finance/qf/timeseries/results/wy
VTR,Real Estate,ML Proxy+Opt (Best Sweep),0.842737805620002,0.7352788847362227,-0.07460389180145331,8,25,2024-12-11,2025-01-27,40.0,0.25,0.842737805620002,,,,,,,0.5989438900903272,1.6762483790983502,0.003151869040317168,0.09710918476813257,/Users/yevgeniy/Development/Projects/FinancialEngineering/quant-finance/qf/timeseries/results/vtr
KO,Consumer Staples,ML Proxy+Opt (Best Sweep),0.8463365764002819,0.7650933490860349,-0.24720471263985716,8,25,2024-11-20,2025-01-03,120.0,0.35,0.8463365764002819,,,,,,,0.23253340779896603,1.2419964972277793,-0.1815491266980197,-0.7677114736289959,/Users/yevgeniy/Development/Projects/FinancialEngineering/quant-finance/qf/timeseries/results/ko
CFG,Financials,ML Proxy+Opt (Best Sweep),0.8505442896918968,0.6437018388003792,0.22246423846138985,8,25,2024-12-11,2025-01-27,60.0,0.55,0.8505442896918968,,,,,,,0.4696634229975931,1.0996434342411907,-0.07189307358296526,-0.06648303718924509,/Users/yevgeniy/Development/Projects/FinancialEngineering/quant-finance/qf/timeseries/results/cfg
MTCH,Communication Services,GP-RBF,0.8522838087840224,0.7021107345602292,0.1811214109237511,7,21,2024-12-11,2025-01-27,80.0,0.55,1.21075774625575,,,,,,,0.6126357593228771,1.0411956769675867,-0.02407414843399691,0.09549303560114554,/Users/yevgeniy/Development/Projects/FinancialEngineering/quant-finance/qf/timeseries/results/mtch
LUV,Industrials,ML Proxy+Opt (Best Sweep),0.8528619332070579,0.7142385290237646,0.14617244844199712,8,25,2024-12-11,2025-01-27,120.0,0.35,0.8528619332070579,,,,,,,0.001841883932108379,0.15172279782576917,-0.3096521508122033,-0.4612122803095112,/Users/yevgeniy/Development/Projects/FinancialEngineering/quant-finance/qf/timeseries/results/luv
NCLH,Consumer Discretionary,Elastic Net+CV,0.8535570407028524,0.7492365802067443,0.02703406271552297,8,25,2024-12-11,2025-01-27,120.0,0.25,1.232987503761307,,,,,,,0.06207214985595244,0.27281348647769466,-0.36486690471825023,-0.37179302405936515,/Users/yevgeniy/Development/Projects/FinancialEngineering/quant-finance/qf/timeseries/results/nclh
FTV,Industrials,ML Proxy+Opt (Best Sweep),0.8673741531859475,0.6833763992471752,0.07786264584623243,8,25,2024-12-11,2025-01-27,80.0,0.25,0.8673741531859475,,,,,,,-0.08867129562456999,-0.14949345874143252,-0.40131143635263955,-1.1358109656172137,/Users/yevgeniy/Development/Projects/FinancialEngineering/quant-finance/qf/timeseries/results/ftv
USB,Financials,ML Proxy+Opt (Best Sweep),0.8759648347308486,0.6449164062625011,0.186615333725036,8,25,2024-12-11,2025-01-27,120.0,0.55,0.8759648347308486,,,,,,,0.4144533366737153,1.067753135579808,-0.12795820424034465,-0.2403271914507279,/Users/yevgeniy/Development/Projects/FinancialEngineering/quant-finance/qf/timeseries/results/usb
CMS,Utilities,ML Proxy+Opt (Best Sweep),0.8835857950013938,0.7596948880310727,-0.05399423330949116,8,25,2024-12-11,2025-01-27,60.0,0.35,0.8835857950013938,,,,,,,0.3362332911896815,1.3673575056850182,-0.109382760469388,-0.3525844729336476,/Users/yevgeniy/Development/Projects/FinancialEngineering/quant-finance/qf/timeseries/results/cms
IPG,Communication Services,GP-RBF,0.884942339106621,0.7693170798902806,-0.07392674766049873,7,21,2024-12-11,2025-01-27,40.0,0.25,0.9538576340676649,,,,,,,0.17147087793102989,0.512655814718772,-0.20240369393787316,-0.43534348269999434,/Users/yevgeniy/Development/Projects/FinancialEngineering/quant-finance/qf/timeseries/results/ipg
FITB,Financials,ML Proxy+Opt (Best Sweep),0.8943999357886095,0.6646479909704986,0.10525773610759863,8,25,2024-12-11,2025-01-27,40.0,0.55,0.8943999357886095,,,,,,,0.6222151362150816,1.4522884457857,0.01809582527135767,0.14621528677977663,/Users/yevgeniy/Development/Projects/FinancialEngineering/quant-finance/qf/timeseries/results/fitb
TFC,Financials,ML Proxy+Opt (Best Sweep),0.9015859729695842,0.7577508023893453,0.1508872349397584,8,25,2024-12-11,2025-01-27,40.0,0.55,0.9015859729695842,,,,,,,0.6573063632005285,1.3994644062598434,0.025064196672023087,0.16528220140113864,/Users/yevgeniy/Development/Projects/FinancialEngineering/quant-finance/qf/timeseries/results/tfc
VLTO,Industrials,Feature Raw Proxy+OLS,0.9016944802378979,0.7214610857036993,0.05896285178652091,8,25,2024-12-11,2025-01-27,80.0,0.35,0.9016944802378979,,,,,,,0.2982627109355387,0.9446036686166216,-0.17747487627204894,-0.46859250097230404,/Users/yevgeniy/Development/Projects/FinancialEngineering/quant-finance/qf/timeseries/results/vlto
ADM,Consumer Staples,GP-RBF,0.9363899826128825,0.7514821102437016,-0.22877350743298847,8,25,2024-11-20,2025-01-03,80.0,0.25,0.9653300086102587,,,,,,,-0.16497246233505192,-0.24114834979794686,-0.418245165523922,-0.9394759265244779,/Users/yevgeniy/Development/Projects/FinancialEngineering/quant-finance/qf/timeseries/results/adm
MOS,Materials,ML Proxy+Opt (Best Sweep),0.9374159488397512,0.7508852022749867,0.08095875950123547,8,25,2024-12-11,2025-01-27,40.0,0.45,0.9374159488397512,,,,,,,-0.07220355901921338,-0.008798902109619866,-0.4275504550349388,-0.8665584277618912,/Users/yevgeniy/Development/Projects/FinancialEngineering/quant-finance/qf/timeseries/results/mos
D,Utilities,Elastic Net+CV,0.9446431730392392,0.7547294672888039,-0.17958211643947286,8,25,2024-12-11,2025-01-27,120.0,0.55,0.9878506225046667,,,,,,,0.6231032117573769,1.7060781822912172,-0.021981854765928732,0.020049994110230597,/Users/yevgeniy/Development/Projects/FinancialEngineering/quant-finance/qf/timeseries/results/d
TAP,Consumer Staples,ML Proxy+Opt (Best Sweep),0.9730873215233247,0.726101712210221,0.3668169864658606,8,25,2024-11-20,2025-01-03,120.0,0.45,0.9730873215233247,,,,,,,-0.09305016921808229,-0.20262492032674326,-0.31891290915301973,-0.9866851673049484,/Users/yevgeniy/Development/Projects/FinancialEngineering/quant-finance/qf/timeseries/results/tap
O,Real Estate,ML Proxy+Opt (Best Sweep),0.9859140572786024,0.7628348427045756,-0.1373630646410252,8,25,2024-12-11,2025-01-27,120.0,0.35,0.9859140572786024,,,,,,,0.1766895656486862,0.668551311223303,-0.23148004043221737,-0.724339825173626,/Users/yevgeniy/Development/Projects/FinancialEngineering/quant-finance/qf/timeseries/results/o
GEN,Information Technology,ML Proxy+Opt (Best Sweep),0.9981242381795338,0.9185254351757431,0.027438250153980916,8,25,2024-12-11,2025-01-27,60.0,0.55,0.9981242381795338,,,,,,,0.09285143828433884,0.32501353841636377,-0.274785656588184,-0.613285268193745,/Users/yevgeniy/Development/Projects/FinancialEngineering/quant-finance/qf/timeseries/results/gen
SO,Utilities,GP-RBF,1.0158391023897848,0.7773693696970374,-0.253399531663072,8,25,2024-12-11,2025-01-27,120.0,0.25,1.0825924507183076,,,,,,,0.26958297949079735,1.1922975877974498,-0.20825103514434617,-0.8110136658449867,/Users/yevgeniy/Development/Projects/FinancialEngineering/quant-finance/qf/timeseries/results/so
LNT,Utilities,ML Proxy+Opt (Best Sweep),1.0254211191235145,0.7937439405339769,-0.08651939319720423,8,25,2024-12-11,2025-01-27,40.0,0.25,1.0254211191235145,,,,,,,0.36455148234753665,1.4015029540606136,-0.13077876238969932,-0.4139329191868317,/Users/yevgeniy/Development/Projects/FinancialEngineering/quant-finance/qf/timeseries/results/lnt
EQR,Real Estate,ML Proxy+Opt (Best Sweep),1.0303415851621627,0.7758077507145131,-0.0460865137043043,8,25,2024-12-11,2025-01-27,120.0,0.35,1.0303415851621627,,,,,,,0.2499260966086425,0.7952768275264879,-0.20212099268932493,-0.5490709039074372,/Users/yevgeniy/Development/Projects/FinancialEngineering/quant-finance/qf/timeseries/results/eqr
KR,Consumer Staples,ML Proxy+Opt (Best Sweep),1.035575819807277,0.7952588182080492,0.06221939737309346,8,25,2024-11-20,2025-01-03,40.0,0.25,1.035575819807277,,,,,,,0.5730915497622739,1.691185134563907,0.07949504941903851,0.32393886701244473,/Users/yevgeniy/Development/Projects/FinancialEngineering/quant-finance/qf/timeseries/results/kr
LYB,Materials,ML Proxy+Opt (Best Sweep),1.0586448429099637,0.844270989016015,-0.17939176519013592,8,25,2024-12-11,2025-01-27,120.0,0.45,1.0586448429099637,,,,,,,-0.22392609417472165,-0.42660607925552924,-0.49420661194784643,-1.2454329973889178,/Users/yevgeniy/Development/Projects/FinancialEngineering/quant-finance/qf/timeseries/results/lyb
ORLY,Consumer Discretionary,ML Proxy+Opt (Best Sweep),1.0990678943532166,0.8898479934042939,0.09761747551342946,8,25,2024-12-11,2025-01-27,60.0,0.25,1.0990678943532166,,,,,,,0.2753193991109333,0.9739843410471626,-0.14406329219348035,-0.39188798890819887,/Users/yevgeniy/Development/Projects/FinancialEngineering/quant-finance/qf/timeseries/results/orly
BG,Consumer Staples,Dynamic Proxy+OLS,1.109440879027859,0.9552662459726586,0.1531344815307715,8,25,2024-11-20,2025-01-03,80.0,0.25,1.537061613169958,,,,,,,-0.10652722625361788,-0.2201143613112986,-0.4121954058021906,-1.26200617434283,/Users/yevgeniy/Development/Projects/FinancialEngineering/quant-finance/qf/timeseries/results/bg
ARE,Real Estate,ML Proxy+Opt (Best Sweep),1.1202353760891144,0.8977796076100186,0.1880622242060476,8,25,2024-12-11,2025-01-27,60.0,0.25,1.1202353760891144,,,,,,,0.12434640711719624,0.3684348546423314,-0.26985306767500294,-0.50168237679269,/Users/yevgeniy/Development/Projects/FinancialEngineering/quant-finance/qf/timeseries/results/are
WMB,Energy,ML Proxy+Opt (Best Sweep),1.1383650039597566,0.9115436306512279,0.0023622090930848377,8,21,2024-12-11,2025-01-27,60.0,0.25,1.1383650039597566,,,,,,,0.532446594160785,1.5572990083543914,0.0016743909961931536,0.09058532674909092,/Users/yevgeniy/Development/Projects/FinancialEngineering/quant-finance/qf/timeseries/results/wmb
AEE,Utilities,Feature PCA Proxy+OLS,1.1389980231932015,0.8747012140506613,0.1175212944102343,8,25,2024-12-11,2025-01-27,80.0,0.35,1.1389980231932015,,,,,,,0.34931516241290694,1.414793377174383,-0.11366005258818812,-0.3575911598764636,/Users/yevgeniy/Development/Projects/FinancialEngineering/quant-finance/qf/timeseries/results/aee
HRL,Consumer Staples,ML Proxy+Opt (Best Sweep),1.14703507667966,1.031456987183973,0.09296221199797187,8,25,2024-11-20,2025-01-03,60.0,0.35,1.14703507667966,,,,,,,0.03140310660046364,0.18247023282503258,-0.13760623942145989,-0.3240908808689499,/Users/yevgeniy/Development/Projects/FinancialEngineering/quant-finance/qf/timeseries/results/hrl
COP,Energy,ML Proxy+Opt (Best Sweep),1.1489715563385654,0.9043610733743265,0.252173258005286,8,21,2024-12-11,2025-01-27,60.0,0.25,1.1489715563385654,,,,,,,-0.15179166043933412,-0.3188953059269781,-0.4010310942744314,-1.072171117351021,/Users/yevgeniy/Development/Projects/FinancialEngineering/quant-finance/qf/timeseries/results/cop
GLW,Information Technology,Feature Raw Proxy+OLS,1.1620404377179872,0.706596388672917,0.17046543448337828,8,25,2024-12-11,2025-01-27,80.0,0.25,1.1620404377179872,,,,,,,0.5311473014034194,1.1913110904825595,-0.06155275438559926,-0.04670143193743034,/Users/yevgeniy/Development/Projects/FinancialEngineering/quant-finance/qf/timeseries/results/glw
BRO,Financials,ML Proxy+Opt (Best Sweep),1.164554588695327,0.9343594129964595,-0.021534643066659885,8,25,2024-12-11,2025-01-27,120.0,0.55,1.164554588695327,,,,,,,-0.04862200931580585,-0.08687612518211413,-0.41110551413121943,-1.43694434948628,/Users/yevgeniy/Development/Projects/FinancialEngineering/quant-finance/qf/timeseries/results/bro
FIS,Financials,ML Proxy+Opt (Best Sweep),1.1734291165711361,0.9574389572474193,0.17588584231454896,8,25,2024-12-11,2025-01-27,40.0,0.45,1.1734291165711361,,,,,,,0.3337701110772284,0.9001892147027075,-0.1381408743150997,-0.27080837450618245,/Users/yevgeniy/Development/Projects/FinancialEngineering/quant-finance/qf/timeseries/results/fis
EXC,Utilities,ML Proxy+Opt (Best Sweep),1.1798568433393322,0.8371109155035124,-0.28868702183909045,8,25,2024-12-11,2025-01-27,80.0,0.25,1.1798568433393322,,,,,,,0.0673369146234768,0.31099212629251693,-0.2986868804342493,-1.0574081602890342,/Users/yevgeniy/Development/Projects/FinancialEngineering/quant-finance/qf/timeseries/results/exc
CZR,Consumer Discretionary,GP-RBF,1.1822038591232336,0.9986700405486447,-0.0033870296917399125,8,25,2024-12-11,2025-01-27,40.0,0.25,1.510704044421436,,,,,,,0.34345742253499,0.5936876509024748,-0.18153084294230748,-0.08991432109195957,/Users/yevgeniy/Development/Projects/FinancialEngineering/quant-finance/qf/timeseries/results/czr
BALL,Materials,ML Proxy+Opt (Best Sweep),1.1853896685203025,0.9440192804004035,-0.07901336827542267,8,25,2024-12-11,2025-01-27,80.0,0.45,1.1853896685203025,,,,,,,0.003767138112077184,0.10787464891930441,-0.3340597803026458,-0.8484971044949625,/Users/yevgeniy/Development/Projects/FinancialEngineering/quant-finance/qf/timeseries/results/ball
TXT,Industrials,ML Proxy+Opt (Best Sweep),1.1904334843904179,0.9569115587508998,0.16417514272349779,8,25,2024-12-11,2025-01-27,120.0,0.55,1.1904334843904179,,,,,,,0.044601810006067444,0.2147951297521349,-0.27642636982942437,-0.7288954596876066,/Users/yevgeniy/Development/Projects/FinancialEngineering/quant-finance/qf/timeseries/results/txt
KMB,Consumer Staples,ML Proxy+Opt (Best Sweep),1.1924995358917492,0.8984508755570995,0.1661143386397126,8,25,2024-11-20,2025-01-03,120.0,0.55,1.1924995358917492,,,,,,,0.07507309616608127,0.37927314763497844,-0.21966397815860994,-0.8299564413744133,/Users/yevgeniy/Development/Projects/FinancialEngineering/quant-finance/qf/timeseries/results/kmb
L,Financials,ML Proxy+Opt (Best Sweep),1.210383172843798,1.0447477014292967,0.1329654533852116,8,25,2024-12-11,2025-01-27,40.0,0.45,1.210383172843798,,,,,,,0.5291588618263703,1.9139994836078889,-0.034448646703123864,-0.051118911046102944,/Users/yevgeniy/Development/Projects/FinancialEngineering/quant-finance/qf/timeseries/results/l
OMC,Communication Services,ML Proxy+Opt (Best Sweep),1.220889098749408,0.9988203542500841,0.03500506442401119,8,21,2024-12-11,2025-01-27,80.0,0.45,1.220889098749408,,,,,,,0.46908673422073544,1.205465474448874,-0.015826929518624078,0.05755631052212402,/Users/yevgeniy/Development/Projects/FinancialEngineering/quant-finance/qf/timeseries/results/omc
ES,Utilities,Static Proxy+OLS,1.2225011119038447,1.0077848488832553,-0.1728196348678537,8,25,2024-12-11,2025-01-27,80.0,0.25,1.3383846524299845,,,,,,,0.46847317772050623,1.2077494556690778,-0.09037219115737116,-0.14772113938996265,/Users/yevgeniy/Development/Projects/FinancialEngineering/quant-finance/qf/timeseries/results/es
TPR,Consumer Discretionary,ML Proxy+Opt (Best Sweep),1.223033395301586,1.0057097588461599,-0.051400867309725824,8,25,2024-12-11,2025-01-27,60.0,0.25,1.223033395301586,,,,,,,1.2786733092469453,1.8154428354468244,0.41510547218271765,0.806581329769588,/Users/yevgeniy/Development/Projects/FinancialEngineering/quant-finance/qf/timeseries/results/tpr
IP,Materials,ML Proxy+Opt (Best Sweep),1.223080790303177,0.9395449453577027,0.15401465243916634,8,25,2024-12-11,2025-01-27,120.0,0.25,1.223080790303177,,,,,,,0.4648738738359901,0.9424892574059412,-0.09454575972533508,-0.07511658326950305,/Users/yevgeniy/Development/Projects/FinancialEngineering/quant-finance/qf/timeseries/results/ip
REG,Real Estate,Static Proxy+OLS,1.2361745611876582,0.9623251637712745,-0.10772149479218217,8,25,2024-12-11,2025-01-27,120.0,0.35,1.2715042885614551,,,,,,,0.4911578255020872,1.5552737744322582,0.041011467100100285,0.20533087566476263,/Users/yevgeniy/Development/Projects/FinancialEngineering/quant-finance/qf/timeseries/results/reg
CPB,Consumer Staples,Elastic Net+CV,1.270865450337001,1.1588100963022228,-0.034989800923100646,8,25,2024-11-20,2025-01-03,40.0,0.25,1.3560976514363792,,,,,,,0.22648005902102786,0.7183922604741451,-0.13203614593610447,-0.29411991803635673,/Users/yevgeniy/Development/Projects/FinancialEngineering/quant-finance/qf/timeseries/results/cpb
PM,Consumer Staples,Static Proxy+OLS,1.274546869997222,1.081291034185448,-0.029309446570313882,8,25,2024-11-20,2025-01-03,80.0,0.25,1.4831725755341847,,,,,,,0.1435693192772738,0.5537188333664018,-0.15639815894185072,-0.45198546923114424,/Users/yevgeniy/Development/Projects/FinancialEngineering/quant-finance/qf/timeseries/results/pm
TRMB,Information Technology,Static Proxy+OLS,1.2858040560584707,1.0203767828803236,0.05086964373225507,8,25,2024-12-11,2025-01-27,120.0,0.25,1.7661143134155264,,,,,,,0.21590752013853476,0.5132641021837243,-0.2138481243423842,-0.3129876479373024,/Users/yevgeniy/Development/Projects/FinancialEngineering/quant-finance/qf/timeseries/results/trmb
GM,Consumer Discretionary,Feature PCA Proxy+OLS,1.305053321240621,1.0563590031116104,-0.2556348404393125,8,25,2024-12-11,2025-01-27,80.0,0.25,1.305053321240621,,,,,,,0.4693831845557468,0.9948022437354268,-0.05920766439920078,-0.013586171066980188,/Users/yevgeniy/Development/Projects/FinancialEngineering/quant-finance/qf/timeseries/results/gm
CSGP,Real Estate,GP-RBF,1.3071220313863767,1.007187489543631,0.1746154813479669,8,25,2024-12-11,2025-01-27,60.0,0.45,1.3177965219079688,,,,,,,0.1312678921980266,0.3867128193071001,-0.2655649027203161,-0.5113797775444943,/Users/yevgeniy/Development/Projects/FinancialEngineering/quant-finance/qf/timeseries/results/csgp
AOS,Industrials,ML Proxy+Opt (Best Sweep),1.3075627119737803,1.1172973117981992,-0.24674914413338647,8,25,2024-12-11,2025-01-27,120.0,0.35,1.3075627119737803,,,,,,,-0.054727432751128235,-0.06580341080486186,-0.3846614335779768,-1.1136937643791966,/Users/yevgeniy/Development/Projects/FinancialEngineering/quant-finance/qf/timeseries/results/aos
TSCO,Consumer Discretionary,ML Proxy+Opt (Best Sweep),1.3186438710558477,1.1472143643408552,-0.13894826368275465,8,25,2024-12-11,2025-01-27,120.0,0.55,1.3186438710558477,,,,,,,0.2924599481440342,0.7941443047293809,-0.23655941188663154,-0.5533211855414243,/Users/yevgeniy/Development/Projects/FinancialEngineering/quant-finance/qf/timeseries/results/tsco
CTVA,Materials,GP-RBF,1.3186439411113993,1.1077581376459475,0.2500654862953296,8,25,2024-12-11,2025-01-27,120.0,0.25,2.1639696583037358,,,,,,,0.010819397341790049,0.1207081237216994,-0.37956971936061346,-1.1026327475069633,/Users/yevgeniy/Development/Projects/FinancialEngineering/quant-finance/qf/timeseries/results/ctva
NEE,Utilities,ML Proxy+Opt (Best Sweep),1.3210705078492215,1.1146936877761366,0.37912379526801426,8,25,2024-12-11,2025-01-27,60.0,0.45,1.3210705078492215,,,,,,,0.19385214594615663,0.5722026953756622,-0.24930666882795005,-0.6171828554101104,/Users/yevgeniy/Development/Projects/FinancialEngineering/quant-finance/qf/timeseries/results/nee
KDP,Consumer Staples,Feature PCA Proxy+OLS,1.3217280711369082,1.2102409567535055,-0.03171020001672428,8,25,2024-11-20,2025-01-03,80.0,0.25,1.3217280711369082,,,,,,,0.06645788384899398,0.3256966950866266,-0.2159550494142949,-0.7591418585661995,/Users/yevgeniy/Development/Projects/FinancialEngineering/quant-finance/qf/timeseries/results/kdp
CARR,Industrials,GP-RBF,1.3304595756337643,1.1469215157049655,0.26028657172073855,8,25,2024-12-11,2025-01-27,120.0,0.25,1.3649832698706394,,,,,,,0.1224770315710535,0.3842912513437571,-0.22952915876560676,-0.462125287966224,/Users/yevgeniy/Development/Projects/FinancialEngineering/quant-finance/qf/timeseries/results/carr
CMG,Consumer Discretionary,Dynamic Proxy+OLS,1.3320681785270945,1.0338958395305897,0.060804490244441456,7,25,2024-12-11,2025-01-27,120.0,0.35,4.75305049101759,,,,,,,0.04002528975635555,0.2015660070046568,-0.3066625056258774,-0.6272403980425512,/Users/yevgeniy/Development/Projects/FinancialEngineering/quant-finance/qf/timeseries/results/cmg
MRK,Health Care,ML Proxy+Opt (Best Sweep),1.341794947592585,1.026256239997341,-0.19618520173321904,8,25,2024-12-11,2025-01-27,60.0,0.55,1.341794947592585,,,,,,,0.0027207153902948367,0.0936569147893286,-0.33557508095766386,-0.9919238818019738,/Users/yevgeniy/Development/Projects/FinancialEngineering/quant-finance/qf/timeseries/results/mrk
EMN,Materials,ML Proxy+Opt (Best Sweep),1.3534384499722067,0.9968614285029251,0.19501894040955914,8,25,2024-12-11,2025-01-27,60.0,0.35,1.3534384499722067,,,,,,,-0.22644662354927825,-0.39585595811609003,-0.49947397299080376,-1.179233396257281,/Users/yevgeniy/Development/Projects/FinancialEngineering/quant-finance/qf/timeseries/results/emn
SLB,Energy,ML Proxy+Opt (Best Sweep),1.3546496033650826,1.0670461577911687,0.22993293794510425,8,21,2024-12-11,2025-01-27,60.0,0.25,1.3546496033650826,,,,,,,-0.2722402423554099,-0.5749386723965731,-0.4798383780546588,-1.1746655838475306,/Users/yevgeniy/Development/Projects/FinancialEngineering/quant-finance/qf/timeseries/results/slb
IFF,Materials,ML Proxy+Opt (Best Sweep),1.3578369355829707,1.059225055857514,0.09599091269232182,8,25,2024-12-11,2025-01-27,120.0,0.25,1.3578369355829707,,,,,,,0.13721123879606778,0.42089652302820285,-0.24387598881601524,-0.5172733254081653,/Users/yevgeniy/Development/Projects/FinancialEngineering/quant-finance/qf/timeseries/results/iff
INCY,Health Care,ML Proxy+Opt (Best Sweep),1.3783403172362245,1.0710305547900607,0.2443551285596667,8,25,2024-12-11,2025-01-27,60.0,0.25,1.3783403172362245,,,,,,,0.34137043068184125,0.7711292768793115,-0.1740835733773204,-0.27534049187553467,/Users/yevgeniy/Development/Projects/FinancialEngineering/quant-finance/qf/timeseries/results/incy
ETR,Utilities,ML Proxy+Opt (Best Sweep),1.3833671678214998,0.92532780706739,0.21037839762239302,8,25,2024-12-11,2025-01-27,80.0,0.25,1.3833671678214998,,,,,,,0.7369385710121703,1.8618726953679339,0.1251280788118101,0.42359687615328645,/Users/yevgeniy/Development/Projects/FinancialEngineering/quant-finance/qf/timeseries/results/etr
BKR,Energy,ML Proxy+Opt (Best Sweep),1.39096620236664,1.164214130864938,0.1708887008625166,8,21,2024-12-11,2025-01-27,60.0,0.35,1.39096620236664,,,,,,,0.10070959539438396,0.3409858801778625,-0.21795466347854364,-0.4550509209445951,/Users/yevgeniy/Development/Projects/FinancialEngineering/quant-finance/qf/timeseries/results/bkr
TSN,Consumer Staples,ML Proxy+Opt (Best Sweep),1.395330364870169,1.1612180585545067,-0.09998461218218635,8,25,2024-11-20,2025-01-03,60.0,0.45,1.395330364870169,,,,,,,0.10134724367764081,0.41152450574861255,-0.2145330628015909,-0.6504938049353983,/Users/yevgeniy/Development/Projects/FinancialEngineering/quant-finance/qf/timeseries/results/tsn
FCX,Materials,ML Proxy+Opt (Best Sweep),1.404141842804965,1.204280663952365,0.0191559365738689,8,25,2024-12-11,2025-01-27,120.0,0.25,1.404141842804965,,,,,,,-0.0027052807451233285,0.1481395209857334,-0.2601619929019905,-0.3186637039716644,/Users/yevgeniy/Development/Projects/FinancialEngineering/quant-finance/qf/timeseries/results/fcx
NEM,Materials,ML Proxy+Opt (Best Sweep),1.4090395079314213,1.2484905114108173,0.030755316329966226,8,25,2024-12-11,2025-01-27,120.0,0.25,1.4090395079314213,,,,,,,0.9436112343202709,1.5213239918906654,0.2444863010757563,0.5519038952802342,/Users/yevgeniy/Development/Projects/FinancialEngineering/quant-finance/qf/timeseries/results/nem
CTSH,Information Technology,ML Proxy+Opt (Best Sweep),1.4192330635989572,1.1348833652668626,0.07862318488553474,8,25,2024-12-11,2025-01-27,60.0,0.25,1.4192330635989572,,,,,,,0.06383679323726765,0.26772973872023315,-0.2796682050418632,-0.7605033053232829,/Users/yevgeniy/Development/Projects/FinancialEngineering/quant-finance/qf/timeseries/results/ctsh
GILD,Health Care,Dynamic Proxy+OLS,1.4297024149216588,1.1423114802660856,0.21378931363139622,8,25,2024-12-11,2025-01-27,40.0,0.55,2.1469468060457326,,,,,,,0.0929500174154747,0.34130521569128264,-0.27638502907365037,-0.7369502435959867,/Users/yevgeniy/Development/Projects/FinancialEngineering/quant-finance/qf/timeseries/results/gild
NDAQ,Financials,ML Proxy+Opt (Best Sweep),1.4301448703753907,1.2553080585438436,-0.06046343662285344,8,25,2024-12-11,2025-01-27,60.0,0.45,1.4301448703753907,,,,,,,0.37147367976673484,1.1030249142916044,-0.09656036465425188,-0.1901645051310591,/Users/yevgeniy/Development/Projects/FinancialEngineering/quant-finance/qf/timeseries/results/ndaq
XOM,Energy,ML Proxy+Opt (Best Sweep),1.4552078452995854,1.072122684150322,0.11442047006438899,8,21,2024-12-11,2025-01-27,40.0,0.35,1.4552078452995854,,,,,,,0.0265909219487932,0.16319442224090241,-0.30587008375134783,-0.9211250351776092,/Users/yevgeniy/Development/Projects/FinancialEngineering/quant-finance/qf/timeseries/results/xom
CTRA,Energy,ML Proxy+Opt (Best Sweep),1.5092688260682185,1.171181060268097,0.16734049247957455,8,21,2024-12-11,2025-01-27,40.0,0.45,1.5092688260682185,,,,,,,0.017629540773699492,0.14245308006883414,-0.32036930403358976,-0.8080651720719195,/Users/yevgeniy/Development/Projects/FinancialEngineering/quant-finance/qf/timeseries/results/ctra
EBAY,Consumer Discretionary,ML Proxy+Opt (Best Sweep),1.529045497433728,1.1708967227403095,-0.07309989009918261,8,25,2024-12-11,2025-01-27,120.0,0.25,1.529045497433728,,,,,,,0.8741163880576941,1.6521676871920254,0.1656023774182065,0.4566358203456591,/Users/yevgeniy/Development/Projects/FinancialEngineering/quant-finance/qf/timeseries/results/ebay
DTE,Utilities,GP-RBF,1.5308705612380842,1.110864809945213,-0.12028395552592988,8,25,2024-12-11,2025-01-27,60.0,0.25,1.644341030469042,,,,,,,0.4258680769275647,1.5366971953712736,-0.07204540195113585,-0.18548257014964137,/Users/yevgeniy/Development/Projects/FinancialEngineering/quant-finance/qf/timeseries/results/dte
CPRT,Industrials,Dynamic Proxy+OLS,1.5412648864577088,1.3557084243776376,0.09314361379582667,8,25,2024-12-11,2025-01-27,80.0,0.55,3.4171571669627387,,,,,,,-0.21378001681367187,-0.589502390568675,-0.462206702759543,-1.4467323886890742,/Users/yevgeniy/Development/Projects/FinancialEngineering/quant-finance/qf/timeseries/results/cprt
DVN,Energy,ML Proxy+Opt (Best Sweep),1.5525366927321576,1.321346678458372,0.3866849072666956,8,21,2024-12-11,2025-01-27,120.0,0.25,1.5525366927321576,,,,,,,-0.22330947153625536,-0.41148743219886835,-0.41815637523198956,-0.9192108414240786,/Users/yevgeniy/Development/Projects/FinancialEngineering/quant-finance/qf/timeseries/results/dvn
SRE,Utilities,Feature PCA Proxy+OLS,1.5555805522940631,1.158635335983053,0.4069033680987216,8,25,2024-12-11,2025-01-27,80.0,0.35,1.5555805522940631,,,,,,,0.5424957788834761,1.536316200137707,0.023779686226136132,0.15437132334363482,/Users/yevgeniy/Development/Projects/FinancialEngineering/quant-finance/qf/timeseries/results/sre
HIG,Financials,Elastic Net+CV,1.5584611298771671,1.2762766245624315,0.11619347881052075,8,25,2024-12-11,2025-01-27,80.0,0.45,2.083128658220792,,,,,,,0.611475403171009,1.935987049420784,0.014263528350533683,0.12439924788847853,/Users/yevgeniy/Development/Projects/FinancialEngineering/quant-finance/qf/timeseries/results/hig
WEC,Utilities,ML Proxy+Opt (Best Sweep),1.5612550142045925,1.2556606908379753,-0.09522843501697333,8,25,2024-12-11,2025-01-27,40.0,0.25,1.5612550142045925,,,,,,,0.4443105400789331,1.673786073764423,-0.059788694426301414,-0.1404144053155413,/Users/yevgeniy/Development/Projects/FinancialEngineering/quant-finance/qf/timeseries/results/wec
CAH,Health Care,Static Proxy+OLS,1.574437482340959,1.2371560970647475,-0.03206622859848407,8,25,2024-12-11,2025-01-27,40.0,0.55,1.9668060057248364,,,,,,,0.5189762040859776,1.4796811214573504,0.04325054279353702,0.21070150338132157,/Users/yevgeniy/Development/Projects/FinancialEngineering/quant-finance/qf/timeseries/results/cah
PAYX,Industrials,ML Proxy+Opt (Best Sweep),1.5905838118279712,1.3425765915134102,0.1132798121471005,8,25,2024-12-11,2025-01-27,40.0,0.45,1.5905838118279712,,,,,,,0.3015920949470081,0.9335205429124521,-0.16095719751127557,-0.40286176133460844,/Users/yevgeniy/Development/Projects/FinancialEngineering/quant-finance/qf/timeseries/results/payx
MET,Financials,GP-RBF,1.6019002626498926,1.2495242787535905,0.12996757725696392,8,25,2024-12-11,2025-01-27,120.0,0.25,2.0415280397846356,,,,,,,0.2763070984165381,0.7993878379693421,-0.20304718564263569,-0.5059988413447948,/Users/yevgeniy/Development/Projects/FinancialEngineering/quant-finance/qf/timeseries/results/met
MDLZ,Consumer Staples,ML Proxy+Opt (Best Sweep),1.6304869936905408,1.3597247387023639,-0.05240973466402595,8,25,2024-11-20,2025-01-03,40.0,0.25,1.6304869936905408,,,,,,,0.10935205856036312,0.47267218503053343,-0.21095831548287225,-0.7074224511115527,/Users/yevgeniy/Development/Projects/FinancialEngineering/quant-finance/qf/timeseries/results/mdlz
MAS,Industrials,GP-RBF,1.639895052551263,1.31502047458673,0.1904280780092921,8,25,2024-12-11,2025-01-27,40.0,0.35,3.171003493625987,,,,,,,0.043766723741103464,0.20815283396598494,-0.3059472824617545,-0.7543276312350438,/Users/yevgeniy/Development/Projects/FinancialEngineering/quant-finance/qf/timeseries/results/mas
JKHY,Financials,Elastic Net+CV,1.6471911422958492,1.3371951463390663,0.006126831533955754,8,25,2024-12-11,2025-01-27,40.0,0.25,2.002724897514548,,,,,,,0.21286213961286315,0.7901514030787642,-0.16520099747596673,-0.48471923356941227,/Users/yevgeniy/Development/Projects/FinancialEngineering/quant-finance/qf/timeseries/results/jkhy
CLX,Consumer Staples,ML Proxy+Opt (Best Sweep),1.6600738547814662,1.3715901622452928,-0.0784435830961342,8,25,2024-11-20,2025-01-03,60.0,0.25,1.6600738547814662,,,,,,,0.0880333355214935,0.35958855035868453,-0.2455153962990162,-0.7461976681291449,/Users/yevgeniy/Development/Projects/FinancialEngineering/quant-finance/qf/timeseries/results/clx
STT,Financials,ML Proxy+Opt (Best Sweep),1.6683402747283196,1.2807590240955036,0.09543655527433377,8,25,2024-12-11,2025-01-27,120.0,0.35,1.6683402747283196,,,,,,,0.534617091153589,1.3808526145392568,-0.050777902574190015,-0.04815282389419071,/Users/yevgeniy/Development/Projects/FinancialEngineering/quant-finance/qf/timeseries/results/stt
ZBH,Health Care,GP-RBF,1.679303464167437,1.2659194232274587,0.17543842677474633,7,25,2024-12-11,2025-01-27,80.0,0.25,2.503353917985734,,,,,,,0.2501043424611331,0.7681454768376944,-0.13646444272140745,-0.3000802762250198,/Users/yevgeniy/Development/Projects/FinancialEngineering/quant-finance/qf/timeseries/results/zbh
ALLE,Industrials,ML Proxy+Opt (Best Sweep),1.6798534931274876,1.3470784677706709,-0.17467351268447748,8,25,2024-12-11,2025-01-27,40.0,0.45,1.6798534931274876,,,,,,,0.5648326568844995,1.497042197197524,0.09157520759971693,0.3329461742697456,/Users/yevgeniy/Development/Projects/FinancialEngineering/quant-finance/qf/timeseries/results/alle
XEL,Utilities,Dynamic Proxy+OLS,1.6813717776266572,1.1655994985466203,-0.17547145652931187,8,25,2024-12-11,2025-01-27,120.0,0.35,1.8024214014949527,,,,,,,0.2886129142182894,0.9143457135114575,-0.16940074295366936,-0.4527614095625269,/Users/yevgeniy/Development/Projects/FinancialEngineering/quant-finance/qf/timeseries/results/xel
WMT,Consumer Staples,ML Proxy+Opt (Best Sweep),1.6830219222623466,1.3423519410087228,0.01957410750287064,8,25,2024-11-20,2025-01-03,60.0,0.25,1.6830219222623466,,,,,,,0.4082548581112324,1.4991458103209303,0.05238001838899131,0.2596869902596393,/Users/yevgeniy/Development/Projects/FinancialEngineering/quant-finance/qf/timeseries/results/wmt
PFG,Financials,GP-RBF,1.6845990933186064,1.4540409052929348,0.0730901427661939,8,25,2024-12-11,2025-01-27,80.0,0.25,2.0118055646513224,,,,,,,0.0675440433659733,0.27891344865571477,-0.30694632517804854,-0.8676440190546961,/Users/yevgeniy/Development/Projects/FinancialEngineering/quant-finance/qf/timeseries/results/pfg
FRT,Real Estate,ML Proxy+Opt (Best Sweep),1.7109827558171855,1.3262083880712765,-0.11973128157773578,8,25,2024-12-11,2025-01-27,60.0,0.35,1.7109827558171855,,,,,,,0.3458761811871931,1.0494913282884837,-0.08611215990031063,-0.165672726256499,/Users/yevgeniy/Development/Projects/FinancialEngineering/quant-finance/qf/timeseries/results/frt
EQT,Energy,ML Proxy+Opt (Best Sweep),1.7137673642256817,1.4149686463243654,0.15680086508724242,8,21,2024-12-11,2025-01-27,80.0,0.25,1.7137673642256817,,,,,,,0.358897320073605,0.7971902643640822,-0.061291546999313606,-0.009012779537513201,/Users/yevgeniy/Development/Projects/FinancialEngineering/quant-finance/qf/timeseries/results/eqt
ACGL,Financials,Static Proxy+OLS,1.7151734663594767,1.30457605322601,0.02722399654238693,8,25,2024-12-11,2025-01-27,120.0,0.35,6.439132415033244,,,,,,,0.5275443088753435,1.3449436423911105,-0.056719176907773394,-0.05821388625484774,/Users/yevgeniy/Development/Projects/FinancialEngineering/quant-finance/qf/timeseries/results/acgl
SYF,Financials,ML Proxy+Opt (Best Sweep),1.7377493575993557,1.4435512217732065,0.2807536779252437,8,25,2024-12-11,2025-01-27,40.0,0.25,1.7377493575993557,,,,,,,0.659124405352048,1.2228018075036573,0.06507673399859959,0.2511600179666735,/Users/yevgeniy/Development/Projects/FinancialEngineering/quant-finance/qf/timeseries/results/syf
GPC,Consumer Discretionary,ML Proxy+Opt (Best Sweep),1.74078423970084,1.530680565787058,-0.03580528578503419,8,25,2024-12-11,2025-01-27,120.0,0.55,1.74078423970084,,,,,,,0.6237650858906438,1.3840904150227613,0.07075166873971783,0.2672727018105657,/Users/yevgeniy/Development/Projects/FinancialEngineering/quant-finance/qf/timeseries/results/gpc
PEG,Utilities,GP-RBF,1.7440826749952085,1.3676143507746303,0.059824476069456005,8,25,2024-12-11,2025-01-27,60.0,0.25,2.1783048164834726,,,,,,,0.1295481025317211,0.5019718128595577,-0.2802554328498684,-0.9162346070097197,/Users/yevgeniy/Development/Projects/FinancialEngineering/quant-finance/qf/timeseries/results/peg
CL,Consumer Staples,ML Proxy+Opt (Best Sweep),1.751508103357459,1.5081373318402465,-0.0518257968128768,8,25,2024-11-20,2025-01-03,120.0,0.25,1.751508103357459,,,,,,,-0.012390143894279282,-0.006595255816200604,-0.24723480443889057,-1.0316436356429006,/Users/yevgeniy/Development/Projects/FinancialEngineering/quant-finance/qf/timeseries/results/cl
AIG,Financials,Elastic Net+CV,1.7559453759383434,1.4148510083710737,0.19457654791588322,8,25,2024-12-11,2025-01-27,60.0,0.25,1.9541874431454826,,,,,,,0.3117933233945942,1.0845077582751237,-0.17182335635630197,-0.52360842119674,/Users/yevgeniy/Development/Projects/FinancialEngineering/quant-finance/qf/timeseries/results/aig
JNJ,Health Care,ML Proxy+Opt (Best Sweep),1.759282539261831,1.3776044704474306,-0.08050410118633522,8,25,2024-12-11,2025-01-27,60.0,0.55,1.759282539261831,,,,,,,0.2092821897020749,0.924347725016558,-0.22836947206154112,-0.8572584811392752,/Users/yevgeniy/Development/Projects/FinancialEngineering/quant-finance/qf/timeseries/results/jnj
TECH,Health Care,ML Proxy+Opt (Best Sweep),1.7614565686313917,1.4834409715592518,0.045477509415808505,8,25,2024-12-11,2025-01-27,120.0,0.25,1.7614565686313917,,,,,,,-0.0823663294071535,-0.0052033172100214315,-0.36687562842648813,-0.6163817305975648,/Users/yevgeniy/Development/Projects/FinancialEngineering/quant-finance/qf/timeseries/results/tech
BMY,Health Care,Dynamic Proxy+OLS,1.7916083543471166,1.3668943653609582,0.14941717770894633,8,25,2024-12-11,2025-01-27,80.0,0.35,3.9869690492223286,,,,,,,0.0729783639504773,0.2798275112945965,-0.3231576716405704,-0.8211908183096468,/Users/yevgeniy/Development/Projects/FinancialEngineering/quant-finance/qf/timeseries/results/bmy
J,Industrials,Feature Raw Proxy+OLS,1.802283126587491,1.472269025949249,0.2658171508407819,8,25,2024-12-11,2025-01-27,80.0,0.25,1.802283126587491,,,,,,,0.30381807082023493,0.9250254511578769,-0.1443953657913103,-0.34476668777200076,/Users/yevgeniy/Development/Projects/FinancialEngineering/quant-finance/qf/timeseries/results/j
SW,Materials,ML Proxy+Opt (Best Sweep),1.8054072947342488,1.490214729099062,-0.031490107014470324,8,25,2024-12-11,2025-01-27,60.0,0.25,1.8054072947342488,,,,,,,0.22781673066296992,0.5087496233525516,-0.23916356450535048,-0.3268564749753476,/Users/yevgeniy/Development/Projects/FinancialEngineering/quant-finance/qf/timeseries/results/sw
MCHP,Information Technology,ML Proxy+Opt (Best Sweep),1.8184232512410052,1.3958640977763974,0.3515017018964786,8,25,2024-12-11,2025-01-27,60.0,0.45,1.8184232512410052,,,,,,,0.006683861807042613,0.1841263677965559,-0.33386602310297187,-0.3738426324300463,/Users/yevgeniy/Development/Projects/FinancialEngineering/quant-finance/qf/timeseries/results/mchp
NKE,Consumer Discretionary,GP-RBF,1.82191146397904,1.5848492102501874,-0.10741248644647024,8,25,2024-12-11,2025-01-27,80.0,0.45,2.314656317199575,,,,,,,-0.38508280713592,-0.7719131390379903,-0.5866694225768846,-1.4280932516979248,/Users/yevgeniy/Development/Projects/FinancialEngineering/quant-finance/qf/timeseries/results/nke
WFC,Financials,ML Proxy+Opt (Best Sweep),1.8396611325494525,1.4933787510773324,0.029861023245592252,8,25,2024-12-11,2025-01-27,60.0,0.35,1.8396611325494525,,,,,,,0.3166845487466712,0.7461365665142812,-0.22103301694988353,-0.4329043603563988,/Users/yevgeniy/Development/Projects/FinancialEngineering/quant-finance/qf/timeseries/results/wfc
PYPL,Financials,ML Proxy+Opt (Best Sweep),1.8421462524559342,1.4131321681762046,0.24506183377818797,8,25,2024-12-11,2025-01-27,40.0,0.55,1.8421462524559342,,,,,,,0.6751143276440921,1.1196791987401793,0.2240676114500224,0.5164972013259573,/Users/yevgeniy/Development/Projects/FinancialEngineering/quant-finance/qf/timeseries/results/pypl
FTNT,Information Technology,Elastic Net+CV,1.8454857929930855,1.5100161713049658,-0.10205826503006549,8,25,2024-12-11,2025-01-27,80.0,0.35,2.114892156487787,,,,,,,0.4276782155430503,0.7152632711691208,-0.1255894123516026,-0.03388674004007787,/Users/yevgeniy/Development/Projects/FinancialEngineering/quant-finance/qf/timeseries/results/ftnt
MAA,Real Estate,Elastic Net+CV,1.883147322909974,1.5389461667271083,0.015550894040547289,8,25,2024-12-11,2025-01-27,80.0,0.25,2.0347374783838874,,,,,,,0.16587848920047543,0.5774625444835313,-0.28056186479845957,-0.8318030975318308,/Users/yevgeniy/Development/Projects/FinancialEngineering/quant-finance/qf/timeseries/results/maa
MNST,Consumer Staples,ML Proxy+Opt (Best Sweep),1.935407823906761,1.502967633652468,-0.24937127545292426,8,25,2024-11-20,2025-01-03,120.0,0.25,1.935407823906761,,,,,,,-0.11271669846213228,-0.31720762445928746,-0.3836498741031489,-1.3323907989077277,/Users/yevgeniy/Development/Projects/FinancialEngineering/quant-finance/qf/timeseries/results/mnst
JCI,Industrials,ML Proxy+Opt (Best Sweep),1.937602583205866,1.6328758129161183,0.141420809811878,8,25,2024-12-11,2025-01-27,120.0,0.25,1.937602583205866,,,,,,,0.4521893136289623,1.0949765877687478,-0.06668488289744867,-0.06349900267620925,/Users/yevgeniy/Development/Projects/FinancialEngineering/quant-finance/qf/timeseries/results/jci
AFL,Financials,ML Proxy+Opt (Best Sweep),1.9382330795501386,1.4683815211821198,0.009481060145035018,8,25,2024-12-11,2025-01-27,120.0,0.25,1.9382330795501386,,,,,,,0.4329143195163252,1.5485384798903583,-0.12076454643062806,-0.35855131084698744,/Users/yevgeniy/Development/Projects/FinancialEngineering/quant-finance/qf/timeseries/results/afl
BF-B,Consumer Staples,ML Proxy+Opt (Best Sweep),1.9475904061891418,1.5187989475008172,0.017851985548532637,8,25,2024-11-20,2025-01-03,120.0,0.25,1.9475904061891418,,,,,,,-0.3338915253126872,-0.6926714920585059,-0.4456565762783866,-1.0577031590079493,/Users/yevgeniy/Development/Projects/FinancialEngineering/quant-finance/qf/timeseries/results/bf-b
PHM,Consumer Discretionary,ML Proxy+Opt (Best Sweep),1.95074814172523,1.5221834768403464,0.22302129250517116,8,25,2024-12-11,2025-01-27,40.0,0.45,1.95074814172523,,,,,,,0.4988971377152167,0.9554310253934987,-0.0606745761659363,0.012103138065364973,/Users/yevgeniy/Development/Projects/FinancialEngineering/quant-finance/qf/timeseries/results/phm
DAL,Industrials,Elastic Net+CV,1.9539904950599711,1.556424185870965,-0.17947395975249755,8,25,2024-12-11,2025-01-27,80.0,0.35,2.0017606239071584,,,,,,,-0.31615616483703757,-0.48251168931733174,-0.5526710363442646,-1.1168512007848281,/Users/yevgeniy/Development/Projects/FinancialEngineering/quant-finance/qf/timeseries/results/dal
MKC,Consumer Staples,Static Proxy+OLS,1.957587479188883,1.5864158134268607,-0.05783704356694314,8,25,2024-11-20,2025-01-03,120.0,0.25,3.223174494082236,,,,,,,0.11865789296168217,0.47230789624568476,-0.056523610881773934,-0.1060927897251399,/Users/yevgeniy/Development/Projects/FinancialEngineering/quant-finance/qf/timeseries/results/mkc
XYL,Industrials,GP-RBF,1.9623233495297694,1.6515306945124404,0.2528388242858222,8,25,2024-12-11,2025-01-27,60.0,0.55,3.0991470973362176,,,,,,,0.11083971014818661,0.42347737383446277,-0.2694997195533295,-0.7930733448495534,/Users/yevgeniy/Development/Projects/FinancialEngineering/quant-finance/qf/timeseries/results/xyl
MDT,Health Care,ML Proxy+Opt (Best Sweep),1.9660684483460107,1.6918206837793577,-0.050118675599359896,8,25,2024-12-11,2025-01-27,80.0,0.55,1.9660684483460107,,,,,,,0.2835463641604199,1.0782620309640354,-0.13378827772826118,-0.3850822332052215,/Users/yevgeniy/Development/Projects/FinancialEngineering/quant-finance/qf/timeseries/results/mdt
RVTY,Health Care,Feature PCA Proxy+OLS,1.9903772964127664,1.5171024915879106,0.008850793785391461,8,25,2024-12-11,2025-01-27,80.0,0.25,1.9903772964127664,,,,,,,0.208358364461255,0.48656957824820696,-0.25844096887479573,-0.39351251466266446,/Users/yevgeniy/Development/Projects/FinancialEngineering/quant-finance/qf/timeseries/results/rvty
TROW,Financials,Dynamic Proxy+OLS,1.993986695280015,1.6449934565499822,0.11112572545257386,8,25,2024-12-11,2025-01-27,120.0,0.45,3.3510875753227576,,,,,,,0.2585385197400998,0.6870031365800423,-0.1774522994377684,-0.347776995841394,/Users/yevgeniy/Development/Projects/FinancialEngineering/quant-finance/qf/timeseries/results/trow
PCAR,Industrials,ML Proxy+Opt (Best Sweep),2.012311205013623,1.504358630172563,0.24369281460860262,8,25,2024-12-11,2025-01-27,120.0,0.55,2.012311205013623,,,,,,,0.17505660156163283,0.5389017394369968,-0.25604476752912286,-0.6208675497051253,/Users/yevgeniy/Development/Projects/FinancialEngineering/quant-finance/qf/timeseries/results/pcar
PRU,Financials,Elastic Net+CV,2.0229243563736077,1.656825259756306,0.02213702884098859,8,25,2024-12-11,2025-01-27,80.0,0.25,5.783309003529277,,,,,,,0.15373711650270283,0.4711529038758221,-0.2860437166926665,-0.700489439776362,/Users/yevgeniy/Development/Projects/FinancialEngineering/quant-finance/qf/timeseries/results/pru
BSX,Health Care,ML Proxy+Opt (Best Sweep),2.0302137329235053,1.6528353496602455,-0.19194745983087394,8,25,2024-12-11,2025-01-27,80.0,0.55,2.0302137329235053,,,,,,,0.32305407323208946,1.042769578537366,-0.15055731032864372,-0.3977971334704074,/Users/yevgeniy/Development/Projects/FinancialEngineering/quant-finance/qf/timeseries/results/bsx
HOLX,Health Care,Dynamic Proxy+OLS,2.0551159189042276,1.8190982675933958,-0.017723695472482592,8,25,2024-12-11,2025-01-27,40.0,0.25,2.2009353163077106,,,,,,,0.3941116189255838,0.990183612049152,-0.06476113879423528,-0.06013608493083003,/Users/yevgeniy/Development/Projects/FinancialEngineering/quant-finance/qf/timeseries/results/holx
DUK,Utilities,Elastic Net+CV,2.0552284308726114,1.6817631523345038,-0.19056027587628294,8,25,2024-12-11,2025-01-27,40.0,0.45,2.294314869261381,,,,,,,0.29291327157613156,1.2439251042609605,-0.1547673191147927,-0.5331713710851118,/Users/yevgeniy/Development/Projects/FinancialEngineering/quant-finance/qf/timeseries/results/duk
WELL,Real Estate,ML Proxy+Opt (Best Sweep),2.079060596755366,1.6670908597080005,-0.20445353562771698,8,25,2024-12-11,2025-01-27,60.0,0.25,2.079060596755366,,,,,,,0.6206498369285909,2.1444028366856784,0.09275841774313642,0.3712801468301353,/Users/yevgeniy/Development/Projects/FinancialEngineering/quant-finance/qf/timeseries/results/well
CCI,Real Estate,ML Proxy+Opt (Best Sweep),2.0817365901652223,1.5183330237651471,-0.15957312468571103,8,25,2024-12-11,2025-01-27,60.0,0.25,2.0817365901652223,,,,,,,0.14587528824018192,0.44848921939759145,-0.31194038289650217,-0.7860152046961276,/Users/yevgeniy/Development/Projects/FinancialEngineering/quant-finance/qf/timeseries/results/cci
SJM,Consumer Staples,ML Proxy+Opt (Best Sweep),2.0817566056059595,1.6408625615834125,0.03052522322676037,8,25,2024-11-20,2025-01-03,120.0,0.25,2.0817566056059595,,,,,,,-0.0160233588285571,0.05949006463815535,-0.20943106424531122,-0.4716353243848601,/Users/yevgeniy/Development/Projects/FinancialEngineering/quant-finance/qf/timeseries/results/sjm
DXCM,Health Care,ML Proxy+Opt (Best Sweep),2.0959889872274626,1.830373752372591,-0.13316675455740062,8,25,2024-12-11,2025-01-27,60.0,0.35,2.0959889872274626,,,,,,,-0.03626898774511578,0.20730503206786904,-0.4153155783826644,-0.3676021857258383,/Users/yevgeniy/Development/Projects/FinancialEngineering/quant-finance/qf/timeseries/results/dxcm
RTX,Industrials,ML Proxy+Opt (Best Sweep),2.142104182776371,1.5293425008533583,0.24127813021264724,8,25,2024-12-11,2025-01-27,120.0,0.45,2.142104182776371,,,,,,,0.3874335458375773,1.0967075885355875,-0.07815258499723943,-0.12758431266183368,/Users/yevgeniy/Development/Projects/FinancialEngineering/quant-finance/qf/timeseries/results/rtx
AEP,Utilities,ML Proxy+Opt (Best Sweep),2.148804627559519,1.8238970307576339,-0.1640258807867432,8,25,2024-12-11,2025-01-27,120.0,0.25,2.148804627559519,,,,,,,0.4411839908049928,1.5141093524827767,-0.0684923677101178,-0.14816796422162384,/Users/yevgeniy/Development/Projects/FinancialEngineering/quant-finance/qf/timeseries/results/aep
DD,Materials,Dynamic Proxy+OLS,2.1826469082649633,1.6639829708442833,-0.15608815861868242,8,25,2024-12-11,2025-01-27,40.0,0.25,3.3945567491463446,,,,,,,0.07925136330501337,0.2841864251826384,-0.2426653567656326,-0.4572034226454183,/Users/yevgeniy/Development/Projects/FinancialEngineering/quant-finance/qf/timeseries/results/dd
OXY,Energy,Elastic Net+CV,2.2166556831916444,2.059005288920939,0.24674224771522776,8,21,2024-12-11,2025-01-27,120.0,0.45,3.2649280572974457,,,,,,,-0.2879278121671116,-0.661083128541888,-0.46206523401217825,-1.2135250620482816,/Users/yevgeniy/Development/Projects/FinancialEngineering/quant-finance/qf/timeseries/results/oxy
CPT,Real Estate,ML Proxy+Opt (Best Sweep),2.2308984417846287,1.8278986677268236,-0.1585980837424026,8,25,2024-12-11,2025-01-27,40.0,0.35,2.2308984417846287,,,,,,,0.027331273251255617,0.16533250125678361,-0.3129005075550615,-0.8956268617816608,/Users/yevgeniy/Development/Projects/FinancialEngineering/quant-finance/qf/timeseries/results/cpt
MMC,Financials,ML Proxy+Opt (Best Sweep),2.2407800526163246,1.7351137312234415,-0.010155321060323838,8,25,2024-12-11,2025-01-27,60.0,0.45,2.2407800526163246,,,,,,,0.2689884207947679,1.1098840315036806,-0.17375580948284508,-0.5910043551624,/Users/yevgeniy/Development/Projects/FinancialEngineering/quant-finance/qf/timeseries/results/mmc
APH,Information Technology,Elastic Net+CV,2.2473738601922695,1.628270593941939,0.07878179871848535,8,25,2024-12-11,2025-01-27,120.0,0.55,2.3566871995992877,,,,,,,0.8888736908540191,1.9082423673672575,0.07935431306441898,0.29274237738478953,/Users/yevgeniy/Development/Projects/FinancialEngineering/quant-finance/qf/timeseries/results/aph
AKAM,Information Technology,Feature PCA Proxy+OLS,2.2634020987936974,1.9696816089768296,0.18079650365627667,8,25,2024-12-11,2025-01-27,80.0,0.35,2.2634020987936974,,,,,,,-0.11191097223545865,-0.08771330874856446,-0.4108744783498931,-0.821149909165237,/Users/yevgeniy/Development/Projects/FinancialEngineering/quant-finance/qf/timeseries/results/akam
KMX,Consumer Discretionary,Static Proxy+OLS,2.2709460837975386,1.9964206803459745,0.14512315789250013,8,25,2024-12-11,2025-01-27,80.0,0.45,2.6469035013861153,,,,,,,-0.2887217813972355,-0.4508441395553256,-0.5587480108306451,-1.2189356673529332,/Users/yevgeniy/Development/Projects/FinancialEngineering/quant-finance/qf/timeseries/results/kmx
IRM,Real Estate,ML Proxy+Opt (Best Sweep),2.274419508999852,1.797601771476009,0.24803979632824286,8,25,2024-12-11,2025-01-27,40.0,0.35,2.274419508999852,,,,,,,0.14929563412966584,0.4580465823973614,-0.20726861499073723,-0.43521316334607396,/Users/yevgeniy/Development/Projects/FinancialEngineering/quant-finance/qf/timeseries/results/irm
DHI,Consumer Discretionary,ML Proxy+Opt (Best Sweep),2.276176687506854,1.8220245963767487,0.00914516098830321,8,25,2024-12-11,2025-01-27,120.0,0.55,2.276176687506854,,,,,,,0.7983161584699563,1.3071406519432582,0.09510650341672156,0.30291709245419823,/Users/yevgeniy/Development/Projects/FinancialEngineering/quant-finance/qf/timeseries/results/dhi
BXP,Real Estate,Dynamic Proxy+OLS,2.2863687912028348,1.9884219891659172,0.13264196555754604,8,25,2024-12-11,2025-01-27,40.0,0.25,3.504842226719782,,,,,,,0.3706739792261644,0.759639743825462,-0.11602270526724678,-0.0979223222466009,/Users/yevgeniy/Development/Projects/FinancialEngineering/quant-finance/qf/timeseries/results/bxp
PEP,Consumer Staples,ML Proxy+Opt (Best Sweep),2.2954286298240647,1.9542355098185737,-0.12088484265603361,8,25,2024-11-20,2025-01-03,120.0,0.25,2.2954286298240647,,,,,,,0.03386222868679889,0.19979795725360652,-0.2370176815130205,-0.8597594776523112,/Users/yevgeniy/Development/Projects/FinancialEngineering/quant-finance/qf/timeseries/results/pep
BK,Financials,ML Proxy+Opt (Best Sweep),2.3036328572866864,1.8877040104495777,0.05766096928370433,8,25,2024-12-11,2025-01-27,40.0,0.45,2.3036328572866864,,,,,,,0.613536391788513,1.6895793353402857,-0.018041404365532587,0.02959333373148956,/Users/yevgeniy/Development/Projects/FinancialEngineering/quant-finance/qf/timeseries/results/bk
MPC,Energy,Elastic Net+CV,2.3135490194550177,1.8099016856635728,0.07480181155082957,8,21,2024-12-11,2025-01-27,60.0,0.45,2.66974401194911,,,,,,,0.06298623245085011,0.2510971208620111,-0.30242171940670626,-0.6520923757909779,/Users/yevgeniy/Development/Projects/FinancialEngineering/quant-finance/qf/timeseries/results/mpc
SYY,Consumer Staples,Feature PCA Proxy+OLS,2.319776733187601,1.7045182064670261,-0.045153339582218656,8,25,2024-11-20,2025-01-03,120.0,0.25,2.6399931854251513,,,,,,,0.3470086866285875,1.4100737567534176,-0.0033522336427987964,0.055861499448467154,/Users/yevgeniy/Development/Projects/FinancialEngineering/quant-finance/qf/timeseries/results/syy
CF,Materials,ML Proxy+Opt (Best Sweep),2.335035916708871,1.8408647076821354,0.2237232243664291,8,25,2024-12-11,2025-01-27,120.0,0.45,2.335035916708871,,,,,,,0.3109442307074446,0.7410229543804253,-0.24356028525531492,-0.5182894232292279,/Users/yevgeniy/Development/Projects/FinancialEngineering/quant-finance/qf/timeseries/results/cf
PPG,Materials,ML Proxy+Opt (Best Sweep),2.345818530931667,1.9241722151056024,-0.15503674799197137,8,25,2024-12-11,2025-01-27,60.0,0.25,2.345818530931667,,,,,,,-0.0762996712437658,-0.12240184439590827,-0.3913305093647488,-1.109458074856771,/Users/yevgeniy/Development/Projects/FinancialEngineering/quant-finance/qf/timeseries/results/ppg
EOG,Energy,Static Proxy+OLS,2.360543732558232,1.9688135062258258,0.42295617345874903,8,21,2024-12-11,2025-01-27,40.0,0.25,3.021708934214192,,,,,,,-0.10325928617493796,-0.2243410647948563,-0.3489677041360394,-0.9869081033398673,/Users/yevgeniy/Development/Projects/FinancialEngineering/quant-finance/qf/timeseries/results/eog
C,Financials,ML Proxy+Opt (Best Sweep),2.3730939368778095,1.912677467383946,0.2992734416634822,8,25,2024-12-11,2025-01-27,60.0,0.35,2.3730939368778095,,,,,,,0.15031571649231878,0.4383319004387803,-0.28992743267594967,-0.6506137764956151,/Users/yevgeniy/Development/Projects/FinancialEngineering/quant-finance/qf/timeseries/results/c
ATO,Utilities,Elastic Net+CV,2.3740339581392704,2.0455429737155963,-0.07123604406675128,8,25,2024-12-11,2025-01-27,120.0,0.45,2.471532790276824,,,,,,,0.42850771023842626,1.8282488238308985,-0.08222327401090102,-0.25688984636566825,/Users/yevgeniy/Development/Projects/FinancialEngineering/quant-finance/qf/timeseries/results/ato
ABNB,Consumer Discretionary,ML Proxy+Opt (Best Sweep),2.3971731994576753,2.0174983392694306,0.1750561743094221,8,25,2024-12-11,2025-01-27,80.0,0.25,2.3971731994576753,,,,,,,0.3183976967129085,0.652129331775771,-0.20605147214885022,-0.2671897697415153,/Users/yevgeniy/Development/Projects/FinancialEngineering/quant-finance/qf/timeseries/results/abnb
BBY,Consumer Discretionary,Elastic Net+CV,2.404185236882202,2.0408083765232528,-0.1320930912235982,8,25,2024-12-11,2025-01-27,120.0,0.25,4.000837617047311,,,,,,,0.250976075401,0.5863311083371157,-0.18411791034827796,-0.26865671614893033,/Users/yevgeniy/Development/Projects/FinancialEngineering/quant-finance/qf/timeseries/results/bby
AWK,Utilities,ML Proxy+Opt (Best Sweep),2.4372453343529608,1.9630955857309493,-0.20458101733970707,8,25,2024-12-11,2025-01-27,120.0,0.55,2.4372453343529608,,,,,,,0.21420681436332334,0.7103577673595775,-0.2517359711293933,-0.756989701250521,/Users/yevgeniy/Development/Projects/FinancialEngineering/quant-finance/qf/timeseries/results/awk
PNW,Utilities,ML Proxy+Opt (Best Sweep),2.4640354495201318,2.113555171789341,0.13090705856001975,8,25,2024-12-11,2025-01-27,60.0,0.55,2.4640354495201318,,,,,,,0.27789562925808564,1.0341814183731477,-0.16637888084532282,-0.5025315365684698,/Users/yevgeniy/Development/Projects/FinancialEngineering/quant-finance/qf/timeseries/results/pnw
RJF,Financials,Static Proxy+OLS,2.5100025559797667,1.8765128639352004,0.23084956948839142,8,25,2024-12-11,2025-01-27,120.0,0.25,2.76824681240145,,,,,,,0.6142764271142482,1.530630013428816,0.0295886221535262,0.17192099861347357,/Users/yevgeniy/Development/Projects/FinancialEngineering/quant-finance/qf/timeseries/results/rjf
LRCX,Information Technology,Dynamic Proxy+OLS,2.510346266722554,2.0253481111643086,0.2885438306135663,8,25,2024-12-11,2025-01-27,120.0,0.55,2.616389959329019,,,,,,,0.830306247286513,1.1223977746005425,0.08436854916014647,0.28716713812427075,/Users/yevgeniy/Development/Projects/FinancialEngineering/quant-finance/qf/timeseries/results/lrcx
OKE,Energy,Dynamic Proxy+OLS,2.5279530825351757,2.0947080706214867,0.1412516063469679,8,21,2024-12-11,2025-01-27,60.0,0.25,3.254928864248256,,,,,,,0.1482867825620282,0.472326892757888,-0.16218111991605433,-0.3339299440089407,/Users/yevgeniy/Development/Projects/FinancialEngineering/quant-finance/qf/timeseries/results/oke
HSIC,Health Care,GP-RBF,2.529467993451102,2.1528381987130563,-0.10811349357636246,8,25,2024-12-11,2025-01-27,120.0,0.25,4.730110711360902,,,,,,,0.09883338877470282,0.35163384396686564,-0.2779038472832499,-0.6869361957896976,/Users/yevgeniy/Development/Projects/FinancialEngineering/quant-finance/qf/timeseries/results/hsic
ENPH,Information Technology,ML Proxy+Opt (Best Sweep),2.5419625450752696,2.1430978445269746,0.08459193768589772,8,25,2024-12-11,2025-01-27,40.0,0.25,2.5419625450752696,,,,,,,-0.1398114906109671,0.11298196600042133,-0.3160429845466497,-0.1048910131929714,/Users/yevgeniy/Development/Projects/FinancialEngineering/quant-finance/qf/timeseries/results/enph
ABT,Health Care,GP-RBF,2.5454003710218944,1.734627379926907,-0.15454564428165707,8,25,2024-12-11,2025-01-27,80.0,0.55,2.6637382666027105,,,,,,,0.29293339856510703,1.001110795480353,-0.16201194632669402,-0.4659394963604365,/Users/yevgeniy/Development/Projects/FinancialEngineering/quant-finance/qf/timeseries/results/abt
GPN,Financials,ML Proxy+Opt (Best Sweep),2.57284816287933,2.1861629622848695,-0.07390982082229258,8,25,2024-12-11,2025-01-27,60.0,0.25,2.57284816287933,,,,,,,-0.15990884309285902,-0.23039248135160945,-0.4159309086932391,-0.8956331366804793,/Users/yevgeniy/Development/Projects/FinancialEngineering/quant-finance/qf/timeseries/results/gpn
HWM,Industrials,GP-RBF,2.5764475819339574,2.2754712339621443,0.18382448184402309,8,25,2024-12-11,2025-01-27,120.0,0.25,3.708189715726893,,,,,,,0.7490497764678008,1.5583580424546049,0.06848752383585133,0.2636151146175059,/Users/yevgeniy/Development/Projects/FinancialEngineering/quant-finance/qf/timeseries/results/hwm
CHRW,Industrials,ML Proxy+Opt (Best Sweep),2.577475455713084,1.883571884568112,-0.08425452617731763,8,25,2024-12-11,2025-01-27,60.0,0.55,2.577475455713084,,,,,,,0.7956720072065231,1.4459046116475667,0.24204138390745777,0.5749300851162584,/Users/yevgeniy/Development/Projects/FinancialEngineering/quant-finance/qf/timeseries/results/chrw
MS,Financials,Static Proxy+OLS,2.5826797311592196,1.9107200741299162,0.07642355064108726,8,25,2024-12-11,2025-01-27,120.0,0.55,2.6170988030973366,,,,,,,0.7041535258291305,1.4551445650304065,-0.028192332842255197,0.0425995396175524,/Users/yevgeniy/Development/Projects/FinancialEngineering/quant-finance/qf/timeseries/results/ms
GEHC,Health Care,Static Proxy+OLS,2.5903260813210145,1.972458942882811,0.006378860254282537,8,25,2024-12-11,2025-01-27,120.0,0.45,2.8775385354838465,,,,,,,0.2115035026332479,0.526745281775336,-0.23972769183380993,-0.40736024833900514,/Users/yevgeniy/Development/Projects/FinancialEngineering/quant-finance/qf/timeseries/results/gehc
TKO,Communication Services,GP-RBF,2.620418497897462,1.9778507816401012,0.10878883993899947,7,21,2024-12-11,2025-01-27,60.0,0.25,3.6586556799997547,,,,,,,0.5912840005854176,1.183654958733361,0.050084282557741444,0.22226119384859064,/Users/yevgeniy/Development/Projects/FinancialEngineering/quant-finance/qf/timeseries/results/tko
CME,Financials,ML Proxy+Opt (Best Sweep),2.6270878097978834,2.2022401243195615,-0.007702446046278575,8,25,2024-12-11,2025-01-27,120.0,0.25,2.6270878097978834,,,,,,,0.15061497191330298,0.7188188607038172,-0.23164074263844703,-0.9182835394967627,/Users/yevgeniy/Development/Projects/FinancialEngineering/quant-finance/qf/timeseries/results/cme
PNR,Industrials,Dynamic Proxy+OLS,2.631412683571994,2.2718748069394286,0.2736252352293777,8,25,2024-12-11,2025-01-27,120.0,0.35,4.685155594166241,,,,,,,0.2808443878354936,0.7572450368132019,-0.09480812946229322,-0.13918988257978684,/Users/yevgeniy/Development/Projects/FinancialEngineering/quant-finance/qf/timeseries/results/pnr
STE,Health Care,ML Proxy+Opt (Best Sweep),2.6494277462161295,2.063851295616439,-0.004639440429687855,8,25,2024-12-11,2025-01-27,60.0,0.35,2.6494277462161295,,,,,,,0.12422047527041546,0.4765083244181414,-0.26537396613438535,-0.8232472658321748,/Users/yevgeniy/Development/Projects/FinancialEngineering/quant-finance/qf/timeseries/results/ste
GIS,Consumer Staples,ML Proxy+Opt (Best Sweep),2.6534854165300694,2.507770784980165,0.11784255364425983,8,25,2024-11-20,2025-01-03,120.0,0.35,2.6534854165300694,,,,,,,0.07483404451450215,0.329676298265938,-0.2007063086630776,-0.6244996425908242,/Users/yevgeniy/Development/Projects/FinancialEngineering/quant-finance/qf/timeseries/results/gis
UBER,Industrials,Elastic Net+CV,2.6759500475049776,2.3957240402765896,0.08303676536808295,8,25,2024-12-11,2025-01-27,120.0,0.25,4.076056195699561,,,,,,,0.6473052725620498,1.0453557187385902,-0.0035868809609621577,0.13447396313740428,/Users/yevgeniy/Development/Projects/FinancialEngineering/quant-finance/qf/timeseries/results/uber
DAY,Industrials,Dynamic Proxy+OLS,2.720897193921889,2.2316053269572014,-0.22085506649820566,8,25,2024-12-11,2025-01-27,120.0,0.35,5.538655820583518,,,,,,,-0.07376954616131526,-0.009566868282991742,-0.3918867240506917,-0.7336330806144432,/Users/yevgeniy/Development/Projects/FinancialEngineering/quant-finance/qf/timeseries/results/day
ED,Utilities,ML Proxy+Opt (Best Sweep),2.7220020798425986,2.476211073124262,-0.2587164467674151,8,25,2024-12-11,2025-01-27,40.0,0.25,2.7220020798425986,,,,,,,0.24673097396275478,0.9413584402112526,-0.20604669726688696,-0.6768407764166122,/Users/yevgeniy/Development/Projects/FinancialEngineering/quant-finance/qf/timeseries/results/ed
EXE,Energy,ML Proxy+Opt (Best Sweep),2.722277463835419,2.241061417331123,0.012069993341979186,8,21,2024-12-11,2025-01-27,40.0,0.35,2.722277463835419,,,,,,,0.012833629342207331,0.12701246913827285,-0.31470373724764356,-0.8343655980576861,/Users/yevgeniy/Development/Projects/FinancialEngineering/quant-finance/qf/timeseries/results/exe
FI,Financials,ML Proxy+Opt (Best Sweep),2.728295236583161,2.1984045842551554,0.04305011713447779,8,25,2024-12-11,2025-01-27,40.0,0.35,2.728295236583161,,,,,,,0.12346493829804439,0.40481152699934003,-0.24791322998155108,-0.583568000434546,/Users/yevgeniy/Development/Projects/FinancialEngineering/quant-finance/qf/timeseries/results/fi
HAS,Consumer Discretionary,Dynamic Proxy+OLS,2.73710174114367,2.1254360010889846,0.10081161767850447,8,25,2024-12-11,2025-01-27,80.0,0.25,6.087115908530851,,,,,,,0.3271836724991617,0.7319818186777861,-0.12999641792049899,-0.14756968661344727,/Users/yevgeniy/Development/Projects/FinancialEngineering/quant-finance/qf/timeseries/results/has
COO,Health Care,Dynamic Proxy+OLS,2.740443742923506,2.3646596789166745,0.29154845752492764,8,25,2024-12-11,2025-01-27,40.0,0.25,3.5302032552283547,,,,,,,-0.03961272651348646,0.02442046045596153,-0.38313699694687164,-0.8660924541288507,/Users/yevgeniy/Development/Projects/FinancialEngineering/quant-finance/qf/timeseries/results/coo
DOV,Industrials,ML Proxy+Opt (Best Sweep),2.743396471877354,2.277358675365401,0.24339544041350406,8,25,2024-12-11,2025-01-27,120.0,0.45,2.743396471877354,,,,,,,0.09764425280339295,0.357999151087275,-0.30911406722291557,-0.8569739775868849,/Users/yevgeniy/Development/Projects/FinancialEngineering/quant-finance/qf/timeseries/results/dov
BR,Industrials,Static Proxy+OLS,2.7521999843914187,2.1366320936454315,0.04172075943581857,8,25,2024-12-11,2025-01-27,80.0,0.55,4.1965311970124946,,,,,,,0.6093610990197478,1.764188502127825,0.017802365561174094,0.13742041347949788,/Users/yevgeniy/Development/Projects/FinancialEngineering/quant-finance/qf/timeseries/results/br
DG,Consumer Staples,ML Proxy+Opt (Best Sweep),2.769181283971413,2.1937822868132755,-0.24999668776378034,8,25,2024-11-20,2025-01-03,60.0,0.45,2.769181283971413,,,,,,,1.2706763661513278,1.8305278179157933,0.680840896237132,1.1708950245957224,/Users/yevgeniy/Development/Projects/FinancialEngineering/quant-finance/qf/timeseries/results/dg
NUE,Materials,ML Proxy+Opt (Best Sweep),2.7759080151671935,2.3105879219402623,0.32580058023146247,8,25,2024-12-11,2025-01-27,60.0,0.25,2.7759080151671935,,,,,,,-0.045700254672688234,0.028930003803077285,-0.41144337063828196,-0.842454765987471,/Users/yevgeniy/Development/Projects/FinancialEngineering/quant-finance/qf/timeseries/results/nue
NTRS,Financials,ML Proxy+Opt (Best Sweep),2.802621300481529,2.414083685385693,0.14116284751869468,8,25,2024-12-11,2025-01-27,120.0,0.45,2.802621300481529,,,,,,,0.3165567428292082,0.8683657423554386,-0.18899108153786637,-0.4380617984882434,/Users/yevgeniy/Development/Projects/FinancialEngineering/quant-finance/qf/timeseries/results/ntrs
UPS,Industrials,Static Proxy+OLS,2.812082527568199,2.1868908449257742,-0.18336848613262527,8,25,2024-12-11,2025-01-27,80.0,0.25,3.188756480118503,,,,,,,0.174382909640034,0.5425364109092249,-0.2735101029256468,-0.703423149290327,/Users/yevgeniy/Development/Projects/FinancialEngineering/quant-finance/qf/timeseries/results/ups
YUM,Consumer Discretionary,Static Proxy+OLS,2.8177238310586836,2.2338301934432496,0.025686706415981274,8,25,2024-12-11,2025-01-27,120.0,0.35,5.7002261801277205,,,,,,,0.014531056248257235,0.12079255670417162,-0.3105111829826873,-1.1879374029152474,/Users/yevgeniy/Development/Projects/FinancialEngineering/quant-finance/qf/timeseries/results/yum
SBUX,Consumer Discretionary,ML Proxy+Opt (Best Sweep),2.8457738833406507,2.0239186192597933,0.07522346534090987,8,25,2024-12-11,2025-01-27,120.0,0.35,2.8457738833406507,,,,,,,0.1180514552507601,0.37575179364546707,-0.24190015509740637,-0.4947172896942213,/Users/yevgeniy/Development/Projects/FinancialEngineering/quant-finance/qf/timeseries/results/sbux
LVS,Consumer Discretionary,Dynamic Proxy+OLS,2.8582753884734644,2.107987024482153,-0.35913210684946933,8,25,2024-12-11,2025-01-27,120.0,0.25,5.203419069111721,,,,,,,-0.04048303771360917,0.037301033309960756,-0.3354094840078278,-0.7149084062221331,/Users/yevgeniy/Development/Projects/FinancialEngineering/quant-finance/qf/timeseries/results/lvs
EXR,Real Estate,GP-RBF,2.871942526476387,2.1268510623605663,0.020482136827216526,8,25,2024-12-11,2025-01-27,60.0,0.35,3.1755589007716485,,,,,,,-0.1712114253334751,-0.41757305686919766,-0.46404407660012936,-1.3920367988429798,/Users/yevgeniy/Development/Projects/FinancialEngineering/quant-finance/qf/timeseries/results/exr
NXPI,Information Technology,ML Proxy+Opt (Best Sweep),2.87268622638256,2.4928456910611847,0.37509634372164796,8,25,2024-12-11,2025-01-27,60.0,0.25,2.87268622638256,,,,,,,0.08399096551843566,0.2815326031867725,-0.3228432072370122,-0.4839645456870573,/Users/yevgeniy/Development/Projects/FinancialEngineering/quant-finance/qf/timeseries/results/nxpi
OTIS,Industrials,Dynamic Proxy+OLS,2.9035996754398985,2.2229347276430493,0.09500746410927771,8,25,2024-12-11,2025-01-27,40.0,0.25,3.011757701837741,,,,,,,0.005835837441390046,0.09491383697375738,-0.34121706424343956,-1.1358773162104807,/Users/yevgeniy/Development/Projects/FinancialEngineering/quant-finance/qf/timeseries/results/otis
RSG,Industrials,GP-RBF,2.9082239665142953,2.3642726043239994,0.34296723888459735,8,25,2024-12-11,2025-01-27,60.0,0.45,3.322075952503537,,,,,,,0.21077214896219698,1.0141815953396012,-0.21271203832260055,-0.8114378223148798,/Users/yevgeniy/Development/Projects/FinancialEngineering/quant-finance/qf/timeseries/results/rsg
AME,Industrials,ML Proxy+Opt (Best Sweep),2.931522066342206,2.352567166331277,0.07773063300872399,8,25,2024-12-11,2025-01-27,120.0,0.25,2.931522066342206,,,,,,,0.3110421643514545,0.9437422976783257,-0.10152597888283421,-0.20464065855041078,/Users/yevgeniy/Development/Projects/FinancialEngineering/quant-finance/qf/timeseries/results/ame
ABBV,Health Care,ML Proxy+Opt (Best Sweep),2.9321439221711714,2.261335347375467,-0.40389037439309866,7,25,2024-12-11,2025-01-27,80.0,0.55,2.9321439221711714,,,,,,,0.3738776659377099,1.143703914647486,-0.11097271516395535,-0.26692276123771397,/Users/yevgeniy/Development/Projects/FinancialEngineering/quant-finance/qf/timeseries/results/abbv
MHK,Consumer Discretionary,ML Proxy+Opt (Best Sweep),2.9651165083489017,2.295951963081556,0.08015599409256398,8,25,2024-12-11,2025-01-27,120.0,0.35,2.9651165083489017,,,,,,,0.5427393141747872,0.9806709068503456,-0.03547388590158529,0.07171249693092137,/Users/yevgeniy/Development/Projects/FinancialEngineering/quant-finance/qf/timeseries/results/mhk
TEL,Information Technology,GP-RBF,3.023423414631063,2.0439890784094454,0.2639115665240207,8,25,2024-12-11,2025-01-27,120.0,0.45,3.5977128005390306,,,,,,,0.44220814580673196,1.1726659783175046,-0.046183222979583105,-0.026362826810646837,/Users/yevgeniy/Development/Projects/FinancialEngineering/quant-finance/qf/timeseries/results/tel
WDC,Information Technology,Dynamic Proxy+OLS,3.033771881771742,2.500535981884956,0.3973609102038771,8,25,2024-12-11,2025-01-27,120.0,0.25,4.795247170252222,,,,,,,0.08295680319815624,0.2827259728708127,-0.29746440464707735,-0.4464261417763282,/Users/yevgeniy/Development/Projects/FinancialEngineering/quant-finance/qf/timeseries/results/wdc
IR,Industrials,ML Proxy+Opt (Best Sweep),3.038109084252898,2.748701710184423,0.2431616993126133,8,25,2024-12-11,2025-01-27,120.0,0.45,3.038109084252898,,,,,,,0.10511770890916372,0.3489538342706068,-0.30705637406780983,-0.6892623159095322,/Users/yevgeniy/Development/Projects/FinancialEngineering/quant-finance/qf/timeseries/results/ir
PG,Consumer Staples,ML Proxy+Opt (Best Sweep),3.0588066859355005,2.3015820176737454,-0.12043911700572812,8,25,2024-11-20,2025-01-03,60.0,0.55,3.0588066859355005,,,,,,,0.1542465445041672,0.8058486213065844,-0.12858386552763246,-0.5038298586016356,/Users/yevgeniy/Development/Projects/FinancialEngineering/quant-finance/qf/timeseries/results/pg
ICE,Financials,ML Proxy+Opt (Best Sweep),3.0747087783060016,2.085350831972903,0.12128661403545024,8,25,2024-12-11,2025-01-27,80.0,0.55,3.0747087783060016,,,,,,,0.14592686694794077,0.6545600972743437,-0.21302539381157148,-0.7643149082247666,/Users/yevgeniy/Development/Projects/FinancialEngineering/quant-finance/qf/timeseries/results/ice
DGX,Health Care,Dynamic Proxy+OLS,3.1157778986819693,2.588460213688749,-0.030323409079119127,8,25,2024-12-11,2025-01-27,60.0,0.25,7.354471936762408,,,,,,,0.7426618282985251,2.0004708417558845,0.1181444391775397,0.4140454835930722,/Users/yevgeniy/Development/Projects/FinancialEngineering/quant-finance/qf/timeseries/results/dgx
AMD,Information Technology,ML Proxy+Opt (Best Sweep),3.1246943435971852,2.5376518032263906,0.10885762691638445,8,25,2024-12-11,2025-01-27,60.0,0.45,3.1246943435971852,,,,,,,0.3286056529198278,0.5680578495904285,-0.07831439773927473,0.07897507449323325,/Users/yevgeniy/Development/Projects/FinancialEngineering/quant-finance/qf/timeseries/results/amd
HLT,Consumer Discretionary,ML Proxy+Opt (Best Sweep),3.1271854811658337,2.6258107368930346,0.12822934064284322,8,25,2024-12-11,2025-01-27,120.0,0.35,3.1271854811658337,,,,,,,0.2749072876216734,0.9059494683188858,-0.15403878230179968,-0.3979380523312838,/Users/yevgeniy/Development/Projects/FinancialEngineering/quant-finance/qf/timeseries/results/hlt
TXN,Information Technology,ML Proxy+Opt (Best Sweep),3.164424471628264,2.357534374561189,-0.010023192286368693,8,25,2024-12-11,2025-01-27,120.0,0.55,3.164424471628264,,,,,,,0.019629518427125348,0.1653938419674759,-0.35078514214294687,-0.6810685118545707,/Users/yevgeniy/Development/Projects/FinancialEngineering/quant-finance/qf/timeseries/results/txn
WAB,Industrials,ML Proxy+Opt (Best Sweep),3.1978738374989595,2.497296832460661,0.1913924089621935,8,25,2024-12-11,2025-01-27,80.0,0.25,3.1978738374989595,,,,,,,0.4197566901806895,1.1300594009785772,-0.09625038719824619,-0.1691438779711336,/Users/yevgeniy/Development/Projects/FinancialEngineering/quant-finance/qf/timeseries/results/wab
VRSK,Industrials,ML Proxy+Opt (Best Sweep),3.2042019698741897,2.223218693167748,-0.41749886961400784,8,25,2024-12-11,2025-01-27,80.0,0.55,3.2042019698741897,,,,,,,0.011116054604327852,0.10933055889039306,-0.3417518731584108,-1.1903563584059842,/Users/yevgeniy/Development/Projects/FinancialEngineering/quant-finance/qf/timeseries/results/vrsk
CHD,Consumer Staples,ML Proxy+Opt (Best Sweep),3.2122471762161715,2.9701325672069006,-0.15335228550893615,8,25,2024-11-20,2025-01-03,120.0,0.35,3.2122471762161715,,,,,,,0.1743017425833926,0.6887873153701184,-0.1939149184493666,-0.6115152282739136,/Users/yevgeniy/Development/Projects/FinancialEngineering/quant-finance/qf/timeseries/results/chd
AVB,Real Estate,GP-RBF,3.250134071274537,2.5618752716557895,-0.12146819401894099,8,25,2024-12-11,2025-01-27,60.0,0.35,3.7878783520311567,,,,,,,0.3302965176607817,1.0342462925763751,-0.17428905704557396,-0.46260159812728824,/Users/yevgeniy/Development/Projects/FinancialEngineering/quant-finance/qf/timeseries/results/avb
CVX,Energy,Dynamic Proxy+OLS,3.250343094792138,2.587854586021111,0.45659662270659307,8,21,2024-12-11,2025-01-27,120.0,0.45,7.191473986324094,,,,,,,0.14225809368307418,0.5082611607153952,-0.19074292008456661,-0.48636907335319723,/Users/yevgeniy/Development/Projects/FinancialEngineering/quant-finance/qf/timeseries/results/cvx
RMD,Health Care,Dynamic Proxy+OLS,3.2835453654164404,2.638947849398203,0.37256425396548026,7,25,2024-12-11,2025-01-27,120.0,0.55,8.335769649445306,,,,,,,0.5457968097207757,1.1651065971845873,0.004421750952679826,0.12433548337135632,/Users/yevgeniy/Development/Projects/FinancialEngineering/quant-finance/qf/timeseries/results/rmd
TTWO,Communication Services,Elastic Net+CV,3.3111123446888087,2.632599382929239,0.0787971133143365,8,21,2024-12-11,2025-01-27,40.0,0.55,4.583981019692043,,,,,,,0.744041459253675,1.6096732781384586,0.11878293264903417,0.37627690609673287,/Users/yevgeniy/Development/Projects/FinancialEngineering/quant-finance/qf/timeseries/results/ttwo
SBAC,Real Estate,ML Proxy+Opt (Best Sweep),3.336808986682816,2.4192797685189875,-0.09221893046603846,8,25,2024-12-11,2025-01-27,60.0,0.55,3.336808986682816,,,,,,,0.23504272459679565,0.6718286052008027,-0.2200438101302833,-0.5216075839893537,/Users/yevgeniy/Development/Projects/FinancialEngineering/quant-finance/qf/timeseries/results/sbac
EW,Health Care,Elastic Net+CV,3.340380237041879,2.5058359971464848,0.06500460297185945,8,25,2024-12-11,2025-01-27,120.0,0.25,3.5640466909163036,,,,,,,0.5524959690496576,1.247942186433413,0.06015362161226201,0.24582784602988855,/Users/yevgeniy/Development/Projects/FinancialEngineering/quant-finance/qf/timeseries/results/ew
SMCI,Information Technology,Feature PCA Proxy+OLS,3.3878358074734036,2.6543850128355113,0.17992383424178948,8,25,2024-12-11,2025-01-27,80.0,0.25,3.3878358074734036,,,,,,,0.17791383532983351,0.4639578629982085,-0.23542492732130416,0.1725379442271439,/Users/yevgeniy/Development/Projects/FinancialEngineering/quant-finance/qf/timeseries/results/smci
STZ,Consumer Staples,ML Proxy+Opt (Best Sweep),3.3967228470556594,2.8559274244041974,0.14132966216105303,8,25,2024-11-20,2025-01-03,120.0,0.45,3.3967228470556594,,,,,,,0.034871116737774877,0.19570026513720093,-0.105131824080274,-0.20385438372603368,/Users/yevgeniy/Development/Projects/FinancialEngineering/quant-finance/qf/timeseries/results/stz
BIIB,Health Care,ML Proxy+Opt (Best Sweep),3.4429921943826134,3.0520449975866484,0.207375404367852,8,25,2024-12-11,2025-01-27,80.0,0.25,3.4429921943826134,,,,,,,-0.3444988179147016,-0.8538816087032698,-0.5468611060306718,-1.5600554580359587,/Users/yevgeniy/Development/Projects/FinancialEngineering/quant-finance/qf/timeseries/results/biib
SWKS,Information Technology,Static Proxy+OLS,3.4437032872406195,3.1793670201021835,0.04983602664705805,8,25,2024-12-11,2025-01-27,80.0,0.55,4.466276841207476,,,,,,,-0.10782427087745516,-0.003928074646969324,-0.3933932448431925,-0.5698202454061022,/Users/yevgeniy/Development/Projects/FinancialEngineering/quant-finance/qf/timeseries/results/swks
NTAP,Information Technology,ML Proxy+Opt (Best Sweep),3.4974734654432638,2.8978458862251495,0.27851974482451014,8,25,2024-12-11,2025-01-27,120.0,0.25,3.4974734654432638,,,,,,,0.28789802965050115,0.6565699037011694,-0.2517788037534797,-0.4427856436783261,/Users/yevgeniy/Development/Projects/FinancialEngineering/quant-finance/qf/timeseries/results/ntap
SPG,Real Estate,Elastic Net+CV,3.514166583631894,3.0549395097988574,-0.09061101528781446,8,25,2024-12-11,2025-01-27,80.0,0.35,3.6573250930214973,,,,,,,0.804778383320292,2.0432573613909746,0.10076263054948642,0.3585462539218628,/Users/yevgeniy/Development/Projects/FinancialEngineering/quant-finance/qf/timeseries/results/spg
WYNN,Consumer Discretionary,Elastic Net+CV,3.5193398444051245,2.9945851239350043,-0.3685652099352182,8,25,2024-12-11,2025-01-27,80.0,0.45,4.267229588379085,,,,,,,-0.14617046694262414,-0.18158673894178332,-0.3963751272974373,-0.7924090812768195,/Users/yevgeniy/Development/Projects/FinancialEngineering/quant-finance/qf/timeseries/results/wynn
ROST,Consumer Discretionary,Elastic Net+CV,3.5335716267886492,2.8186200619072235,-0.13026377183065418,8,25,2024-12-11,2025-01-27,80.0,0.35,4.342769716753989,,,,,,,0.059353589322499456,0.2659764075142153,-0.2783749150860856,-0.8484641020005561,/Users/yevgeniy/Development/Projects/FinancialEngineering/quant-finance/qf/timeseries/results/rost
LOW,Consumer Discretionary,Feature PCA Proxy+OLS,3.55524060966425,2.937497067705479,0.12524104597831925,8,25,2024-12-11,2025-01-27,60.0,0.25,3.599541822436913,,,,,,,-0.06717255585888526,-0.15888213410838517,-0.3812503751482371,-1.2514609579413447,/Users/yevgeniy/Development/Projects/FinancialEngineering/quant-finance/qf/timeseries/results/low
EMR,Industrials,GP-RBF,3.560619695749619,3.094418838697199,0.19998040225142344,8,25,2024-12-11,2025-01-27,40.0,0.55,4.255290839460622,,,,,,,0.24034423734335952,0.6298362890955228,-0.1810546157177627,-0.33242761579407143,/Users/yevgeniy/Development/Projects/FinancialEngineering/quant-finance/qf/timeseries/results/emr
LEN,Consumer Discretionary,Dynamic Proxy+OLS,3.5661389171139275,2.9210348647152764,-0.08540981146574857,8,25,2024-12-11,2025-01-27,80.0,0.25,10.997950768275311,,,,,,,0.18597246312753257,0.48904525203850696,-0.23494207137293344,-0.41221162360559277,/Users/yevgeniy/Development/Projects/FinancialEngineering/quant-finance/qf/timeseries/results/len
ECL,Materials,Elastic Net+CV,3.580305773185916,2.9645220877231497,-0.047004859755542555,8,25,2024-12-11,2025-01-27,120.0,0.25,5.2694921358839,,,,,,,0.07885191550525983,0.3692210599313351,-0.31275106327256963,-1.13958284904208,/Users/yevgeniy/Development/Projects/FinancialEngineering/quant-finance/qf/timeseries/results/ecl
UAL,Industrials,ML Proxy+Opt (Best Sweep),3.632723493238991,3.1171368910738573,0.07705408668586532,8,25,2024-12-11,2025-01-27,120.0,0.35,3.632723493238991,,,,,,,0.4854180806793309,0.7038698377148881,-0.04921879622263792,0.12281806830760472,/Users/yevgeniy/Development/Projects/FinancialEngineering/quant-finance/qf/timeseries/results/ual
LYV,Communication Services,ML Proxy+Opt (Best Sweep),3.634223333739132,3.123260671040818,0.14245414229000145,8,21,2024-12-11,2025-01-27,40.0,0.55,3.634223333739132,,,,,,,-0.03788566437993013,-0.0019338458370765875,-0.40374886294286894,-1.0960711905447087,/Users/yevgeniy/Development/Projects/FinancialEngineering/quant-finance/qf/timeseries/results/lyv
PGR,Financials,ML Proxy+Opt (Best Sweep),3.6706820401609153,3.3056110250747346,-0.09676482722980635,8,25,2024-12-11,2025-01-27,60.0,0.55,3.6706820401609153,,,,,,,0.35671773723751343,1.160119551361014,-0.18519463805743774,-0.5407365115604398,/Users/yevgeniy/Development/Projects/FinancialEngineering/quant-finance/qf/timeseries/results/pgr
TJX,Consumer Discretionary,Static Proxy+OLS,3.6785697079999102,3.2695847602912615,0.10134648884952502,8,25,2024-12-11,2025-01-27,60.0,0.35,4.064182514335243,,,,,,,0.3312319202560139,1.3196041637106362,-0.09377960659482276,-0.26461540188167715,/Users/yevgeniy/Development/Projects/FinancialEngineering/quant-finance/qf/timeseries/results/tjx
GDDY,Information Technology,ML Proxy+Opt (Best Sweep),3.682243451911209,3.067131811920076,0.2508617010188925,8,25,2024-12-11,2025-01-27,120.0,0.45,3.682243451911209,,,,,,,0.26330735506016345,0.7255519923051277,-0.18249749576043284,-0.3822355032273314,/Users/yevgeniy/Development/Projects/FinancialEngineering/quant-finance/qf/timeseries/results/gddy
NRG,Utilities,ML Proxy+Opt (Best Sweep),3.6902198119806924,2.597965402449714,0.01452109487773255,8,25,2024-12-11,2025-01-27,40.0,0.25,3.6902198119806924,,,,,,,2.102721885446599,2.3487674104031147,0.9741609147345862,1.3814160815306964,/Users/yevgeniy/Development/Projects/FinancialEngineering/quant-finance/qf/timeseries/results/nrg
A,Health Care,GP-RBF,3.7344088178722834,3.193179930819365,0.15824789191478877,8,25,2024-12-11,2025-01-27,120.0,0.45,4.123258856609565,,,,,,,0.01576983034620194,0.14662022758343984,-0.31513298303244064,-0.6814364055264738,/Users/yevgeniy/Development/Projects/FinancialEngineering/quant-finance/qf/timeseries/results/a
KEYS,Information Technology,ML Proxy+Opt (Best Sweep),3.735994159391619,2.7725596531615526,0.4066559723105316,8,25,2024-12-11,2025-01-27,120.0,0.55,3.735994159391619,,,,,,,0.05576612575291451,0.23453210175342748,-0.40682259562292256,-0.9971223525706842,/Users/yevgeniy/Development/Projects/FinancialEngineering/quant-finance/qf/timeseries/results/keys
DIS,Communication Services,ML Proxy+Opt (Best Sweep),3.740888420866858,2.985664509287288,0.2195113024769568,7,21,2024-12-11,2025-01-27,120.0,0.25,3.740888420866858,,,,,,,-0.17270751525600903,-0.44518708059639545,-0.4499774430360981,-1.420843785887159,/Users/yevgeniy/Development/Projects/FinancialEngineering/quant-finance/qf/timeseries/results/dis
SWK,Industrials,ML Proxy+Opt (Best Sweep),3.761307646637277,2.261235935838932,0.055089948452825416,8,25,2024-12-11,2025-01-27,120.0,0.25,3.761307646637277,,,,,,,0.14892338560535245,0.395689619075605,-0.28798621519984946,-0.45479221358922084,/Users/yevgeniy/Development/Projects/FinancialEngineering/quant-finance/qf/timeseries/results/swk
DLTR,Consumer Staples,Dynamic Proxy+OLS,3.7626703503680368,3.1241823281417123,0.07920905202577778,8,25,2024-11-20,2025-01-03,40.0,0.25,3.8755834773158586,,,,,,,0.1061910034634741,0.3359515472451917,-0.2490404950579279,-0.36763486563852754,/Users/yevgeniy/Development/Projects/FinancialEngineering/quant-finance/qf/timeseries/results/dltr
VLO,Energy,ML Proxy+Opt (Best Sweep),3.800593595923673,3.1140181486394867,0.02162114521111955,8,21,2024-12-11,2025-01-27,60.0,0.25,3.800593595923673,,,,,,,0.328396634190141,0.7673341624363386,-0.14516921352384704,-0.20775675374742383,/Users/yevgeniy/Development/Projects/FinancialEngineering/quant-finance/qf/timeseries/results/vlo
ON,Information Technology,Dynamic Proxy+OLS,3.8047862719169285,3.40235578177517,0.3362737819979567,8,25,2024-12-11,2025-01-27,60.0,0.55,7.159201878498483,,,,,,,0.06620451876890265,0.290349744844464,-0.26931843918652487,-0.14480461258661412,/Users/yevgeniy/Development/Projects/FinancialEngineering/quant-finance/qf/timeseries/results/on
PLD,Real Estate,ML Proxy+Opt (Best Sweep),3.820476946233215,2.5585460262117947,0.05606988674400195,8,25,2024-12-11,2025-01-27,40.0,0.55,3.820476946233215,,,,,,,-0.016522255223711424,0.047875188471464485,-0.38577087516836295,-1.0692429971134263,/Users/yevgeniy/Development/Projects/FinancialEngineering/quant-finance/qf/timeseries/results/pld
CBRE,Real Estate,Static Proxy+OLS,3.8682212655626698,3.0782262205794995,0.07199033434506957,8,25,2024-12-11,2025-01-27,80.0,0.25,4.5375238018490744,,,,,,,0.32162270853179664,0.8541922171594609,-0.17286419350555615,-0.36933917775824393,/Users/yevgeniy/Development/Projects/FinancialEngineering/quant-finance/qf/timeseries/results/cbre
LH,Health Care,ML Proxy+Opt (Best Sweep),3.8807116326794833,3.3706855355245464,-0.004777876630869804,8,25,2024-12-11,2025-01-27,60.0,0.45,3.8807116326794833,,,,,,,0.5008270072669465,1.5804745904067268,-0.0053156408017047685,0.06444879432684686,/Users/yevgeniy/Development/Projects/FinancialEngineering/quant-finance/qf/timeseries/results/lh
STLD,Materials,Dynamic Proxy+OLS,3.884224533892183,3.1030263859377345,0.2654524865771734,8,25,2024-12-11,2025-01-27,80.0,0.35,9.774196105541385,,,,,,,0.3307571206642377,0.7054351500468491,-0.15739551984036448,-0.18457714419819746,/Users/yevgeniy/Development/Projects/FinancialEngineering/quant-finance/qf/timeseries/results/stld
EXPD,Industrials,Dynamic Proxy+OLS,3.9429953500563526,3.2670701161613627,-0.13193636111792234,8,25,2024-12-11,2025-01-27,120.0,0.55,4.093081418113409,,,,,,,0.3225882124486801,0.9975342341642335,-0.16301834457117848,-0.39854623628516606,/Users/yevgeniy/Development/Projects/FinancialEngineering/quant-finance/qf/timeseries/results/expd
VMC,Materials,ML Proxy+Opt (Best Sweep),3.96713978326592,3.3163693900399087,0.1458857037541708,8,25,2024-12-11,2025-01-27,80.0,0.25,3.96713978326592,,,,,,,0.19541824627316418,0.6698920084474093,-0.2081208472430559,-0.5589325395956019,/Users/yevgeniy/Development/Projects/FinancialEngineering/quant-finance/qf/timeseries/results/vmc
FFIV,Information Technology,Elastic Net+CV,3.995946740479933,3.191087114720936,0.0730116866386654,8,25,2024-12-11,2025-01-27,80.0,0.25,6.0568665882048816,,,,,,,0.9448949095172388,2.0100380117247467,0.06625482320914822,0.26908828302814547,/Users/yevgeniy/Development/Projects/FinancialEngineering/quant-finance/qf/timeseries/results/ffiv
WTW,Financials,GP-RBF,4.002665129803937,3.356553941681553,-0.17079414626831108,8,25,2024-12-11,2025-01-27,40.0,0.35,4.171014709836621,,,,,,,0.5196763347980464,1.5691223652602926,-0.03250814925093792,-0.01987766476684252,/Users/yevgeniy/Development/Projects/FinancialEngineering/quant-finance/qf/timeseries/results/wtw
MRNA,Health Care,ML Proxy+Opt (Best Sweep),4.050948758593205,3.4899865097111396,0.13484702030294232,8,25,2024-12-11,2025-01-27,60.0,0.25,4.050948758593205,,,,,,,-0.7491775473446859,-1.3095706623879049,-0.7869689930393821,-1.5178981652352204,/Users/yevgeniy/Development/Projects/FinancialEngineering/quant-finance/qf/timeseries/results/mrna
SCHW,Financials,Dynamic Proxy+OLS,4.103458771485077,3.605524888457779,0.016043531989921662,8,25,2024-12-11,2025-01-27,80.0,0.45,6.875548977648098,,,,,,,0.16969352345700206,0.5305498944439404,-0.21769580562337276,-0.491964606803444,/Users/yevgeniy/Development/Projects/FinancialEngineering/quant-finance/qf/timeseries/results/schw
AMT,Real Estate,Elastic Net+CV,4.110745393581963,3.169673482050115,-0.15406366768539345,8,25,2024-12-11,2025-01-27,60.0,0.25,4.450315800785858,,,,,,,-0.10307023623203138,-0.23564371628905809,-0.4314926223018294,-1.3740784875891312,/Users/yevgeniy/Development/Projects/FinancialEngineering/quant-finance/qf/timeseries/results/amt
MCD,Consumer Discretionary,ML Proxy+Opt (Best Sweep),4.123343163580868,3.088898355724799,0.18453552694947323,8,25,2024-12-11,2025-01-27,40.0,0.25,4.123343163580868,,,,,,,0.1807590029633348,0.8312581181900939,-0.21436568596585925,-0.8222451418703199,/Users/yevgeniy/Development/Projects/FinancialEngineering/quant-finance/qf/timeseries/results/mcd
ALL,Financials,ML Proxy+Opt (Best Sweep),4.147896646712677,3.3964826674348654,-0.1012359903993021,8,25,2024-12-11,2025-01-27,60.0,0.55,4.147896646712677,,,,,,,0.7978177615509421,1.9811695948068015,0.06480671022846951,0.26679098532701623,/Users/yevgeniy/Development/Projects/FinancialEngineering/quant-finance/qf/timeseries/results/all
ADI,Information Technology,ML Proxy+Opt (Best Sweep),4.16140550061493,3.072024358048145,0.12944284108209572,8,25,2024-12-11,2025-01-27,40.0,0.55,4.16140550061493,,,,,,,0.2488641734303052,0.5725247555673182,-0.1665111772829705,-0.22098488557476764,/Users/yevgeniy/Development/Projects/FinancialEngineering/quant-finance/qf/timeseries/results/adi
ALB,Materials,Dynamic Proxy+OLS,4.172607980960613,3.4799449881298865,0.1650516933577216,8,25,2024-12-11,2025-01-27,120.0,0.25,8.61309135433191,,,,,,,0.128072882657968,0.35703929314921296,-0.20076983843830165,-0.029260529745259372,/Users/yevgeniy/Development/Projects/FinancialEngineering/quant-finance/qf/timeseries/results/alb
LDOS,Industrials,ML Proxy+Opt (Best Sweep),4.22326341989897,3.5983821921137404,0.35038689893034913,8,25,2024-12-11,2025-01-27,80.0,0.55,4.22326341989897,,,,,,,0.12253136635184259,0.4088054721520983,-0.19888990766630787,-0.4439997942964745,/Users/yevgeniy/Development/Projects/FinancialEngineering/quant-finance/qf/timeseries/results/ldos
GRMN,Consumer Discretionary,ML Proxy+Opt (Best Sweep),4.24305587555097,3.4983194322844477,0.3149021933899425,7,25,2024-12-11,2025-01-27,120.0,0.25,4.24305587555097,,,,,,,0.2813364631062627,0.7406327332944388,-0.14393297970480057,-0.2559682676817388,/Users/yevgeniy/Development/Projects/FinancialEngineering/quant-finance/qf/timeseries/results/grmn
PNC,Financials,ML Proxy+Opt (Best Sweep),4.266994417084175,3.4402822111519336,0.1454860990007079,8,25,2024-12-11,2025-01-27,60.0,0.25,4.266994417084175,,,,,,,0.5869870867760687,1.4550104599375235,0.0031419558744909537,0.1055001249652295,/Users/yevgeniy/Development/Projects/FinancialEngineering/quant-finance/qf/timeseries/results/pnc
PKG,Materials,ML Proxy+Opt (Best Sweep),4.363159473486198,4.018933667505137,0.25709866317902313,8,25,2024-12-11,2025-01-27,60.0,0.35,4.363159473486198,,,,,,,0.5563325940411197,1.4834044948655436,0.01203476576490603,0.12534727655542663,/Users/yevgeniy/Development/Projects/FinancialEngineering/quant-finance/qf/timeseries/results/pkg
DASH,Consumer Discretionary,ML Proxy+Opt (Best Sweep),4.425591449590082,3.652740459118408,0.07179955773204418,8,25,2024-12-11,2025-01-27,120.0,0.55,4.425591449590082,,,,,,,1.2227328506144857,1.7769818549862346,0.26827099800763254,0.5848881197089342,/Users/yevgeniy/Development/Projects/FinancialEngineering/quant-finance/qf/timeseries/results/dash
AVY,Materials,ML Proxy+Opt (Best Sweep),4.43587289795849,3.9519150810763555,0.0691970907307197,8,25,2024-12-11,2025-01-27,120.0,0.25,4.43587289795849,,,,,,,-0.03610344765899565,-0.07102360630123293,-0.36902298665174915,-1.3243763359905565,/Users/yevgeniy/Development/Projects/FinancialEngineering/quant-finance/qf/timeseries/results/avy
VRSN,Information Technology,Elastic Net+CV,4.437449505794618,3.8254845537795794,-0.06692229107259583,8,25,2024-12-11,2025-01-27,40.0,0.55,4.577649042330056,,,,,,,0.24385750783304827,0.8836386927924501,-0.13423799383792534,-0.3868419191705076,/Users/yevgeniy/Development/Projects/FinancialEngineering/quant-finance/qf/timeseries/results/vrsn
IBM,Information Technology,ML Proxy+Opt (Best Sweep),4.465752547362267,3.8138058302621443,-0.38545566574032086,8,25,2024-12-11,2025-01-27,40.0,0.35,4.465752547362267,,,,,,,0.23273820210915797,0.7700611898291604,-0.17822341002780095,-0.46718975115943207,/Users/yevgeniy/Development/Projects/FinancialEngineering/quant-finance/qf/timeseries/results/ibm
DLR,Real Estate,Static Proxy+OLS,4.480966818221189,3.7695781242809363,0.06447269756371915,8,25,2024-12-11,2025-01-27,80.0,0.55,7.018269885799815,,,,,,,0.8661534838549116,1.9046785862930102,0.16935657773837387,0.49954613603786885,/Users/yevgeniy/Development/Projects/FinancialEngineering/quant-finance/qf/timeseries/results/dlr
JBHT,Industrials,ML Proxy+Opt (Best Sweep),4.503557919648196,3.443968059694912,-0.06300755249123341,8,25,2024-12-11,2025-01-27,80.0,0.25,4.503557919648196,,,,,,,-0.005393577100997193,0.08687836908869685,-0.3452225162058691,-0.8610134914242772,/Users/yevgeniy/Development/Projects/FinancialEngineering/quant-finance/qf/timeseries/results/jbht
UHS,Health Care,Elastic Net+CV,4.514263049396709,3.7551066650829994,-0.31574732293242325,8,25,2024-12-11,2025-01-27,120.0,0.55,5.483968188933263,,,,,,,0.2425496096398474,0.622645649502671,-0.18944202790735665,-0.3309797430158393,/Users/yevgeniy/Development/Projects/FinancialEngineering/quant-finance/qf/timeseries/results/uhs
IQV,Health Care,ML Proxy+Opt (Best Sweep),4.550879850795017,3.511595621602625,-2.346043727700772e-05,8,25,2024-12-11,2025-01-27,120.0,0.35,4.550879850795017,,,,,,,0.23738164396262929,0.5743159521137833,-0.2218527227158389,-0.3890365310910723,/Users/yevgeniy/Development/Projects/FinancialEngineering/quant-finance/qf/timeseries/results/iqv
AIZ,Financials,Feature PCA Proxy+OLS,4.551349273623257,3.5380379462487705,0.2579668016128949,8,25,2024-12-11,2025-01-27,80.0,0.55,5.624633216093527,,,,,,,0.2815720014636982,0.8076710727636297,-0.17898278733036388,-0.4172319673386813,/Users/yevgeniy/Development/Projects/FinancialEngineering/quant-finance/qf/timeseries/results/aiz
BRK-B,Financials,ML Proxy+Opt (Best Sweep),4.557625634800531,3.492602896748097,0.12787147995163747,8,25,2024-12-11,2025-01-27,60.0,0.45,4.557625634800531,,,,,,,0.2704343810428813,1.2420602767850513,-0.1972894064879398,-0.7574849622892216,/Users/yevgeniy/Development/Projects/FinancialEngineering/quant-finance/qf/timeseries/results/brk-b
RL,Consumer Discretionary,Elastic Net+CV,4.567500808599071,3.9987405169608667,0.11045160896453424,8,25,2024-12-11,2025-01-27,120.0,0.25,4.579886346904797,,,,,,,0.35537511889659434,0.7968843665677858,-0.14816133906574236,-0.22055214772562015,/Users/yevgeniy/Development/Projects/FinancialEngineering/quant-finance/qf/timeseries/results/rl
IEX,Industrials,GP-RBF,4.5995319166060575,3.936239153554449,0.08793333010073086,8,25,2024-12-11,2025-01-27,80.0,0.55,6.411349705162012,,,,,,,-0.08719022058881365,-0.15968945722832611,-0.4134702861346139,-1.1931988124646105,/Users/yevgeniy/Development/Projects/FinancialEngineering/quant-finance/qf/timeseries/results/iex
AMZN,Consumer Discretionary,ML Proxy+Opt (Best Sweep),4.6388266322922505,3.957347499445363,0.06681128761142048,8,25,2024-12-11,2025-01-27,60.0,0.35,4.6388266322922505,,,,,,,0.5656026965186007,1.1275050406164846,-0.01360038631253957,0.09170127088649137,/Users/yevgeniy/Development/Projects/FinancialEngineering/quant-finance/qf/timeseries/results/amzn
KKR,Financials,GP-RBF,4.649921186506101,3.8494771950030016,0.10740560406178369,8,25,2024-12-11,2025-01-27,40.0,0.25,5.421382396753272,,,,,,,0.6202796554324914,1.0274790178904514,0.0386487583309707,0.20745741914107546,/Users/yevgeniy/Development/Projects/FinancialEngineering/quant-finance/qf/timeseries/results/kkr
ODFL,Industrials,ML Proxy+Opt (Best Sweep),4.6758847490308675,3.4200783445595495,0.020372534234444198,8,25,2024-12-11,2025-01-27,40.0,0.45,4.6758847490308675,,,,,,,0.22746655403315352,0.5383444549570071,-0.2195619363997272,-0.3200149156689803,/Users/yevgeniy/Development/Projects/FinancialEngineering/quant-finance/qf/timeseries/results/odfl
PSX,Energy,Dynamic Proxy+OLS,4.686957943192449,4.014531276416673,0.04423119628579221,8,21,2024-12-11,2025-01-27,40.0,0.35,5.448191969498741,,,,,,,-0.0898108446746737,-0.09121862156916204,-0.3983284815325856,-0.8890640572933803,/Users/yevgeniy/Development/Projects/FinancialEngineering/quant-finance/qf/timeseries/results/psx
V,Financials,ML Proxy+Opt (Best Sweep),4.703664726430027,3.865091114157523,-0.01218251294583934,8,25,2024-12-11,2025-01-27,40.0,0.55,4.703664726430027,,,,,,,0.25210947354507973,0.877241475050655,-0.17874393228261454,-0.5278896367570686,/Users/yevgeniy/Development/Projects/FinancialEngineering/quant-finance/qf/timeseries/results/v
MAR,Consumer Discretionary,ML Proxy+Opt (Best Sweep),4.720844634324619,3.4144221130180443,-0.1287508251419455,8,25,2024-12-11,2025-01-27,40.0,0.45,4.720844634324619,,,,,,,0.36083601128770026,0.9759353532089111,-0.11491086020837327,-0.21094086479944413,/Users/yevgeniy/Development/Projects/FinancialEngineering/quant-finance/qf/timeseries/results/mar
TRV,Financials,Static Proxy+OLS,4.777817348635879,3.705944298545023,-0.08644680743343346,8,25,2024-12-11,2025-01-27,60.0,0.25,7.024902467755998,,,,,,,0.38566073469956863,1.2958440032278147,-0.11493019251128,-0.30196727975984405,/Users/yevgeniy/Development/Projects/FinancialEngineering/quant-finance/qf/timeseries/results/trv
MSI,Information Technology,ML Proxy+Opt (Best Sweep),4.82219317513857,3.4336176585172495,0.03372130175000947,8,25,2024-12-11,2025-01-27,40.0,0.35,4.82219317513857,,,,,,,0.251612730912979,0.9864577685415189,-0.20978138493800724,-0.7083022278203762,/Users/yevgeniy/Development/Projects/FinancialEngineering/quant-finance/qf/timeseries/results/msi
MTB,Financials,ML Proxy+Opt (Best Sweep),4.827516903873133,4.392256730976749,0.1924234377893924,8,25,2024-12-11,2025-01-27,60.0,0.35,4.827516903873133,,,,,,,0.2797135076851338,0.6935043296777136,-0.1836292003929475,-0.3232326020091053,/Users/yevgeniy/Development/Projects/FinancialEngineering/quant-finance/qf/timeseries/results/mtb
COF,Financials,GP-RBF,4.848910599562608,3.8818907003970216,0.255801426139731,8,25,2024-12-11,2025-01-27,60.0,0.25,7.060414919285671,,,,,,,0.9724736376841299,1.6218464303626572,0.2113971475238381,0.515604766001234,/Users/yevgeniy/Development/Projects/FinancialEngineering/quant-finance/qf/timeseries/results/cof
CB,Financials,Elastic Net+CV,4.85151753444322,4.090699348410388,-0.012206638751549743,8,25,2024-12-11,2025-01-27,60.0,0.25,4.936702516149964,,,,,,,0.6828989264813403,2.260222443199881,0.06503319420649434,0.2942638616672249,/Users/yevgeniy/Development/Projects/FinancialEngineering/quant-finance/qf/timeseries/results/cb
ADSK,Information Technology,Elastic Net+CV,4.914282379092267,4.048551958124038,0.10506344673975355,8,25,2024-12-11,2025-01-27,80.0,0.25,5.386627304790496,,,,,,,0.5283322313531009,1.163860264987594,-0.051656444054930306,-0.009097662203551305,/Users/yevgeniy/Development/Projects/FinancialEngineering/quant-finance/qf/timeseries/results/adsk
APTV,Consumer Discretionary,ML Proxy+Opt (Best Sweep),4.9566409686410715,4.179115355114167,-0.01116003480731962,8,25,2024-12-11,2025-01-27,120.0,0.25,4.9566409686410715,,,,,,,0.017484326324179733,0.16134204937211113,-0.303278800543862,-0.5573174714744284,/Users/yevgeniy/Development/Projects/FinancialEngineering/quant-finance/qf/timeseries/results/aptv
AON,Financials,Elastic Net+CV,4.959992653922962,3.878597791714469,-0.13076063704949736,8,25,2024-12-11,2025-01-27,120.0,0.25,9.364959614104954,,,,,,,0.09961052673955972,0.3753212063462352,-0.2761048221142214,-0.7816688197845008,/Users/yevgeniy/Development/Projects/FinancialEngineering/quant-finance/qf/timeseries/results/aon
AXP,Financials,Feature PCA Proxy+OLS,4.961258483784214,4.0645699704193055,-0.003458871831107494,8,25,2024-12-11,2025-01-27,80.0,0.25,4.961258483784214,,,,,,,0.40834062152966255,1.0271984893313477,-0.12717247535069942,-0.24181671803881014,/Users/yevgeniy/Development/Projects/FinancialEngineering/quant-finance/qf/timeseries/results/axp
AMAT,Information Technology,Feature PCA Proxy+OLS,5.044707845517949,4.1622439230033,0.408410259115921,8,25,2024-12-11,2025-01-27,120.0,0.35,10.388771557784494,,,,,,,0.4327910198810361,0.7797993909900798,-0.05309548368195838,0.05324102632787251,/Users/yevgeniy/Development/Projects/FinancialEngineering/quant-finance/qf/timeseries/results/amat
EIX,Utilities,Dynamic Proxy+OLS,5.048394506056249,3.6378887604147745,0.35458561132173255,8,25,2024-12-11,2025-01-27,80.0,0.35,12.111631886607444,,,,,,,0.06850503020675469,0.264471933942545,-0.1641232911932411,-0.28068721247097395,/Users/yevgeniy/Development/Projects/FinancialEngineering/quant-finance/qf/timeseries/results/eix
ADP,Industrials,Elastic Net+CV,5.073938894410841,4.402905354173222,0.03451639779518158,8,25,2024-12-11,2025-01-27,40.0,0.45,5.966247264786927,,,,,,,0.09202824873778725,0.40207568004304767,-0.29051374689180687,-0.9980880846780276,/Users/yevgeniy/Development/Projects/FinancialEngineering/quant-finance/qf/timeseries/results/adp
RCL,Consumer Discretionary,Static Proxy+OLS,5.096175858864741,3.761294837191727,-0.0933170200756266,8,25,2024-12-11,2025-01-27,40.0,0.25,9.1020941211146,,,,,,,0.3550295356992421,0.7047669652563736,-0.2317953301265897,-0.356235910758572,/Users/yevgeniy/Development/Projects/FinancialEngineering/quant-finance/qf/timeseries/results/rcl
DVA,Health Care,GP-RBF,5.126527266593554,3.7943145582223203,0.09610886672987308,7,25,2024-12-11,2025-01-27,120.0,0.25,8.570789270769342,,,,,,,0.0027554967964316113,0.1282589762188741,-0.3449897779965887,-0.7131405895642277,/Users/yevgeniy/Development/Projects/FinancialEngineering/quant-finance/qf/timeseries/results/dva
DHR,Health Care,GP-RBF,5.146904543178529,4.182772269802784,-0.0858644278883479,8,25,2024-12-11,2025-01-27,120.0,0.55,5.872323269259412,,,,,,,0.2007955671631696,0.545465195772024,-0.19325112509167508,-0.3650566310016435,/Users/yevgeniy/Development/Projects/FinancialEngineering/quant-finance/qf/timeseries/results/dhr
AMGN,Health Care,ML Proxy+Opt (Best Sweep),5.147674166664778,4.259158346025027,-0.0038732208976131536,8,25,2024-12-11,2025-01-27,40.0,0.25,5.147674166664778,,,,,,,-0.06435064679417024,-0.10897311639406848,-0.38493749001518984,-1.1529136890628666,/Users/yevgeniy/Development/Projects/FinancialEngineering/quant-finance/qf/timeseries/results/amgn
ACN,Information Technology,GP-RBF,5.151962260664071,4.1728062413128875,0.0752534705355828,8,25,2024-12-11,2025-01-27,120.0,0.35,6.013353322039079,,,,,,,-0.22461055497443883,-0.5173894468632824,-0.5178922645190926,-1.534712243244454,/Users/yevgeniy/Development/Projects/FinancialEngineering/quant-finance/qf/timeseries/results/acn
DECK,Consumer Discretionary,Elastic Net+CV,5.158068785670611,4.09154763085922,-0.029830941051893746,8,25,2024-12-11,2025-01-27,120.0,0.45,6.078279703649016,,,,,,,0.26713110174429966,0.5162663960415148,-0.22245196798691802,-0.17836193999413943,/Users/yevgeniy/Development/Projects/FinancialEngineering/quant-finance/qf/timeseries/results/deck
MKTX,Financials,ML Proxy+Opt (Best Sweep),5.175156925437964,3.6329762629436524,-0.18832521335727193,7,25,2024-12-11,2025-01-27,40.0,0.35,5.175156925437964,,,,,,,-0.17632515610552535,-0.3394900649166474,-0.4463170234347573,-1.1508817566788483,/Users/yevgeniy/Development/Projects/FinancialEngineering/quant-finance/qf/timeseries/results/mktx
STX,Information Technology,ML Proxy+Opt (Best Sweep),5.246388509188253,4.110358616042551,0.3182239987708444,8,25,2024-12-11,2025-01-27,60.0,0.45,5.246388509188253,,,,,,,-0.011141756234196332,0.10126162871075917,-0.330196111086274,-0.6263892198939489,/Users/yevgeniy/Development/Projects/FinancialEngineering/quant-finance/qf/timeseries/results/stx
FANG,Energy,Static Proxy+OLS,5.296827823287139,4.544545451308562,0.3014056487953971,8,21,2024-12-11,2025-01-27,120.0,0.25,5.829993163101173,,,,,,,-0.21530423906637475,-0.36739339044510305,-0.41691784888836503,-0.9000403099958516,/Users/yevgeniy/Development/Projects/FinancialEngineering/quant-finance/qf/timeseries/results/fang
ANET,Information Technology,ML Proxy+Opt (Best Sweep),5.328696929718156,3.4764579904119772,-0.033087062508596485,8,25,2024-12-11,2025-01-27,120.0,0.25,5.328696929718156,,,,,,,1.4876172693231493,1.4720411896786083,0.5104847203998863,0.7494857209537931,/Users/yevgeniy/Development/Projects/FinancialEngineering/quant-finance/qf/timeseries/results/anet
WM,Industrials,Feature PCA Proxy+OLS,5.373182111437068,4.781450724632533,0.042490592688876824,8,25,2024-12-11,2025-01-27,40.0,0.35,7.800711717717313,,,,,,,0.19647191603735092,0.8048218299277872,-0.21927431680519605,-0.7247848144123133,/Users/yevgeniy/Development/Projects/FinancialEngineering/quant-finance/qf/timeseries/results/wm
ESS,Real Estate,ML Proxy+Opt (Best Sweep),5.3857650603599145,4.560491976510773,-0.027097602883839847,8,25,2024-12-11,2025-01-27,120.0,0.35,5.3857650603599145,,,,,,,0.09807359128446325,0.3584931675880975,-0.32617705614576964,-0.9080151956659421,/Users/yevgeniy/Development/Projects/FinancialEngineering/quant-finance/qf/timeseries/results/ess
TER,Information Technology,Dynamic Proxy+OLS,5.394542207438528,4.391499149567471,0.23615781984837655,8,25,2024-12-11,2025-01-27,40.0,0.35,8.874411060406993,,,,,,,0.10929427502065825,0.32712885617945126,-0.1513425183502607,-0.032558055200161855,/Users/yevgeniy/Development/Projects/FinancialEngineering/quant-finance/qf/timeseries/results/ter
SOLV,Health Care,ML Proxy+Opt (Best Sweep),5.404683985568588,4.124340210652788,-0.045877384097675264,8,25,2025-02-24,2025-04-04,40.0,0.35,5.404683985568588,,,,,,,0.11747162392570698,0.4389690840543919,-0.18082267869620572,-0.41281829977346457,/Users/yevgeniy/Development/Projects/FinancialEngineering/quant-finance/qf/timeseries/results/solv
DELL,Information Technology,Elastic Net+CV,5.444486349281965,4.355134116604008,0.1782266070633357,8,25,2024-12-11,2025-01-27,80.0,0.45,5.60066381623739,,,,,,,0.5097611618671851,0.8187392100335906,0.06095517988148158,0.2536418847236793,/Users/yevgeniy/Development/Projects/FinancialEngineering/quant-finance/qf/timeseries/results/dell
COR,Health Care,Static Proxy+OLS,5.506281199176867,4.775441396031962,-0.2515571130331176,8,25,2024-12-11,2025-01-27,120.0,0.45,7.016923847605,,,,,,,0.38800411230431253,1.5712705031344805,-0.09266617815586509,-0.2731141733235877,/Users/yevgeniy/Development/Projects/FinancialEngineering/quant-finance/qf/timeseries/results/cor
LW,Consumer Staples,ML Proxy+Opt (Best Sweep),5.531521806613269,4.651896100266971,-0.1561758188732329,7,25,2024-11-20,2025-01-03,120.0,0.55,5.531521806613269,,,,,,,0.013778059744230076,0.19308507457705493,-0.11066666684988602,-0.04058735791530546,/Users/yevgeniy/Development/Projects/FinancialEngineering/quant-finance/qf/timeseries/results/lw
SPGI,Financials,Feature Raw Proxy+OLS,5.541360944204873,4.711593109362004,0.07420974945174379,8,25,2024-12-11,2025-01-27,80.0,0.35,5.541360944204873,,,,,,,0.008877650010565175,0.0993838978432781,-0.3497321846825415,-1.2821835043453946,/Users/yevgeniy/Development/Projects/FinancialEngineering/quant-finance/qf/timeseries/results/spgi
APO,Financials,Dynamic Proxy+OLS,5.647107169177433,4.631944575482861,0.07798278768841663,8,25,2024-12-11,2025-01-27,40.0,0.25,8.543694976008094,,,,,,,0.6287552997683912,1.0351961346790155,0.0964651337121949,0.30446489448291086,/Users/yevgeniy/Development/Projects/FinancialEngineering/quant-finance/qf/timeseries/results/apo
HON,Industrials,ML Proxy+Opt (Best Sweep),5.688497574033146,4.833976220276051,-0.17016526701123819,8,25,2024-12-11,2025-01-27,120.0,0.55,5.688497574033146,,,,,,,0.05152777957929855,0.24825758343772145,-0.3088645544229871,-1.0597505826314708,/Users/yevgeniy/Development/Projects/FinancialEngineering/quant-finance/qf/timeseries/results/hon
WDAY,Information Technology,ML Proxy+Opt (Best Sweep),5.744892982452585,4.773898698314257,-0.018388770959538964,8,25,2024-12-11,2025-01-27,60.0,0.45,5.744892982452585,,,,,,,0.00012666058719590367,0.11276895568941228,-0.30181469140442974,-0.6250448771834792,/Users/yevgeniy/Development/Projects/FinancialEngineering/quant-finance/qf/timeseries/results/wday
PTC,Information Technology,Dynamic Proxy+OLS,5.784036212453323,4.606384668868778,0.17723658623549618,8,25,2024-12-11,2025-01-27,120.0,0.35,6.846632880309422,,,,,,,0.09772080622627621,0.38369587009382994,-0.2515159508457935,-0.7088751101361388,/Users/yevgeniy/Development/Projects/FinancialEngineering/quant-finance/qf/timeseries/results/ptc
AJG,Financials,ML Proxy+Opt (Best Sweep),5.796485620748705,4.863176441678767,-0.23696486480116827,8,25,2024-12-11,2025-01-27,40.0,0.45,5.796485620748705,,,,,,,0.18590252068665936,0.7133503400615413,-0.27332880283993444,-0.9378877711471044,/Users/yevgeniy/Development/Projects/FinancialEngineering/quant-finance/qf/timeseries/results/ajg
ZTS,Health Care,Dynamic Proxy+OLS,5.800132739404212,4.81418956639312,-0.09851162212596816,8,25,2024-12-11,2025-01-27,40.0,0.25,6.011648531599868,,,,,,,0.07860280387172924,0.29947289939102173,-0.29919712586981684,-0.7478910431203671,/Users/yevgeniy/Development/Projects/FinancialEngineering/quant-finance/qf/timeseries/results/zts
HSY,Consumer Staples,Static Proxy+OLS,5.859607139762492,4.27567065017494,0.019626443422989946,8,25,2024-11-20,2025-01-03,120.0,0.25,7.024104425313067,,,,,,,0.1502337580852955,0.4813312163947461,-0.10227368849268281,-0.1866313762050081,/Users/yevgeniy/Development/Projects/FinancialEngineering/quant-finance/qf/timeseries/results/hsy
LHX,Industrials,Dynamic Proxy+OLS,5.8997474499026685,4.940858866228647,-0.19754948490971375,8,25,2024-12-11,2025-01-27,40.0,0.25,15.456553693357284,,,,,,,0.14738646260618515,0.605549683925741,-0.24561974445625379,-0.7898879108352853,/Users/yevgeniy/Development/Projects/FinancialEngineering/quant-finance/qf/timeseries/results/lhx
ROP,Information Technology,ML Proxy+Opt (Best Sweep),5.949379540232802,4.693677801564265,0.32361259995784986,8,25,2024-12-11,2025-01-27,60.0,0.25,5.949379540232802,,,,,,,0.09568827045113615,0.4166232298475387,-0.2715012472181646,-0.9008212505000409,/Users/yevgeniy/Development/Projects/FinancialEngineering/quant-finance/qf/timeseries/results/rop
GNRC,Industrials,Dynamic Proxy+OLS,6.037207262441939,4.967884512367655,0.10288250001247987,8,25,2024-12-11,2025-01-27,40.0,0.35,7.20053526585367,,,,,,,0.10208877042309883,0.30872081879620566,-0.2526163273643993,-0.3162026553422275,/Users/yevgeniy/Development/Projects/FinancialEngineering/quant-finance/qf/timeseries/results/gnrc
CINF,Financials,ML Proxy+Opt (Best Sweep),6.075173940056929,4.814515255728753,0.12833023000426833,8,25,2024-12-11,2025-01-27,80.0,0.55,6.075173940056929,,,,,,,0.9266078430783309,2.0743877560683974,0.17618531772553658,0.5257494779778451,/Users/yevgeniy/Development/Projects/FinancialEngineering/quant-finance/qf/timeseries/results/cinf
NSC,Industrials,Feature PCA Proxy+OLS,6.083949397194402,4.171580780071794,0.07242163232139745,8,25,2024-12-11,2025-01-27,80.0,0.25,6.083949397194402,,,,,,,0.7032777744462864,1.3921578542822677,0.10461310386716471,0.3321650431560657,/Users/yevgeniy/Development/Projects/FinancialEngineering/quant-finance/qf/timeseries/results/nsc
HD,Consumer Discretionary,ML Proxy+Opt (Best Sweep),6.090232388388374,5.0833231105808165,0.2898506390227719,8,25,2024-12-11,2025-01-27,40.0,0.45,6.090232388388374,,,,,,,0.00029576390603258673,0.07298441245257034,-0.34017682421464335,-1.1007792519375057,/Users/yevgeniy/Development/Projects/FinancialEngineering/quant-finance/qf/timeseries/results/hd
CBOE,Financials,Static Proxy+OLS,6.215430549282304,5.502101496646465,-0.24310685546660868,8,25,2024-12-11,2025-01-27,60.0,0.25,8.680726714284546,,,,,,,0.36857470656698577,1.1287010411217193,-0.11801757359184883,-0.2677887939835671,/Users/yevgeniy/Development/Projects/FinancialEngineering/quant-finance/qf/timeseries/results/cboe
BA,Industrials,ML Proxy+Opt (Best Sweep),6.242776029317778,4.769337732297296,-0.02896168073039031,7,25,2024-12-11,2025-01-27,40.0,0.35,6.242776029317778,,,,,,,-0.3197631256191191,-0.6012432060837837,-0.5051746644395728,-1.16831456934046,/Users/yevgeniy/Development/Projects/FinancialEngineering/quant-finance/qf/timeseries/results/ba
HCA,Health Care,ML Proxy+Opt (Best Sweep),6.252687030799998,4.446080744178717,-0.2524778368435465,8,25,2024-12-11,2025-01-27,120.0,0.45,6.252687030799998,,,,,,,0.31236613052265483,0.8676483936098787,-0.17981268988463328,-0.4090142157421242,/Users/yevgeniy/Development/Projects/FinancialEngineering/quant-finance/qf/timeseries/results/hca
SNA,Industrials,Dynamic Proxy+OLS,6.3424119643011645,5.0749046125186545,0.20011521650659944,8,25,2024-12-11,2025-01-27,120.0,0.45,7.030943004400275,,,,,,,0.3682075067755619,1.1224323368227238,-0.11688335411589779,-0.2630792401924575,/Users/yevgeniy/Development/Projects/FinancialEngineering/quant-finance/qf/timeseries/results/sna
CVS,Health Care,ML Proxy+Opt (Best Sweep),6.367632713892438,5.5008352328152625,0.08616516569725488,8,25,2024-12-11,2025-01-27,40.0,0.25,6.367632713892438,,,,,,,-0.16488724863040427,-0.20022742767557133,-0.446468314560184,-0.8661737978230174,/Users/yevgeniy/Development/Projects/FinancialEngineering/quant-finance/qf/timeseries/results/cvs
MU,Information Technology,GP-RBF,6.456478118623185,5.5513308463085345,0.1530552221672222,8,25,2024-12-11,2025-01-27,60.0,0.45,6.460464136583914,,,,,,,0.039078720120492516,0.23790300232216388,-0.3672624316112605,-0.3950032424290761,/Users/yevgeniy/Development/Projects/FinancialEngineering/quant-finance/qf/timeseries/results/mu
QCOM,Information Technology,Feature PCA Proxy+OLS,6.496429067801136,5.372990489935427,0.27081193554526745,8,25,2024-12-11,2025-01-27,80.0,0.45,6.496429067801136,,,,,,,0.599140342871709,1.0739612844328064,-0.011114867559817387,0.11081720620187933,/Users/yevgeniy/Development/Projects/FinancialEngineering/quant-finance/qf/timeseries/results/qcom
BLDR,Industrials,Dynamic Proxy+OLS,6.669557626400298,5.661958198881407,0.16761335388496876,8,25,2024-12-11,2025-01-27,120.0,0.25,9.884633058464381,,,,,,,0.18937857219291687,0.4415909189573439,-0.2560247454839144,-0.3104239801626023,/Users/yevgeniy/Development/Projects/FinancialEngineering/quant-finance/qf/timeseries/results/bldr
MA,Financials,ML Proxy+Opt (Best Sweep),6.696450733272277,5.578608675162652,0.023745645692156356,8,25,2024-12-11,2025-01-27,40.0,0.25,6.696450733272277,,,,,,,0.3362890902403215,1.1440608116704043,-0.11353932065252836,-0.30067132842764255,/Users/yevgeniy/Development/Projects/FinancialEngineering/quant-finance/qf/timeseries/results/ma
WSM,Consumer Discretionary,Feature PCA Proxy+OLS,6.86650826316745,5.993008934359077,-0.06324197579656371,8,25,2024-12-11,2025-01-27,80.0,0.35,6.86650826316745,,,,,,,0.793372782501341,1.146089029976879,0.17391910549943645,0.41318045946831694,/Users/yevgeniy/Development/Projects/FinancialEngineering/quant-finance/qf/timeseries/results/wsm
BX,Financials,Dynamic Proxy+OLS,6.903669338943043,5.516345526525034,-0.030405182714554238,8,25,2024-12-11,2025-01-27,120.0,0.55,13.201902394662795,,,,,,,0.4758987372131869,0.9239152521817381,-0.05624216061647014,0.019139199462353873,/Users/yevgeniy/Development/Projects/FinancialEngineering/quant-finance/qf/timeseries/results/bx
UNP,Industrials,ML Proxy+Opt (Best Sweep),6.994617830269925,4.800483772599859,-0.08846322925031265,8,25,2024-12-11,2025-01-27,120.0,0.25,6.994617830269925,,,,,,,0.5813947023787807,1.6582973532699163,0.030827990662160243,0.17513595250794098,/Users/yevgeniy/Development/Projects/FinancialEngineering/quant-finance/qf/timeseries/results/unp
ROK,Industrials,ML Proxy+Opt (Best Sweep),6.996044283006884,5.740390670775673,0.09530780980674747,8,25,2024-12-11,2025-01-27,120.0,0.35,6.996044283006884,,,,,,,0.6467577889982399,1.224770879052621,0.1413939879860957,0.3941935360333621,/Users/yevgeniy/Development/Projects/FinancialEngineering/quant-finance/qf/timeseries/results/rok
NVDA,Information Technology,ML Proxy+Opt (Best Sweep),7.0187574629920855,5.560221401845355,0.05533956675542933,8,25,2024-12-11,2025-01-27,120.0,0.45,7.0187574629920855,,,,,,,1.00368384607459,1.1227628679667867,0.32210257595167113,0.5560214515188038,/Users/yevgeniy/Development/Projects/FinancialEngineering/quant-finance/qf/timeseries/results/nvda
FDX,Industrials,ML Proxy+Opt (Best Sweep),7.078431535695948,6.01751741574883,0.10138743371500947,8,25,2024-12-11,2025-01-27,80.0,0.25,7.078431535695948,,,,,,,0.3225998158269847,0.8770581800195724,-0.1828083681581848,-0.40980618401278046,/Users/yevgeniy/Development/Projects/FinancialEngineering/quant-finance/qf/timeseries/results/fdx
ALGN,Health Care,Dynamic Proxy+OLS,7.0881838962100385,6.143066557585629,0.2801581512468029,8,25,2024-12-11,2025-01-27,60.0,0.25,10.55787964849796,,,,,,,-0.37190410894375536,-0.522966349348718,-0.5942598039188753,-1.114190787714419,/Users/yevgeniy/Development/Projects/FinancialEngineering/quant-finance/qf/timeseries/results/algn
MSFT,Information Technology,GP-RBF,7.225402455097468,5.182205307430999,-0.05891038246404477,8,25,2024-12-11,2025-01-27,80.0,0.45,9.035553686363293,,,,,,,0.17339875720483633,0.6155845641697151,-0.20069559354276456,-0.5854198834762576,/Users/yevgeniy/Development/Projects/FinancialEngineering/quant-finance/qf/timeseries/results/msft
CNC,Health Care,ML Proxy+Opt (Best Sweep),7.236530378506952,6.649490251714578,-0.3620824332890912,8,25,2024-12-11,2025-01-27,120.0,0.25,7.236530378506952,,,,,,,0.24831434681051978,0.6073175915059327,-0.11959708048881457,-0.15455773560926855,/Users/yevgeniy/Development/Projects/FinancialEngineering/quant-finance/qf/timeseries/results/cnc
TRGP,Energy,ML Proxy+Opt (Best Sweep),7.299047055001857,5.586432862734871,0.23828644470174995,8,21,2024-12-11,2025-01-27,120.0,0.35,7.299047055001857,,,,,,,0.3904123368689041,0.9720283906235995,0.010315231135997305,0.130347105846329,/Users/yevgeniy/Development/Projects/FinancialEngineering/quant-finance/qf/timeseries/results/trgp
MOH,Health Care,ML Proxy+Opt (Best Sweep),7.314315403295806,5.0439721767207155,-0.11210038260223368,8,25,2024-12-11,2025-01-27,120.0,0.35,7.314315403295806,,,,,,,0.04702725122990414,0.225132035136368,-0.3322306704591078,-0.5004240127343906,/Users/yevgeniy/Development/Projects/FinancialEngineering/quant-finance/qf/timeseries/results/moh
TMUS,Communication Services,ML Proxy+Opt (Best Sweep),7.3518363282042705,5.6097520698922265,0.2472846891418872,8,21,2024-12-11,2025-01-27,40.0,0.25,7.3518363282042705,,,,,,,0.48359436432407454,1.8270011294557726,-0.06153091926442378,-0.13674649722483456,/Users/yevgeniy/Development/Projects/FinancialEngineering/quant-finance/qf/timeseries/results/tmus
PLTR,Information Technology,Dynamic Proxy+OLS,7.371618766498603,5.539460796388767,0.21060042039098803,8,25,2024-12-11,2025-01-27,120.0,0.45,10.34926533784714,,,,,,,2.2831862657977,1.5644554565888709,1.0080996786217575,1.0004915379302843,/Users/yevgeniy/Development/Projects/FinancialEngineering/quant-finance/qf/timeseries/results/pltr
POOL,Consumer Discretionary,Static Proxy+OLS,7.435712177345656,5.472420780334966,0.21108711160559282,8,25,2024-12-11,2025-01-27,120.0,0.35,20.383813532808063,,,,,,,0.3388151564773323,0.7557241837700462,-0.06358688747599028,-0.010177398527770925,/Users/yevgeniy/Development/Projects/FinancialEngineering/quant-finance/qf/timeseries/results/pool
MLM,Materials,Static Proxy+OLS,7.581441917787332,6.010836086454797,0.13544091815061518,8,25,2024-12-11,2025-01-27,80.0,0.25,8.347407935397056,,,,,,,0.23892275880787928,0.7806670432557906,-0.185997779242292,-0.479010976130631,/Users/yevgeniy/Development/Projects/FinancialEngineering/quant-finance/qf/timeseries/results/mlm
PANW,Information Technology,Elastic Net+CV,7.77422909907856,6.223408862168224,0.2010182796272116,8,25,2024-12-11,2025-01-27,40.0,0.55,7.945304552688487,,,,,,,0.8490820039066762,1.3939806600795426,0.19178954886805322,0.46599637163920865,/Users/yevgeniy/Development/Projects/FinancialEngineering/quant-finance/qf/timeseries/results/panw
NOC,Industrials,ML Proxy+Opt (Best Sweep),7.787172685741719,5.746191865565824,-0.15079835606357442,8,25,2024-12-11,2025-01-27,120.0,0.25,7.787172685741719,,,,,,,-0.00920094051021303,0.0330558318085139,-0.3259393248833231,-1.1712381106357177,/Users/yevgeniy/Development/Projects/FinancialEngineering/quant-finance/qf/timeseries/results/noc
HUM,Health Care,Dynamic Proxy+OLS,7.794742330019384,5.871482543718924,0.22065657551088763,8,25,2024-12-11,2025-01-27,80.0,0.45,16.68718462467393,,,,,,,-0.16891831730926765,-0.18268220051665238,-0.44169229819063505,-0.8144585083473451,/Users/yevgeniy/Development/Projects/FinancialEngineering/quant-finance/qf/timeseries/results/hum
TT,Industrials,Feature PCA Proxy+OLS,7.806108210411184,6.542317044717686,0.14125069783230212,8,25,2024-12-11,2025-01-27,80.0,0.35,7.806108210411184,,,,,,,0.18933889297252304,0.6495281387759333,-0.22603201117817262,-0.6214327509811846,/Users/yevgeniy/Development/Projects/FinancialEngineering/quant-finance/qf/timeseries/results/tt
LIN,Materials,Static Proxy+OLS,7.861360843321496,7.131439107313039,-0.040471887154040154,8,25,2024-12-11,2025-01-27,40.0,0.45,12.500598350056986,,,,,,,0.22128558703516665,0.9549611627402124,-0.2003351368853028,-0.6924995719187437,/Users/yevgeniy/Development/Projects/FinancialEngineering/quant-finance/qf/timeseries/results/lin
EG,Financials,Elastic Net+CV,7.982099859707414,6.122012063499765,0.06908511510153897,8,25,2024-12-11,2025-01-27,60.0,0.25,10.359618853110979,,,,,,,0.407749699407812,1.1679276711917643,-0.054673577440346954,-0.06386203679182215,/Users/yevgeniy/Development/Projects/FinancialEngineering/quant-finance/qf/timeseries/results/eg
WST,Health Care,ML Proxy+Opt (Best Sweep),8.055587955223293,6.463750629813529,0.07930515593001636,8,25,2024-12-11,2025-01-27,80.0,0.25,8.055587955223293,,,,,,,-0.10744579019289402,0.07384768047119851,-0.4436053169281384,-0.5349981136125959,/Users/yevgeniy/Development/Projects/FinancialEngineering/quant-finance/qf/timeseries/results/wst
EFX,Industrials,ML Proxy+Opt (Best Sweep),8.078845286698606,6.336428377562375,-0.16907099210096985,8,25,2024-12-11,2025-01-27,120.0,0.35,8.078845286698606,,,,,,,0.4597755103139818,0.9197545110459687,-0.10882780496997024,-0.09569388152738986,/Users/yevgeniy/Development/Projects/FinancialEngineering/quant-finance/qf/timeseries/results/efx
PSA,Real Estate,Static Proxy+OLS,8.12373246264006,6.940421680737186,-0.02681278031035828,8,25,2024-12-11,2025-01-27,60.0,0.35,9.729164347527584,,,,,,,0.16477925938863214,0.5547132372093434,-0.25636839302219994,-0.697629074768334,/Users/yevgeniy/Development/Projects/FinancialEngineering/quant-finance/qf/timeseries/results/psa
GL,Financials,ML Proxy+Opt (Best Sweep),8.130317333615382,6.969299912091831,0.11729372612936294,8,25,2024-12-11,2025-01-27,40.0,0.35,8.130317333615382,,,,,,,-0.2413984109804591,0.001002073646474828,-0.47392204576212804,-0.40192310813898396,/Users/yevgeniy/Development/Projects/FinancialEngineering/quant-finance/qf/timeseries/results/gl
EPAM,Information Technology,Dynamic Proxy+OLS,8.194970989038492,6.075919593309406,-0.05529647975824966,8,25,2024-12-11,2025-01-27,120.0,0.55,9.004379354191327,,,,,,,-0.27191314465965455,-0.38644776197473274,-0.5327522724983353,-1.0766117092747607,/Users/yevgeniy/Development/Projects/FinancialEngineering/quant-finance/qf/timeseries/results/epam
ITW,Industrials,ML Proxy+Opt (Best Sweep),8.325015005693638,7.436573200305522,-0.038165679182070644,8,25,2024-12-11,2025-01-27,120.0,0.45,8.325015005693638,,,,,,,0.21448431773851007,0.8219664010532398,-0.2005109114224839,-0.6364942448083407,/Users/yevgeniy/Development/Projects/FinancialEngineering/quant-finance/qf/timeseries/results/itw
MCK,Health Care,ML Proxy+Opt (Best Sweep),8.337469844841742,6.594247693904492,-0.03440297864650895,8,25,2024-12-11,2025-01-27,120.0,0.25,8.337469844841742,,,,,,,0.5632238586053702,1.4981904582351626,0.000318683458875757,0.0936333273902258,/Users/yevgeniy/Development/Projects/FinancialEngineering/quant-finance/qf/timeseries/results/mck
CPAY,Financials,ML Proxy+Opt (Best Sweep),8.400294113523302,7.66730499175653,-0.005152811704028292,8,25,2024-12-11,2025-01-27,60.0,0.55,8.400294113523302,,,,,,,-0.11746162526118398,-0.18291605998415264,-0.42975390175797257,-1.06785862238314,/Users/yevgeniy/Development/Projects/FinancialEngineering/quant-finance/qf/timeseries/results/cpay
SYK,Health Care,Dynamic Proxy+OLS,8.518776676000872,7.085904834433944,-0.10258650267919107,8,25,2024-12-11,2025-01-27,60.0,0.55,15.80153545666541,,,,,,,0.2103404212452944,0.7719107111468451,-0.20196098743486324,-0.5989319072957613,/Users/yevgeniy/Development/Projects/FinancialEngineering/quant-finance/qf/timeseries/results/syk
IDXX,Health Care,GP-RBF,8.563830624219802,7.121593470037717,-0.20611357067038083,8,25,2024-12-11,2025-01-27,60.0,0.25,9.04686637572439,,,,,,,0.5480931688480088,0.8900903202843738,-0.09544634493160853,-0.03204115238496005,/Users/yevgeniy/Development/Projects/FinancialEngineering/quant-finance/qf/timeseries/results/idxx
CRM,Information Technology,Static Proxy+OLS,8.580126870248636,7.365330680452765,0.29205583590345063,8,25,2024-12-11,2025-01-27,40.0,0.25,9.37628222638895,,,,,,,-0.14046000792933644,-0.153691086543453,-0.4267789603672152,-0.8633930998547918,/Users/yevgeniy/Development/Projects/FinancialEngineering/quant-finance/qf/timeseries/results/crm
MMM,Industrials,ML Proxy+Opt (Best Sweep),8.59272263397495,5.723800695346918,0.21318647455230136,8,25,2024-12-11,2025-01-27,120.0,0.45,8.59272263397495,,,,,,,0.2647694806788816,0.6958667408208482,-0.13913581189824786,-0.2357417367466678,/Users/yevgeniy/Development/Projects/FinancialEngineering/quant-finance/qf/timeseries/results/mmm
CHTR,Communication Services,ML Proxy+Opt (Best Sweep),8.615709415232812,7.461331841445347,0.18111413028150594,8,21,2024-12-11,2025-01-27,80.0,0.45,8.615709415232812,,,,,,,-0.09049454241090771,0.0009985728800475106,-0.4194870865626593,-0.6900505116932554,/Users/yevgeniy/Development/Projects/FinancialEngineering/quant-finance/qf/timeseries/results/chtr
AMP,Financials,ML Proxy+Opt (Best Sweep),8.63182064899022,6.8822579241191,0.18803257910875212,8,25,2024-12-11,2025-01-27,40.0,0.35,8.63182064899022,,,,,,,0.19302162994858096,0.5690229878362275,-0.2106166376866202,-0.47398976373496154,/Users/yevgeniy/Development/Projects/FinancialEngineering/quant-finance/qf/timeseries/results/amp
MCO,Financials,GP-RBF,8.7342929651052,7.302498847514412,-0.09141558333725164,8,25,2024-12-11,2025-01-27,120.0,0.45,9.641955428743511,,,,,,,0.10467699441972833,0.38699935198877905,-0.26421094557237756,-0.7355446354768936,/Users/yevgeniy/Development/Projects/FinancialEngineering/quant-finance/qf/timeseries/results/mco
PH,Industrials,ML Proxy+Opt (Best Sweep),9.08166136542342,7.528343644203835,0.3245460399214569,8,25,2024-12-11,2025-01-27,60.0,0.45,9.08166136542342,,,,,,,0.7114618273443774,1.339578840657212,0.023268449181852002,0.16591205757023714,/Users/yevgeniy/Development/Projects/FinancialEngineering/quant-finance/qf/timeseries/results/ph
ORCL,Information Technology,ML Proxy+Opt (Best Sweep),9.083383584452454,5.535803873402545,0.17934573051843183,8,25,2024-12-11,2025-01-27,60.0,0.55,9.083383584452454,,,,,,,0.5419558423423472,1.0972013252389858,0.058851981085059624,0.2398570186735319,/Users/yevgeniy/Development/Projects/FinancialEngineering/quant-finance/qf/timeseries/results/orcl
ETN,Industrials,ML Proxy+Opt (Best Sweep),9.144854603099992,5.970053243586705,0.10323701504876574,8,25,2024-12-11,2025-01-27,80.0,0.25,9.144854603099992,,,,,,,0.6685944685003153,1.350559650735498,0.06348233247852586,0.24950357641252882,/Users/yevgeniy/Development/Projects/FinancialEngineering/quant-finance/qf/timeseries/results/etn
WAT,Health Care,Dynamic Proxy+OLS,9.170852928938109,6.926819728494784,0.23749833045792704,8,25,2024-12-11,2025-01-27,40.0,0.25,12.245377511908034,,,,,,,0.16380826097279444,0.41930176002530267,-0.2431224244946394,-0.37762871948652743,/Users/yevgeniy/Development/Projects/FinancialEngineering/quant-finance/qf/timeseries/results/wat
LMT,Industrials,ML Proxy+Opt (Best Sweep),9.241124435179554,7.044248345556181,0.059538459271380725,8,25,2024-12-11,2025-01-27,40.0,0.25,9.241124435179554,,,,,,,0.07946958738989407,0.3432948658956703,-0.2930872010542961,-0.9483639895366135,/Users/yevgeniy/Development/Projects/FinancialEngineering/quant-finance/qf/timeseries/results/lmt
EXPE,Consumer Discretionary,Dynamic Proxy+OLS,9.268785359217949,8.115325358829674,0.025056997476178757,8,25,2024-12-11,2025-01-27,120.0,0.35,10.545309537844012,,,,,,,0.06311512851094525,0.24902710139197096,-0.22418625139628312,-0.27136850533986634,/Users/yevgeniy/Development/Projects/FinancialEngineering/quant-finance/qf/timeseries/results/expe
DPZ,Consumer Discretionary,GP-RBF,9.409406921367403,7.880036650032736,0.14261252442956823,8,25,2024-12-11,2025-01-27,80.0,0.45,13.420702759600424,,,,,,,0.1614371854155947,0.47644776181413123,-0.2900483350127032,-0.6531461881388887,/Users/yevgeniy/Development/Projects/FinancialEngineering/quant-finance/qf/timeseries/results/dpz
GOOGL,Communication Services,Static Proxy+OLS,9.625602116936376,9.063557174455662,-0.18709785684072727,8,21,2024-12-11,2025-01-27,80.0,0.25,10.349225524756353,,,,,,,0.4166676202726243,1.0719244455235197,-0.0828936240521656,-0.12708045145936328,/Users/yevgeniy/Development/Projects/FinancialEngineering/quant-finance/qf/timeseries/results/googl
JPM,Financials,ML Proxy+Opt (Best Sweep),9.779919047204865,7.212985268895642,0.14605797574948695,8,25,2024-12-11,2025-01-27,40.0,0.25,9.779919047204865,,,,,,,0.1688495524492708,0.5443030076713768,-0.20572221910854205,-0.502309596549298,/Users/yevgeniy/Development/Projects/FinancialEngineering/quant-finance/qf/timeseries/results/jpm
SHW,Materials,Dynamic Proxy+OLS,9.987191044701675,7.795722676994141,-0.06862934048058969,8,25,2024-12-11,2025-01-27,60.0,0.35,11.461459433892268,,,,,,,-0.07728273976848754,-0.18686342609212706,-0.38476977455004024,-1.2423046998959353,/Users/yevgeniy/Development/Projects/FinancialEngineering/quant-finance/qf/timeseries/results/shw
CDNS,Information Technology,ML Proxy+Opt (Best Sweep),10.050841066648417,8.905118816100355,0.16805875757244063,8,25,2024-12-11,2025-01-27,120.0,0.45,10.050841066648417,,,,,,,0.21407290871848383,0.5237915978949912,-0.2691008619309925,-0.4902091584454253,/Users/yevgeniy/Development/Projects/FinancialEngineering/quant-finance/qf/timeseries/results/cdns
PODD,Health Care,Dynamic Proxy+OLS,10.070642117109092,8.482417342574758,0.2710674687563979,8,25,2024-12-11,2025-01-27,120.0,0.25,12.672049687715235,,,,,,,0.5131241140530312,0.9386009359030589,-0.05349560439260992,0.03510837398124562,/Users/yevgeniy/Development/Projects/FinancialEngineering/quant-finance/qf/timeseries/results/podd
TDY,Information Technology,ML Proxy+Opt (Best Sweep),10.13590388959916,7.711656425639944,0.3318449393220864,8,25,2024-12-11,2025-01-27,120.0,0.25,10.13590388959916,,,,,,,0.4572733997084537,1.2893498820588751,-0.10848690165134167,-0.22702085270171818,/Users/yevgeniy/Development/Projects/FinancialEngineering/quant-finance/qf/timeseries/results/tdy
DE,Industrials,Static Proxy+OLS,10.24080201889277,8.165245920384477,0.2910548685950083,8,25,2024-12-11,2025-01-27,80.0,0.25,10.350082649694434,,,,,,,0.17489285661835097,0.5235307585648243,-0.22870381224386194,-0.523494060910151,/Users/yevgeniy/Development/Projects/FinancialEngineering/quant-finance/qf/timeseries/results/de
GWW,Industrials,Static Proxy+OLS,10.272040606663907,8.007454946304506,0.3398170352596999,8,25,2024-12-11,2025-01-27,80.0,0.35,11.722989334854802,,,,,,,0.11790548912200349,0.49691127750875275,-0.2633210683616821,-0.8501552329685761,/Users/yevgeniy/Development/Projects/FinancialEngineering/quant-finance/qf/timeseries/results/gww
CAT,Industrials,ML Proxy+Opt (Best Sweep),10.278348569207289,8.606770359746735,0.3185444428507715,8,25,2024-12-11,2025-01-27,120.0,0.35,10.278348569207289,,,,,,,-0.14050553235891827,-0.3065373667929466,-0.4138204346562726,-1.1922683117336732,/Users/yevgeniy/Development/Projects/FinancialEngineering/quant-finance/qf/timeseries/results/cat
FSLR,Information Technology,Dynamic Proxy+OLS,10.34182165941989,8.801723030989985,0.08658621374790575,8,25,2024-12-11,2025-01-27,120.0,0.55,16.858013385625654,,,,,,,0.21133237249393155,0.4432899812329323,-0.1496889374320124,-0.022631092662639178,/Users/yevgeniy/Development/Projects/FinancialEngineering/quant-finance/qf/timeseries/results/fslr
BDX,Health Care,Static Proxy+OLS,10.360423088769858,9.721926003526468,-0.07495201384467767,8,25,2024-12-11,2025-01-27,60.0,0.45,12.281673142461322,,,,,,,0.28396303211912954,0.8623144229914821,-0.07040902222105982,-0.11571216734764946,/Users/yevgeniy/Development/Projects/FinancialEngineering/quant-finance/qf/timeseries/results/bdx
EA,Communication Services,Dynamic Proxy+OLS,10.360914364699509,6.691946336557667,-0.2371194487704714,8,21,2024-12-11,2025-01-27,80.0,0.55,19.2800449898426,,,,,,,0.2992456008533648,0.7578080916932286,0.18239099567789974,0.530343060717451,/Users/yevgeniy/Development/Projects/FinancialEngineering/quant-finance/qf/timeseries/results/ea
GOOG,Communication Services,ML Proxy+Opt (Best Sweep),10.493015001623332,9.974372503558405,-0.2185309099854456,8,21,2024-12-11,2025-01-27,60.0,0.25,10.493015001623332,,,,,,,0.4274362569389525,1.0968248342211053,-0.0743730288599086,-0.10391467529326495,/Users/yevgeniy/Development/Projects/FinancialEngineering/quant-finance/qf/timeseries/results/goog
CRL,Health Care,ML Proxy+Opt (Best Sweep),10.62394809934336,7.0216739142248095,0.18668778372651496,8,25,2024-12-11,2025-01-27,60.0,0.35,10.62394809934336,,,,,,,-0.22022739108987,-0.23552514711490324,-0.42691024561865076,-0.6941802138213368,/Users/yevgeniy/Development/Projects/FinancialEngineering/quant-finance/qf/timeseries/results/crl
CMI,Industrials,Elastic Net+CV,10.749923090545222,8.749066092398914,0.14245617377931646,8,25,2024-12-11,2025-01-27,80.0,0.25,11.54393486254515,,,,,,,0.15248014328424953,0.4712084003062054,-0.26069152106691473,-0.6102163039556529,/Users/yevgeniy/Development/Projects/FinancialEngineering/quant-finance/qf/timeseries/results/cmi
ZBRA,Information Technology,Dynamic Proxy+OLS,10.845275429089108,9.016141903474798,0.44984160281299973,8,25,2024-12-11,2025-01-27,80.0,0.35,14.927149619772463,,,,,,,0.4330515322677382,0.8355742919762199,-0.09247952573979357,-0.04716515701375932,/Users/yevgeniy/Development/Projects/FinancialEngineering/quant-finance/qf/timeseries/results/zbra
VST,Utilities,ML Proxy+Opt (Best Sweep),10.985518188560311,7.361615969970296,-0.0058908168219371174,8,25,2024-12-11,2025-01-27,60.0,0.25,10.985518188560311,,,,,,,2.041124773668622,1.676314159567092,0.9626952254465642,1.0672472057125044,/Users/yevgeniy/Development/Projects/FinancialEngineering/quant-finance/qf/timeseries/results/vst
TMO,Health Care,ML Proxy+Opt (Best Sweep),11.022845061740588,9.317299940682892,-0.23693792698443264,8,25,2024-12-11,2025-01-27,60.0,0.25,11.022845061740588,,,,,,,0.2227375370080309,0.5999364595647393,-0.228411779374311,-0.5036075761488885,/Users/yevgeniy/Development/Projects/FinancialEngineering/quant-finance/qf/timeseries/results/tmo
CTAS,Industrials,ML Proxy+Opt (Best Sweep),11.135455690630163,10.004745133370998,-0.15579094635877228,8,25,2024-12-11,2025-01-27,60.0,0.25,11.135455690630163,,,,,,,0.34564021711226234,1.0834360226786615,-0.09439476999116503,-0.17503355061233491,/Users/yevgeniy/Development/Projects/FinancialEngineering/quant-finance/qf/timeseries/results/ctas
GD,Industrials,Elastic Net+CV,11.250804789839515,10.481842578302862,-0.12411625457833383,8,25,2024-12-11,2025-01-27,120.0,0.25,14.093146573924258,,,,,,,0.211931850218662,0.8803990071517471,-0.15307453145764183,-0.5113081642430652,/Users/yevgeniy/Development/Projects/FinancialEngineering/quant-finance/qf/timeseries/results/gd
DRI,Consumer Discretionary,Elastic Net+CV,11.541987314305466,10.447713331424776,0.22412734700977666,8,25,2024-12-11,2025-01-27,80.0,0.25,13.032916887305918,,,,,,,0.2649038891176252,0.6874985437321496,-0.16304532745551414,-0.33071289114049435,/Users/yevgeniy/Development/Projects/FinancialEngineering/quant-finance/qf/timeseries/results/dri
FDS,Financials,ML Proxy+Opt (Best Sweep),11.704435609475023,10.37000060305058,0.23240362037121398,8,25,2024-12-11,2025-01-27,120.0,0.35,11.704435609475023,,,,,,,-0.27463703797532824,-0.8184747071799295,-0.5121979929314378,-1.7438530474934226,/Users/yevgeniy/Development/Projects/FinancialEngineering/quant-finance/qf/timeseries/results/fds
HUBB,Industrials,Elastic Net+CV,11.98611590141181,10.312577858730387,0.08332225573037856,8,25,2024-12-11,2025-01-27,120.0,0.55,12.23101235258505,,,,,,,0.43482733568606613,1.0594448204066453,-0.046875404263747145,-0.006953698011319222,/Users/yevgeniy/Development/Projects/FinancialEngineering/quant-finance/qf/timeseries/results/hubb
CI,Health Care,Dynamic Proxy+OLS,12.024871029877794,9.45943820989374,-0.04471645594871747,8,25,2024-12-11,2025-01-27,40.0,0.25,18.796302165518107,,,,,,,0.14409156275152046,0.44145479410495087,-0.2632910006745717,-0.595868400956417,/Users/yevgeniy/Development/Projects/FinancialEngineering/quant-finance/qf/timeseries/results/ci
AAPL,Information Technology,ML Proxy+Opt (Best Sweep),12.465788299693223,10.159920552892626,-0.07104028048320563,8,25,2024-12-11,2025-01-27,120.0,0.55,12.465788299693223,,,,,,,-0.07765452455903321,-0.08826297813221019,-0.30524875628200154,-0.7195267521038147,/Users/yevgeniy/Development/Projects/FinancialEngineering/quant-finance/qf/timeseries/results/aapl
CRWD,Information Technology,GP-RBF,12.69056358483844,9.754666903124162,0.22644647000450563,8,25,2024-12-11,2025-01-27,80.0,0.25,16.46618859752776,,,,,,,0.2449986291710704,0.49581370121829105,-0.24799891367232663,-0.22677611840108625,/Users/yevgeniy/Development/Projects/FinancialEngineering/quant-finance/qf/timeseries/results/crwd
HII,Industrials,GP-RBF,12.69540962754055,11.405274406027873,0.14785276278349033,8,25,2024-12-11,2025-01-27,120.0,0.25,19.199961435852455,,,,,,,0.08254862987792144,0.29989865714165304,-0.27924758982824816,-0.3913654953696278,/Users/yevgeniy/Development/Projects/FinancialEngineering/quant-finance/qf/timeseries/results/hii
GE,Industrials,ML Proxy+Opt (Best Sweep),13.064129789170654,10.852118784934449,0.1667343942978089,8,25,2024-12-11,2025-01-27,120.0,0.55,13.064129789170654,,,,,,,0.8303465800814858,1.5925591982113936,0.20160635610242927,0.5279031829594977,/Users/yevgeniy/Development/Projects/FinancialEngineering/quant-finance/qf/timeseries/results/ge
SNPS,Information Technology,Elastic Net+CV,13.069316042019878,9.089169551646055,0.09255432606575167,8,25,2024-12-11,2025-01-27,60.0,0.25,19.104211001807982,,,,,,,0.5469295112769859,0.957663976207005,-0.12811053957014595,-0.10733723098360631,/Users/yevgeniy/Development/Projects/FinancialEngineering/quant-finance/qf/timeseries/results/snps
APD,Materials,Static Proxy+OLS,13.271452563086035,11.167034335740054,0.34117983069361607,8,25,2024-12-11,2025-01-27,80.0,0.35,13.939444954172862,,,,,,,-0.13712831066457642,-0.25139880457012553,-0.4412962694574195,-1.1622964961673028,/Users/yevgeniy/Development/Projects/FinancialEngineering/quant-finance/qf/timeseries/results/apd
NDSN,Industrials,Dynamic Proxy+OLS,13.374571500841917,10.959265377582916,0.04420967683680107,8,25,2024-12-11,2025-01-27,60.0,0.55,22.727382124254834,,,,,,,-0.18683788712282323,-0.4167856783690953,-0.4693917902636727,-1.269289411870382,/Users/yevgeniy/Development/Projects/FinancialEngineering/quant-finance/qf/timeseries/results/ndsn
LULU,Consumer Discretionary,ML Proxy+Opt (Best Sweep),13.593691354839546,11.175452436717896,-0.20273912428607596,8,25,2024-12-11,2025-01-27,120.0,0.25,13.593691354839546,,,,,,,-0.4950119889426371,-1.1955031707454102,-0.66321825912188,-1.883848636554285,/Users/yevgeniy/Development/Projects/FinancialEngineering/quant-finance/qf/timeseries/results/lulu
CDW,Information Technology,ML Proxy+Opt (Best Sweep),13.625569917786873,9.817940319415221,0.10450267751076403,8,25,2024-12-11,2025-01-27,120.0,0.25,13.625569917786873,,,,,,,-0.05776765593726296,-0.04739108233305419,-0.37685893916920987,-0.9763026729106653,/Users/yevgeniy/Development/Projects/FinancialEngineering/quant-finance/qf/timeseries/results/cdw
LII,Industrials,GP-RBF,13.679790197195118,9.79517502747267,0.090695576020245,8,25,2024-12-11,2025-01-27,60.0,0.25,15.798666167684754,,,,,,,0.6644140848247515,1.3444134556129876,0.03936441115948264,0.1997479411132564,/Users/yevgeniy/Development/Projects/FinancialEngineering/quant-finance/qf/timeseries/results/lii
INTU,Information Technology,ML Proxy+Opt (Best Sweep),13.799501369753818,10.321291845430286,-0.07487765151889257,8,25,2024-12-11,2025-01-27,120.0,0.35,13.799501369753818,,,,,,,0.38244872623834847,0.8529943609343892,0.05484279935082137,0.2309151739162113,/Users/yevgeniy/Development/Projects/FinancialEngineering/quant-finance/qf/timeseries/results/intu
PAYC,Industrials,Elastic Net+CV,13.837925105113085,12.847721702112441,-0.19068362599879296,8,25,2024-12-11,2025-01-27,120.0,0.35,22.21050903662856,,,,,,,-0.35820986750732386,-0.37355781239337155,-0.5982512796234423,-0.9520515272228015,/Users/yevgeniy/Development/Projects/FinancialEngineering/quant-finance/qf/timeseries/results/payc
REGN,Health Care,Elastic Net+CV,13.943506874066406,11.058558371935506,-0.17820119579995364,8,25,2024-12-11,2025-01-27,80.0,0.55,14.688523650981802,,,,,,,-0.22945939224143075,-0.5320004045150172,-0.4652984417945809,-1.3194313069201875,/Users/yevgeniy/Development/Projects/FinancialEngineering/quant-finance/qf/timeseries/results/regn
IT,Information Technology,ML Proxy+Opt (Best Sweep),13.972042107179083,11.62877504389138,0.21264516185676133,8,25,2024-12-11,2025-01-27,80.0,0.55,13.972042107179083,,,,,,,-0.5587995569335731,-1.3151813010639088,-0.711185461574831,-1.952239118949119,/Users/yevgeniy/Development/Projects/FinancialEngineering/quant-finance/qf/timeseries/results/it
GEV,Industrials,ML Proxy+Opt (Best Sweep),14.14931244445143,11.86033696686888,0.04811032546941991,8,25,2025-02-24,2025-04-04,40.0,0.45,14.14931244445143,,,,,,,2.6489878245462686,2.631749109516571,1.5926970743708164,1.9211741699955789,/Users/yevgeniy/Development/Projects/FinancialEngineering/quant-finance/qf/timeseries/results/gev
JBL,Information Technology,ML Proxy+Opt (Best Sweep),14.210466240468874,13.253149033182792,0.08007109625814872,8,25,2024-12-11,2025-01-27,60.0,0.45,14.210466240468874,,,,,,,-0.17955559119717535,-0.25041517916477235,-0.465862629844479,-1.0398292340287754,/Users/yevgeniy/Development/Projects/FinancialEngineering/quant-finance/qf/timeseries/results/jbl
MSCI,Financials,Static Proxy+OLS,14.761329387825166,11.98773058529708,-0.07054855709682521,7,25,2024-12-11,2025-01-27,80.0,0.25,20.673702635301986,,,,,,,0.3946357132390672,0.9235424224143955,-0.04694114922975556,0.004214430789757295,/Users/yevgeniy/Development/Projects/FinancialEngineering/quant-finance/qf/timeseries/results/msci
PWR,Industrials,ML Proxy+Opt (Best Sweep),15.03936510705472,11.989135394596282,0.40400118197466484,8,25,2024-12-11,2025-01-27,60.0,0.25,15.03936510705472,,,,,,,0.98449345431266,1.5787438098248485,0.2778491582083993,0.6110902837729846,/Users/yevgeniy/Development/Projects/FinancialEngineering/quant-finance/qf/timeseries/results/pwr
EL,Consumer Staples,Dynamic Proxy+OLS,15.253837513652758,13.982720488001233,0.2535750445764883,8,25,2024-11-20,2025-01-03,80.0,0.45,16.39842237275449,,,,,,,-0.23576321719875848,-0.19060924486067454,-0.2842520468367197,-0.2778925876226077,/Users/yevgeniy/Development/Projects/FinancialEngineering/quant-finance/qf/timeseries/results/el
META,Communication Services,Static Proxy+OLS,15.855285158683253,13.80834345628402,-0.12256277874735134,8,21,2024-12-11,2025-01-27,80.0,0.55,16.733449038348837,,,,,,,0.7334561750077082,1.1123268651444846,0.11692642977185663,0.3303921428357149,/Users/yevgeniy/Development/Projects/FinancialEngineering/quant-finance/qf/timeseries/results/meta
COST,Consumer Staples,ML Proxy+Opt (Best Sweep),16.16874561478164,12.41596455750969,0.26361917245832406,8,25,2024-11-20,2025-01-03,40.0,0.35,16.16874561478164,,,,,,,0.25650215980853397,1.0006372153891978,-0.10913905246854572,-0.3404957475014118,/Users/yevgeniy/Development/Projects/FinancialEngineering/quant-finance/qf/timeseries/results/cost
GS,Financials,ML Proxy+Opt (Best Sweep),16.31194312476109,13.171090257165096,0.31193929690767624,8,25,2024-12-11,2025-01-27,40.0,0.25,16.31194312476109,,,,,,,0.46771944718948055,1.16594734478097,-0.09241124348702312,-0.1479021712627373,/Users/yevgeniy/Development/Projects/FinancialEngineering/quant-finance/qf/timeseries/results/gs
ISRG,Health Care,Static Proxy+OLS,16.456039026471633,14.276685544896873,0.05697260327324044,8,25,2024-12-11,2025-01-27,120.0,0.25,17.887885149520702,,,,,,,0.5629256841920587,1.123606175825028,0.005428487714416175,0.12935071819250243,/Users/yevgeniy/Development/Projects/FinancialEngineering/quant-finance/qf/timeseries/results/isrg
COIN,Financials,Dynamic Proxy+OLS,16.84868709233306,13.125926498020593,0.02426489352719201,8,25,2024-12-11,2025-01-27,120.0,0.25,19.551017806562005,,,,,,,2.123862283977297,1.397751650511189,0.4955081435235378,0.6503075530503518,/Users/yevgeniy/Development/Projects/FinancialEngineering/quant-finance/qf/timeseries/results/coin
TYL,Information Technology,Static Proxy+OLS,17.58327112692855,15.4272798813255,0.19264570990656402,8,25,2024-12-11,2025-01-27,80.0,0.35,19.295210759762703,,,,,,,0.2858409626882805,0.8076657394945452,-0.15665053508789972,-0.32789124102819933,/Users/yevgeniy/Development/Projects/FinancialEngineering/quant-finance/qf/timeseries/results/tyl
EQIX,Real Estate,Static Proxy+OLS,17.743555791142427,14.013375876957124,-0.11773145869631878,8,25,2024-12-11,2025-01-27,120.0,0.35,27.07974229884131,,,,,,,0.2870664317750198,0.8157469519710719,-0.19295826428357243,-0.44436855931347713,/Users/yevgeniy/Development/Projects/FinancialEngineering/quant-finance/qf/timeseries/results/eqix
ELV,Health Care,ML Proxy+Opt (Best Sweep),18.05074873163159,13.668313597489,0.0010507508790979442,8,25,2024-12-11,2025-01-27,120.0,0.55,18.05074873163159,,,,,,,-0.06989772118179993,-0.05463013080267035,-0.41822295187697067,-1.030919093070778,/Users/yevgeniy/Development/Projects/FinancialEngineering/quant-finance/qf/timeseries/results/elv
TGT,Consumer Staples,Dynamic Proxy+OLS,18.266545941302198,15.146202475576176,-0.1519232819975016,8,25,2024-11-20,2025-01-03,120.0,0.25,21.612259182266083,,,,,,,0.23589197819173346,0.5788139094588475,-0.1645819305346451,-0.24722284952533877,/Users/yevgeniy/Development/Projects/FinancialEngineering/quant-finance/qf/timeseries/results/tgt
LLY,Health Care,Feature PCA Proxy+OLS,18.947279704239417,15.13492205890061,0.34994674639852935,7,25,2024-12-11,2025-01-27,120.0,0.45,20.790991308421077,,,,,,,0.13995379736835534,0.39078246271130057,-0.2874464117618305,-0.5146902678449387,/Users/yevgeniy/Development/Projects/FinancialEngineering/quant-finance/qf/timeseries/results/lly
UNH,Health Care,Dynamic Proxy+OLS,19.715276602909352,16.994204721801744,0.028329976844455193,8,25,2024-12-11,2025-01-27,80.0,0.25,28.44538435965078,,,,,,,-0.35177217989403675,-0.6902780382589819,-0.5742461065715767,-1.3963498139266692,/Users/yevgeniy/Development/Projects/FinancialEngineering/quant-finance/qf/timeseries/results/unh
ERIE,Financials,ML Proxy+Opt (Best Sweep),21.83850145356324,19.094519514036776,0.19522641433113608,7,25,2024-12-11,2025-01-27,120.0,0.25,21.83850145356324,,,,,,,0.0015186408335061685,0.10296225852327472,-0.4007287568089022,-1.1131552511341158,/Users/yevgeniy/Development/Projects/FinancialEngineering/quant-finance/qf/timeseries/results/erie
ULTA,Consumer Discretionary,GP-RBF,23.14036839541585,21.03182244223728,0.016031900557197696,8,25,2024-12-11,2025-01-27,120.0,0.25,30.35160811858353,,,,,,,0.2851565233128488,0.6407621742708537,-0.09792830273935116,-0.08349813094335568,/Users/yevgeniy/Development/Projects/FinancialEngineering/quant-finance/qf/timeseries/results/ulta
CEG,Utilities,Elastic Net+CV,24.69620047936136,14.291816946907858,-0.1612716311862109,8,25,2024-12-11,2025-01-27,80.0,0.25,27.366576226182257,,,,,,,0.3805853642255548,0.6142486622712079,-0.30143245512577865,-0.35446417813085884,/Users/yevgeniy/Development/Projects/FinancialEngineering/quant-finance/qf/timeseries/results/ceg
URI,Industrials,Elastic Net+CV,25.547902118285307,18.80097825356271,0.3936295172053841,8,25,2024-12-11,2025-01-27,120.0,0.35,28.961717372767986,,,,,,,0.4402765716512489,0.8692898580209487,0.010205476878329955,0.15167078854785598,/Users/yevgeniy/Development/Projects/FinancialEngineering/quant-finance/qf/timeseries/results/uri
NOW,Information Technology,Static Proxy+OLS,25.802357415696537,20.823867967297648,0.25259786860081695,8,25,2024-12-11,2025-01-27,80.0,0.35,35.75095662632506,,,,,,,0.693500630778102,1.1189402735751512,0.128853039013324,0.35620917190722373,/Users/yevgeniy/Development/Projects/FinancialEngineering/quant-finance/qf/timeseries/results/now
MTD,Health Care,ML Proxy+Opt (Best Sweep),28.87848975910153,25.40018134342237,-0.1768688252990068,8,25,2024-12-11,2025-01-27,80.0,0.45,28.87848975910153,,,,,,,0.16719102681278541,0.47186341972411344,-0.27466813477453467,-0.590043839253798,/Users/yevgeniy/Development/Projects/FinancialEngineering/quant-finance/qf/timeseries/results/mtd
BLK,Financials,Dynamic Proxy+OLS,29.952119958428653,23.862388594242738,0.04224787088252283,8,25,2024-12-11,2025-01-27,40.0,0.35,46.82885774864179,,,,,,,0.23817586282482917,0.742488214906297,-0.1913140207763444,-0.49692591734627706,/Users/yevgeniy/Development/Projects/FinancialEngineering/quant-finance/qf/timeseries/results/blk
TSLA,Consumer Discretionary,ML Proxy+Opt (Best Sweep),34.003620331453774,26.318202631172923,-0.28040159007561277,8,25,2024-12-11,2025-01-27,120.0,0.25,34.003620331453774,,,,,,,0.7983545750987913,0.8554983894591055,0.2673005317541117,0.4843598858913652,/Users/yevgeniy/Development/Projects/FinancialEngineering/quant-finance/qf/timeseries/results/tsla
MPWR,Information Technology,Static Proxy+OLS,35.91791423954368,24.89038717479954,0.08156664697912441,8,25,2024-12-11,2025-01-27,120.0,0.25,36.62078057612006,,,,,,,2.136266465309975,1.6559077356241034,0.9351124810746447,1.0231040646145722,/Users/yevgeniy/Development/Projects/FinancialEngineering/quant-finance/qf/timeseries/results/mpwr
ADBE,Information Technology,Dynamic Proxy+OLS,37.81347112445052,33.69312207567283,0.22596555468838853,8,25,2024-12-11,2025-01-27,60.0,0.35,66.99147522944226,,,,,,,-0.29199152356357994,-0.6823019816282367,-0.4883138929488766,-1.2997081441774,/Users/yevgeniy/Development/Projects/FinancialEngineering/quant-finance/qf/timeseries/results/adbe
KLAC,Information Technology,Elastic Net+CV,39.5792160301805,27.54066558433034,0.42077722873228346,8,25,2024-12-11,2025-01-27,120.0,0.55,42.284449073343296,,,,,,,0.941864187641803,1.328952556927914,0.1993116188397408,0.4584470728439919,/Users/yevgeniy/Development/Projects/FinancialEngineering/quant-finance/qf/timeseries/results/klac
VRTX,Health Care,Dynamic Proxy+OLS,40.286161907648165,32.295959120077704,-0.32659626877544196,8,25,2024-12-11,2025-01-27,120.0,0.35,49.05784398942655,,,,,,,0.2341546449615053,0.6869506494508872,-0.2102132509691006,-0.4589082338828932,/Users/yevgeniy/Development/Projects/FinancialEngineering/quant-finance/qf/timeseries/results/vrtx
NFLX,Communication Services,Elastic Net+CV,42.024118271399146,32.955057955606,-0.3672638379537469,8,21,2024-12-11,2025-01-27,60.0,0.55,42.35323213538001,,,,,,,0.5104266584124448,1.034443895504124,0.01089246816077405,0.13987550817727357,/Users/yevgeniy/Development/Projects/FinancialEngineering/quant-finance/qf/timeseries/results/nflx
AVGO,Information Technology,Feature PCA Proxy+OLS,50.78975836444771,48.545247523056716,0.20457619891744136,8,25,2024-12-11,2025-01-27,120.0,0.25,57.95143856237351,,,,,,,0.5784389067813012,0.8895691027416005,0.4498221134355149,0.7091938576817103,/Users/yevgeniy/Development/Projects/FinancialEngineering/quant-finance/qf/timeseries/results/avgo
AZO,Consumer Discretionary,Elastic Net+CV,52.79130890477098,43.34947361515412,-0.036857642088676215,8,25,2024-12-11,2025-01-27,80.0,0.45,64.78603340134272,,,,,,,0.353357966973016,1.2154551571826628,-0.15163638557628767,-0.4342212325250091,/Users/yevgeniy/Development/Projects/FinancialEngineering/quant-finance/qf/timeseries/results/azo
AXON,Industrials,Dynamic Proxy+OLS,59.95753935028963,42.619525210819,0.1865709766683997,8,25,2024-12-11,2025-01-27,60.0,0.25,85.16329562843512,,,,,,,1.6847424671250906,1.8316152020965182,0.6404015098729625,0.9477296988773748,/Users/yevgeniy/Development/Projects/FinancialEngineering/quant-finance/qf/timeseries/results/axon
TPL,Energy,Dynamic Proxy+OLS,68.42930579342577,52.7182959743094,0.35332874347699483,8,21,2024-12-11,2025-01-27,120.0,0.25,161.94943597737242,,,,,,,0.21268883066150845,0.44799733800598734,-0.19049488047189234,-0.11765944317346051,/Users/yevgeniy/Development/Projects/FinancialEngineering/quant-finance/qf/timeseries/results/tpl
TDG,Industrials,ML Proxy+Opt (Best Sweep),69.14207378653533,61.91556400462757,0.055481403306027986,8,25,2024-12-11,2025-01-27,40.0,0.25,69.14207378653533,,,,,,,0.586477311650931,1.3823710875640443,0.0010658865966679532,0.10478255487192001,/Users/yevgeniy/Development/Projects/FinancialEngineering/quant-finance/qf/timeseries/results/tdg
FICO,Information Technology,Dynamic Proxy+OLS,98.98535960635519,67.22546187448336,0.07663057122639358,8,25,2024-12-11,2025-01-27,40.0,0.25,128.03676509343092,,,,,,,-0.01321507162536828,0.11304877422760641,-0.3650321171943699,-0.6581741893343869,/Users/yevgeniy/Development/Projects/FinancialEngineering/quant-finance/qf/timeseries/results/fico
NVR,Consumer Discretionary,Static Proxy+OLS,118.33460801468496,95.74439522169493,0.1573800471945187,8,25,2024-12-11,2025-01-27,60.0,0.25,121.51553905109101,,,,,,,0.37487126049469843,0.9899255343835328,-0.06686418788237958,-0.0731126596151441,/Users/yevgeniy/Development/Projects/FinancialEngineering/quant-finance/qf/timeseries/results/nvr
BKNG,Consumer Discretionary,Dynamic Proxy+OLS,165.6605596033919,109.25744385037372,-0.007435260173762643,8,25,2024-12-11,2025-01-27,120.0,0.55,284.0153770805599,,,,,,,-0.018028485384871784,0.044442409470854184,-0.3653151230239935,-1.007582891142144,/Users/yevgeniy/Development/Projects/FinancialEngineering/quant-finance/qf/timeseries/results/bkng
ANSS,Information Technology,ERROR,,,,0,0,,,,,,,,,,,,,,,,
HES,Energy,ERROR,,,,0,0,,,,,,,,,,,,,,,,
JNPR,Information Technology,ERROR,,,,0,0,,,,,,,,,,,,,,,,
PARA,Communication Services,ERROR,,,,0,0,,,,,,,,,,,,,,,,
