symbol,current_price,return_on_equity,return_on_assets,debt_to_equity,current_ratio,quick_ratio,revenue,ebitda,free_cash_flow,previous_close,open,day_high,day_low,fifty_two_week_high,fifty_two_week_low,fifty_two_week_change,volume,average_volume,market_cap,beta,dividend_yield,dividend_rate,ex_dividend_date,long_name,summary,environmental,social,governance,highest_controversy,esg_score,peer_count,peer_group,rating_year,rating_month,adult,animal_testing,gambling,small_arm,furLeather,coal,controversial_weapons,tobacco
MMM,144.03,0.93824,0.05448,312.492,1.657,1.114,24512999424,5328000000.0,374500000.0,142.51,143.305,144.04,141.823,156.35,98.26,,3135726,3637508,77514211328,1.083,0.020299999,2.92,2025-05-23 01:00:00,3M Company,"3M Company provides diversified technology services in the Americas, the Asia Pacific, Europe, the Middle East, Africa, and internationally. It operates through three segments: Safety and Industrial, Transportation and Electronics, and Consumer. The Safety and Industrial segment offers industrial abrasives and finishing for metalworking applications; autobody repair solutions; industrial specialty products, such as personal hygiene products, masking, and packaging materials; electrical products and materials for construction and maintenance, power distribution, and electrical original equipment manufacturers; structural adhesives and tapes; respiratory, hearing, eye, and fall protection solutions; and natural and color-coated mineral granules for shingles. The Transportation and Electronics segment provides ceramic solutions; attachment/bonding, films, sound, and temperature management for transportation vehicles; format graphic films for advertising and fleet signage; reflective signage for highway and vehicle safety; light management films and electronics assembly solutions; chip packaging and interconnection solutions; semiconductor production materials; and data center solutions. The Consumer segment offers cleaning products for the home; consumer air quality products; picture hanging accessories; retail abrasives, paint accessories, and safety products; stationery and office products; automotive appearance products; and consumer bandages, tapes, braces, and supports. The company offers its products through e-commerce and traditional wholesalers, retailers, jobbers, distributors, and dealers, as well as directly to users. 3M Company was founded in 1902 and is headquartered in Saint Paul, Minnesota.",,16.82,6.51,5.0,42.96,62.0,Industrial Conglomerates,2025.0,6.0,False,False,False,False,False,False,False,False
AOS,62.74,0.27969998,0.13352999,15.945,1.612,0.954,3803200000,768899968.0,344950016.0,63.08,63.38,63.435,62.2,92.45,58.83,,2766144,1709009,8915918848,1.213,0.0217,1.36,2025-04-30 01:00:00,A. O. Smith Corporation,"A. O. Smith Corporation manufactures and markets residential and commercial gas and electric water heaters, boilers, heat pumps, tanks, and water treatment products in North America, China, Europe, and India. The company offers water heaters for residences, restaurants, hotels, office buildings, laundries, car washes, and small businesses; boilers for hospitals, schools, hotels, and other large commercial buildings, as well as homes, apartments, and condominiums; and water treatment products comprising point-of-entry water softeners, well water solutions, and whole-home water filtration products, and point-of-use carbon and reverse osmosis products for residences, restaurants, hotels, and offices. It also provides commercial water treatment and filtration products; expansion tanks, commercial solar water heating systems, swimming pool and spa heaters, and related products and parts; and electric wall-hung, gas tankless, combi-boiler, and heat pump and solar water heaters. The company offers its products under the A. O. Smith, State, Lochinvar, Hague, Water-Right, Master Water, Atlantic Filter, and Water Tec brands. It distributes its products through independent wholesale plumbing distributors, as well as to retail channels consisting of hardware and home center chains, and manufacturer representative firms; and offers Aquasana branded products directly to consumers through e-commerce channels. A. O. Smith Corporation was founded in 1874 and is headquartered in Milwaukee, Wisconsin.",,12.15,5.72,1.0,28.55,275.0,Machinery,2025.0,6.0,False,False,False,False,False,False,False,False
ABT,132.99,0.30649,0.063769996,27.087,1.78,1.09,42344001536,11020999680.0,6032374784.0,132.41,133.66,133.47,132.0,141.23,99.71,,11279490,6732424,231381336064,0.737,0.0177,2.36,2025-07-15 01:00:00,Abbott Laboratories,"Abbott Laboratories, together with its subsidiaries, discovers, develops, manufactures, and sells health care products worldwide. It operates in four segments: Established Pharmaceutical Products, Diagnostic Products, Nutritional Products, and Medical Devices. The company provides generic pharmaceuticals for the treatment of pancreatic exocrine insufficiency, irritable bowel syndrome or biliary spasm, intrahepatic cholestasis or depressive symptoms, gynecological disorder, hormone replacement therapy, dyslipidemia, hypertension, hypothyroidism, hypertriglyceridemia, Ménière's disease and vestibular vertigo, pain, fever, inflammation, and migraine, as well as provides anti-infective clarithromycin, influenza vaccine, and products to regulate physiological rhythm of the colon. It also offers laboratory and transfusion medicine systems in the areas of immunoassay, clinical chemistry, hematology, and transfusion serology testing; molecular diagnostics polymerase chain reaction instrument systems that automate the extraction, purification, and preparation of DNA and RNA from patient samples, and detect and measure infectious agents; point of care systems; cartridges for testing blood gas, chemistry, electrolytes, coagulation, and immunoassay; rapid diagnostics lateral flow testing products; molecular point-of-care testing for HIV, SARS-CoV-2, influenza A and B, RSV, and strep A; cardiometabolic test systems; and drug and alcohol test. In addition, the company provides pediatric and adult nutritional products and infant formula; rhythm management, electrophysiology, heart failure, vascular, and structural heart devices for the treatment of cardiovascular diseases; diabetes care products, such as glucose and blood glucose monitoring systems; and neuromodulation devices for the management of chronic pain and movement disorders. Abbott Laboratories was founded in 1888 and is based in North Chicago, Illinois.",,13.0,5.1,3.0,20.35,309.0,Healthcare,2025.0,6.0,False,True,False,False,False,False,False,False
ABBV,185.3,0.884,0.08339,4789.603,0.76,0.485,57366999040,27366000640.0,16941375488.0,185.49,186.09,187.1,184.16,218.66,163.52,,11587441,7629224,327313915904,0.491,0.0354,6.56,2025-07-15 01:00:00,AbbVie Inc.,"AbbVie Inc., a research-based biopharmaceutical company, engages in the research and development, manufacture, commercialization, and sale of medicines and therapies worldwide. The company offers Humira, an injection for autoimmune and intestinal Behçet's diseases, generalized pustular psoriasis, and pyoderma gangrenosum; Skyrizi to treat autoimmune diseases, erythrodermic psoriasis, generalized pustular psoriasis, and palmoplantar pustulosis; Rinvoq to treat inflammatory diseases; Imbruvica for the treatment of adult patients with blood cancers; Venclexta/Venclyxto to treat blood cancers; Elahere to treat various cancer; and Epkinly to treat lymphoma. It also provides facial injectables, plastics and regenerative medicine, body contouring, and skincare products; botox therapeutic to treat neurologic diseases; Vraylar to treat schizophrenia, bipolar disorder, and depressive disorder; Duopa and Duodopa to treat Parkinson's disease; Ubrelvy to treat migraine; and Qulipta for episodic and chronic migraine, as well as other neuroscience products. In addition, the company offers Ozurdex for eye diseases; Lumigan/Ganfort and Alphagan/Combigan for the reduction of elevated intraocular pressure in patients with open angle glaucoma or ocular hypertension; Restasis to increase tear production; and other eye care products. Further, it provides Mavyret/Maviret to treat chronic hepatitis C virus genotype 1-6 infection; Creon, a pancreatic enzyme therapy; and Linzess/Constella to treat irritable bowel syndrome with constipation and chronic idiopathic constipation. The company was incorporated in 2012 and is headquartered in North Chicago, Illinois.",,15.03,6.82,2.0,24.3,501.0,Pharmaceuticals,2025.0,6.0,False,True,False,False,False,False,False,False
ACN,285.37,0.26928,0.112449996,25.881,1.461,1.318,68482535424,11767775232.0,9149394944.0,306.38,281.43,288.82,273.19,398.35,273.19,,9459472,3364237,177785503744,1.327,0.0207,5.92,2025-04-10 01:00:00,Accenture plc,"Accenture plc provides strategy and consulting, industry X, song, and technology and operation services in North America, Europe, the Middle East, Africa, and internationally. It offers systems integration and application management; security; intelligent platform; infrastructure; software engineering; data and AI; and automation services. The company also operates business processes; and designs, manufactures, and assembles automation equipment, robotics, and other commercial hardware products. It serves communications, media, and technology; banking and capital markets, and insurance; health and public service; consumer goods, retail, travel services; industrial; life science; chemicals, natural resources, energy, and utilities sectors. It has collaboration agreement with Kyoto University to advance learning, research, and innovation in human-centered  AI. The company was founded in 1951 and is based in Dublin, Ireland.",,6.94,4.01,1.0,11.09,585.0,Software & Services,2025.0,6.0,False,False,False,False,False,False,False,False
ADBE,376.92,0.52254003,0.17851,57.329,0.993,0.824,22601000960,8883999744.0,8303499776.0,378.04,380.5,382.29,373.84,587.75,332.01,,8058659,3794403,160643317760,1.545,,,2005-03-24 00:00:00,Adobe Inc.,"Adobe Inc., together with its subsidiaries, operates as a technology company worldwide. It operates through three segments: Digital Media, Digital Experience, and Publishing and Advertising. The Digital Media segment offers products and services that enable individuals, teams, and enterprises to create, publish, and promote content; and Document Cloud, a cloud-based document services platform. Its flagship product is Creative Cloud, a subscription service that allows subscribers to use its creative products and applications (apps) integrated with cloud-delivered services across various surfaces and platforms. This segment serves photographers, video editors, graphic and experience designers, and game developers; content creators, students, marketers, and knowledge workers; and consumers. The Digital Experience segment provides an integrated platform and set of products, services, and solutions that enable brands and businesses to create, manage, execute, measure, monetize, and optimize customer experiences from analytics to commerce. This segment serves marketers, advertisers, agencies, publishers, merchandisers, merchants, web analysts, data scientists, developers, and executives across the C-suite. The Publishing and Advertising segment offers products and services, such as e-learning solutions, technical document publishing, web conferencing, document and forms platform, web application development, and high-end printing, as well as Adobe Advertising offerings. It provides consulting, training, customer management, technical support, and learning services. The company offers its solutions directly to enterprise customers through its sales force and local field offices, and directly to businesses and consumers, as well as licenses its products to end-user customers through app stores and website at adobe.com. It markets and distributes its products through sales channels, including distributors, retailers, software developers, mobile app stores, systems integrators, independent software vendors, value-added resellers, and original equipment and hardware manufacturers. The company was formerly known as Adobe Systems Incorporated and changed its name to Adobe Inc. in October 2018. Adobe Inc. was founded in 1982 and is headquartered in San Jose, California.",,6.75,4.63,2.0,14.21,585.0,Software & Services,2025.0,6.0,False,False,False,False,False,False,False,False
AMD,128.24,0.03904,0.0256,8.174,2.803,1.765,27750000640,5878000128.0,3355624960.0,126.79,128.94,132.805,127.55,187.28,76.48,,79930980,44477403,207928360960,1.993,,,1995-04-27 01:00:00,"Advanced Micro Devices, Inc.","Advanced Micro Devices, Inc. operates as a semiconductor company worldwide. It operates through four segments: Data Center, Client, Gaming, and Embedded. The company offers artificial intelligence (AI) accelerators, x86 microprocessors, and graphics processing units (GPUs) as standalone devices or as incorporated into accelerated processing units, chipsets, and data center and professional GPUs; and embedded processors and semi-custom system-on-chip (SoC) products, microprocessor and SoC development services and technology, data processing units, field programmable gate arrays (FPGA), system on modules, smart network interface cards, and adaptive SoC products. It provides processors under the AMD Ryzen, AMD Ryzen AI, AMD Ryzen PRO, AMD Ryzen Threadripper, AMD Ryzen Threadripper PRO, AMD Athlon, and AMD PRO A-Series brands; graphics under the AMD Radeon graphics and AMD Embedded Radeon graphics; and professional graphics under the AMD Radeon Pro graphics brand. The company offers data center graphics under the AMD Instinct accelerators and Radeon PRO V-series brands; server microprocessors under the AMD EPYC brand; low power solutions under the AMD Athlon, AMD Geode, AMD Ryzen, AMD EPYC, and AMD R-Series and G-Series brands; FPGA products under the Virtex-6, Virtex-7, Virtex UltraScale+, Kintex-7, Kintex UltraScale, Kintex UltraScale+, Artix-7, Artix UltraScale+, Spartan-6, and Spartan-7 brands; adaptive SOCs under the Zynq-7000, Zynq UltraScale+ MPSoC, Zynq UltraScale+ RFSoCs, Versal HBM, Versal Premium, Versal Prime, Versal AI Core, Versal AI Edge, Vitis, and Vivado brands; and compute and network acceleration board products under the Alveo and Pensando brands. It serves original equipment and design manufacturers, public cloud service providers, system integrators, independent distributors, and add-in-board manufacturers through its direct sales force and sales representatives. It also provides AI and general-purpose compute infrastructure for hyperscale providers. The company was incorporated in 1969 and is headquartered in Santa Clara, California.",,4.22,5.28,1.0,12.51,122.0,Semiconductors,2025.0,6.0,False,False,False,False,False,False,False,False
AES,10.41,0.05583,0.02399,361.561,0.843,0.378,12119000064,3119000064.0,-5762250240.0,10.52,10.6,10.7,10.4,20.3,9.46,,10355492,16000204,7411118592,0.939,0.0669,0.7,2025-05-01 01:00:00,The AES Corporation,"The AES Corporation, together with its subsidiaries, operates as a power generation and utility company in the United States and internationally. The company owns and/or operates power plants to generate and sell power to customers, such as utilities, industrial users, and other intermediaries; owns and/or operates utilities to generate or purchase, distribute, transmit, and sell electricity to end-user customers in the residential, commercial, industrial, and governmental sectors; and generates and sells electricity on the wholesale market. It uses various fuels and technologies to generate electricity, such as coal, gas, hydro, wind, solar, and biomass, as well as renewables comprising energy storage and landfill gas. The company owns and/or operates a generation portfolio of approximately 32,109 megawatts and distributes power to 2.7 million customers. The company was formerly known as Applied Energy Services, Inc. and changed its name to The AES Corporation in April 2000. The AES Corporation was incorporated in 1981 and is headquartered in Arlington, Virginia.",,9.05,3.25,2.0,24.32,234.0,Utilities,2025.0,6.0,False,False,False,False,False,False,False,False
AFL,103.3,0.14408,0.02343,42.513,1.38,1.235,16888999936,4632249856.0,5280000000.0,102.63,101.97,103.73,101.11,115.5,88.0,,6258903,2136643,55848628224,0.807,0.0225,2.32,2025-05-21 01:00:00,Aflac Incorporated,"Aflac Incorporated, through its subsidiaries, provides supplemental health and life insurance products. The company operates in two segments, Aflac Japan and Aflac U.S. The Aflac Japan segment offers cancer, medical, nursing care, whole life, and GIFT insurance products, as well as WAYS and child endowment, and Tsumitasu insurance products in Japan. The Aflac U.S. segment provides accident, disability, cancer, critical illness, hospital indemnity, dental, vision, and life insurance products in the United States. The company sells its products through individual, independent corporate, and affiliated corporate agencies; banks; independent associates/career agents; and brokers. Aflac Incorporated was founded in 1955 and is based in Columbus, Georgia.",,8.32,8.97,1.0,18.58,186.0,Insurance,2025.0,6.0,False,False,False,False,False,False,False,False
A,115.56,0.18882999,0.08462,60.039,2.091,1.417,6627999744,1835000064.0,1048374976.0,115.52,116.17,116.86,115.08,153.84,96.43,,3022727,2277679,32826550272,1.232,0.0086,0.99,2025-07-01 01:00:00,"Agilent Technologies, Inc.","Agilent Technologies, Inc. provides application focused solutions to the life sciences, diagnostics, and applied chemical markets worldwide. The company operates in three segments: Life Sciences and Applied Markets, Diagnostics and Genomics, and Agilent CrossLab. The Life Sciences and Applied Markets segment offers liquid chromatography systems and components; liquid chromatography mass spectrometry systems; gas chromatography systems and components; gas chromatography mass spectrometry systems; inductively coupled plasma mass spectrometry instruments; atomic absorption instruments; microwave plasma-atomic emission spectrometry instruments; inductively coupled plasma optical emission spectrometry instruments; raman spectroscopy; laboratory software; information management and analytics; laboratory automation and robotic systems; dissolution testing; and vacuum pumps, and measurement technologies. This segment also offers GC and LC columns, sample preparation products, custom chemistries, and laboratory instrument supplies. The Diagnostics and Genomics segment provides genomics, contract manufacturing and research and development, pathology, companion diagnostics, reagent partnership, and biomolecular analysis businesses; and cell analysis plate based assays, flow cytometers, real-time cell analyzers, cell imaging systems, microplate readers, and related consumables. The Agilent CrossLab segment provides various services, including repairs, parts, maintenance, installations, training, compliance support, software as a service, asset management, and consulting services. The company markets its products through direct sales, distributors, resellers, manufacturer's representatives, and electronic commerce. Agilent Technologies, Inc. was incorporated in 1999 and is headquartered in Santa Clara, California.",,5.01,3.94,1.0,10.09,501.0,Pharmaceuticals,2025.0,6.0,False,True,False,False,False,False,False,False
APD,270.5,0.095790006,0.047020003,98.527,0.996,0.77,12020700160,4304699904.0,-3988649984.0,275.38,276.05,276.251,270.47,341.14,243.69,,2045843,1231448,60198150144,0.873,0.026500002,7.16,2025-07-01 01:00:00,"Air Products and Chemicals, Inc.","Air Products and Chemicals, Inc. provides atmospheric gases, process and specialty gases, equipment, and related services in the Americas, Asia, Europe, the Middle East, India, and internationally. The company produces atmospheric gases, including oxygen, nitrogen, and argon; process gases, such as hydrogen, helium, carbon dioxide, carbon monoxide, and syngas; and specialty gases for customers in various industries, including refining, chemical, manufacturing, electronics, energy production, medical, food, and metals. It also designs and manufactures equipment for air separation, hydrocarbon recovery and purification, natural gas liquefaction, and liquid helium and liquid hydrogen transport and storage. The company was founded in 1940 and is headquartered in Allentown, Pennsylvania.",,3.44,2.94,1.0,14.83,183.0,Chemicals,2025.0,6.0,False,False,False,False,False,False,False,False
ABNB,131.73,0.3206,0.06276,28.726,1.273,0.697,11232000000,2532000000.0,3194249984.0,132.17,132.27,132.64,131.39,163.93,99.88,,7967985,5769875,81305460736,1.144,,,,"Airbnb, Inc.","Airbnb, Inc., together with its subsidiaries, operates a platform that enables hosts to offer stays and experiences to guests worldwide. Its marketplace connects hosts and guests online or through mobile devices to book spaces and experiences. It also offers gift cards. The company was formerly known as AirBed & Breakfast, Inc. and changed its name to Airbnb, Inc. in November 2010. Airbnb, Inc. was founded in 2007 and is headquartered in San Francisco, California.",,13.51,8.28,2.0,23.08,585.0,Software & Services,2025.0,6.0,False,False,False,False,False,False,False,False
AKAM,78.38,0.09821,0.03916,100.746,1.178,1.032,4019336960,1124982016.0,514483488.0,78.7,78.7,79.31,77.62,106.8,67.51,,4791354,2436848,11156295680,0.769,,,,"Akamai Technologies, Inc.","Akamai Technologies, Inc. engages in the provision of security, delivery, and cloud computing solutions in the United States and internationally. The company offers security solutions that include web application and application programming interfaces (API) protection solutions, which protect web, API, and mobile app traffic from attacks; Bot & Abuse portfolio, which provides solutions to help customers protect against threats; Akamai Account Protector, which offers full account lifecycle protections including the ability to defend against account takeover and opening abuse, adversarial bot protection, protection against credential stuffing, inventory scalping, and hoarding; Akamai Content Protector, which provides solutions designed to stop persistent scrapers from stealing content; API security, which discovers, audits, and monitors API; and microservice and application component protection that analyzes and protects application traffic that moves between application components. It also offers cloud computing services, which include compute, storage, networking, database, and container management services; and Akamai App Platform, provides ready-to-run templates that address challenges in deploying, managing and scaling Kubernetes clusters at scale. In addition, the company offers delivery solutions that include web and mobile performance solutions, which enables dynamic websites and applications, as well as global traffic management, site acceleration, application load balancing, large-scale load testing, and real-user monitoring; and media delivery solutions, including video streaming and video player services, game and software delivery, broadcast operations, authoritative domain name system, resolution, and data and analytics. Akamai Technologies, Inc. was incorporated in 1998 and is headquartered in Cambridge, Massachusetts.",,8.4,3.75,1.0,15.61,585.0,Software & Services,2025.0,6.0,False,False,False,False,False,False,False,False
ALB,56.66,-0.09992,-0.01509,35.757,2.112,1.196,5093670912,191592992.0,-349651872.0,59.4,59.49,59.83,56.6536,113.91,49.43,,3793533,3520533,6666672128,1.614,0.0286,1.62,2025-06-13 01:00:00,Albemarle Corporation,"Albemarle Corporation provides energy storage solutions worldwide. It operates through three segments: Energy Storage, Specialties, and Ketjen. The Energy Storage segment offers lithium compounds, including lithium carbonate, lithium hydroxide, and lithium chloride for use in lithium batteries used in consumer electronics and electric vehicles, power grids and solar panels, high performance greases, specialty glass used in consumer appliances and electronics, organic synthesis processes in the areas of steroid chemistry and vitamins, and various life science applications, as well as intermediates in the pharmaceutical industry; technical services, including handling and use of reactive lithium products; and recycling services for lithium-containing by-products. The Specialties segment provides bromine and highly specialized lithium solutions for various industries, such as energy, mobility, connectivity, and health comprising fire safety compounds; bromine-based specialty chemicals products, including elemental bromine, alkyl bromides, inorganic bromides, brominated powdered activated carbon, and various bromine fine chemicals; lithium specialties, such as butyllithium and lithium aluminum hydride; cesium products for the chemical and pharmaceutical industries; and zirconium, barium, and titanium products for pyrotechnical applications that include airbag initiators. The Ketjen segment offers clean fuels technologies, including hydroprocessing catalysts together with isomerization and akylation catalysts; fluidized catalytic cracking catalysts and additives; and performance catalyst solutions comprising organometallics and curatives. It serves grid storage, automotive, aerospace, conventional energy, electronics, construction, agriculture and food, pharmaceuticals and medical device industries. Albemarle Corporation was founded in 1887 and is headquartered in Charlotte, North Carolina.",,3.79,4.49,2.0,20.11,183.0,Chemicals,2025.0,6.0,False,False,False,False,False,False,False,False
ARE,71.37,0.01476,0.013040001,61.193,3.381,2.868,3111841024,1971954944.0,1259089792.0,70.88,71.35,72.1964,71.115,130.14,67.37,,3294664,1799070,12346224640,1.267,0.074,5.28,2025-06-30 01:00:00,"Alexandria Real Estate Equities, Inc.","Alexandria Real Estate Equities, Inc. (NYSE: ARE), an S&P 500 company, is a best-in-class, mission-driven life science REIT making a positive and lasting impact on the world. With our founding in 1994, Alexandria pioneered the life science real estate niche. Alexandria is the preeminent and longest-tenured owner, operator, and developer of collaborative Megacampus ecosystems in AAA life science innovation cluster locations, including Greater Boston, the San Francisco Bay Area, San Diego, Seattle, Maryland, Research Triangle, and New York City. As of March 31, 2025, Alexandria has a total market capitalization of $28.8 billion and an asset base in North America that includes 39.6 million RSF of operating properties and 4.0 million RSF of Class A/A+ properties undergoing construction. Alexandria has a longstanding and proven track record of developing Class A/A+ properties clustered in highly dynamic and collaborative Megacampus environments that enhance our tenants' ability to successfully recruit and retain world-class talent and inspire productivity, efficiency, creativity, and success. Alexandria also provides strategic capital to transformative life science companies through our venture capital platform. We believe our unique business model and diligent underwriting ensure a high-quality and diverse tenant base that results in higher occupancy levels, longer lease terms, higher rental income, higher returns, and greater long-term asset value.",,3.69,6.67,1.0,13.21,509.0,Real Estate,2025.0,6.0,False,False,False,False,False,False,False,False
ALGN,181.79,0.108430006,0.06719,3.124,1.206,0.989,3980843008,810150976.0,630043904.0,180.01,182.22,183.97,180.56,263.24,141.74,,1282921,1100361,13177011200,1.64,,,,"Align Technology, Inc.","Align Technology, Inc. designs, manufactures, and markets Invisalign clear aligners, Vivera retainers, and iTero intraoral scanners and services in the United States, Switzerland, and internationally. The Clear Aligner segment offers comprehensive products, including Invisalign comprehensive package to treat adults and teens from mild to severe malocclusion and features, and orthodontic needs of teenage or younger patients; and Invisalign First Phase I and Invisalign First Comprehensive Phase 2 package for younger patients generally between the ages of six and ten years with a mixture of primary/baby and permanent teeth. This segment also provides Invisalign express, Invisalign lite, and Invisalign moderate; as well as Invisalign Go, Invisalign Go express, and Invisalign Go Plus; retention products, Invisalign training, adjusting tools used by dental professionals during treatment, ancillary Invisalign accessory products, and other oral health products; Invisalign Professional Whitening system; Invisalign Palatal Expander, a 3D printed orthodontic device; and 3D printing solutions. The Imaging Systems and CAD/CAM Services segment offers iTero intraoral scanning system, a single hardware platform for restorative or orthodontic procedures; exocad, a computer-aided design and computer-aided manufacturing (CAD/CAM) software; orthodontist software for digital records storage, orthodontic diagnosis, and fabrication of printed models and retainers; and restorative software for general practitioner dentists, prosthodontists, periodontists, and oral surgeons. This segment also provides Invisalign outcome simulator, a chair-side and cloud-based application for the iTero scanner; Invisalign progress assessment tool; Align Oral Health Suite, a digital interface for dental consultations; iTero TimeLapse technology for doctors or practitioners to compare a patient's historic 3D scans to the present-day scan; and subscription software, disposables, rents scanners, and pay per scan services. The company was incorporated in 1997 and is headquartered in Tempe, Arizona.",,9.59,6.04,1.0,18.25,309.0,Healthcare,2025.0,6.0,False,False,False,False,False,False,False,False
ALLE,137.63,0.42051998,0.11533,133.636,2.174,1.43,3820199936,922300032.0,520400000.0,136.8,137.81,138.84,136.54,156.1,113.27,,1998394,1022672,11842965504,1.035,0.0148,2.04,2025-06-13 01:00:00,Allegion plc,"Allegion plc engages in the provision of security products and solutions worldwide. The company offers door controls, door control system, and exit devices; doors, glass and door systems, and accessories; electronic security products and access control systems, including time, attendance, and workforce productivity; and locks, locksets, portable locks, and key systems. It also provides services and software, such as inspection, maintenance, and repair services for its automatic entrance solutions; software as a service, including access control, platform integration, and workforce management solutions; and ongoing aftermarket services, design and installation offerings, and locksmith offerings. In addition, the company sells its products and solutions to end-users in commercial, institutional, and residential facilities, including education, healthcare, government, hospitality, retail, commercial office, and single and multi-family residential markets under the CISA, Interflex, LCN, Schlage, SimonsVoss, and Von Duprin brands. It sells its products and solutions through distribution and retail channels, such as specialty distribution, e-commerce, and wholesalers, as well as through various retail channels comprising do-it-yourself home improvement centers, online and e-commerce platforms, and small specialty showroom outlets. The company was incorporated in 2013 and is based in Dublin, Ireland.",,5.3,3.58,0.0,20.84,72.0,Building Products,2025.0,6.0,False,False,False,False,False,False,False,False
LNT,60.54,0.10712,0.02735,149.852,0.336,0.134,4078000128,1759000064.0,-1070000000.0,60.01,60.18,60.91,59.91,66.54,50.01,,2577690,2097220,15551272960,0.576,0.0335,2.03,2025-04-30 01:00:00,Alliant Energy Corporation,"Alliant Energy Corporation operates as a utility holding company that provides regulated electric and natural gas services in the United States. It operates through IPL and WPL segments. The company, through its subsidiary, Interstate Power and Light Company (IPL), engages primarily in the generation and distribution of electricity and the distribution and transportation of natural gas to retail customers in select markets in Iowa. This segment also sells electricity to wholesale customers in Minnesota, Illinois and Iowa; and generates and distributes steam for two customers in Cedar Rapids, Iowa. Alliant Energy Corporation, through its other subsidiary, Wisconsin Power and Light Company (WPL), generates and distributes electricity, and distributes and transports natural gas to retail customers in select markets in Wisconsin; and sells electricity to wholesale customers in Wisconsin. It serves retail customers in the farming, agriculture, industrial manufacturing, chemical, packaging, and food industries, as well as wholesale customers comprising municipalities and rural electric cooperatives. In addition, the company owns and operates a short-line rail freight service in Iowa; a Mississippi River barge, rail, and truck freight terminal in Illinois; freight brokerage services; wind turbine blade recycling services; and a rail-served warehouse in Iowa. Further, it holds interests in a natural gas-fired electric generating unit near Sheboygan Falls, Wisconsin; and a wind farm located in Oklahoma. The company was formerly known as Interstate Energy Corp. and changed its name to Alliant Energy Corporation in May 1999. Alliant Energy Corporation is headquartered in Madison, Wisconsin.",,6.51,4.36,1.0,21.93,234.0,Utilities,2025.0,6.0,False,False,False,False,False,False,False,False
ALL,195.33,0.19723,0.03111,36.672,0.437,0.244,65299001344,6040999936.0,4154874880.0,195.67,196.07,198.41,195.2,213.18,157.48,,3101538,1607211,51726901248,0.345,0.020499999,4.0,2025-06-09 01:00:00,The Allstate Corporation,"The Allstate Corporation, together with its subsidiaries, provides property and casualty, and other insurance products in the United States and Canada. It operates in five segments: Allstate Protection; Run-off Property-Liability; Protection Services; Allstate Health and Benefits; and Corporate and Other. The company offers private passenger auto, homeowners, personal lines, and commercial insurance products through agents, contact centers, and online; and property and casualty insurance products. It also provides consumer product protection plans, device and mobile data collection services, and analytic solutions using automotive telematics information, roadside assistance, and protection plans; and insurance products, such as identity protection and restoration through Allstate Protection Plans, Allstate Dealer Services, Allstate Roadside, Arity, and Allstate Identity Protection brands. In addition, the company offers life, accident, critical illness, hospital indemnity, short-term disability, and other health insurance products; self-funded stop-loss and fully insured group health products to employers; medicare supplement, ancillary products, and short-term medical insurance to individuals through independent agents, owned agencies, benefits brokers, and Allstate exclusive agents. Further, it offers automotive protection; vehicle service contracts, guaranteed asset protection, road hazard tires and wheels, and paintless dent repair protection; and roadside assistance, mobility data collection services, and analytic solutions using automotive telematics information, identity theft protection, and remediation services. The Allstate Corporation was founded in 1931 and is headquartered in Northbrook, Illinois.",,12.59,10.8,2.0,24.68,186.0,Insurance,2025.0,6.0,False,False,False,False,False,False,False,False
GOOGL,166.64,0.34789002,0.16896999,8.254,1.768,1.597,359713013760,135705001984.0,60679000064.0,173.32,173.945,174.34,165.46,207.05,140.53,,75659917,40432375,2028092129280,1.014,0.005,0.84,2025-06-09 01:00:00,Alphabet Inc.,"Alphabet Inc. offers various products and platforms in the United States, Europe, the Middle East, Africa, the Asia-Pacific, Canada, and Latin America. It operates through Google Services, Google Cloud, and Other Bets segments. The Google Services segment provides products and services, including ads, Android, Chrome, devices, Gmail, Google Drive, Google Maps, Google Photos, Google Play, Search, and YouTube. It is also involved in the sale of apps and in-app purchases and digital content in the Google Play and YouTube; and devices, as well as in the provision of YouTube consumer subscription services. The Google Cloud segment offers AI infrastructure, Vertex AI platform, cybersecurity, data and analytics, and other services; Google Workspace that include cloud-based communication and collaboration tools for enterprises, such as Calendar, Gmail, Docs, Drive, and Meet; and other services for enterprise customers. The Other Bets segment sells healthcare-related and internet services. The company was incorporated in 1998 and is headquartered in Mountain View, California.",,11.74,10.21,4.0,24.89,585.0,Software & Services,2025.0,6.0,False,False,False,False,False,False,False,False
GOOG,167.73,0.34789002,0.16896999,8.254,1.768,1.597,359713013760,135705001984.0,60679000064.0,173.98,174.77,175.365,166.27,208.7,142.66,,55402575,26802753,2028090556416,1.014,0.005,0.84,2025-06-09 01:00:00,Alphabet Inc.,"Alphabet Inc. offers various products and platforms in the United States, Europe, the Middle East, Africa, the Asia-Pacific, Canada, and Latin America. It operates through Google Services, Google Cloud, and Other Bets segments. The Google Services segment provides products and services, including ads, Android, Chrome, devices, Gmail, Google Drive, Google Maps, Google Photos, Google Play, Search, and YouTube. It is also involved in the sale of apps and in-app purchases and digital content in the Google Play and YouTube; and devices, as well as in the provision of YouTube consumer subscription services. The Google Cloud segment offers AI infrastructure, Vertex AI platform, cybersecurity, data and analytics, and other services; Google Workspace that include cloud-based communication and collaboration tools for enterprises, such as Calendar, Gmail, Docs, Drive, and Meet; and other services for enterprise customers. The Other Bets segment sells healthcare-related and internet services. The company was incorporated in 1998 and is headquartered in Mountain View, California.",,,,,,,,,,,,,,,,,
MO,59.75,,0.20923,,0.571,0.468,20245999616,12382999552.0,4378625024.0,59.49,59.33,59.75,59.19,61.26,45.17,,23171306,9718477,100645888000,0.643,0.0683,4.08,2025-06-16 01:00:00,"Altria Group, Inc.","Altria Group, Inc., through its subsidiaries, manufactures and sells smokeable and oral tobacco products in the United States. The company offers cigarettes primarily under the Marlboro brand; large cigars and pipe tobacco under the Black & Mild brand; moist smokeless tobacco and oral tobacco products under the Copenhagen, Skoal, Red Seal, and Husky brands; oral nicotine pouches under the on! brand; and e-vapor products under the NJOY ACE brand. It sells its products to distributors, as well as large retail organizations, such as chain stores. Altria Group, Inc. was founded in 1822 and is headquartered in Richmond, Virginia.",,15.71,5.98,3.0,28.77,227.0,Food Products,2025.0,6.0,False,False,False,False,False,False,False,True
AMZN,209.69,0.2524,0.07632,51.641,1.048,0.807,650313007104,126144004096.0,39273500672.0,212.52,214.49,214.89,208.2709,242.52,151.61,,75350733,48931716,2226152800256,1.334,,,,"Amazon.com, Inc.","Amazon.com, Inc. engages in the retail sale of consumer products, advertising, and subscriptions service through online and physical stores in North America and internationally. The company operates through three segments: North America, International, and Amazon Web Services (AWS). It also manufactures and sells electronic devices, including Kindle, fire tablets, fire TVs, echo, ring, blink, and eero; and develops and produces media content. In addition, the company offers programs that enable sellers to sell their products in its stores; and programs that allow authors, independent publishers, musicians, filmmakers, Twitch streamers, skill and app developers, and others to publish and sell content. Further, it provides compute, storage, database, analytics, machine learning, and other services, as well as advertising services through programs, such as sponsored ads, display, and video advertising. Additionally, the company offers Amazon Prime, a membership program. The company's products offered through its stores include merchandise and content purchased for resale and products offered by third-party sellers. It serves consumers, sellers, developers, enterprises, content creators, advertisers, and employees. Amazon.com, Inc. was incorporated in 1994 and is headquartered in Seattle, Washington.",,10.77,6.75,3.0,25.82,265.0,Retailing,2025.0,6.0,False,False,False,False,False,False,False,False
AMCR,8.97,0.20796,0.04917,241.41,1.701,1.019,13461999616,1899000064.0,658000000.0,9.05,9.06,9.11,8.97,11.48,8.37,,123930660,38552798,20553320448,0.733,0.056900002,0.51,2025-05-22 01:00:00,Amcor plc,"Amcor plc develops, produces, and sells packaging products in Europe, North America, Latin America, and the Asia Pacific. The company operates in two segments, Flexibles and Rigid Packaging. The Flexibles segment offers flexible and film packaging products in the food and beverage, medical and pharmaceutical, fresh produce, snack food, personal care, and other industries. The Rigid Packaging segment provides rigid containers for various beverage and food products, including carbonated soft drinks, water, juices, sports drinks, milk-based beverages, spirits and beer, sauces, dressings, spreads, and personal care items; and plastic caps for various applications. It sells its products through its direct sales force. The company was incorporated in 1926 and is headquartered in Zurich, Switzerland.",,1.07,1.98,1.0,14.32,38.0,Containers & Packaging,2025.0,6.0,False,False,False,False,False,False,False,False
AEE,94.69,0.10159001,0.02686,158.916,0.857,0.444,7596000256,3268000000.0,-2507375104.0,94.42,94.55,95.78,94.431,104.1,69.39,,2508040,1772135,25671596032,0.505,0.03,2.84,2025-06-10 01:00:00,Ameren Corporation,"Ameren Corporation, together with its subsidiaries, operates as a public utility holding company in the United States. The company operates through four segments: Ameren Missouri, Ameren Illinois Electric Distribution, Ameren Illinois Natural Gas, and Ameren Transmission. It engages in the rate-regulated electric generation, transmission, and distribution business; and rate-regulated natural gas distribution business. The company also generates electricity through coal, nuclear, and natural gas, as well as renewable energy, including hydroelectric, wind, methane gas, and solar. It serves residential, commercial, and industrial customers. Ameren Corporation was founded in 1881 and is headquartered in Saint Louis, Missouri.",,9.82,4.05,2.0,26.97,234.0,Utilities,2025.0,6.0,False,False,False,False,False,False,False,False
AEP,101.75,0.10421,0.028900001,171.503,0.417,0.221,20159000576,7971500032.0,-2700450048.0,101.2,101.5,102.61,101.1101,110.48,85.93,,4085609,3897300,54354341888,0.41,0.0366,3.72,2025-05-09 01:00:00,"American Electric Power Company, Inc.","American Electric Power Company, Inc., an electric public utility holding company, engages in the generation, transmission, and distribution of electricity for sale to retail and wholesale customers in the United States. It operates through Vertically Integrated Utilities, Transmission and Distribution Utilities, AEP Transmission Holdco, and Generation & Marketing segments. The company generates electricity using coal and lignite, natural gas, renewable, nuclear, hydro, solar, wind, and other energy sources; owns, operates, maintains, and invests in transmission infrastructure; and engages in wholesale energy trading and marketing business. It operates approximately 225,000 circuit miles of distribution lines that delivers electricity to 5.6 million customers; 40,000 circuit miles of transmission lines; and 23,000 MWs of regulated owned generating capacity. American Electric Power Company, Inc. was incorporated in 1906 and is headquartered in Columbus, Ohio.",,9.28,3.9,2.0,24.8,234.0,Utilities,2025.0,6.0,False,False,False,False,False,False,False,False
AXP,298.59,0.34273,0.03727,170.351,1.574,1.568,62049001472,,,296.42,297.585,299.75,296.64,326.27,220.43,,5686995,3208856,209188864000,1.254,0.011,3.28,2025-07-03 01:00:00,American Express Company,"American Express Company, together with its subsidiaries, operates as integrated payments company in the United States, Europe, the Middle East and Africa, the Asia Pacific, Australia, New Zealand, Latin America, Canada, the Caribbean, and Internationally. It operates through four segments: U.S. Consumer Services, Commercial Services, International Card Services, and Global Merchant and Network Services. The company's products and services include credit card, charge card, banking, and other payment and financing products; network services; expense management products and services; and travel and lifestyle services. It also provides merchant acquisition and processing, servicing and settlement, point-of-sale marketing, and information products and services for merchants; and fraud prevention services, as well as the design and operation of customer loyalty programs. In addition, the company leases and operates lounges at airports. Further, it designs and develops a software to manage company expenses. The company sells its products and services to consumers, small businesses, mid-sized companies, and large corporations through mobile and online applications, affiliate marketing, customer referral programs, third-party service providers and business partners, direct mail, telephone, in-house sales teams, telephone, and direct response advertising. American Express Company was founded in 1850 and is based in New York, New York.",,11.84,6.94,2.0,18.92,357.0,Diversified Financials,2025.0,6.0,False,False,False,False,False,False,False,False
AIG,85.13,0.057439998,0.0072600003,21.112,0.636,0.23,27047000064,7714999808.0,19411625984.0,84.25,84.62,85.51,84.43,88.07,69.0,,9162314,4428438,49062969344,0.658,0.0211,1.8,2025-06-13 01:00:00,"American International Group, Inc.","American International Group, Inc. offers insurance products for commercial, institutional, and individual customers in North America and internationally. It operates through three segments: North America Commercial; International Commercial; and Global Personal. The company provides commercial and industrial property insurance, including business interruption and package insurance that cover exposure to made and natural disasters; general liability, environmental, commercial automobile liability, workers' compensation, excess casualty, and crisis management insurance products; and professional liability insurance. It also offers marine, energy-related property insurance, aviation, political risk, trade credit, trade finance, and portfolio solutions; voluntary and sponsor-paid personal accident, and supplemental health products; and personal auto and homeowners, extended warranty, device protection insurance, home warranty and related services, and insurance for high net-worth individuals. Further, the company provides mortgage and other loans receivable includes commercial mortgages, life insurance policy loans, and commercial loans, The company was founded in 1919 and is headquartered in New York, New York.",,10.68,10.66,2.0,23.3,186.0,Insurance,2025.0,6.0,False,False,False,False,False,False,False,False
AMT,217.48,0.28421,0.04533,446.681,0.555,0.486,10177399808,6680600064.0,4535612416.0,215.48,215.14,218.74,214.3,243.56,172.51,,3892971,2974824,101810642944,0.828,0.0313,6.8,2025-06-13 01:00:00,American Tower Corporation,"American Tower, one of the largest global REITs, is a leading independent owner, operator and developer of multitenant communications real estate with a portfolio of over 149,000 communications sites and a highly interconnected footprint of U.S. data center facilities.",,4.2,5.92,1.0,14.91,509.0,Real Estate,2025.0,6.0,False,False,False,False,False,False,False,False
AWK,141.25,0.10428,0.03475,137.735,0.488,0.378,4815000064,2601999872.0,-1206125056.0,141.1,140.99,142.25,140.08,155.5,118.74,,2415943,1440667,27545444352,0.698,0.0234,3.31,2025-05-13 01:00:00,"American Water Works Company, Inc.","American Water Works Company, Inc., through its subsidiaries, provides water and wastewater services in the United States. It offers water and wastewater services on military installations; and undertakes contracts with municipal customers, primarily to operate and manage water and wastewater facilities, as well as offers other related services. The company also operates approximately 80 surface water treatment plants; 520 groundwater treatment plants; 190 wastewater treatment plants; 54,500 miles of transmission, distribution, and collection mains and pipes; 1,200 groundwater wells; 1,800 water and wastewater pumping stations; 1,100 treated water storage facilities; and 75 dams. In addition, it offers water and wastewater services to 14 states serving approximately 3.5 million active customers. The company serves residential customers; commercial customers, including food and beverage providers, commercial property developers and proprietors, and energy suppliers; fire service and private fire customers; industrial customers, such as large-scale manufacturers, mining, and production operations; public authorities comprising government buildings and other public sector facilities, such as schools and universities; and other utilities and community water and wastewater systems. American Water Works Company, Inc. was founded in 1886 and is headquartered in Camden, New Jersey.",,6.69,3.63,1.0,19.18,234.0,Utilities,2025.0,6.0,False,False,False,False,False,False,False,False
AMP,510.35,0.58108,0.022219999,74.235,2.91,2.082,18082000896,,3326500096.0,506.43,509.47,510.9918,503.73,582.05,385.74,,976393,507314,48596905984,1.227,0.0125,6.4,2025-05-05 01:00:00,"Ameriprise Financial, Inc.","Ameriprise Financial, Inc., together with its subsidiaries, operates as a diversified financial services company in the United States and internationally. The company offers financial planning and advice services to individual and institutional clients. It operates through Advice & Wealth Management, Asset Management, and Retirement & Protection Solutions segments. The Advice & Wealth Management segment provides financial planning and advice; brokerage products and services for retail and institutional clients; discretionary and non-discretionary investment advisory accounts; mutual funds; insurance and annuities products; cash management and banking products; and face-amount certificates. The Asset Management segment offers investment management, advice, and products to retail, high net worth, and institutional clients through third-party financial institutions, advisor networks, direct retail, and its institutional sales force under the Columbia Threadneedle Investments brand name. Its products include U.S. mutual funds and their non-U.S. equivalents, exchange-traded funds, variable product funds underlying insurance, and annuity separate accounts; and institutional asset management products, such as traditional asset classes, separately managed accounts, individually managed accounts, collateralized loan obligations, hedge funds, collective funds, and property and infrastructure funds. The Retirement & Protection Solutions segment provides variable annuity products, as well as life and disability income insurance products to retail clients. The company was formerly known as American Express Financial Corporation and changed its name to Ameriprise Financial, Inc. in September 2005. Ameriprise Financial, Inc. was founded in 1894 and is based in Minneapolis, Minnesota.",,7.83,9.13,2.0,18.5,357.0,Diversified Financials,2025.0,6.0,False,False,False,False,False,False,False,False
AME,176.69,0.14964,0.07521,21.761,1.407,16.587,6936970752,2180838912.0,1462736512.0,177.76,179.59,179.59,176.23,198.33,145.02,,2794326,1429806,40794013696,1.11,0.0069999998,1.24,2025-06-13 01:00:00,"AMETEK, Inc.","AMETEK, Inc. manufactures and sells electronic instruments (EIG) and electromechanical (EMG) devices in the United States and internationally. The company's EIG segment offers advanced instruments for the process, aerospace, power, and industrial markets; process and analytical instruments for the oil and gas, petrochemical, pharmaceutical, semiconductor, automation, and food and beverage industries; instruments to the laboratory equipment, ultra-precision manufacturing, medical, and test and measurement markets; power quality monitoring and c devices, uninterruptible power supplies, programmable power and electromagnetic compatibility test equipment, and gas turbines sensors; dashboard instruments for heavy trucks and other vehicles; instrumentation and controls for the food and beverage industries; and aircraft and engine sensors, power supplies, embedded computing, monitoring, fuel and fluid measurement, and data acquisition systems for aerospace and defense industry. Its EMG segment offers engineered medical components and devices, automation solutions, thermal management systems, specialty metals, and electrical interconnects; single-use and consumable surgical instruments, implantable components, and drug delivery systems; engineered electrical connectors and electronics packaging to protect sensitive electronic devices; precision motion control products for data storage, medical devices, business equipment, and automation; high-purity powdered metals, strips and foils, specialty clad metals, and metal matrix composites; motor-blower systems and heat exchangers for thermal management, military and commercial aircraft, and military ground vehicles; and motors for commercial appliances, food and beverage machines, hydraulic pumps, and industrial blowers, as well as operates a network of aviation maintenance, repair, and overhaul facilities. AMETEK, Inc. was incorporated in 1930 and is headquartered in Berwyn, Pennsylvania.",,3.74,4.0,0.0,14.66,238.0,Technology Hardware,2025.0,6.0,False,False,False,False,False,False,False,False
AMGN,289.33,1.0567299,0.07037,924.456,1.17,0.736,34126000128,15726000128.0,13090124800.0,289.63,292.17,294.55,288.62,346.85,253.3,,6801395,2949812,155574468608,0.496,0.032899998,9.52,2025-05-16 01:00:00,Amgen Inc.,"Amgen Inc. discovers, develops, manufactures, and delivers human therapeutics worldwide. The company's principal products include Enbrel for the treatment of rheumatoid arthritis, plaque psoriasis, and psoriatic arthritis; Otezla for the treatment of adult patients with plaque psoriasis, psoriatic arthritis, and oral ulcers associated with Behçet's disease; Prolia to treat postmenopausal women with osteoporosis; XGEVA for skeletal-related events prevention; Repatha, which reduces the risks of myocardial infarction, stroke, and coronary revascularization; Nplate for the treatment of patients with immune thrombocytopenia; KYPROLIS to treat patients with relapsed or refractory multiple myeloma; Aranesp to treat a lower-than-normal number of red blood cells and anemia; EVENITY for the treatment of osteoporosis in postmenopausal for men and women; Vectibix to treat patients with wild-type RAS metastatic colorectal cancer; BLINCYTO for the treatment of patients with acute lymphoblastic leukemia; TEPEZZA to treat thyroid eye disease; and KRYSTEXXA for the treatment of chronic refractory gout. It also markets other products, including Neulasta, MVASI, AMJEVITA/AMGEVITA, TEZSPIRE, Parsabiv, Aimovig, LUMAKRAS/LUMYKRAS, EPOGEN, KANJINTI, TAVNEOS, RAVICTI, UPLIZNA and PROCYSBI. The company serves healthcare providers, including physicians or their clinics, dialysis centers, hospitals, and pharmacies. It distributes its products through pharmaceutical wholesale distributors, as well as direct-to-consumer channels. The company has collaboration agreements with AstraZeneca plc for the development and commercialization of TEZSPIRE; Novartis Pharma AG to develop and commercialize Aimovig; UCB for the development and commercialization of EVENITY; Kyowa Kirin Co., Ltd. for rocatinlimab development and commercialization; and BeiGene, Ltd. for oncology products expansion and development. Amgen Inc. was incorporated in 1980 and is headquartered in Thousand Oaks, California.",,14.65,6.05,3.0,22.53,501.0,Pharmaceuticals,2025.0,6.0,False,True,False,False,False,False,False,False
APH,93.82,0.27526,0.118219994,69.096,1.989,1.218,16777400320,4452499968.0,1426462464.0,93.47,94.14,94.5,92.99,94.83,54.77,,16208621,8499596,113484668928,1.131,0.0069999998,0.66,2025-06-17 01:00:00,Amphenol Corporation,"Amphenol Corporation, together with its subsidiaries, designs, manufactures, and markets electrical, electronic, and fiber optic connectors in the United States, China, and internationally. It operates through three segments: Harsh Environment Solutions, Communications Solutions, and Interconnect and Sensor Systems. The company offers connectors and connector systems, including harsh environment data, power, high-speed, fiber optic, and radio frequency interconnect products; busbars and power distribution systems; and power interconnect products. It also provides value-add products, such as backplane interconnect systems, cable assemblies and harnesses, and cable management products; other products comprising flexible and rigid printed circuit boards, hinges, other mechanical, and production related products. In addition, the company offers consumer device, network infrastructure, and other antennas; coaxial, power, and specialty cables; and sensors and sensor-based products. It sells its products through its sales force, independent representatives, and a network of electronics distributors to original equipment manufacturers, electronic manufacturing services companies, original design manufacturers, and service providers in the automotive, broadband communication, commercial aerospace, industrial, information technology and data communication, military, mobile device, and mobile network markets. Amphenol Corporation was founded in 1932 and is headquartered in Wallingford, Connecticut.",,4.77,4.68,2.0,17.8,238.0,Technology Hardware,2025.0,6.0,False,False,False,False,False,False,False,False
ADI,228.35,0.05213,0.02994,20.62,2.077,1.397,9818655744,4371051008.0,2982311936.0,229.65,232.02,232.02,225.68,247.1,158.65,,5316062,4403956,113318232064,1.0,0.0173,3.96,2025-06-04 01:00:00,"Analog Devices, Inc.","Analog Devices, Inc. engages in the design, manufacture, testing, and marketing of integrated circuits (ICs), software, and subsystems products in the United States, rest of North and South America, Europe, Japan, China, and rest of Asia. The company provides data converter products, which translate real-world analog signals into digital data, as well as translates digital data into analog signals; power management and reference products for power conversion, driver monitoring, sequencing, and energy management applications in the automotive, communications, industrial, and consumer markets; and power ICs that include performance, integration, and software design simulation tools for accurate power supply designs. It also offers amplifiers to condition analog signals; and radio frequency and microwave ICs to support cellular infrastructure; and micro-electro-mechanical systems technology solutions, including accelerometers used to sense acceleration, gyroscopes for sense rotation, inertial measurement units to sense multiple degrees of freedom, and broadband switches for radio and instrument systems, as well as isolators. In addition, the company provides digital signal processing and system products for numeric calculations. It serves clients in the industrial, automotive, consumer, instrumentation, aerospace, defense and healthcare, and communications markets through a direct sales force, third-party distributors, and independent sales representatives, as well as online. The company was incorporated in 1965 and is headquartered in Wilmington, Massachusetts.",,4.51,4.74,1.0,16.7,122.0,Semiconductors,2025.0,6.0,False,False,False,False,False,False,False,False
ANSS,334.96,0.102299996,0.06059,13.932,3.657,3.56,2583095040,878038976.0,772483648.0,336.23,338.61,340.58,334.46,363.03,275.06,,1129401,708856,29448374272,1.189,,,,"ANSYS, Inc.","ANSYS, Inc. develops and markets engineering simulation software and services for engineers, designers, researchers, and students. It offers structural analysis product suite that provides simulation tools for product design and optimization; the Ansys Mechanical product, an element analysis software; LS-DYNA solver for multiphysics simulation; and power analysis and optimization software suite. The company also offers electronics product suite that provides electromagnetic field simulation software for designing electronic and electromechanical products; Ansys High Frequency Structure Simulator product for radio frequency and microwave design; SCADE product suite, a solution for embedded software simulation, code production, and automated certification; fluids product suite that enables modeling of fluid flow and other related physical phenomena; Ansys Fluent computational fluid dynamics software package; Ansys RedHawk-SC, an electronic design automation (EDA) software tool; Ansys Optics software; and mission-simulation, modeling, testing, and analysis software. In addition, it offers Ansys Granta MI system for materials information management; Ansys Granta Selector technology for materials selection and graphical analysis of materials properties; CES EduPack product, a set of teaching resources; Granta Materials Data for Simulation; Ansys Lumerical product, a photonics simulation software solution; safety-certified embedded software solutions; design exploration tools; and academic product suite for research and teaching settings. The company serves high-tech, aerospace and defense, automotive, energy, industrial equipment, materials and chemicals, consumer products, healthcare, and construction industries. It has operations in the United States, Japan, Germany, China, Hong Kong, South Korea, rest of Europe, the Middle East, Africa, and internationally. The company was founded in 1970 and is headquartered in Canonsburg, Pennsylvania.",,7.44,3.16,1.0,15.22,585.0,Software & Services,2025.0,6.0,False,False,False,False,False,False,False,False
AON,354.7,0.72012,0.06008,254.468,1.046,0.252,16357000192,5248000000.0,3189374976.0,350.83,351.47,357.025,351.46,412.97,285.35,,1771378,1424277,76593922048,0.864,0.0084,2.98,2025-05-01 01:00:00,Aon plc,"Aon plc, a professional services firm, provides a range of risk and human capital solutions worldwide. It offers commercial risk solutions, including retail brokerage, specialty solutions, global risk consulting and captive management, and affinity programs; and health solutions, such as consulting and brokerage, consumer benefit, and talent advisory services. The company also provides insurance-linked securities, capital raising, strategic advice, restructuring, and merger and acquisition services; and risk management products and services, capital market solutions, and corporate finance advisory services. In addition, the company offers treaty and facultative reinsurance services; strategic design advice and actuarial services; and investment advisory services on developing and maintaining investment programs across various plan types, including defined benefit plans, defined contribution plans, and trusts for corporations, public pensions, endowments, and foundations. The company was founded in 1919 and is headquartered in Dublin, Ireland.",,6.58,7.78,1.0,14.41,186.0,Insurance,2025.0,6.0,False,False,False,False,False,False,False,False
APA,19.97,0.26176,0.082320005,84.961,0.885,0.684,10147999744,5967000064.0,2278000128.0,20.31,20.43,20.505,19.74,33.41,13.58,,14423632,8717874,7206074368,1.246,0.050100002,1.0,2025-07-22 01:00:00,APA Corporation,"APA Corporation, an independent energy company, explores for, develops, and produces natural gas, crude oil, and natural gas liquids. It has oil and gas operations in the United States, Egypt, and North Sea. The company also has exploration and appraisal activities in Suriname, as well as holds interests in projects located in Uruguay and internationally. APA Corporation was incorporated in 1954 and is headquartered in Houston, Texas.",,9.04,7.24,2.0,38.35,163.0,Oil & Gas Producers,2025.0,6.0,False,False,False,False,False,False,False,False
APO,134.52,0.18686001,0.01521,90.49,1.788,1.68,24387000320,,,133.09,134.44,135.75,133.5,189.49,95.11,,4505318,3934769,76877373440,1.571,0.0152,2.04,2025-05-16 01:00:00,"Apollo Global Management, Inc.","Apollo Global Management, Inc. is a private equity firm specializing in investments in credit, private equity, infrastructure, secondaries and real estate markets. The firm prefers to invest in private and public markets. The firm's private equity investments include traditional buyouts, recapitalization, distressed buyouts and debt investments in real estate, corporate partner buyouts, distressed asset, corporate carve-outs, middle market, growth, venture capital, turnaround, bridge, corporate restructuring, special situation, acquisition, and industry consolidation transactions. For credit strategies, the firm focuses to invest in multi-sector credit, semi-liquid credit, direct lending, first lien, unitranche, whole loans and private credit. The firm provides its services to endowment and sovereign wealth funds, as well as other institutional and individual investors. It manages client focused portfolios. The firm launches and manages hedge funds for its clients. It also manages real estate funds and private equity funds for its clients. The firm invests in the fixed income and alternative investment markets across the globe. Its fixed income investments include income-oriented senior loans, bonds, collateralized loan obligations, structured credit, opportunistic credit, non-performing loans, distressed debt, mezzanine debt, and value oriented fixed income securities. The firm seeks to invest in chemicals, commodities, consumer and retail, oil and gas, metals, mining, agriculture, commodities, distribution and transportation, financial and business services, manufacturing and industrial, media distribution, cable, entertainment and leisure, telecom, technology, natural resources, energy, packaging and materials, and satellite and wireless industries. It also focuses on clean energy, sustainable industry, climate solutions, energy transition, industrial decarbonization, sustainable mobility, sustainable resource use, and sustainable real estate. It seeks to invest in companies based in across Africa, Asia, North America with a focus on United States, Western Europe and Europe. It employs a combination of contrarian, value, and distressed strategies to make its investments. The firm seeks to make investments in the range of $75 million and $1500 million. The firm seeks to invest in companies with Enterprise value between $750 million to $2500 million. The firm conducts in-house research to create its investment portfolio. It seeks to acquire minority and majority positions in its portfolio companies. Apollo Global Management, Inc. was founded in 1990 and is headquartered in New York, New York with additional offices in North America, Asia, Africa and Europe.",,8.94,10.99,2.0,22.4,357.0,Diversified Financials,2025.0,6.0,False,False,False,False,False,False,False,False
AAPL,201.0,1.38015,0.23809999,146.994,0.821,0.68,400366010368,138865999872.0,97251500032.0,196.58,198.235,201.7,196.8596,260.1,169.21,,96813542,61159585,3002095632384,1.211,0.0052,1.04,2025-05-12 01:00:00,Apple Inc.,"Apple Inc. designs, manufactures, and markets smartphones, personal computers, tablets, wearables, and accessories worldwide. The company offers iPhone, a line of smartphones; Mac, a line of personal computers; iPad, a line of multi-purpose tablets; and wearables, home, and accessories comprising AirPods, Apple TV, Apple Watch, Beats products, and HomePod. It also provides AppleCare support and cloud services; and operates various platforms, including the App Store that allow customers to discover and download applications and digital content, such as books, music, video, games, and podcasts, as well as advertising services include third-party licensing arrangements and its own advertising platforms. In addition, the company offers various subscription-based services, such as Apple Arcade, a game subscription service; Apple Fitness+, a personalized fitness service; Apple Music, which offers users a curated listening experience with on-demand radio stations; Apple News+, a subscription news and magazine service; Apple TV+, which offers exclusive original content; Apple Card, a co-branded credit card; and Apple Pay, a cashless payment service, as well as licenses its intellectual property. The company serves consumers, and small and mid-sized businesses; and the education, enterprise, and government markets. It distributes third-party applications for its products through the App Store. The company also sells its products through its retail and online stores, and direct sales force; and third-party cellular network carriers, wholesalers, retailers, and resellers. Apple Inc. was founded in 1976 and is headquartered in Cupertino, California.",,7.98,8.58,3.0,18.99,238.0,Technology Hardware,2025.0,6.0,False,False,False,False,False,False,False,False
AMAT,169.46,0.36372003,0.15880999,35.177,2.465,1.618,28088999936,8744999936.0,3740875008.0,172.84,174.465,175.37,165.92,255.89,123.74,,18396639,8001522,135991312384,1.664,0.0109,1.84,2025-08-21 01:00:00,"Applied Materials, Inc.","Applied Materials, Inc. engages in the provision of manufacturing equipment, services, and software to the semiconductor, display, and related industries. The company operates through three segments: Semiconductor Systems, Applied Global Services, and Display. The Semiconductor Systems segment develops, manufactures, and sells semiconductor capital equipment that is used to fabricate semiconductor chips or integrated circuits. The Applied Global Services segment provides integrated solutions to optimize equipment and fab performance and productivity comprising spares, upgrades, services, and other equipment and factory automation software for semiconductor, display, and other products. The Display segment offers products for manufacturing liquid crystal displays; organic light-emitting diodes; and other display technologies for TVs, monitors, laptops, personal computers, smart phones, and other consumer-oriented devices and solar energy cells. It focused on device innovations for chipmakers serving ICAPS markets. The company operates in the United States, China, Korea, Taiwan, Japan, Southeast Asia, Europe, and internationally. Applied Materials, Inc. was incorporated in 1967 and is headquartered in Santa Clara, California.",,3.09,4.54,2.0,11.43,122.0,Semiconductors,2025.0,6.0,False,False,False,False,False,False,False,False
APTV,67.05,0.15237,0.05728,91.193,1.614,1.075,19637000192,3104999936.0,1634625024.0,67.66,68.24,68.435,66.34,80.95,47.19,,6294898,2886270,14598797312,1.473,,,2020-02-04 00:00:00,Aptiv PLC,"Aptiv PLC engages in design, manufacture, and sale of vehicle components in North America, Europe, the Middle East, Africa, the Asia Pacific, South America, and internationally. The company provides electrical, electronic, and safety technology solutions to the automotive and commercial vehicle markets. It operates through two segments, Signal and Power Solutions, and Advanced Safety and User Experience. The Signal and Power Solutions segment designs, manufactures, and assembles vehicle's electrical architecture, including engineered component products, connectors, wiring assemblies and harnesses, cable management products, electrical centers, and high voltage and safety distribution systems. The Advanced Safety and User Experience segment provides critical technologies and services for vehicle safety, security, comfort, and convenience, such as sensing and perception systems, electronic control units, multi-domain controllers, vehicle connectivity systems, cloud-native software platform, application software, autonomous driving technologies, and end-to-end DevOps tools. Aptiv PLC was incorporated in 2011 and is based in Schaffhausen, Switzerland.",,4.56,3.97,1.0,12.89,86.0,Auto Components,2025.0,3.0,False,False,False,False,False,False,False,False
ACGL,90.17,0.18415001,0.03801,12.662,0.581,0.288,18172000256,4457999872.0,7810124800.0,90.3,90.68,91.6,89.82,116.47,82.49,,2503561,1600269,33791657984,0.516,,,2024-11-18 00:00:00,Arch Capital Group Ltd.,"Arch Capital Group Ltd., together with its subsidiaries, provides insurance, reinsurance, and mortgage insurance products in the United States, Canada, Bermuda, the United Kingdom, Europe, and Australia. The Insurance segment offers commercial automobile; commercial multiperil; financial and professional line liability; admitted, excess, and surplus casualty lines; property and short-tail specialty; workers compensation; casualty; marine and aviation; excess and surplus casualty; construction and national accounts; alternative market risks and employer's liability; travel, accident, and health; contract and commercial surety coverage; and other insurance products, as well as Lloyd's syndicates; programs; and warranty and lenders solutions. Its Reinsurance segment provides reinsurance products for casualty; marine and aviation; property catastrophe; property excluding property catastrophe; and other specialty products. The Mortgage segment offers U.S. primary mortgage insurance business written predominantly on loans sold to the Federal National Mortgage Association and Federal Home Loan Mortgage Corporation; reinsurance and underwriting services related to the U.S. credit-risk transfer business and other U.S. mortgage reinsurance transactions; and international mortgage insurance and reinsurance business covering loans. It markets its products through a group of licensed independent retail and wholesale brokers. The company was formerly known as Risk Capital Holdings, Inc. Arch Capital Group Ltd. was founded in 1995 and is headquartered in Pembroke, Bermuda.",,9.92,8.94,2.0,20.43,186.0,Insurance,2025.0,6.0,False,False,False,False,False,False,False,False
ADM,53.61,0.05888,0.01791,55.504,1.382,0.362,83857997824,2609999872.0,95125000.0,53.99,54.29,54.45,53.32,66.08,40.98,,8448951,3605200,25756923904,0.656,0.0381,2.04,2025-05-21 01:00:00,Archer-Daniels-Midland Company,"Archer-Daniels-Midland Company engages in the procurement, transportation, storage, processing, and merchandising of agricultural commodities, ingredients, flavors, and solutions in the United States, Switzerland, the Cayman Islands, Brazil, Mexico, Canada, the United Kingdom, and internationally. It operates in three segments: Ag Services and Oilseeds; Carbohydrate Solutions; and Nutrition. The company originates, merchandises, stores, and transports agricultural raw materials, such as oilseeds and soft seeds. It engages in the agricultural commodity and feed product import, export, and distribution; and various structured trade finance activities. In addition, the company offers soybean meal and oil; vegetable and salad oils and protein meals; ingredients for the food, feed, energy, and industrial customers; margarine, shortening, and other food products; and partially refined oils to produce biodiesel and glycols for use in chemicals, paints, and other industrial products. Further, it provides peanuts, peanut-derived ingredients, and cotton cellulose pulp; sweeteners, corn and wheat starches, syrup, glucose, wheat flour, and dextrose; alcohol, and other food and animal feed ingredients; ethyl alcohol and ethanol; corn gluten feed and meal; distillers' grains; corn germ; and citric acids. Additionally, the company provides proteins, natural flavors, flavor systems, natural colors, emulsifiers, soluble fiber, polyols, hydrocolloids, probiotics, prebiotics, postbiotics, enzymes, and botanical extracts; and other specialty food and feed ingredients; edible beans; formula feeds, and animal health and nutrition products; and contract and private label pet treats and food products. It also offers futures commission merchant; commodity brokerage services; cash margins and securities pledged to commodity exchange clearinghouse; and cash pledged as security under certain insurance arrangements. The company was founded in 1902 and is headquartered in Chicago, Illinois.",,9.39,3.52,3.0,32.94,227.0,Food Products,2025.0,6.0,False,False,False,False,False,False,False,False
ANET,86.25,0.33681,0.15675001,,3.933,3.071,7436546048,3186673920.0,3057000960.0,90.24,90.84,91.2299,85.775,133.575,59.43,,13855851,10943254,108323102720,1.379,,,,Arista Networks Inc,"Arista Networks Inc engages in the development, marketing, and sale of data-driven, client to cloud networking solutions for AI, data center, campus, and routing environments in the Americas, Europe, the Middle East, Africa, and the Asia-Pacific. Its cloud networking solutions consist of Extensible Operating System (EOS), a publish-subscribe state-sharing networking operating system offered in combination with a set of network applications. The company offers data center, cloud and AI networking, cognitive adjacencies, and cognitive network software and services. It also provides post contract customer support services, such as technical support, hardware repair and replacement parts beyond standard warranty, bug fixes, patches, and upgrade services. The company serves a range of industries comprising internet companies, cloud service providers, financial services organizations, government agencies, media and entertainment, healthcare, oil and gas, education, manufacturing, industrial, and others. It markets and sells its products through distributors, system integrators, value-added resellers, and original equipment manufacturer partners, as well as through its direct sales force. The company was formerly known as Arastra, Inc. and changed its name to Arista Networks Inc in October 2008. Arista Networks Inc was incorporated in 2004 and is headquartered in Santa Clara, California.",,7.54,4.88,1.0,16.53,238.0,Technology Hardware,2025.0,6.0,False,False,False,False,False,False,False,False
AJG,320.16,0.092980005,0.026770001,60.048,1.443,0.573,11243499520,3720999936.0,2389237504.0,317.13,318.62,322.85,318.18,351.23,251.42,,1342780,1389106,81977925632,0.75,0.0081,2.6,2025-06-06 01:00:00,Arthur J. Gallagher & Co.,"Arthur J. Gallagher & Co., together with its subsidiaries, provides insurance and reinsurance brokerage, consulting, and third-party property/casualty claims settlement and administration services to entities and individuals worldwide. It operates in Brokerage and Risk Management segments. The Brokerage segment offers retail and wholesale insurance and reinsurance brokerage services; assists retail brokers and other non-affiliated brokers in the placement of specialized and hard-to-place insurance; and acts as a brokerage wholesaler, managing general agent, and managing general underwriter for distributing specialized insurance coverages to underwriting enterprises. This segment performs activities, including marketing, underwriting, issuing policies, collecting premiums, appointing and supervising other agents, paying claims, and negotiating reinsurance; and offers services in the areas of insurance and reinsurance placement, risk of loss management, and management of employer sponsored benefit programs. The Risk Management segment provides contract claim settlement and administration services; and claims management, loss control consulting, and insurance property appraisal services. The company offers its services through a network of correspondent brokers and consultants. It serves commercial, industrial, public, religious, and nonprofit entities, as well as underwriting enterprises. The company was founded in 1927 and is headquartered in Rolling Meadows, Illinois.",,9.13,8.45,1.0,17.8,186.0,Insurance,2025.0,6.0,False,False,False,False,False,False,False,False
AIZ,196.15,0.13204001,0.01705,39.809,0.416,0.14,12071400448,1160099968.0,1277987456.0,195.36,196.18,198.74,195.3,230.55,160.12,,598316,575006,9945255936,0.603,0.0163,3.2,2025-06-09 01:00:00,"Assurant, Inc.","Assurant, Inc. provides protection services to connected devices, homes, and automobiles in North America, Latin America, Europe, and the Asia Pacific. It operates in two segments, Global Lifestyle and Global Housing. The Global Lifestyle segment offers mobile device solutions, and extended service contracts and related services for consumer electronics and appliances, and financial services and other insurance products; and vehicle protection, commercial equipment, and other related services. The Global Housing segment provides lender-placed homeowners, manufactured housing, and flood insurance; renters insurance and related products; and voluntary manufactured housing, and condominium and homeowners insurance products. The company was formerly known as Fortis, Inc. and changed its name to Assurant, Inc. in February 2004. Assurant, Inc. was founded in 1892 and is headquartered in Atlanta, Georgia.",,8.77,9.42,1.0,19.72,186.0,Insurance,2025.0,6.0,False,False,False,False,False,False,False,False
T,27.77,0.10885,0.041739997,119.246,0.704,0.444,122934001664,44259000320.0,14413375488.0,27.66,27.68,28.09,27.63,29.03,18.14,,27538640,36600120,199964540928,0.604,0.04,1.11,2025-04-10 01:00:00,AT&T Inc.,"AT&T Inc. provides telecommunications and technology services worldwide. The company operates through two segments, Communications and Latin America. The Communications segment offers wireless voice and data communications services; and sells handsets, wireless data cards, wireless computing devices, carrying cases/protective covers, and wireless chargers through its own company-owned stores, agents, and third-party retail stores. It also provides AT&T Dedicated Internet, fiber ethernet and broadband, fixed wireless, and hosted and managed professional services; and copper-based voice and data, Virtual Private Networks (VPN), wholesale, outsourcing, and IP, as well as customer premises equipment for multinational corporations, small and mid-sized businesses, governmental, and wholesale customers. In addition, this segment offers broadband services, including fiber connections, legacy telephony voice communication services, and other VoIP services and equipment to residential customers. This segment markets its communications services and products under the AT&T, AT&T Business, Cricket, AT&T PREPAID, AT&T Fiber, and AT&T Internet Air brand names. The Latin America segment provides postpaid and prepaid wireless services in Mexico under the AT&T and Unefon brand names, as well as sells smartphones through its stores, agents and third-party retail stores. The company was formerly known as SBC Communications Inc. and changed its name to AT&T Inc. in 2005. AT&T Inc. was incorporated in 1983 and is based in Dallas, Texas.",,11.5,6.53,3.0,22.07,100.0,Telecommunication Services,2025.0,6.0,False,False,False,False,False,False,False,False
ATO,153.56,0.09186,0.03644,64.747,1.328,1.101,4485993984,2189750016.0,-1614407040.0,152.39,152.32,154.115,152.32,167.45,113.46,,1529980,1132853,24391008256,0.703,0.0227,3.48,2025-05-27 01:00:00,Atmos Energy Corporation,"Atmos Energy Corporation, together with its subsidiaries, engages in the regulated natural gas distribution, and pipeline and storage businesses in the United States. It operates through two segments, Distribution, and Pipeline and Storage. The Distribution segment is involved in the regulated natural gas distribution and related sales operations in eight states. This segment distributes natural gas to approximately 3.3 million residential, commercial, public authority, and industrial customers; and owned 73,689 miles of underground distribution and transmission mains. The Pipeline and Storage segment engages in the pipeline and storage operations. This segment transports natural gas for third parties and manages five underground storage facilities in Texas; provides ancillary services customary to the pipeline industry, including parking arrangements, lending, and inventory sales; and owned 5,645 miles of gas transmission lines. Atmos Energy Corporation was founded in 1906 and is headquartered in Dallas, Texas.",,16.12,4.66,2.0,34.88,234.0,Utilities,2025.0,6.0,False,False,False,False,False,False,False,False
ADSK,297.21,0.42361,0.08903,97.211,0.654,0.515,6346999808,1499000064.0,2230500096.0,295.19,297.165,299.7,295.08,326.62,223.03,,2874699,1501309,63586590720,1.449,,,2005-03-22 00:00:00,"Autodesk, Inc.","Autodesk, Inc. provides 3D design, engineering, and entertainment technology solutions worldwide. It offers AutoCAD Civil 3D, a surveying, design, analysis, and documentation solution; Autodesk Build, a toolset for managing, sharing, and accessing project documents for streamlined workflows between the office, trailer, and jobsite; Revit, a software built for building information modeling to help professionals design, build, and maintain energy-efficient buildings; Autodesk BIM Collaborate Pro, cloud-based design collaboration and design management software; BuildingConnected, a SaaS preconstruction solution; and Tandem, a cloud-based platform that transforms the built asset lifecycle. The company also provides AutoCAD software, a customizable and extensible CAD application for professional design, drafting, detailing, and visualization; AutoCAD LT, a drafting and detailing software; Fusion, a 3D CAD, computer-aided manufacturing, and computer-aided engineering tool; Inventor, a software solution that offers a set of tools for 3D mechanical design, simulation, analysis, tooling, visualization, and documentation; product design and manufacturing collection tools; and Vault, a data management software for managing data in one central location, accelerate design processes, and streamline internal/external collaboration. It offers Flow Production Tracking, a cloud-based production management software; Maya software, which provides 3D modeling, animation, effects, rendering, and compositing solutions for film and video artists, game developers, and design visualization professionals; Media and Entertainment Collection that offers end-to-end creative tools for entertainment creation; and 3ds Max software, which provides 3D modeling, animation, and rendering solutions. The company sells its products and services to customers directly, as well as through a network of resellers and distributors. Autodesk, Inc. was incorporated in 1982 and is headquartered in San Francisco, California.",,8.03,3.91,0.0,16.11,585.0,Software & Services,2025.0,6.0,False,False,False,False,False,False,False,False
ADP,306.26,0.76289004,0.055710003,74.577,1.015,0.136,20202600448,5949100032.0,2908587520.0,306.77,308.51,308.51,304.0,329.93,231.27,,3659069,1803648,124317982720,0.798,0.0201,6.16,2025-06-13 01:00:00,"Automatic Data Processing, Inc.","Automatic Data Processing, Inc. engages in the provision of cloud-based human capital management (HCM) solutions worldwide. It operates in two segments, Employer Services and Professional Employer Organization (PEO). The Employer Services segment offers strategic, cloud-based platforms, and human resources (HR) outsourcing solutions. This segment's offerings include RUN Powered by ADP, a software platform for small business payroll, HR management, and tax compliance administration; ADP Workforce Now, a HCM solution used across mid-sized and large businesses to manage employees; and ADP Vantage HCM, a solution for HR management, benefits administration, payroll services, time and attendance management, and talent management. The PEO Services segment provides HR and employment administration outsourcing solutions under ADP TotalSource name to businesses through a co-employment model. The segment also provides employee benefits, protection and compliance, talent engagement, expertise, comprehensive outsourcing, and recruitment process outsourcing services. The company was founded in 1949 and is headquartered in Roseland, New Jersey.",,7.37,3.74,1.0,15.12,585.0,Software & Services,2025.0,6.0,False,False,False,False,False,False,False,False
AZO,3655.33,,0.12982,,0.844,0.093,18901370880,4301897216.0,1520323840.0,3603.63,3606.5,3656.2,3591.09,3916.81,2801.49,,206060,141508,61148921856,0.401,,,,"AutoZone, Inc.","AutoZone, Inc. retails and distributes automotive replacement parts and accessories in the United States, Mexico, and Brazil. The company provides various products for cars, sport utility vehicles, vans, and light trucks, including new and remanufactured automotive hard parts, maintenance items, accessories, and non-automotive products. It also offers A/C compressors, batteries and accessories, bearings, belts and hoses, calipers, chassis, clutches, CV axles, engines, fuel pumps, fuses, ignition and lighting products, mufflers, radiators, starters and alternators, thermostats, and water pumps, as well as tire repairs. In addition, the company provides maintenance products, such as antifreeze and windshield washer fluids; brake drums, rotors, shoes, and pads; brake and power steering fluids, and oil and fuel additives; oil and transmission fluids; oil, cabin, air, fuel, and transmission filters; oxygen sensors; paints and accessories; refrigerants and accessories; shock absorbers and struts; spark plugs and wires; and windshield wipers. Further, it offers air fresheners, cell phone accessories, drinks and snacks, floor mats and seat covers, interior and exterior accessories, mirrors, performance products, protectants and cleaners, sealants and adhesives, steering wheel covers, tools, vehicle entertainment systems, and wash and wax products, as well as towing services. Additionally, the company provides a sales program that offers commercial credit and delivery of parts and other products; sells automotive diagnostic, repair, collision, and shop management information software under the ALLDATA brand through alldata.com; Duralast branded products through duralastparts.com; and automotive hard parts, maintenance items, accessories, and non-automotive products through autozone.com. AutoZone, Inc. was founded in 1979 and is headquartered in Memphis, Tennessee.",,6.75,2.89,2.0,9.83,265.0,Retailing,2025.0,6.0,False,False,False,False,False,False,False,False
AVB,207.01,0.096920006,0.029059999,71.138,0.491,0.036,2988731904,1825577984.0,1227122816.0,206.52,207.21,208.7,205.72,239.29,180.4,,1264783,893654,29471598592,0.872,0.033800002,7.0,2025-06-30 01:00:00,"AvalonBay Communities, Inc.","AvalonBay Communities, Inc., a member of the S&P 500, is an equity REIT that develops, redevelops, acquires and manages apartment communities in leading metropolitan areas in New England, the New York/New Jersey Metro area, the Mid-Atlantic, the Pacific Northwest, and Northern and Southern California, as well as in the Company's expansion regions of Raleigh-Durham and Charlotte, North Carolina, Southeast Florida, Dallas and Austin, Texas, and Denver, Colorado. As of December 31, 2024, the Company owned or held a direct or indirect ownership interest in 306 apartment communities containing 93,518 apartment homes in 12 states and the District of Columbia, of which 17 communities were under development.",,2.3,4.7,1.0,10.39,509.0,Real Estate,2025.0,6.0,False,False,False,False,False,False,False,False
AVY,175.48,0.31949,0.08647,159.369,1.026,0.594,8752700416,1428700032.0,579662528.0,173.93,174.46,176.15,173.08,233.48,157.0,,1299095,783337,13718253568,0.89,0.0214,3.76,2025-06-04 01:00:00,Avery Dennison Corporation,"Avery Dennison Corporation operates as a materials science and digital identification solutions company in the United States, Europe, the Middle East, North Africa, Asia, Latin, America, and internationally. It provides pressure-sensitive label materials consist of papers, plastic films, and metal foils; performance tapes products, including mechanical fasteners, which are precision-extruded and injection-molded plastic devices used in various automotive, general industrial, and retail applications; and other pressure-sensitive adhesive-based materials and converted products under the Fasson, JAC, and Avery Dennison brands. The company also offers graphics and reflective products that include a variety of films and other products for the architectural, commercial sign, digital printing, and other related market segments; durable cast and reflective films to the construction, automotive, and fleet transportation markets; sign shops, commercial printers, and designers for a range of pressure-sensitive materials; reflective films for traffic and safety applications; and pressure-sensitive vinyl and specialty materials for digital imaging, screen printing, and sign cutting applications under the Avery Dennison and Mactac brand names. In addition, it provides branding solutions, including brand embellishments, graphic tickets, tags, labels, and sustainable packaging; and information solutions, such as item-level RFID, visibility and loss prevention, price ticketing and marking, productivity and media, and brand protection and security solutions, as well as care, content, and country of origin compliance solutions. It serves home and personal care, apparel, general retail, e-commerce, logistics, food and grocery, pharmaceuticals, and automotive industries. The company was formerly known as Avery International Corporation and changed its name to Avery Dennison Corporation in 1990. Avery Dennison Corporation was founded in 1935 and is headquartered in Mentor, Ohio.",,1.28,2.67,1.0,11.13,38.0,Containers & Packaging,2025.0,6.0,False,True,False,False,False,False,False,False
AXON,777.32,0.15166001,0.00677,80.08,2.825,2.5,2226288128,113022000.0,483596640.0,770.79,780.28,781.0,767.0803,806.64,279.02,,1182182,605508,60514983936,1.285,,,,"Axon Enterprise, Inc.","Axon Enterprise, Inc. develops, manufactures, and sells conducted energy devices (CEDs) under the TASER brand in the United States and internationally. It operates through two segments, Software and Sensors, and TASER. The company also offers hardware and cloud-based software solutions that enable law enforcement to capture, securely store, manage, share, and analyze video and other digital evidence. Its products include axon officer safety plan; taser 10, taser7, taser X26P, taser X2, taser 7 CQ, and civilian series; cameras, such as axon body, axon flex, axon fleet, axon air, axon signal sidearm, axon signal vehicle, axon interview, and axon interview portable kit; software, including axon records, evidence, standards, commander, performance, auto-transcribe, justice, investigate, respond, and justice, my90, and redaction assistant; mobile applications, and training services, as well as hardware extended warranties; and Axon docks, cartridges, and batteries. The company sells its products through its direct sales, distribution partners, online store, and third-party resellers. Axon Enterprise, Inc. has a strategic partnership with Fusus, Inc. to expand bility to aggregate live video, data, and sensor feeds. It serves law enforcement, federal, correction, fire, EMS, campus, justice healthcare, retail, private security, and personal safety industries. The company was formerly known as TASER International, Inc. and changed its name to Axon Enterprise, Inc. in April 2017. Axon Enterprise, Inc. was incorporated in 1993 and is headquartered in Scottsdale, Arizona.",,20.09,8.03,1.0,30.49,62.0,Aerospace & Defense,2025.0,6.0,False,False,False,False,False,False,False,False
BKR,39.0,0.18035999,0.05787,35.011,1.337,0.793,27837999104,4622000128.0,1716875008.0,38.98,39.1,39.51,38.88,49.4,32.25,,15735129,8249062,38639251456,0.9,0.023599999,0.92,2025-05-06 01:00:00,Baker Hughes Company,"Baker Hughes Company provides a portfolio of technologies and services to energy and industrial value chain worldwide. The company operates through Oilfield Services & Equipment (OFSE) and Industrial & Energy Technology (IET) segments. The OFSE segment designs and manufactures products and provides related services, including exploration, appraisal, development, production, rejuvenation, and decommissioning for onshore and offshore oilfield operations. This segment also provides drilling services, drill bits, and drilling and completions fluids; completions, intervention, measurements, pressure pumping, and wireline services; artificial lift systems, and oilfield and industrial chemicals; subsea projects and services, flexible pipe systems, and surface pressure control systems; and integrated well services and solutions. It serves oil and natural gas companies; the United States and international independent oil and natural gas companies; national or state-owned oil companies; engineering, procurement, and construction contractors; geothermal companies; and other oilfield service companies. The IET segment provides gas technology equipment, including drivers, driven equipment, and turnkey solutions for the mechanical and electric-drive, compression, and power-generation applications; and energy sectors, such as oil and gas, LNG operations, petrochemical, and carbon solutions. This segment also provides rack-based vibrating monitoring equipment and sensors; integrated asset performance management products; inspection services; pumps, valves, and gears; precision sensors and instrumentation, and condition monitoring solutions. It serves upstream, midstream, downstream, onshore, offshore, and small-to-large scale customers. The company was formerly known as Baker Hughes, a GE company and changed its name to Baker Hughes Company in October 2019. Baker Hughes Company was incorporated in 2016 and is based in Houston, Texas.",,6.39,5.44,2.0,19.12,73.0,Energy Services,2025.0,6.0,False,False,False,False,False,False,False,False
BALL,56.23,0.08219,0.04257,126.809,1.04,0.638,12017999872,1886000000.0,251750000.0,55.83,55.95,56.5,55.525,68.12,43.51,,8579513,2801356,15599213568,1.083,0.014199999,0.8,2025-06-02 01:00:00,Ball Corporation,"Ball Corporation supplies aluminum packaging products for the beverage, personal care, and household products industries in the United States, Brazil, and internationally. The company manufactures and sells aluminum beverage containers to fillers of carbonated soft drinks, beer, energy drinks, and other beverages. It manufactures and sells extruded aluminum aerosol containers, recloseable aluminum bottles, aluminum cups, and aluminum slugs. Ball Corporation was founded in 1880 and is headquartered in Westminster, Colorado.",,0.89,2.04,2.0,14.06,38.0,Containers & Packaging,2025.0,6.0,False,False,False,False,False,False,False,False
BAC,45.5,0.094560005,0.00841,,,,97452998656,,,45.06,45.305,45.6352,45.265,48.08,33.07,,61516666,46351903,342700523520,1.307,0.0229,1.04,2025-06-06 01:00:00,Bank of America Corporation,"Bank of America Corporation, through its subsidiaries, provides various financial products and services for individual consumers, small and middle-market businesses, institutional investors, large corporations, and governments worldwide. The company operates through four segments: Consumer Banking, Global Wealth & Investment Management (GWIM), Global Banking, and Global Markets. The Consumer Banking segment offers traditional and money market savings accounts, certificates of deposit and IRAs, checking accounts, and investment accounts and products; credit and debit cards; residential mortgages and home equity loans; and direct and indirect loans, such as automotive, recreational vehicle, and consumer personal loans. The GWIM segment provides investment management, brokerage, banking, and trust and retirement products and services; wealth management solutions; and customized solutions, including specialty asset management services. The Global Banking segment offers lending products and services, including commercial loans, leases, commitment facilities, trade finance, and commercial real estate and asset-based lending; treasury solutions, such as treasury management, foreign exchange, short-term investing options, and merchant services; working capital management solutions; debt and equity underwriting and distribution, and merger-related and other advisory services; and fixed-income and equity research services. The Global Markets segment provides market-making, financing, securities clearing, settlement, and custody services; securities and derivative products; and risk management products using interest rate, equity, credit, currency and commodity derivatives, foreign exchange, fixed-income, and mortgage-related products. Bank of America Corporation was founded in 1784 and is based in Charlotte, North Carolina.",,14.29,8.06,2.0,23.81,456.0,Banks,2025.0,6.0,False,False,False,False,False,False,False,False
BAX,29.99,-0.03506,0.025,146.144,2.021,1.147,10771000320,1955000064.0,1701500032.0,29.8,29.93,30.185,29.78,40.49,26.25,,5596114,4153300,15390117888,0.613,0.0227,0.68,2025-05-30 01:00:00,Baxter International Inc.,"Baxter International Inc., through its subsidiaries, provides a portfolio of healthcare products in the United States. The company operates through three segments: Medical Products and Therapies, Healthcare Systems and Technologies, and Pharmaceuticals. It offers sterile intravenous (IV) solutions; infusion systems and devices; parenteral nutrition therapies; administrative sets; generic injectable pharmaceuticals; surgical hemostat and sealant products; advanced surgical equipment; smart bed systems; patient monitoring and diagnostic technologies; and respiratory health devices, as well as advanced equipment for the surgical space comprising operating room integration technologies, precision positioning devices, and other accessories. The company also provides specialty injectable pharmaceuticals, inhaled anesthetics, and drug compounding services. Its products are used in hospitals, nursing homes, rehabilitation centers, ambulatory surgery centers, doctors' offices, kidney dialysis centers, and patients at home under physician supervision. The company sells its products through direct sales force, independent distributors, drug wholesalers, and specialty pharmacy or other alternate site providers. It has an agreement with Celerity Pharmaceuticals, LLC to develop acute care generic injectable premix and oncolytic products. The company operates in Eastern Europe, the Middle East, Africa, Latin America, Asia, Western Europe, Canada, Japan, Australia, and New Zealand. Baxter International Inc. was incorporated in 1931 and is headquartered in Deerfield, Illinois.",,15.4,5.28,3.0,24.37,309.0,Healthcare,2025.0,6.0,False,True,False,False,False,False,False,False
BDX,168.42,0.058870003,0.03687,76.344,1.127,0.483,20867000320,5573000192.0,3501750016.0,168.59,169.31,169.96,168.0793,251.99,163.33,,5093496,3003932,48270352384,0.279,0.0247,4.16,2025-06-09 01:00:00,"Becton, Dickinson and Company","Becton, Dickinson and Company develops, manufactures, and sells medical supplies, devices, laboratory equipment, and diagnostic products for healthcare institutions, physicians, life science researchers, clinical laboratories, pharmaceutical industry, and the general public worldwide. The BD Medical segment provides peripheral intravenous (IV) and advanced peripheral catheters, central lines, acute dialysis catheters, vascular access technology, vascular care and preparation products, needle-free IV connectors and extensions sets, closed-system drug transfer devices, hazardous drug detections, hypodermic syringes and needles, anesthesia needles and trays, enteral syringes, and sharps disposal systems; IV medication safety and infusion therapy delivery systems, medication compounding workflow systems, automated medication dispensing and supply management systems, informatics and analytics and pharmacy automation systems, and medication inventory optimization and tracking systems; hemodynamic monitoring systems; and prefillable drug delivery systems. The BD Life Sciences segment offers specimen and blood collection products; automated blood and tuberculosis culturing, molecular testing, microorganism identification and drug susceptibility, and liquid-based cytology systems, as well as rapid diagnostic assays, microbiology laboratory automation products, and plated media products; and fluorescence-activated cell sorters and analyzers, antibodies and kits, reagent systems, and solutions for single-cell gene expression analysis, as well as clinical oncology, immunological, and transplantation diagnostic/monitoring reagents and analyzers. The BD Interventional segment provides hernia and soft tissue repair, biological and bioresorbable grafts, biosurgery, and other surgical products; surgical infection prevention; peripheral intervention products; and urology and critical care products. The company was founded in 1897 and is headquartered in Franklin Lakes, New Jersey.",,13.26,4.94,3.0,20.97,309.0,Healthcare,2025.0,6.0,False,True,False,False,False,False,False,False
BRK-B,484.85,0.13187,0.05789,19.175,2.716,2.539,371288997888,116437000192.0,64924999680.0,485.14,484.95,486.68,483.4301,542.07,403.82,,4607953,5426295,1047465033728,0.843,,,,Berkshire Hathaway Inc.,"Berkshire Hathaway Inc., through its subsidiaries, engages in the insurance, freight rail transportation, and utility businesses worldwide. The company provides property, casualty, life, accident, and health insurance and reinsurance; operates railroad systems in North America; generates, transmits, stores, and distributes electricity from natural gas, coal, wind, solar, hydroelectric, nuclear, and geothermal sources; operates natural gas distribution and storage facilities, interstate pipelines, liquefied natural gas facilities, and compressor and meter stations; and holds interest in coal mining assets. It also manufactures boxed chocolates and other confectionery products; specialty chemicals, metal cutting tools, and components for aerospace and power generation applications; prefabricated and site-built residential homes, flooring products; insulation, roofing, and engineered products; building and engineered components; paints and coatings; and bricks and masonry products, as well as offers manufactured and site-built home construction, and related lending and financial services. In addition, the company provides recreational vehicles, apparel, and footwear products; toys, jewelry, and custom picture framing products; alkaline batteries; castings, forgings, fasteners/fastener systems, aerostructures, and precision components; and cobalt, nickel, and titanium alloys. Further, it distributes televisions and information, and grocery and non-food consumer products; franchises and services quick service restaurants; distributes electronic components; and offers logistics services, and professional aviation training and shared aircraft ownership programs. Additionally, the company retails automobiles; furniture, bedding, and accessories; household appliances, electronics, and floor coverings; watches, crystal, china, stemware, flatware, gifts, and collectibles; sells kitchenware; and motorcycle clothing and equipment. Berkshire Hathaway Inc. was incorporated in 1998 and is headquartered in Omaha, Nebraska.",,5.52,19.02,2.0,26.19,357.0,Diversified Financials,2025.0,6.0,False,True,False,False,False,False,False,False
BBY,67.52,0.30214,0.075100005,146.906,1.023,0.281,41448001536,2592999936.0,1394499968.0,67.76,68.07,68.3184,66.92,103.71,54.99,,5068685,4246791,14270149632,1.27,0.0563,3.8,2025-06-18 01:00:00,"Best Buy Co., Inc.","Best Buy Co., Inc. offers technology products and solutions in the United States, Canada, and internationally. It provides computing and mobile phone products, such as desktops, notebooks, and peripherals; mobile phones comprising related mobile network carrier commissions; networking products; tablets covering e-readers; smartwatches; and consumer electronics consisting of digital imaging, health and fitness products, portable audio comprising headphones and portable speakers, and smart home products, as well as home theaters that includes home theater accessories, soundbars, and televisions. The company's stores also offer appliances, such as dishwashers, laundry, ovens, refrigerators, blenders, coffee makers, vacuums, and personal care; entertainment products consisting of drones, peripherals, movies, and toys, as well as hardware and software, and virtual reality and other software products; and other products, such as baby, food and beverage, luggage, and outdoor living products. In addition, it provides delivery, installation, memberships, repair, set-up, technical support, health-related, and warranty-related services. The company offers its products through stores and websites under the Best Buy, Best Buy Ads, Best Buy Business, Best Buy Essentials, Best Buy Health, Current Health, Geek Squad, Imagine That, Insignia, Lively, My Best Buy, My Best Buy Memberships, Pacific Kitchen, Home, TechLiquidators, and Yardbird brand names, as well as domain names comprising bestbuy.com, currenthealth.com, lively.com, techliquidators.com, yardbird.com, bestbuy.ca, and techliquidators.ca. The company was formerly known as Sound of Music, Inc. Best Buy Co., Inc. was incorporated in 1966 and is headquartered in Richfield, Minnesota.",,7.95,3.2,2.0,13.67,265.0,Retailing,2025.0,6.0,False,False,False,False,False,False,False,False
TECH,49.89,0.0653,0.05235,20.986,3.707,2.233,1208770048,288959008.0,244408752.0,50.13,50.33,50.54,49.72,83.62,46.01,,2577393,2368901,7821106176,1.381,0.0064,0.32,2025-05-19 01:00:00,Bio-Techne Corporation,"Bio-Techne Corporation, together with its subsidiaries, develops, manufactures, and sells life science reagents, instruments, and services for the research, diagnostics, and bioprocessing markets worldwide. The company operates through two segments, Protein Sciences, and Diagnostics and Genomics. The Protein Sciences segment develops and manufactures biological reagents used in various aspects of life science research, diagnostics, and cell and gene therapy, such as cytokines and growth factors, antibodies, small molecules, tissue culture sera, and cell selection technologies. This segment also offers proteomic analytical tools for automated western blot and multiplexed ELISA workflow consists of manual and automated protein analysis instruments and immunoassays for use in quantifying proteins in various biological fluids. The Diagnostics and Genomics segment develops and manufactures diagnostic products, including controls, calibrators, and diagnostic assays for regulated diagnostics market, exosome-based molecular diagnostic assays, advanced tissue-based in-situ hybridization assays for spatial genomic and tissue biopsy analysis, and genetic and oncology kits for research and clinical applications; and sells products for genetic carrier screening, oncology diagnostics, molecular controls, and research, as well as instruments and process control products for hematology, blood chemistry and gases, and coagulation controls and reagents used in various diagnostic applications. The company has strategic partnership with ALZpath, Inc. to accelerate breakthroughs in neurodegenerative disease research and treatment, including Alzheimer's disease. The company was formerly known as Techne Corporation and changed its name to Bio-Techne Corporation in November 2014. Bio-Techne Corporation was incorporated in 1976 and is headquartered in Minneapolis, Minnesota.",,18.05,5.67,1.0,27.2,501.0,Pharmaceuticals,2025.0,6.0,False,False,False,False,False,False,False,False
BIIB,127.04,0.09191,0.0543,38.997,1.44,0.867,9816399872,3080900096.0,3428212480.0,126.54,127.96,128.585,126.12,238.0,110.04,,2166571,1684387,18614917120,0.149,,,,Biogen Inc.,"Biogen Inc. discovers, develops, manufactures, and delivers therapies for treating neurological and neurodegenerative diseases in the United States, Europe, Germany, Asia, and internationally. The company provides TECFIDERA, VUMERITY, AVONEX, PLEGRIDY, and TYSABRI for multiple sclerosis (MS); SPINRAZA for spinal muscular atrophy; SKYCLARYS to treat Friedreich's Ataxia; QALSODY for treating amyotrophic lateral sclerosis; FUMADERM to treat plaque psoriasis; BENEPALI, an etanercept biosimilar referencing ENBREL; IMRALDI, an adalimumab biosimilar referencing HUMIRA; FLIXABI, an infliximab biosimilar referencing REMICADE; BYOOVIZ, a ranibizumab biosimilar referencing LUCENTIS; and TOFIDENCE, a tocilizumab biosimilar referencing ACTEMRA. It offers RITUXAN to treat non-Hodgkin's lymphoma, chronic lymphocytic leukemia (CLL), rheumatoid arthritis, two forms of ANCA-associated vasculitis, and pemphigus vulgaris; RITUXAN HYCELA for non-Hodgkin's lymphoma and CLL; GAZYVA to treat CLL and follicular lymphoma; OCREVUS for relapsing MS and primary progressive MS; LUNSUMIO to treat relapsed or refractory follicular lymphoma; glofitamab for non-Hodgkin's lymphoma; and other anti-CD20 therapies. In addition, the company is developing products for the treatment of MS, Alzheimer's disease and dementia, neuromuscular disorders, Parkinson's disease and movement disorders, neuropsychiatry, and biosimilars. Biogen Inc. has collaboration and license agreements with Merz Therapeutics; Alkermes Pharma Ireland Limited; Denali Therapeutics Inc.; Eisai Co., Ltd.; Genentech, Inc.; Neurimmune SubOne AG; Ionis Pharmaceuticals, Inc.; and Sage Therapeutics, Inc., as well as collaborations with Fujirebio to identify and develop biomarkers for tau pathology in the brain and Stoke Therapeutics, Inc. for the development and commercialization of zorevunersen, a disease modifying medicine for the treatment of Dravet syndrome. The company was founded in 1978 and is headquartered in Cambridge, Massachusetts.",,13.01,6.89,3.0,20.35,501.0,Pharmaceuticals,2025.0,6.0,False,True,False,False,False,False,False,False
BLK,974.44,0.13932,0.036679998,28.41,1.968,1.304,20955000832,8415000064.0,5569375232.0,979.52,982.21,986.91,973.28,1084.22,773.74,,424749,719948,150966091776,1.423,0.0214,20.84,2025-06-05 01:00:00,"BlackRock, Inc.","BlackRock, Inc. is a privately owned investment manager. The firm primarily provides its services to institutional, intermediary, and individual investors including corporate, public, union, and industry pension plans, insurance companies, third-party mutual funds, endowments, public institutions, governments, foundations, charities, sovereign wealth funds, corporations, official institutions, and banks. It also provides global risk management and advisory services. The firm manages separate client-focused equity, fixed income, and balanced portfolios. It also launches and manages open-end and closed-end mutual funds, offshore funds, unit trusts, and alternative investment vehicles including structured funds. The firm launches equity, fixed income, balanced, and real estate mutual funds. It also launches equity, fixed income, balanced, currency, commodity, and multi-asset exchange traded funds. The firm also launches and manages hedge funds. It invests in the public equity, fixed income, real estate, currency, commodity, and alternative markets across the globe. The firm primarily invests in growth and value stocks of small-cap, mid-cap, SMID-cap, large-cap, and multi-cap companies. It also invests in dividend-paying equity securities. The firm invests in investment grade municipal securities, government securities including securities issued or guaranteed by a government or a government agency or instrumentality, corporate bonds, and asset-backed and mortgage-backed securities. It employs fundamental and quantitative analysis with a focus on bottom-up and top-down approach to make its investments. The firm employs liquidity, asset allocation, balanced, real estate, and alternative strategies to make its investments. In real estate sector, it seeks to invest in Poland and Germany. The firm benchmarks the performance of its portfolios against various S&P, Russell, Barclays, MSCI, Citigroup, and Merrill Lynch indices. BlackRock, Inc. was founded in 1988 and is based in New York, New York with additional offices in Atlanta, Georgia; Boston, Massachusetts; Chicago, Illinois; Dallas, Texas; Denver, Colorado; Greenwich, Connecticut; Houston, Texas; Miami, Florida; Newport Beach, California; Palo Alto, California; Philadelphia, Pennsylvania; Princeton, New Jersey; San Francisco, California; Santa Monica, California; Seattle, Washington; Washington, DC; West Palm Beach, Florida; Wilmington, Delaware; Mexico; Canada; South Africa; Netherlands; Greece; Serbia; Belgium; Hungary; Denmark; Ireland; Scotland; Germany; Switzerland; England; Luxembourg; Spain; Italy; France; Sweden; Austria; India; China; Australia; Hong Kong; South Korea; Singapore; Taiwan; Japan; Colombia; Argentina; Peru; Chile; Brazil; UAE; Saudi Arabia; Israel.",,8.64,8.41,1.0,18.59,357.0,Diversified Financials,2025.0,6.0,False,False,False,False,False,False,False,False
BX,137.69,0.26345,0.11889,73.101,0.941,0.821,12372734976,,,137.49,138.4,139.08,137.0701,200.96,115.66,,2640477,4758254,167049641984,1.641,0.0294,4.05,2025-04-28 01:00:00,Blackstone Inc.,"Blackstone Inc. is an alternative asset management firm specializing in private equity, real estate, hedge fund solutions, credit, secondary funds of funds, public debt and equity and multi-asset class strategies. The firm typically invests in early-stage, seed, middle market, mature, late venture, growth capital, emerging growth and later stage companies. It also provide capital markets services. The real estate segment specializes in opportunistic, core+ investments as well as debt investment opportunities collateralized by commercial real estate, and stabilized income-oriented commercial real estate across North America, Europe and Asia. The firm's corporate private equity business pursues transactions throughout the world across a variety of transaction types, including large buyouts, recapitalization, special situations, distressed mortgage loans, mid-cap buyouts, buy and build platforms, which involves multiple acquisitions behind a single management team and platform, and growth equity/development projects involving significant majority stakes in portfolio companies and minority investments in operating companies, shipping, real estate, corporate or consumer loans, and alternative energy greenfield development projects in energy and power, property, dislocated markets, shipping opportunities, financial institution breakups, re-insurance, and improving freight mobility, financial services, cargo, data processing, oil & gas production, oil & gas refining, oil & gas storage, building products, home entertainment, B2B, consumer electronics, home supply store, lodging, commercial services & supplies, metal & mineral mining machinery, coal, hazardous waste collection, solid waste collection, waste water treatment, renewable electricity, equity REITs, power generation by nuclear & fossil fuels, personal loan services, chemcials, other specialty retail, biotech, pharmaceuticals, metal, aerospace, healthcare, cable, entertainment services, infrastructure services, transportation infrastructure, exhaust, life sciences, alternative carriers, infrastructure, system software, manufacturing services, enterprise tech and consumer, enterprise software & application, as well as consumer technologies. The firm considers investment in Asia and Latin America. It seeks to invest between $0.25 million and $900 million per transaction. It invests in companies with enterprise value between $500 million and $5000 million. It has a three year investment period. The firm prefers to take majority and minority stakes. Its hedge fund business manages a broad range of commingled and customized fund solutions and its credit business focuses on loans, and securities of non-investment grade companies spread across the capital structure including senior debt, subordinated debt, preferred stock and common equity. Blackstone Inc. was founded in 1985 and is headquartered in New York, New York with additional offices across Asia, Europe, North America and Central America.",,9.54,13.25,1.0,25.17,357.0,Diversified Financials,2025.0,6.0,False,False,False,False,False,False,False,False
BK,91.62,0.11229,0.01082,,,,18823000064,,,91.6,92.12,92.64,91.52,92.64,58.19,,3554219,3986001,65548062720,1.075,0.020499999,1.88,2025-04-21 01:00:00,The Bank of New York Mellon Corporation,"The Bank of New York Mellon Corporation provides a range of financial products and services in the United States and internationally. It operates through Securities Services, Market and Wealth Services, Investment and Wealth Management, and Other segments. The Securities Services segment offers custody, trust and depositary, accounting, exchange-traded funds, middle-office solutions, transfer agency, services for private equity and real estate funds, foreign exchange, securities lending, liquidity/lending services, and data analytics. This segment also provides trustee, paying agency, fiduciary, escrow and other financial, issuer, and support services for brokers and investors. The Market and Wealth Services segment offers clearing and custody, investment, wealth and retirement solutions, technology and enterprise data management, trading, and prime brokerage services. This segment also provides integrated cash management solutions, including payments, foreign exchange, liquidity management, receivables processing, payables management, and trade finance, as well as U.S. government and global clearing, and tri-party services. The Investment and Wealth Management segment offers investment management strategies, investment products distribution, investment management, custody, wealth and estate planning, private banking, investment, and information management services. The Other segment provides leasing, corporate treasury, derivative and other trading, corporate and bank-owned life insurance, tax credit investment, other corporate investment, and business exit services. The company serves central banks and sovereigns, financial institutions, asset managers, insurance companies, corporations, local authorities and high net-worth individuals, and family offices. The Bank of New York Mellon Corporation was founded in 1784 and is headquartered in New York, New York.",,10.55,8.67,2.0,19.93,357.0,Diversified Financials,2025.0,6.0,False,False,False,False,False,False,False,False
BA,198.75,,-0.041020002,,1.232,0.348,69444001792,-7688000000.0,-7940499968.0,197.68,198.66,200.67,197.45,218.8,128.88,,5890508,9432654,149858697216,1.418,,,2020-02-13 00:00:00,The Boeing Company,"The Boeing Company, together with its subsidiaries, designs, develops, manufactures, sells, services, and supports commercial jetliners, military aircraft, satellites, missile defense, human space flight and launch systems, and services worldwide. The company operates through three segments: Commercial Airplanes; Defense, Space & Security; and Global Services. The Commercial Airplanes segment develops, produces, and markets commercial jet aircraft for passenger and cargo requirements. The Defense, Space & Security segment engages in the research, development, production, and modification of manned and unmanned military aircraft and weapons systems; strategic defense and intelligence systems, which include strategic missile and defense systems, command, control, communications, computers, intelligence, surveillance and reconnaissance, cyber and information solutions, and intelligence systems; and satellite systems, such as government and commercial satellites, and space exploration. The Global Services segment offers products and services, including supply chain and logistics management, engineering, maintenance and modifications, upgrades and conversions, spare parts, pilot and maintenance training systems and services, technical and maintenance documents, and data analytics and digital services to commercial and defense customers. The Boeing Company was incorporated in 1916 and is based in Arlington, Virginia.",,22.57,5.89,4.0,39.73,62.0,Aerospace & Defense,2025.0,6.0,False,False,False,False,False,False,True,False
BKNG,5304.03,,0.17963,,1.217,1.151,24085999616,8499999744.0,7502374912.0,5286.26,5378.0,5378.0,5275.0,5639.7,3180.0,,440548,249700,172594724864,1.414,0.0072000003,38.4,2025-06-06 01:00:00,Booking Holdings Inc.,"Booking Holdings Inc., together with its subsidiaries, provides online and traditional travel and restaurant reservations and related services in the United States, the Netherlands, and internationally. The company operates Booking.com, which offers online accommodation reservations; and Priceline, which provides discount travel reservations services, as well as online accommodation, flight, rental car reservation services, vacation packages, cruises, activity, and hotel distribution services for partners and affiliates. It also operates Agoda that offers online accommodation reservation, flight, ground transportation, and activities reservation services. In addition, the company operates KAYAK, an online meta-search service that allows consumers to search and compare travel itineraries and prices; and OpenTable for booking online restaurant reservations, as well as reservation management services to restaurants. Further, it offers travel-related insurance products and restaurant management services to consumers, travel service providers, and restaurants; and advertising services. The company was formerly known as The Priceline Group Inc. and changed its name to Booking Holdings Inc. in February 2018. Booking Holdings Inc. was founded in 1997 and is headquartered in Norwalk, Connecticut.",,9.55,4.02,2.0,14.44,585.0,Software & Services,2025.0,6.0,False,False,False,False,False,False,False,False
BSX,101.3,0.09498999,0.05283,52.163,1.45,0.676,17553999872,4536000000.0,2315000064.0,101.37,101.62,102.29,101.24,107.17,71.88,,6095061,8323850,149868281856,0.688,,,,Boston Scientific Corporation,"Boston Scientific Corporation develops, manufactures, and markets medical devices for use in various interventional medical specialties worldwide. It operates in two segments, MedSurg and Cardiovascular. The company offers devices to diagnose and treat a range of gastrointestinal conditions, such as resolution clips, biliary stent systems, stents and electrocautery enhanced delivery systems, direct visualization systems, digital catheters, and single-use duodenoscopes, as well as endoluminal surgery and infection prevention portfolios; devices to treat urological conditions, including ureteral stents, catheters, baskets, guidewires, urinary and bowel dysfunction, sheaths, balloons, single-use digital flexible ureteroscopes, holmium laser systems, penile implants, artificial urinary sphincter, laser system, and hydrogel systems; and devices to treat neurological movement disorders and manage chronic pain, such as spinal cord stimulator systems, proprietary programming software, radiofrequency ablation, indirect decompression systems, and intraosseous nerve ablation and deep brain stimulation systems. It also provides technologies for diagnosing and treating coronary artery disease and aortic valve conditions; WATCHMAN FLX, a left atrial appendage closure (LAAC) device; and implantable devices that monitor the heart and deliver electricity to treat cardiac abnormalities, such as cardioverter and cardiac resynchronization therapy defibrillators, MRI S-ICD systems, cardiac resynchronization therapy pacemakers, quadripolar LV leads, ICD leads, pacing leads, remote patient management systems, insertable cardiac monitor systems, and remote cardiac monitoring systems. In addition, the company offers diagnosis and treatment of rate and rhythm disorders of the heart; peripheral arterial and venous diseases; and products to diagnose, treat, and ease forms of cancer. The company was incorporated in 1979 and is headquartered in Marlborough, Massachusetts.",,10.37,5.3,2.0,18.65,309.0,Healthcare,2025.0,6.0,False,True,False,False,False,False,False,False
BMY,46.86,0.31986,0.07237,293.85,1.279,1.095,47636000768,19174000640.0,13926124544.0,46.84,46.92,47.39,46.72,63.33,39.35,,12813221,15121191,95363850240,0.386,0.0529,2.48,2025-07-03 01:00:00,Bristol-Myers Squibb Company,"Bristol-Myers Squibb Company discovers, develops, licenses, manufactures, markets, distributes, and sells biopharmaceutical products worldwide. It offers products for oncology, hematology, immunology, cardiovascular, neuroscience, and other areas. The company's products include Eliquis for reduction in risk of stroke/systemic embolism in non-valvular atrial fibrillation and for the treatment of DVT/PE; Opdivo for various anti-cancer indications; Pomalyst/Imnovid for multiple myeloma; Orencia for active rheumatoid arthritis and psoriatic arthritis; and Sprycel to treat patients with Philadelphia chromosome-positive chronic myeloid leukemia. It also provides Yervoy for the treatment of patients with unresectable or metastatic melanoma; Empliciti for the treatment of relapsed/refractory multiple myeloma; Abecma for the treatment of patients with relapsed or refractory multiple myeloma; Reblozyl to treat anemia; Opdualag for the treatment of unresectable or metastatic melanoma; and Zeposia to treat relapsing forms of multiple sclerosis. In addition, the company offers Breyanzi for the treatment of patients with relapsed or refractory large B-cell lymphoma; Cobenfy to treat schizophrenia in adults; Krazati for the treatment of adult patients with KRASG12C-mutated locally advanced or metastatic non-small cell lung cancer (NSCLC); Camzyos to treat symptomatic obstructive HCM to improve functional capacity and symptom; Sotyktu for the treatment of moderate-to-severe plaque psoriasis; Augtyro for the treatment of locally advanced or metastatic ROS1-positive NSCLC; Revlimid, an oral immunomodulatory drug to treat multiple myeloma; and Abraxane for the treatment of breast cancer, NSCLC and pancreatic cancer. It sells products to wholesalers, distributors, pharmacies, retailers, hospitals, clinics, and government agencies. The company was formerly known as Bristol-Myers Company. Bristol-Myers Squibb Company was founded in 1887 and is headquartered in Princeton, New Jersey.",,11.67,4.69,2.0,17.94,501.0,Pharmaceuticals,2025.0,6.0,False,True,False,False,False,False,False,False
AVGO,249.99,0.18977,0.08014,166.032,1.077,0.887,57045999616,31113000960.0,26148749312.0,250.67,253.15,253.52,244.18,265.43,128.5,,42134900,27292311,1175820566528,1.122,0.0094,2.36,2025-06-20 01:00:00,Broadcom Inc.,"Broadcom Inc. designs, develops, and supplies various semiconductor devices with a focus on complex digital and mixed signal complementary metal oxide semiconductor based devices and analog III-V based products worldwide. The company operates in two segments, Semiconductor Solutions and Infrastructure Software. It provides Ethernet switching and routing custom silicon solutions, optical and copper physical layer devices, and fiber optic transmitter and receiver components; set-top box system-on-chips (SoCs), data over cable service interface specifications cable modem and networking infrastructure, DSL access multiplexer/PON optical line termination products, and Wi-Fi access point SoCs, as well as digital subscriber line (DSL)/cable, passive optical networking (PON) gateways; and fiber optic components and mobile device connectivity solutions. The company also offers RF front end modules and filters; Wi-Fi, Bluetooth, and global positioning system/global navigation satellite system SoCs; custom touch controllers; inductive charging application specific integrated circuits; serial attached small computer system interface and redundant array of independent disks controllers and adapters, peripheral component interconnect express switches, fiber channel host bus adapters, read channel based SoCs, custom flash controllers, and preamplifiers; and optocouplers, industrial fiber optics, industrial and medical sensors, motion control encoders and subsystems, light emitting diodes, ethernet PHYs, switch ICs, and camera microcontrollers. Its products are used in various applications in enterprise and data center networking, including artificial intelligence networking and connectivity, home connectivity, set-top boxes, broadband access, telecommunication equipment, smartphones and base stations, data center servers and storage systems, factory automation, power generation and alternative energy systems, and electronic displays. Broadcom Inc. was founded in 1961 and is headquartered in Palo Alto, California.",,6.86,4.21,2.0,19.2,122.0,Semiconductors,2025.0,6.0,False,False,False,False,False,False,False,False
BR,236.5,0.33918,0.09024,152.819,1.317,1.188,6768000000,1684600064.0,1226525056.0,237.79,238.74,239.04,235.65,247.01,195.64,,738584,546391,27779999744,0.969,0.0149,3.52,2025-06-12 01:00:00,"Broadridge Financial Solutions, Inc.","Broadridge Financial Solutions, Inc. provides investor communications and technology-driven solutions for the financial services industry. The company's Investor Communication Solutions segment handles the proxy materials distribution and voting processes for bank, broker-dealer, corporate issuer, and fund clients, as well as distributes regulatory reports, prospectuses, class action, and corporate action/reorganization event information, as well as tax reporting solutions. The segment also offers ProxyEdge, an electronic proxy delivery and voting solution; data-driven solutions and an end-to-end platform for content management, composition, and omni-channel distribution of regulatory, marketing, and transactional information, as well as mutual fund trade processing services; solutions for public corporations and mutual funds; data and analytics solutions; SEC filing and capital markets transaction services; registrar, stock transfer, and record-keeping services; and omni-channel customer communications solutions, as well as operates Broadridge Communications Cloud platform that creates, delivers, and manages communications and customer engagement activities. Its Global Technology and Operations segment provides solutions that automate the front-to-back transaction lifecycle of equity, mutual fund, fixed income, foreign exchange and exchange-traded derivatives, order capture and execution, trade confirmation, margin, cash management, clearing and settlement, reference data management, reconciliations, securities financing and collateral management, asset servicing, compliance and regulatory reporting, portfolio accounting, and custody-related services. This segment also offers business process outsourcing services; technology solutions, such portfolio management, compliance, fee billing, and operational support solutions; and capital market and wealth and investment management solutions. The company was founded in 1962 and is headquartered in Lake Success, New York.",,9.51,3.18,0.0,18.17,585.0,Software & Services,2025.0,6.0,False,False,False,False,False,False,False,False
BRO,108.64,0.16519,0.05683,59.026,1.2,0.446,4860000256,1667000064.0,1039500032.0,108.29,108.79,109.78,108.14,125.68,88.31,,4322388,2440746,35831316480,0.839,0.0055,0.6,2025-05-12 01:00:00,"Brown & Brown, Inc.","Brown & Brown, Inc. markets and sells insurance products and services in the United States, Canada, Ireland, the United Kingdom, and internationally. It operates through four segments: Retail, Programs, Wholesale Brokerage, and Services. The Retail segment provides property and casualty, employee benefits insurance products, personal insurance products, specialties insurance products, risk management strategies, loss control survey and analysis, consultancy, and claims processing services. It serves commercial, public and quasi-public entities, professional, and individual customers. The Programs segment offers professional liability and related package insurance products for dentistry, legal, eyecare, insurance, financial, physicians, real estate title professionals, as well as supplementary insurance products related to weddings, events, medical facilities, and cyber liabilities. This segment also provides public entity-related and specialty programs through a network of independent agents; and program management services for insurance carrier partners. The Wholesale Brokerage segment markets and sells excess and surplus commercial and personal lines insurance through independent agents and brokers. The Services segment offers third-party claims administration and medical utilization management services in the workers' compensation and all-lines liability arenas, Medicare Set-aside, Social Security disability, Medicare benefits advocacy, and claims adjusting services. Brown & Brown, Inc. was founded in 1939 and is headquartered in Daytona Beach, Florida.",,9.0,9.83,1.0,19.17,186.0,Insurance,2025.0,6.0,False,False,False,False,False,False,False,False
BF-B,25.68,0.23142,0.08914,71.049,3.884,1.18,3975000064,1246000000.0,370124992.0,25.65,25.75,26.23,25.63,49.89,25.53,,15659410,4042822,12251928576,0.609,0.0353,0.91,2025-06-09 01:00:00,Brown-Forman Corporation,"Brown-Forman Corporation, together with its subsidiaries, manufactures, distills, bottles, imports, exports, markets, and sells a variety of alcohol beverages. It provides spirits, wines, whiskey spirits, whiskey-based flavored liqueurs, ready-to-drink cocktails, ready-to-pour products, vodkas, tequilas, gin, brandy, rum, bourbons, and liqueurs. The company offers its products primarily under the Jack Daniel's, Woodford Reserve, Old Forester, Gentleman Jack, Herradura, el Jimador, Fords Gin, The Glendronach, Benriach, Glenglassaugh, and Slane brands. It is also involved in the sale of used barrels, and bulk whiskey and wine; and provision of contract bottling services. The company serves retail customers and consumers through distributors and state governments; and retailers, wholesalers, and provincial governments directly. It operates in the United States, Germany, Australia, the United Kingdom, Canada, France, Mexico, Poland, Brazil, Türkiye, and internationally. Brown-Forman Corporation was founded in 1870 and is headquartered in Louisville, Kentucky.",,11.91,4.76,1.0,25.76,227.0,Food Products,2025.0,6.0,False,False,False,False,False,False,False,False
BLDR,114.82,0.19621,0.07772,116.805,1.821,0.999,16166635520,1972672000.0,1073425152.0,106.85,109.625,115.2,109.06,203.14,102.6,,7846935,1999640,12689332224,1.7,,,,"Builders FirstSource, Inc.","Builders FirstSource, Inc., together with its subsidiaries, manufactures and supplies building materials, manufactured components, and construction services to professional homebuilders, sub-contractors, remodelers, and consumers in the United States. It offers manufactured products, such as wood floor and roof trusses, floor trusses, wall panels, stairs, and engineered wood products under the Ready-Frame brand name; windows and doors comprising interior and exterior door units; millwork includes interior trim and custom features, such as intricate mouldings, stair parts, and columns under the Synboard brand name. The company also provides specialty building products and services, including vinyl, composite and wood siding, exterior trims, metal studs, cement, roofing, insulation, wallboards, ceilings, cabinets, and hardware products; turn-key framing, shell construction, design assistance, and professional installation services; and lumber and lumber sheet goods comprising dimensional lumber, plywood, and oriented strand board products that are used in on-site house framing. In addition, it offers software products, such as drafting, estimating, quoting, and virtual home design services, which provide software solutions to retailers, distributors, manufacturers, and homebuilders. It serves its products to production builders and small custom homebuilders, as well as multi-family builders, repair and remodeling contractors, and light commercial contractors. The company was formerly known as BSL Holdings, Inc. and changed its name to Builders FirstSource, Inc. in October 1999. Builders FirstSource, Inc. was incorporated in 1998 and is based in Irving, Texas.",,6.96,6.14,1.0,26.73,72.0,Building Products,2025.0,6.0,False,False,False,False,False,False,False,False
BG,85.38,0.09861,0.0313,66.083,2.036,0.79,51334000640,1790000000.0,-1116625024.0,85.55,86.1,87.01,85.04,114.92,67.4,,1497169,1788972,11475497984,0.656,0.0328,2.8,2025-08-19 01:00:00,Bunge Global SA,"Bunge Global SA operates as an agribusiness and food company worldwide. It operates through four segments: Agribusiness, Refined and Specialty Oils, Milling, and Sugar and Bioenergy. The Agribusiness segment purchases, stores, transports, processes, and sells agricultural commodities and commodity products, including oilseeds primarily soybeans, rapeseed, canola, and sunflower seeds, as well as grains comprising wheat and corn; and processes oilseeds into vegetable oils and protein meals. This segment offers its products for animal feed manufacturers, livestock producers, wheat and corn millers, and other oilseed processors, as well as third-party edible oil processing and biofuel companies for biofuel production applications. The Refined and Specialty Oils segment sells packaged and bulk oils and fats that comprise cooking oils, shortenings, margarines, mayonnaise, renewable diesel feedstocks, and other products for baked goods companies, snack food producers, confectioners, restaurant chains, foodservice operators, infant nutrition companies, and other food manufacturers, as well as grocery chains, wholesalers, distributors, and other retailers. This segment also refines and fractionates palm oil, palm kernel oil, coconut oil, and shea butter, and olive oil; and produces specialty ingredients derived from vegetable oils, such as lecithin. The Milling segment provides wheat flours and bakery mixes; corn milling products that comprise dry-milled corn meals and flours, wet-milled masa and flours, and flaking and brewer's grits, as well as soy-fortified corn meal, corn-soy blends, and other products; whole grain and fiber ingredients; die-cut pellets; and non-GMO products. The Sugar and Bioenergy segment produces sugar and ethanol; and generates electricity from burning sugarcane bagasse. Bunge Global SA was founded in 1818 and is headquartered in Chesterfield, Missouri.",,9.63,2.62,3.0,30.51,227.0,Food Products,2025.0,6.0,False,False,False,False,False,False,False,False
BXP,71.47,0.008,0.02461,209.428,1.168,1.014,3397133056,1891934976.0,1055764864.0,71.71,71.89,72.69,71.365,90.11,54.22,,3223767,1594182,12631823360,1.186,0.0548,3.92,2025-03-31 01:00:00,"BXP, Inc.","BXP, Inc. (NYSE: BXP) is the largest publicly traded developer, owner, and manager of premier workplaces in the United States, concentrated in six dynamic gateway markets - Boston, Los Angeles, New York, San Francisco, Seattle, and Washington, DC. BXP has delivered places that power progress for our clients and communities for more than 50 years. BXP is a fully integrated real estate company, organized as a real estate investment trust (REIT). Including properties owned by unconsolidated joint ventures, BXP's portfolio totals 53.3 million square feet and 185 properties, including seven properties under construction/redevelopment.",,3.48,4.47,0.0,12.12,509.0,Real Estate,2025.0,6.0,False,False,False,False,False,False,False,False
CHRW,92.63,0.3211,0.0887,99.658,1.292,1.242,17359384576,803630976.0,553985856.0,93.41,93.88,94.255,92.38,114.82,84.24,,1474570,1338559,10998051840,0.908,0.026800001,2.48,2025-06-06 01:00:00,"C.H. Robinson Worldwide, Inc.","C.H. Robinson Worldwide, Inc., together with its subsidiaries, provides freight transportation and related logistics and supply chain services in the United States and internationally. It operates in two segments, North American Surface Transportation and Global Forwarding. The company offers transportation and logistics services, such as truckload; less than truckload transportation brokerage services, which include the shipment of single or multiple pallets of freight; intermodal transportation that comprises the shipment service of freight in containers or trailers by a combination of truck and rail; and non-vessel operating common carrier and freight forwarding services, as well as organizes air shipments and provides door-to-door services. It also provides customs brokerage services; and other logistics services, such as fee-based managed, warehousing, and other services. In addition, the company is involved in the buying, selling, and/or marketing of fresh fruits, vegetables, and other value-added perishable items under the Robinson Fresh trade name. Further, the company offers transportation management and other surface transportation services. It provides its fresh produce to grocery retailers, restaurants, produce wholesalers, and foodservice distributors through a network of independent produce growers and suppliers. The company was founded in 1905 and is headquartered in Eden Prairie, Minnesota.",,8.99,4.14,1.0,17.59,169.0,Transportation,2025.0,6.0,False,False,False,False,False,False,False,False
CDNS,295.4,0.25921,0.12727,51.864,3.074,2.736,4874527232,1710598016.0,1264132736.0,296.84,299.035,300.76,293.85,326.19,221.56,,2373325,2111467,80656596992,0.984,,,,"Cadence Design Systems, Inc.","Cadence Design Systems, Inc. provides software, hardware, and other services worldwide. The company offers functional verification services, such as Jasper, a formal verification platform; Xcelium, a parallel logic simulation platform; Palladium, an enterprise emulation platform; and Protium, a prototyping platform for chip verification. It also provides digital IC design and sign off products, including Genus synthesis and Joules RTL power solutions, as well as Modus DFT software solution to reduce systems-on-chip design-for-test time; physical implementation tools, such as place and route, optimization, and performing sign-off checks for manufacturing; and Innovus implementation system, a digital IC design and signoff solution. In addition, the company offers custom IC design and simulation, such as Virtuoso Studio, a solution platform for custom, analog, mixed-signal, photonics, and RF semiconductors; and system design and analysis products, a Multiphysics platform that helps in design and simulate electronics and entire systems in electromagnetic, thermal, structure, computational fluid dynamics, molecular, PCB and packaging, mechanical, and structural analysis. Further, it provides semiconductor IP product for design architectures; Functional Verification; digital ic design and signoff; EDA product that addresses the design and verification for semiconductor chips and manufacturing process technologies; and verification IP with memory models to emulate and model the expected behavior and interaction of standard industry system interface protocols. Additionally, it offers services related to methodology, education, and hosted design solutions, as well as technical support and maintenance services. It serves consumer, hyperscale computing, 5G communications, mobile, automotive, aerospace and defense, industrial, and life science industries. Cadence Design Systems, Inc. was incorporated in 1987 and is headquartered in San Jose, California.",,8.0,3.27,1.0,14.49,585.0,Software & Services,2025.0,6.0,False,False,False,False,False,False,False,False
CZR,28.15,-0.03767,0.04343,606.801,0.835,0.619,11297000448,3628000000.0,21125000.0,27.75,28.17,28.76,27.79,45.93,21.4,,7582176,5669772,5854299136,2.309,,,,"Caesars Entertainment, Inc.","Caesars Entertainment, Inc. operates as a gaming and hospitality company. The company owns, leases, brands, or manages domestic properties in 18 states with slot machines, video lottery terminals and e-tables, and hotel rooms, as well as table games, including poker. It also operates and conducts retail and online sports wagering across 32 jurisdictions in North America, and iGaming in five jurisdictions in North America; sports betting from retail and online sportsbooks; and other games, such as keno. In addition, the company operates dining venues, bars, nightclubs, lounges, hotels, and entertainment venues; and provides staffing and management services. The company was founded in 1937 and is based in Reno, Nevada.",,16.13,6.56,2.0,25.64,209.0,Consumer Services,2025.0,6.0,False,False,True,False,False,False,False,False
CPT,115.59,0.025999999,0.02076,79.752,0.036,0.026,1562268032,886947968.0,687080000.0,115.62,115.63,116.37,114.95,127.69,102.35,,1585761,1027020,12349404160,0.802,0.0363,4.2,2025-06-30 01:00:00,Camden Property Trust,"Camden Property Trust, an S&P 500 Company, is a real estate company primarily engaged in the ownership, management, development, redevelopment, acquisition, and construction of multifamily apartment communities. Camden owns and operates 172 properties containing 58,250 apartment homes across the United States. Upon completion of 5 properties currently under development, the Company's portfolio will increase to 59,996 apartment homes in 177 properties. Camden has been recognized as one of the 100 Best Companies to Work For by FORTUNE magazine for 17 consecutive years, most recently ranking #24.",,4.03,6.87,2.0,14.39,509.0,Real Estate,2025.0,6.0,False,False,False,False,False,False,False,False
CPB,31.84,0.1166,0.059899997,187.629,0.781,0.285,10225000448,1855000064.0,681625024.0,31.85,31.92,32.2,31.67,52.81,31.58,,13228386,3813159,9492458496,0.108,0.049000002,1.56,2025-07-03 01:00:00,The Campbell's Company,"The Campbell's Company, together with its subsidiaries, manufactures and markets food and beverage products in the United States and internationally. The company operates through Meals & Beverages and Snacks segments. The Meals & Beverages segment engages in the retail and foodservice businesses in the United States and Canada. This segment provides Campbell's condensed and ready-to-serve soups; Swanson broth and stocks; Pacific Foods broth, soups, and non-dairy beverages; Prego pasta sauces; Pace Mexican sauces; Campbell's gravies, pasta, beans, and dinner sauces; Swanson canned poultry; V8 juices and beverages; Campbell's tomato juice; Rao's pasta sauces, dry pasta, frozen entrées, frozen pizza and soups; Michael Angelo's frozen entrées and pasta sauces; and noosa yogurts, as well as snacking products in foodservice in Canada. The Snacks segment retails Pepperidge Farm cookies, crackers, fresh bakery, and frozen products, that includes Goldfish crackers, Snyder's of Hanover pretzels, Lance sandwich crackers, Cape Cod and Kettle Brand potato chips, Late July snacks, Snack Factory pretzel crisps, and other snacking products. This segment is also involved in the retail business in Latin America. It sells its products through retail food chains, mass discounters and merchandisers, club stores, convenience stores, drug stores, and dollar stores, as well as e-commerce and other retail, commercial, and non-commercial establishments, and independent contractor distributors. The company was formerly known as Campbell Soup Company and changed its name to The Campbell's Company in November 2024. The company was founded in 1869 and is headquartered in Camden, New Jersey.",,9.34,3.81,2.0,27.6,227.0,Food Products,2025.0,6.0,False,False,False,False,False,False,False,False
COF,198.37,0.08028,0.00999,,,,28308000768,,,197.17,198.82,199.82,197.33,210.67,128.23,,5329028,5226490,126884397056,1.132,0.0121,2.4,2025-05-23 01:00:00,Capital One Financial Corporation,"Capital One Financial Corporation operates as the financial services holding company for the Capital One, National Association, which engages in the provision of various financial products and services in the United States, Canada, and the United Kingdom. It operates through three segments: Credit Card, Consumer Banking, and Commercial Banking. The company accepts checking accounts, money market deposits, negotiable order of withdrawals, savings deposits, and time deposits. Its loan products include credit card loans; auto and retail banking loans; and commercial and multifamily real estate, and commercial and industrial loans. The company offers credit and debit card products; online direct banking services; and provides advisory, capital markets, treasury management, and depository services. It serves consumers, small businesses, and commercial clients through digital channels, branches, cafés, and other distribution channels located in New York, Louisiana, Texas, Maryland, Virginia, New Jersey, and California. Capital One Financial Corporation was founded in 1988 and is headquartered in McLean, Virginia.",,12.57,7.53,3.0,20.42,357.0,Diversified Financials,2025.0,6.0,False,False,False,False,False,False,False,False
CAH,163.4,,0.03131,,0.944,0.436,222286004224,3164999936.0,3518749952.0,165.4,165.84,166.3156,162.35,166.32,93.17,,4619877,2481319,38999818240,0.677,0.0125,2.04,2025-07-01 01:00:00,"Cardinal Health, Inc.","Cardinal Health, Inc. operates as a healthcare services and products company in the United States, Canada, Europe, Asia, and internationally. It provides customized solutions for hospitals, healthcare systems, pharmacies, ambulatory surgery centers, clinical laboratories, physician offices, and patients in the home. The company operates in two segments: Pharmaceutical and Specialty Solutions, and Global Medical Products and Distribution. It distributes branded and generic pharmaceutical, specialty pharmaceutical, and over-the-counter healthcare and consumer products, as well as medical supplies. The company also provides services to pharmaceutical manufacturers and healthcare providers for specialty pharmaceutical products; offers pharmacy management services to hospitals; operates pharmacies, including pharmacies in community health centers; and repackages generic pharmaceuticals and over-the-counter healthcare products. In addition, it manufactures, sources, and distributes Cardinal Health branded medical, surgical, and laboratory products and devices that include exam and surgical gloves; needles, syringe, and sharps disposals; compression solution, incontinence, nutritional delivery, and wound care products; single-use surgical drapes, gowns, and apparel products; fluid suction and collection systems; urology products; operating room supply products; and electrode product lines. Further, the company distributes a range of national brand products, including medical, surgical, and laboratory products; provides supply chain services and solutions to hospitals, ambulatory surgery centers, clinical laboratories, and other healthcare providers; and assembles and sells sterile, and non-sterile procedure kits. Additionally, it manufactures, prepares, delivers, and distributes radiopharmaceuticals and related treatments; and optimizes direct shipments through integrated technology solutions. The company was incorporated in 1979 and is headquartered in Dublin, Ohio.",,6.56,4.21,2.0,11.73,309.0,Healthcare,2025.0,6.0,False,True,False,False,False,False,False,False
KMX,68.57,0.08969,0.01969,306.751,2.394,0.203,28673363968,1165739008.0,72885128.0,64.33,70.27,70.43,65.5,91.25,61.34,,12422229,3822854,10325407744,1.382,,,,"CarMax, Inc.","CarMax, Inc., through its subsidiaries, operates as a retailer of used vehicles and related products in the United States. The company operates in two segments: CarMax Sales Operations and CarMax Auto Finance. The CarMax Sales Operations segment offers customers a range of makes and models of used vehicles, including domestic, imported, and luxury vehicles, as well as hybrid and electric vehicles; used vehicle auctions; extended protection plans to customers at the time of sale; and reconditioning and vehicle repair services. The CarMax Auto Finance segment provides financing alternatives for retail customers across a range of credit spectrum and arrangements with various financial institutions. The company was founded in 1993 and is based in Richmond, Virginia.",,8.19,2.54,1.0,10.98,265.0,Retailing,2025.0,6.0,False,False,False,False,False,False,False,False
CCL,23.77,0.2587,0.048130002,309.246,0.257,0.149,25423998976,6383000064.0,951500032.0,23.61,23.78,23.895,23.625,28.72,13.78,,17483730,24186767,32205023232,2.583,,,2020-02-20 00:00:00,Carnival Corporation & plc,"Carnival Corporation & plc, a cruise company, provides leisure travel services in North America, Australia, Europe, and internationally. The company operates through four segments: NAA Cruise Operations, Europe Cruise Operations, Cruise Support, and Tour and Other. It operates port destinations and islands, as well as owns and operates hotels, lodges, glass-domed railcars, and motorcoaches. The company offers its services under the AIDA Cruises, Carnival Cruise Line, Costa Cruises, Cunard, Holland America Line, P&O Cruises (Australia), P&O Cruises (UK), Princess Cruises, and Seabourn brands. It sells its cruises through travel agents, tour operators, vacation planners, websites, and onboard future cruise consultants. Carnival Corporation & plc was founded in 1972 and is headquartered in Miami, Florida.",,8.74,4.27,2.0,21.11,209.0,Consumer Services,2025.0,6.0,False,False,False,False,False,False,False,False
CARR,70.47,0.11125,0.03244,81.85,1.204,0.733,22283999232,3232000000.0,4930124800.0,69.86,70.48,70.8594,69.88,83.32,54.22,,10610444,5244680,60414636032,1.326,0.0128,0.9,2025-07-21 01:00:00,Carrier Global Corporation,"Carrier Global Corporation provides intelligent climate and energy solutions in the United States, Europe, the Asia Pacific, and internationally. It operates in two segments, Heating, Ventilating and Air Conditioning (HVAC), and Refrigeration. The HVAC segment provides products, controls, services, and solutions to meet the heating, cooling, and ventilation needs of residential and commercial customers. Its products include air conditioners, heating systems, heat pumps, building automation systems, aftermarket components, and repair and maintenance services and rentals, as well as modernization and upgrades. The Refrigeration segment offers transport refrigeration and monitoring products, services, and digital solutions for trucks, trailers, shipping containers, and intermodal and rail applications. The company offers its products under the Carrier, Viessmann, Toshiba, Automated Logic, Bryant, CIAT, Day & Night, Heil, NORESCO, Riello, Carrier Transicold, and Sensitech brands. The company was incorporated in 2019 and is headquartered in Palm Beach Gardens, Florida.",,4.67,3.67,2.0,16.31,72.0,Building Products,2025.0,6.0,False,False,False,False,False,False,False,False
CAT,360.52,0.55646,0.09403,213.547,1.32,0.693,63259000832,14789999616.0,6817750016.0,359.8,362.95,364.23,359.14,418.5,267.3,,2469285,2793701,169557966848,1.368,0.0168,6.04,2025-07-21 01:00:00,Caterpillar Inc.,"Caterpillar Inc. manufactures and sells construction and mining equipment, off-highway diesel and natural gas engines, industrial gas turbines, and diesel-electric locomotives in the United States and internationally. Its Construction Industries segment offers asphalt pavers, cold planers, compactors, forestry machines, material handlers, motor graders, pipelayers, road reclaimers, telehandlers, track-type tractors, and track and wheel excavators; compact track, wheel, track-type, backhoe, and skid steer loaders; and related parts and tools. The company's Resource Industries segment provides electric rope and hydraulic shovels, draglines, rotary drills, hard rock vehicles, tractors, mining trucks, wheel loaders, off-highway and articulated trucks, wide-body trucks, wheel tractor scrapers and dozers, fleet management products, landfill and soil compactors, machinery components, autonomous ready vehicles and solutions, work tools, and safety services and mining performance solutions, as well as related parts and services. Its Energy & Transportation segment offers reciprocating engine powered generator sets; reciprocating engines, drivetrain, and integrated systems and solutions; turbines, centrifugal gas compressors, and related services; and diesel-electric locomotives and components, and other rail-related products. The company's Financial Products segment provides operating and finance leases, installment sale contracts, revolving charge accounts, repair/rebuild financing services, working capital loans, and wholesale financing; and insurance and risk management products and services. Its All Other segment offers wear and maintenance components; parts distribution; logistics solutions and distribution services; dealer portfolio management, and brand management and marketing strategy services; and digital investment services. Caterpillar Inc. was founded in 1925 and is headquartered in Irving, Texas.",,11.77,6.39,2.0,28.33,275.0,Machinery,2025.0,6.0,False,False,False,False,False,False,False,False
CBOE,225.85,0.19018,0.09319,36.019,1.603,0.785,4332299776,1369600000.0,813524992.0,227.6,229.41,230.5,225.005,236.02,166.88,,961085,942977,23649431552,0.428,0.0112,2.52,2025-05-30 01:00:00,"Cboe Global Markets, Inc.","Cboe Global Markets, Inc., through its subsidiaries, operates as an options exchange in the United States and internationally. It operates through six segments: Options, North American Equities, Europe and Asia Pacific, Futures, Global FX, and Digital. The Options segment trades in listed market indices. Its North American Equities segment trades in listed U.S. and Canadian equities. This segment also offers exchange-traded products (ETP) transaction and listing services. The Europe and Asia Pacific segment provides pan-European listed equities and derivatives transaction services, ETPs, exchange-traded commodities, and international depository receipts, as well as ETP listings and clearing services. Its Futures segment offers and trades in futures and other related products. The Global FX segment provides institutional foreign exchange (FX) trading and non-deliverable forward FX transactions services. Its Digital segment offers Cboe Digital, an operator of the United States based digital asset spot market and a regulated futures exchange; Cboe Clear Digital, a regulated clearinghouse; licensing of proprietary market data; and access and capacity services. It has strategic relationships with S&P Dow Jones Indices, LLC; Frank Russell Company; FTSE International Limited; and MSCI Inc. The company was formerly known as CBOE Holdings, Inc. and changed its name to Cboe Global Markets, Inc. in October 2017. Cboe Global Markets, Inc. was founded in 1973 and is headquartered in Chicago, Illinois.",,8.06,10.72,2.0,21.46,357.0,Diversified Financials,2025.0,6.0,False,False,False,False,False,False,False,False
CBRE,133.89,0.11921,0.038900003,100.422,0.997,0.796,36742000640,2256000000.0,1163250048.0,133.47,135.0,135.79,133.27,147.75,85.74,,2051341,1871248,39913275392,1.29,,,2024-04-19 01:00:00,"CBRE Group, Inc.","CBRE Group, Inc. operates as a commercial real estate services and investment company in the United States, the United Kingdom, and internationally. The Advisory Services segment offers strategic advice and execution to owners, investors, and occupiers of real estate in connection with leasing of offices, and industrial and retail space; clients fully integrated property sales services under the CBRE Capital Markets brand; clients commercial mortgage and structured financing services; originates and sells commercial mortgage loans; property management services, such as marketing, building engineering, accounting, and financial services on a contractual basis for owners of and investors in office, industrial, and retail properties; and valuation services that include market value appraisals, litigation support, discounted cash flow analyses, and feasibility studies, as well as consulting services, such as property condition reports, hotel advisory, and environmental consulting. The Global Workplace Solutions segment provides facilities management, including day-to-day management of client-occupied space, headquarters, regional offices, administrative offices, data centers and other critical facilities, manufacturing and laboratory facilities, and distribution facilities and retail space; and project management services comprising building consulting, program, and project and cost management services under the Turner & Townsend brand name. The Real Estate Investments segment offers investment management services under the CBRE Investment Management brand to pension funds, insurance companies, sovereign wealth funds, foundations, endowments, and other institutional investors; and development services, such as real estate development and investment activities under the Trammell Crow Company and Telford Homes brands to users and investors in commercial real estate, and for their own account. CBRE Group, Inc. was founded in 1906 and is headquartered in Dallas, Texas.",,3.09,4.51,1.0,9.07,509.0,Real Estate,2025.0,6.0,False,False,False,False,False,False,False,False
CDW,170.62,0.48707,0.07545,272.795,1.323,1.152,21325099008,1985799936.0,957524992.0,170.0,171.87,172.37,169.29,241.26,137.31,,2210517,1437582,22468093952,0.943,0.0147,2.5,2025-05-23 01:00:00,CDW Corporation,"CDW Corporation provides information technology (IT) solutions in the United States, the United Kingdom, and Canada. It operates through three segments: Corporate, Small Business, and Public. The company offers discrete hardware and software products and services, as well as integrated IT solutions, including on-premise and cloud capabilities across hybrid infrastructure, digital experience, and security. It also provides hardware products comprising notebooks/mobile devices, tablets, network communications, collaboration hardware, data storage and servers, desktop computers, and other hardware; and software products, such as cloud solutions, software assurance, application suites, security, virtualization, collaboration and productivity applications, operating systems, and network management. In addition, the company offers advisory and design, software development, implementation, and managed services, as well as warranties. It serves business, government, education, and healthcare customers. The company was formerly known as CDW Computer Centers, Inc. and changed its name to CDW Corporation in June 2003. CDW Corporation was founded in 1984 and is based in Vernon Hills, Illinois.",,3.38,2.28,1.0,7.49,238.0,Technology Hardware,2025.0,6.0,False,False,False,False,False,False,False,False
COR,293.66,1.4178,0.02974,827.73,0.873,0.482,310232186880,4311264256.0,3878175488.0,296.75,296.57,297.355,292.925,309.35,218.65,,3541971,1729762,56918065152,0.571,0.0075,2.2,2025-05-16 01:00:00,"Cencora, Inc.","Cencora, Inc. sources and distributes pharmaceutical products in the United States and internationally. The company's U.S. Healthcare Solutions segment distributes pharmaceuticals, over-the-counter healthcare products, home healthcare supplies and equipment, and related services to acute care hospitals and health systems, independent and chain retail pharmacies, mail order pharmacies, medical clinics, long-term care and alternate site pharmacies, and other customers; provides pharmacy management, staffing, and other consulting services; supply management software to retail and institutional healthcare providers; packaging solutions to institutional and retail healthcare providers; clinical trial support, product post-approval, and commercialization support services; data analytics, outcomes research, and other services for biotechnology and pharmaceutical manufacturers; pharmaceuticals, vaccines, parasiticides, diagnostics, micro feed ingredients, and other products to the companion animal and production animal markets; and sales force services to manufacturers. This segment also distributes plasma and other blood products, injectable pharmaceuticals, vaccines, and other specialty products; and offers other services to physicians who specialize in various disease states, such as oncology, as well as to other healthcare providers, including hospitals and dialysis clinics. Its International Healthcare Solutions segment provides international pharmaceutical wholesale and related service, and global commercialization services; distributes pharmaceuticals, other healthcare products, and related services to pharmacies, doctors, health centers, and hospitals; and offers specialty transportation and logistics services for the biopharmaceutical industry. The company was formerly known as AmerisourceBergen Corporation and changed its name to Cencora, Inc. in August 2023. Cencora, Inc. was founded in 1871 and is headquartered in Conshohocken, Pennsylvania.",,6.62,4.72,2.0,12.43,309.0,Healthcare,2025.0,6.0,False,True,False,False,False,False,False,False
CNC,54.4,0.12527001,0.03858,65.384,1.112,1.068,153265995776,6483999744.0,2509374976.0,55.15,55.005,55.545,54.37,80.59,53.99,,11156486,4907429,27069603840,0.457,,,,Centene Corporation,"Centene Corporation operates as a healthcare enterprise that provides programs and services to under-insured and uninsured families, and commercial organizations in the United States. The company operates through four segments: Medicaid, Medicare, Commercial, and Other. The Medicaid segment offers the temporary assistance for needy families; medicaid expansion; aged, blind, or disabled; and children's health insurance programs, as well as long-term services and supports; foster care; and medicare-medicaid plans. This segment also provides healthcare products and services. The Medicare segment offers special needs and medicare supplement, and prescription drug plans. The Commercial segment provides health insurance marketplace product for individual, small, and large group commercials. The Other segment operates clinical healthcare and pharmacies, as well as offers vision and dental, behavioral health, federal, and corporate management services. It provides services through primary and specialty care physicians, hospitals, behavioral health practitioners, and ancillary providers. The company was founded in 1984 and is headquartered in Saint Louis, Missouri.",,11.43,3.9,2.0,15.41,309.0,Healthcare,2025.0,6.0,False,False,False,False,False,False,False,False
CNP,35.74,0.092209995,0.02971,202.529,0.931,0.736,8942999552,3361999872.0,-1248875008.0,35.56,35.64,36.1401,35.54,39.31,25.41,,6127653,5951320,23328499712,0.576,0.024600001,0.88,2025-05-15 01:00:00,"CenterPoint Energy, Inc.","CenterPoint Energy, Inc. operates as a public utility holding company in the United States. The company operates in Electric and Natural Gas segments. The Electric segment provides electric transmission and distribution services to electric customers and electric generation assets, as well as optimizes assets in the wholesale power market in Indiana Electric's service territory. The Natural Gas segment engages in the intrastate natural gas sales, and natural gas transportation and distribution for residential, commercial, and industrial customers in Indiana, Louisiana, Minnesota, Mississippi, Ohio, and Texas; permanent pipeline connections through interconnects with various interstate and intrastate pipeline companies; and provides home appliance maintenance and repair services to customers in Minnesota and home repair protection plans to natural gas customers in Indiana, Mississippi, Ohio, and Texas through a third party. As of December 31, 2024, it served approximately 2,818,343 metered customers; owned 352 substations with transformer capacity of 80,659 megavolt amperes; and owned and operated approximately 219 miles of intrastate pipeline in Louisiana and Texas. The company was founded in 1866 and is headquartered in Houston, Texas.",,9.87,3.77,2.0,24.96,234.0,Utilities,2025.0,6.0,False,False,False,False,False,False,False,False
CF,100.36,0.20794001,0.08705,45.169,2.591,2.117,6128999936,2784999936.0,1633874944.0,100.31,100.23,100.4,98.34,104.45,67.34,,9709639,2789909,16259323904,0.955,0.0199,2.0,2025-05-15 01:00:00,"CF Industries Holdings, Inc.","CF Industries Holdings, Inc., together with its subsidiaries, engages in the manufacture and sale of hydrogen and nitrogen products for energy, fertilizer, emissions abatement, and other industrial activities in North America, Europe, and internationally. The company operates through Ammonia, Granular Urea, UAN, AN, and Other segments. Its principal products include anhydrous ammonia, granular urea, urea ammonium nitrate, and ammonium nitrate products. The company also offers diesel exhaust fluid, urea liquor, nitric acid, and aqua ammonia products. It primarily serves cooperatives, retailers, independent fertilizer distributors, traders, wholesalers, and industrial users. CF Industries Holdings, Inc. was founded in 1946 and is headquartered in Northbrook, Illinois.",,8.37,3.57,1.0,31.72,183.0,Chemicals,2025.0,6.0,False,False,False,False,False,False,False,False
CRL,147.45,-0.00671,0.04265,92.213,1.433,0.938,4022597120,888742016.0,625616896.0,145.29,146.09,147.74,144.54,254.15,91.86,,1421857,1578382,7242109952,1.481,,,,"Charles River Laboratories International, Inc.","Charles River Laboratories International, Inc. provides drug discovery, non-clinical development, and safety testing services in the United States, Europe, Canada, the Asia Pacific, and internationally. It operates through three segments: Research Models and Services (RMS), Discovery and Safety Assessment (DSA), and Manufacturing Solutions (Manufacturing). The RMS segment produces and sells rodents, and purpose-bred rats and mice for use by researchers. This segment also provides a range of services to assist its clients in supporting the use of research models in research and screening pre-clinical drug candidates, including research models, genetically engineered models and services, insourcing solutions, and research animal diagnostic services. The DSA segment offers early and in vivo discovery services for the identification and validation of novel targets, chemical compounds, and antibodies through delivery of preclinical drug and therapeutic candidates ready for safety assessment; and safety assessment services, such as toxicology, pathology, safety pharmacology, bioanalysis, drug metabolism, and pharmacokinetics services. The Manufacturing segment provides in vitro methods for conventional and rapid quality control testing of sterile and non-sterile pharmaceuticals and consumer products. This segment offers specialized testing of biologics that are outsourced by pharmaceutical and biotechnology companies. It utilizes Logica, a platform offering from Valo Health, to identify advanceable small molecule leads. It provides contract vivarium operation services to biopharmaceutical clients. The company was founded in 1947 and is headquartered in Wilmington, Massachusetts.",,11.08,5.15,1.0,18.14,501.0,Pharmaceuticals,2025.0,6.0,False,True,False,False,False,False,False,False
SCHW,89.21,0.14118,0.01393,110.198,0.538,0.538,20465000448,,,89.91,90.06,90.6,89.15,90.6,61.01,,7422872,9350450,162091892736,0.933,0.0121,1.08,2025-05-09 01:00:00,The Charles Schwab Corporation,"The Charles Schwab Corporation, together with its subsidiaries, operates as a savings and loan holding company that provides wealth management, securities brokerage, banking, asset management, custody, and financial advisory services in the United States and internationally. The company operates in two segments, Investor Services and Advisor Services. It offers brokerage accounts with equity and fixed income trading, margin lending, options trading, futures and forex trading, and cash management capabilities, including certificates of deposit; third-party mutual funds through the Mutual Fund Marketplace and Mutual Fund OneSource service, as well as mutual fund trading and clearing services to broker-dealers; exchange-traded funds; advisory solutions for managed portfolios, separately managed accounts, customized personal advice for tailored portfolios, specialized planning, and full-time portfolio management; banking products comprising checking and savings accounts, first lien residential real estate mortgage loans, home equity lines of credit, and pledged asset lines; and trust custody services, personal trust reporting services, and administrative trustee services. It provides digital retirement calculators; integrated web-, mobile-, and software-based trading platforms, real-time market data, options trading, premium research, and multi-channel access; self-service education and support tools; online research and analysis tools; equity compensation plan sponsors full-service recordkeeping for stock plans, stock options, restricted stock, performance shares, and stock appreciation rights; retirement plan services; mutual fund clearing services; and advisor services, including interactive tools and educational content. The Company operates through branch offices. The Charles Schwab Corporation was founded in 1971 and is headquartered in Westlake, Texas.",,12.13,11.14,2.0,25.79,357.0,Diversified Financials,2025.0,6.0,False,False,False,False,False,False,False,False
CHTR,386.37,0.33116,0.05639,465.632,0.363,0.3,55140999168,22151999488.0,3570749952.0,377.43,380.0915,388.89,380.08,437.06,282.18,,1824652,1417796,53370834944,1.081,,,,"Charter Communications, Inc.","Charter Communications, Inc. operates as a broadband connectivity and cable operator company serving residential and commercial customers in the United States. The company offers subscription-based internet, video, and mobile and voice services; a suite of broadband connectivity services, including fixed internet, WiFi, and mobile; advanced WiFi services; Spectrum internet products; in-home WiFi, which provides customers with high performance wireless routers and managed WiFi services to enhance their wireless internet experience; and out-of-home WiFi and Spectrum WiFi services. It also offers wireline voice communications services using voice over internet protocol technology; and broadband communications solutions, such as internet access, data networking, fiber connectivity, video entertainment, and business telephone services to cellular towers and office buildings for business and carrier organizations. In addition, the company provides mobile services; Audience App to create data-driven linear TV campaigns for local advertisers; and video programming, static IP and business WiFi, voice, and e-mail and security services, as well as sells local advertising across various platforms for networks, such as TBS, CNN, and ESPN; and advertising inventory to local sports and news channels. Further, it offers communications products and managed service solutions; data connectivity services to mobile and wireline carriers on a wholesale basis; and Spectrum community solutions that delivers broadband connectivity solutions to apartments, single-family gated communities, off-campus student housing, senior residences, and RV parks and marinas, as well as owns and operates regional sports networks and news channels. The company was founded in 1993 and is headquartered in Stamford, Connecticut.",,12.91,5.14,2.0,24.08,100.0,Telecommunication Services,2025.0,6.0,False,False,False,False,False,False,False,False
CVX,149.55,0.10079,0.05233,19.777,1.08,0.676,195112992768,38499999744.0,13518749696.0,148.19,148.52,149.9,147.91,168.96,132.04,,9204004,9854688,259055009792,0.801,0.045700002,6.84,2025-05-19 01:00:00,Chevron Corporation,"Chevron Corporation, through its subsidiaries, engages in the integrated energy and chemicals operations in the United States and internationally. The company operates in two segments, Upstream and Downstream. The Upstream segment engages in the exploration, development, production, and transportation of crude oil and natural gas; liquefaction, transportation, and regasification of liquefied natural gas; transporting crude oil through pipelines; processing, transporting, storage, and marketing of natural gas; and carbon capture and storage, as well as a gas-to-liquids plant. The Downstream segment refines crude oil into petroleum products; markets crude oil, refined products, and lubricants; manufactures and markets renewable fuels; transports crude oil and refined products through pipeline, marine vessel, motor equipment, and rail car; and manufactures and markets commodity petrochemicals, plastics for industrial uses, and fuel and lubricant additives. The company was formerly known as ChevronTexaco Corporation and changed its name to Chevron Corporation in 2005. Chevron Corporation was founded in 1879 and is headquartered in Houston, Texas.",,9.6,7.46,3.0,36.96,163.0,Oil & Gas Producers,2025.0,6.0,False,False,False,False,False,False,False,False
CMG,52.78,0.45574,0.1435,132.72,1.522,1.389,11487257600,2342904064.0,1160955648.0,51.83,52.015,52.96,51.64,66.74,44.46,,11236212,13412796,71113662464,1.061,,,,"Chipotle Mexican Grill, Inc.","Chipotle Mexican Grill, Inc., together with its subsidiaries, owns and operates Chipotle Mexican Grill restaurants. It sells food and beverages, such as burritos, burrito bowls, quesadillas, tacos, and salads, as well as lifestyle bowls, kids's meal, chips, sides, and drinks. The company also provides delivery and related services through its app and website. It has operations in the United States, Canada, France, Germany, Dubai, and the United Kingdom. Chipotle Mexican Grill, Inc. was founded in 1993 and is headquartered in Newport Beach, California.",,9.66,2.89,2.0,22.54,209.0,Consumer Services,2025.0,6.0,False,False,False,False,False,False,False,False
CB,283.82,0.12855,0.0271,29.874,0.385,0.177,56306999296,10869000192.0,11917375488.0,282.15,283.28,286.39,282.64,306.91,251.42,,2389071,1655301,113740300288,0.555,0.0137,3.88,2025-06-13 01:00:00,Chubb Limited,"Chubb Limited provides insurance and reinsurance products worldwide. The company operates through six segments: North America Commercial P&C Insurance, North America Personal P&C Insurance, North America Agricultural Insurance, Overseas General Insurance, Global Reinsurance, and Life Insurance. The company provides package policies, property and general liability, workers' compensation, automobile, umbrella, financial lines, professional and management liability, environmental, international coverages, property and casualty, commercial marine, and risk management products and services. It also offers homeowners, automobile and collector cars, valuable articles, personal and excess liability, travel insurance, cyber, and recreational marine insurance and services. In addition, the company provides multiple peril crop insurance and crop-hail insurance for farm, ranch, and specialty property and casualty, and commercial agriculture products; and property insurance products, including traditional commercial fire coverage, as well as energy industry-related, construction, and other technical coverages; personal accident and supplemental medical coverages, such as accidental death, business/holiday travel, specified disease, disability, medical and hospital indemnity, and income protection; and professional indemnity, cyber, surety, aviation, political risk, and specialty personal lines products. Further, the company offers property catastrophe reinsurance, traditional and specialty P&C reinsurance; and protection and savings products, which includes whole life, universal life, unit linked contracts, endowment plans, individual and group term life, dental, critical illness, dementia, hospital cash, personal accident, credit life, and group employee benefits. The company was formerly known as ACE Limited and changed its name to Chubb Limited in January 2016. Chubb Limited was incorporated in 1985 and is headquartered in Zurich, Switzerland.",,10.85,9.97,2.0,23.3,186.0,Insurance,2025.0,6.0,False,False,False,False,False,False,False,False
CHD,96.43,0.13354999,0.08238,52.837,1.953,1.384,6070900224,1365400064.0,764049984.0,95.89,95.65,97.04,95.38,116.46,90.99,,1993990,2369682,23748491264,0.515,0.012200001,1.18,2025-05-15 01:00:00,"Church & Dwight Co., Inc.","Church & Dwight Co., Inc. develops, manufactures, and markets household, personal care, and specialty products. It operates in three segments: Consumer Domestic, Consumer International, and Specialty Products Division. The company offers cat litters, carpet deodorizers, laundry detergents, and baking soda, as well as other baking soda based products under the ARM & HAMMER brand; condoms, lubricants, and vibrators under the TROJAN brand; stain removers, cleaning solutions, laundry detergents, and bleach alternatives under the OXICLEAN brand; toothbrushes under the SPINBRUSH brand; home pregnancy and ovulation test kits under the FIRST RESPONSE brand; depilatories under the NAIR brand; oral analgesics under the ORAJEL brand; laundry detergents under the XTRA brand; gummy dietary supplements under the L'IL CRITTERS and VITAFUSION brands; dry shampoos under the BATISTE brand; water flossers and showerheads under the WATERPIK brand; cold shortening and relief products under the ZICAM brand; oral care products under the THERABREATH brand; and acne treatment products under the HERO brand. Its specialty products include animal and food productivity products, such as ARM & HAMMER baking soda as a feed additive to help dairy cow; BIO-CHLOR and FERMENTEN used to reduce health issues associated with calving, as well as needed protein; CELMANAX refined functional carbohydrate, a yeast-based prebiotic; and CERTILLUS a probiotics products used in the poultry, dairy, beef, and swine industries. It offers sodium bicarbonate; and cleaning and deodorizing products. The company sells its consumer products through supermarkets, mass merchandisers, wholesale clubs, drugstores, convenience stores, home stores, dollar and other discount stores, pet and other specialty stores, and websites and other e-commerce channels; and specialty products to industrial customers and livestock producers through distributors. The company was founded in 1846 and is headquartered in Ewing, New Jersey.",,9.59,6.05,2.0,22.65,51.0,Household Products,2025.0,6.0,False,False,False,False,False,False,False,False
CI,314.35,0.13206,0.040260002,75.34,0.781,0.648,255368003584,11470999552.0,7582125056.0,314.4,314.13,316.58,311.96,370.83,262.03,,3245023,1798377,83976404992,0.45,0.019199999,6.04,2025-06-03 01:00:00,The Cigna Group,"The Cigna Group, together with its subsidiaries, provides insurance and related products and services in the United States. Its Evernorth Health Services segment provides a range of coordinated and point solution health services, including pharmacy benefits, home delivery pharmacy, specialty pharmacy, distribution, and care delivery and management solutions to health plans, employers, government organizations, and health care providers. The company's Cigna Healthcare segment offers medical, pharmacy, behavioral health, dental, and other products and services for insured and self-insured customers; Medicare Advantage, Medicare Supplement, and Medicare Part D plans for seniors, as well as individual health insurance plans; and health care coverage in its international markets, as well as health care benefits for mobile individuals and employees of multinational organizations. In addition, it offers permanent insurance contracts sold to corporations to provide coverage on the lives of certain employees for financing employer-paid future benefit obligations and stop loss insurance. The company distributes its products and services through insurance brokers and consultants; directly to employers, unions and other groups, or individuals; and private and public exchanges. The company was formerly known as Cigna Corporation and changed its name to The Cigna Group in February 2023. The company was founded in 1792 and is headquartered in Bloomfield, Connecticut.",,6.24,3.27,2.0,9.66,309.0,Healthcare,2025.0,6.0,False,False,False,False,False,False,False,False
CINF,145.44,0.10974,0.03222,6.4,1.087,0.863,10968000512,1972999936.0,1229624960.0,145.7,145.7,146.8171,145.18,161.75,113.7,,1159974,632137,22732853248,0.786,0.0239,3.48,2025-06-23 01:00:00,Cincinnati Financial Corporation,"Cincinnati Financial Corporation provides property casualty insurance products in the United States. The company operates through five segments: Commercial Lines Insurance, Personal Lines Insurance, Excess and Surplus Lines Insurance, Life Insurance, and Investments. The Commercial Lines Insurance segment offers coverage for commercial casualty and property, commercial auto, and workers' compensation. This segment also provides contract and commercial surety bonds, and fidelity bonds; management liability; and machinery and equipment insurance products. The Personal Lines Insurance segment offers personal auto; homeowner; and other personal lines insurance, such as dwelling fire, inland marine, personal umbrella liability, and watercraft coverages. The Excess and Surplus Lines Insurance segment offers commercial casualty insurance that covers businesses for third-party liability from accidents occurring on their premises or arising out of their operations, such as injuries sustained from products, as well as other coverages comprising miscellaneous errors and omissions, professional liability, and excess liability; and commercial property insurance, which insures buildings, inventory, equipment, and business income from loss or damage due to various causes, such as fire, wind, hail, water, theft, and vandalism. The Life Insurance segment provides term life insurance; universal life insurance; and worksite and whole life insurance products, as well as annuities. The Investments segment invests in fixed-maturity investments, including taxable and tax-exempt bonds, and redeemable preferred stocks; and equity investments comprising common and nonredeemable preferred stocks. The company also offers commercial leasing and financing services; and insurance brokerage services. Cincinnati Financial Corporation was founded in 1950 and is headquartered in Fairfield, Ohio.",,9.99,11.73,1.0,23.11,186.0,Insurance,2025.0,6.0,False,False,False,False,False,False,False,False
CTAS,218.65,0.40296,0.15531999,58.617,1.721,0.846,10143464448,2664393984.0,1619095040.0,220.42,221.62,221.73,217.8,229.24,172.2025,,2189591,1807761,88288026624,1.065,0.0070999996,1.56,2025-05-15 01:00:00,Cintas Corporation,"Cintas Corporation engages in the provision of corporate identity uniforms and related business services primarily in the United States, Canada, and Latin America. It operates through Uniform Rental and Facility Services, First Aid and Safety Services, and All Other segments. The company rents and services uniforms and other garments, including flame resistant clothing, mats, mops and shop towels, and other ancillary items; and provides restroom cleaning services and supplies, as well as sells uniforms. In addition, the company offers first aid and safety services, and fire protection products and services. It provides its products and services through its distribution network and local delivery routes, or local representatives to small service and manufacturing companies, as well as major corporations. The company was founded in 1968 and is based in Cincinnati, Ohio. Cintas Corporation was formerly a subsidiary of Cintas Corporation.",,8.69,4.94,2.0,16.66,207.0,Commercial Services,2025.0,6.0,False,False,False,False,False,False,False,False
CSCO,66.32,0.21356001,0.062,66.932,0.951,0.714,55623000064,14741999616.0,11596375040.0,65.84,66.37,66.65,65.7221,66.65,44.5,,50421676,22672062,262627196928,0.882,0.0247,1.64,2025-07-03 01:00:00,"Cisco Systems, Inc.","Cisco Systems, Inc. designs, manufactures, and sells Internet Protocol based networking and other products related to the communications and information technology industry in the Americas, Europe, the Middle East, Africa, the Asia Pacific, Japan, and China. The company also offers switching portfolio encompasses campus switching as well as data center switching; enterprise routing portfolio interconnects public and private wireline and mobile networks, delivering highly secure, and reliable connectivity to campus, data center and branch networks; and wireless products include indoor and outdoor wireless coverage designed for seamless roaming use of voice, video, and data applications. In addition, it provides security, which comprising network security, identity and access management, secure access service edge, and threat intelligence, detection, and response offerings; collaboration products, such as Webex Suite, collaboration devices, contact center, and communication platform as a service; end-to-end collaboration solutions that can be delivered from the cloud, on-premise or within hybrid cloud environments allowing customers to transition their collaboration solutions from on-premise to the cloud; and observability offers network assurance, monitoring and analytics and observability suite. Further, the company offers a range of service and support options for its customers, including technical support and advanced services and advisory services. It serves businesses of various sizes, public institutions, governments, and service providers. The company sells its products and services directly, as well as through systems integrators, service providers, other resellers, and distributors. Cisco Systems, Inc. has strategic alliances with other companies. Cisco Systems, Inc. was incorporated in 1984 and is headquartered in San Jose, California.",,7.64,5.05,2.0,13.09,238.0,Technology Hardware,2025.0,6.0,False,False,False,False,False,False,False,False
C,78.45,0.06435,0.00541,,,,71819001856,,,78.35,78.88,79.265,78.33,84.74,53.51,,17312955,15438937,146523422720,1.31,0.0286,2.24,2025-05-05 01:00:00,Citigroup Inc.,"Citigroup Inc., a diversified financial service holding company, provides various financial product and services to consumers, corporations, governments, and institutions. It operates through five segments: Services, Markets, Banking, U.S. Personal Banking, and Wealth. The Services segment includes treasury and trade solutions, which provides cash management, trade, and working capital solutions to multinational corporations, financial institutions, and public sector organizations; and securities services, such as cross-border support for clients, local market expertise, post-trade technologies, data solutions, and various securities services solutions. The Markets segment offers sales and trading services for equities, foreign exchange, rates, spread products, and commodities to corporate, institutional, and public sector clients; and market-making services, including asset classes, risk management solutions, financing, and prime brokerage. The Banking segment includes investment banking services comprising equity and debt capital markets-related strategic financing solutions; advisory services related to mergers and acquisitions, divestitures, restructurings, and corporate defense activities; and corporate lending consists of corporate and commercial banking. The U.S. Personal Banking segment provides proprietary and co-branded card portfolios; and traditional banking services to retail and small business customers. The Wealth segment offers financial services to high-net-worth clients through banking, lending, mortgages, investment, custody, and trust product offerings; professional industries, including law firms, consulting groups, accounting, and asset management; and affluent and high net worth clients. The company operates in North America, the United Kingdom, Japan, North and South Asia, Australia, Europe, the Middle East, and Africa. Citigroup Inc. was founded in 1812 and is headquartered in New York, New York.",,10.06,7.68,3.0,18.85,456.0,Banks,2025.0,6.0,False,False,False,False,False,False,False,False
CFG,41.71,0.06367,0.00703,,,,7116000256,,,41.32,41.465,41.9,41.375,49.25,32.6,,6049834,5027293,18087499776,1.074,0.0403,1.68,2025-04-30 01:00:00,"Citizens Financial Group, Inc.","Citizens Financial Group, Inc. operates as the bank holding company that provides retail and commercial banking products and services to individuals, small businesses, middle-market companies, large corporations, and institutions in the United States. The company operates through two segments, Consumer Banking and Commercial Banking. The Consumer Banking segment offers deposit products, mortgage and home equity lending products, credit cards, business loans, wealth management, and investment services; and education and point-of-sale finance loans, as well as digital deposit products. This segment serves its customers through telephone service centers, as well as through its online and mobile platforms. The Commercial Banking segment provides various financial products and solutions, including lending and leasing, deposit and treasury management services, foreign exchange, and interest rate and commodity risk management solutions, as well as syndicated loans, corporate finance, mergers and acquisitions, and debt and equity capital markets services. This segment serves multi-family, office, industrial, retail, healthcare, and hospitality sectors. The company was formerly known as RBS Citizens Financial Group, Inc. and changed its name to Citizens Financial Group, Inc. in April 2014. Citizens Financial Group, Inc. was founded in 1828 and is headquartered in Providence, Rhode Island.",,10.52,11.4,1.0,23.46,456.0,Banks,2025.0,6.0,False,False,False,False,False,False,False,False
CLX,120.77,3.18652,0.11598,1549.474,0.738,0.382,7018999808,1260999936.0,1120875008.0,120.93,120.92,122.0,120.37,171.37,120.33,,4705029,1633541,14885264384,0.533,0.0404,4.88,2025-04-23 01:00:00,The Clorox Company,"The Clorox Company engages in the manufacture and marketing of consumer and professional products worldwide. It operates through four segments: Health and Wellness, Household, Lifestyle, and International. The Health and Wellness segment offers home care cleaning and disinfecting products, bleach, clog removers, and laundry additives, primarily under the Clorox, Clorox2, Pine-Sol, Scentiva, Tilex, Liquid-Plumr, Poett, and Formula 409 brands; professional cleaning and disinfecting products under the CloroxPro and Clorox Healthcare brands; professional food service products under the Hidden Valley brand in the United States. The Household segment provides cat litter products under the Fresh Step and Scoop Away brands; bags and wraps under the Glad brand; and grilling products under the Kingsford brand in the United States. The Lifestyle segment offers dressings, dips, seasonings, and sauces primarily under the Hidden Valley brand; water-filtration products under the Brita brand; and natural personal care products under the Burt's Bees brand in the United States. The International segment provides laundry additives, home care products, bags and wraps, cat litter products, water-filtration systems, professional cleaning and disinfecting products, natural personal care products, food products, grilling products, and digestive health products internationally primarily under the Clorox, Glad, Poett, Brita, Burt's Bees, Pine-Sol, Ever Clean, Clorinda, Chux, and Fresh Step brands. The company also offers vitamins, minerals, and supplement products under the Natural Vitality, RenewLife, NeoCell, and Rainbow Light brands. It sells its products primarily through mass retailers; grocery outlets; warehouse clubs; dollar stores; home hardware centers; drug, pet, and military stores; third-party and owned e-commerce channels; and distributors, as well as a direct sales force. The company was founded in 1913 and is headquartered in Oakland, California.",,9.01,4.42,2.0,23.63,51.0,Household Products,2025.0,6.0,False,False,False,False,False,False,False,False
CME,273.99,0.13387,0.01762,14.045,1.017,0.019,6274100224,4419100160.0,2680800000.0,272.1,271.99,274.28,263.21,290.79,192.11,,10630408,2629767,98734759936,0.476,0.0182,5.0,2025-06-09 01:00:00,CME Group Inc.,"CME Group Inc., together with its subsidiaries, operates contract markets for the trading of futures and options on futures contracts worldwide. It offers futures and options products based on interest rates, equity indexes, foreign exchange, agricultural commodities, energy, and metals, as well as fixed income and foreign currency trading services. The company provides clearing house services, including clearing, settling, and guaranteeing futures and options contracts, and cleared swaps products traded through its exchanges; and trade processing and risk mitigation services. In addition, the company offers a range of market data services, including real-time and historical data services. It serves professional traders, financial institutions, institutional and individual investors, corporations, manufacturers, producers, governments, and central banks. The company was formerly known as Chicago Mercantile Exchange Holdings Inc. and changed its name to CME Group Inc. in July 2007. The company was founded in 1898 and is headquartered in Chicago, Illinois.",,7.23,6.87,1.0,18.32,357.0,Diversified Financials,2025.0,6.0,False,False,False,False,False,False,False,False
CMS,69.05,0.11234,0.03091,190.138,1.059,0.568,7785999872,2801999872.0,-1015124992.0,68.79,68.96,69.73,68.82,76.45,58.5,,3506781,2776874,20654512128,0.379,0.031400003,2.17,2025-05-09 01:00:00,CMS Energy Corporation,"CMS Energy Corporation operates as an energy company primarily in Michigan. The company operates through three segments: Electric Utility; Gas Utility; and NorthStar Clean Energy. The Electric Utility segment is involved in the generation, purchase, distribution, and sale of electricity. This segment generates electricity through coal, wind, gas, renewable energy, oil, and nuclear sources. Its distribution system comprises 270 miles of high-voltage distribution overhead lines; 4 miles of high-voltage distribution underground lines; 4,646 miles of high-voltage distribution overhead lines; 18 miles of high-voltage distribution underground lines; 81,924 miles of electric distribution overhead lines; 9,775 miles of underground distribution lines; and 1,098 substations. The Gas Utility segment engages in the purchase, transmission, storage, distribution, and sale of natural gas, which includes 2,342 miles of transmission lines; 15 gas storage fields; 28,368 miles of distribution mains; and 8 compressor stations. The NorthStar Clean Energy segment is involved in the independent power production and marketing, including the development and operation of renewable generation. The company serves 1.9 million electric and 1.8 million gas customers, including residential, commercial, and diversified industrial customers. The company was incorporated in 1987 and is headquartered in Jackson, Michigan.",,8.28,3.53,1.0,25.68,234.0,Utilities,2025.0,6.0,False,False,False,False,False,False,False,False
KO,68.84,0.38776,0.088929996,180.05,1.1,0.751,46890000384,15388000256.0,4730375168.0,69.21,69.09,69.5554,68.785,74.38,60.62,,16051700,16588174,296305917952,0.464,0.0296,2.04,2025-06-13 01:00:00,The Coca-Cola Company,"The Coca-Cola Company, a beverage company, manufactures and sells various nonalcoholic beverages in the United States and internationally. The company provides sparkling soft drinks and flavors; water, sports, coffee, and tea; juice, value-added dairy, and plant-based beverages; and other beverages. It also offers beverage concentrates and syrups, as well as fountain syrups to fountain retailers comprising restaurants and convenience stores. The company sells its products under the Coca-Cola, Diet Coke/Coca-Cola Light, Coca-Cola Zero Sugar, caffeine free Diet Coke, Cherry Coke, Fanta Orange, Fanta Zero Orange, Fanta Zero Sugar, Fanta Apple, Sprite, Sprite Zero Sugar, Simply Orange, Simply Apple, Simply Grapefruit, Fresca, Schweppes, Thums Up, Aquarius, Ayataka, BODYARMOR, Ciel, Costa, Crystal, Dasani, dogadan, Fuze Tea, Georgia, glacéau smartwater, glacéau vitaminwater, Gold Peak, I LOHAS, Powerade, Topo Chico, Core Power, Del Valle, fairlife, innocent, Maaza, Minute Maid, Minute Maid Pulpy, and Simply brands. It operates through a network of independent bottling partners, distributors, wholesalers, and retailers, as well as through bottling and distribution operators. The company was founded in 1886 and is headquartered in Atlanta, Georgia.",,9.83,4.35,3.0,23.42,227.0,Food Products,2025.0,6.0,False,False,False,False,False,False,False,False
CTSH,75.47,0.16605,0.10094,7.913,2.215,1.829,20091000832,3595000064.0,1986499968.0,79.14,79.16,79.19,75.25,90.82,65.52,,11686498,3824422,37202333696,0.976,0.0164,1.24,2025-05-19 01:00:00,Cognizant Technology Solutions Corporation,"Cognizant Technology Solutions Corporation, a professional services company, provides consulting and technology, and outsourcing services in North America, Europe, and internationally. It operates through four segments: Financial Services; Health Sciences; Products and Resources; and Communications, Media and Technology. The company provides services including artificial intelligence (AI) and other technology services and solutions, consulting, application development, systems integration, digital engineering, quality engineering and assurance, application maintenance, infrastructure, security, cloud, internet of things, enterprise platform services, and business process services and automation. It also offers AI-led automation, which includes advisory, and process and IT automation solutions designed to simplify and accelerate automation adoption; business process outsourcing services, which help deliver business outcomes including revenue growth, increased customer and employee satisfaction, and cost savings; and Cognizant Moment, a digital experience service that uses AI to reimagine customer experiences and engineer strategies aimed at driving growth. In addition, the company develops, licenses, implements, and supports proprietary and third-party software products and platforms; and develops industry-specific products and services. It offers solution to healthcare providers and payers, life sciences companies, banking, capital markets, payments and insurance companies, manufacturers, automakers, retailers, consumer goods, travel and hospitality, communications, media and entertainment, education, information services, and technology companies, as well as businesses providing logistics, energy, and utility services. The company was incorporated in 1988 and is headquartered in Teaneck, New Jersey.",,8.92,4.15,2.0,17.98,585.0,Software & Services,2025.0,6.0,False,False,False,False,False,False,False,False
COIN,308.38,0.15841,0.00223,43.892,2.517,1.197,6665887744,790291008.0,305727264.0,295.29,303.38,310.75,298.1039,349.75,142.58,,31468823,11388437,78545928192,3.62,,,,"Coinbase Global, Inc.","Coinbase Global, Inc. operates platform for crypto assets in the United States and internationally. It offers the primary financial account in the crypto economy for consumers; a brokerage platform with a pool of liquidity across the crypto marketplace for institutions; and a suite of products granting access to build onchain for developers. The company was founded in 2012 and is based in New York, New York.",,11.59,9.65,2.0,26.91,357.0,Diversified Financials,2025.0,6.0,False,False,False,False,False,False,False,False
CL,87.78,4.51259,0.16023001,1128.104,0.847,0.443,19946999808,4861000192.0,2880124928.0,88.19,88.03,88.67,87.76,109.3,85.32,,9572156,5386898,71138664448,0.382,0.023699999,2.08,2025-07-18 01:00:00,Colgate-Palmolive Company,"Colgate-Palmolive Company, together with its subsidiaries, manufactures and sells consumer products in the United States and internationally. It operates through two segments: Oral, Personal and Home Care; and Pet Nutrition. The Oral, Personal and Home Care segment offers toothpaste, toothbrushes, mouthwash, bar and liquid hand soaps, shower gels, shampoos, conditioners, deodorants and antiperspirants, skin health products, dishwashing detergents, fabric conditioners, household cleaners, and other related items. This segment markets and sells its products under the Colgate, Palmolive, Darlie, elmex, hello, meridol, Sorriso, Tom's of Maine, EltaMD, Filorga, Irish Spring, Protex, Sanex, Softsoap, Lady Speed Stick, Speed Stick, PCA SKIN, Ajax, Axion, Fabuloso, Murphy, Suavitel, and Soupline brands to a range of traditional and eCommerce retailers, wholesalers, and distributors, as well as dentists and skin health professionals. It also offers pharmaceutical products for dentists and other oral health professionals. The Pet Nutrition segment offers pet nutrition products for everyday nutritional needs under the Hill's Science Diet brand; and a range of therapeutic pet products to help nutritionally support dogs and cats in different stages of health under the Hill's Prescription Diet brand. This segment markets and sells its products through pet supply retailers, veterinarians, and eCommerce retailers. Colgate-Palmolive Company was founded in 1806 and is headquartered in New York, New York.",,10.08,5.01,2.0,23.17,51.0,Household Products,2025.0,6.0,False,False,False,False,False,False,False,False
CMCSA,34.53,0.18049,0.05451,113.542,0.645,0.507,123560001536,38270001152.0,9956500480.0,34.26,34.51,34.895,34.38,45.31,31.44,,42693904,23607811,128924663808,0.948,0.0382,1.32,2025-07-02 01:00:00,Comcast Corporation,"Comcast Corporation operates as a media and technology company worldwide. It operates through Residential Connectivity & Platforms, Business Services Connectivity, Media, Studios, and Theme Parks segments. The Residential Connectivity & Platforms segment provides residential broadband and wireless connectivity services, residential and business video services, sky-branded entertainment television networks, and advertising. The Business Services Connectivity segment offers connectivity services for small business locations, which include broadband, wireline voice, and wireless services; and ethernet network services for medium-sized customers and larger enterprises. The Media segment operates NBCUniversal's national and regional cable networks; the NBC and Telemundo broadcast networks and owned local broadcast television stations; and Peacock, a direct-to-consumer streaming services. It also operates international television networks comprising the Sky Sports networks, as well as other digital properties. The Studios segment operates NBCUniversal and Sky film and television studio production and distribution operations. The Theme Parks segment operates Universal theme parks in Orlando, Florida; Hollywood, California; Osaka, Japan; and Beijing, China. The company also offers a consolidated streaming platforms under the Philadelphia Flyers and the Wells Fargo Center arena in Philadelphia, Pennsylvania; and Xumo. Comcast Corporation was founded in 1963 and is headquartered in Philadelphia, Pennsylvania.",,9.88,7.88,2.0,21.9,100.0,Telecommunication Services,2025.0,6.0,False,False,False,False,False,False,False,False
CAG,21.49,0.03658,0.05133,92.778,0.689,0.19,11736899584,2138700032.0,1283399936.0,21.5,21.49,21.65,21.325,33.24,21.18,,14392328,6731243,10258508800,0.137,0.0651,1.4,2025-04-28 01:00:00,"Conagra Brands, Inc.","Conagra Brands, Inc., together with its subsidiaries, operates as a consumer packaged goods food company primarily in the United States. The company operates through four segments: Grocery & Snacks, Refrigerated & Frozen, International, and Foodservice. The Grocery & Snacks segment primarily offers shelf stable food products through various retail channels. The Refrigerated & Frozen segment provides temperature-controlled food products through various retail channels. The International segment offers food products in various temperature states through retail and foodservice channels outside of the United States. The Foodservice segment offers branded and customized food products, including meals, entrees, sauces, and various custom-manufactured culinary products packaged for restaurants and other foodservice establishments. The company sells its products under the Birds Eye, Marie Callender's, Duncan Hines, Healthy Choice, Slim Jim, Reddi-wip, Angie's, BOOMCHICKAPOP brands. The company was incorporated in 1919 and is headquartered in Chicago, Illinois.",,12.04,3.41,2.0,27.54,227.0,Food Products,2025.0,6.0,False,False,False,False,False,False,False,False
COP,94.69,0.1666,0.08781999,36.457,1.268,1.023,59090001920,25586999296.0,8659749888.0,93.8,94.35,95.18,93.69,118.4,79.88,,15999925,8510588,119537606656,0.62,0.032899998,3.12,2025-05-19 01:00:00,ConocoPhillips,"ConocoPhillips explores for, produces, transports, and markets crude oil, bitumen, natural gas, liquefied natural gas (LNG), and natural gas liquids. The company operates in six segments: Alaska; Lower 48; Canada; Europe, Middle East and North Africa; Asia Pacific; and Other International. The company's portfolio includes unconventional plays in North America; conventional assets in North America, Europe, Asia, and Australia; global LNG developments; oil sands assets in Canada; and an inventory of global exploration prospects. It serves in the United States, Canada, China, Equatorial Guinea, Libya, Malaysia, Norway, Singapore, the United Kingdom, and internationally ConocoPhillips was founded in 1917 and is headquartered in Houston, Texas.",,10.21,6.34,2.0,35.94,163.0,Oil & Gas Producers,2025.0,6.0,False,False,False,False,False,False,False,False
ED,100.97,0.08331,0.03111,110.23,1.283,0.88,15774000128,5599000064.0,-879875008.0,100.73,100.67,101.79,100.51,114.87,87.28,,7463562,2898212,36379086848,0.259,0.0337,3.4,2025-05-14 01:00:00,"Consolidated Edison, Inc.","Consolidated Edison, Inc., through its subsidiaries, engages in the regulated electric, gas, and steam delivery businesses in the United States. The company offers electric services to approximately 3.7 million customers in New York City and Westchester County; gas to approximately 1.1 million customers in Manhattan, the Bronx, parts of Queens, and Westchester County; and steam to approximately 1,520 customers in parts of Manhattan. It also supplies electricity to approximately 0.3 million customers in southeastern New York and northern New Jersey; and gas to approximately 0.1 million customers in southeastern New York. In addition, the company operates 549 circuit miles of transmission lines; 15 transmission substations; 64 distribution substations; 90,755 in-service line transformers; 3,877 pole miles of overhead distribution lines; and 2,405 miles of underground distribution lines, as well as 4,384 miles of mains and 379,888 service lines for natural gas distribution. Further, it invests in electric and gas transmission projects. The company primarily sells electricity to industrial, commercial, residential, and government customers. Consolidated Edison, Inc. was founded in 1823 and is based in New York, New York.",,8.65,4.52,2.0,21.11,234.0,Utilities,2025.0,6.0,False,False,False,False,False,False,False,False
STZ,162.4,-0.0036199999,0.092709996,169.781,0.921,0.263,10208700416,3956999936.0,1076337536.0,160.0,160.13,162.43,159.36,265.7,159.35,,2250269,2097308,28914833408,0.696,0.0251,4.08,2025-04-29 01:00:00,"Constellation Brands, Inc.","Constellation Brands, Inc., together with its subsidiaries, produces, imports, markets, and sells beer, wine, and spirits in the United States, Canada, Mexico, New Zealand, and Italy. The company offers beer under the Corona Extra, Corona Familiar, Corona Hard Seltzer, Corona Light, Corona Non-Alcoholic, Corona Premier, Corona Refresca, Modelo Especial, Modelo Chelada, Modelo Negra, Modelo Oro, Victoria, Vicky Chamoy, and Pacifico brands. It also offers wine under the Cook's California Champagne, Kim Crawford, Meiomi, Mount Veeder, Ruffino, SIMI, My Favorite Neighbor, Robert Mondavi Winery, Schrader, and The Prisoner Wine Company brands; and spirits under the Casa Noble, Copper & Kings, High West, Mi CAMPO, Nelson's Green Brier, and SVEDKA brands. The company provides its products to wholesale distributors, retailers, on-premise locations, and state alcohol beverage control agencies. Constellation Brands, Inc. was founded in 1945 and is based in Rochester, New York.",,11.69,4.0,2.0,26.18,227.0,Food Products,2025.0,6.0,False,False,False,False,False,False,False,False
CEG,304.92,0.23974001,0.04676,62.682,1.472,0.977,24195000320,6545999872.0,3761374976.0,306.43,307.295,308.2,302.735,352.0,155.6,,4194840,3625591,95567110144,1.163,0.0050999997,1.55,2025-05-16 01:00:00,Constellation Energy Corporation,"Constellation Energy Corporation produces and sells energy products and services in the United States. It operates through five segments: Mid-Atlantic, Midwest, New York, ERCOT, and Other Power Regions. The company offers electricity, natural gas, energy-related products, and sustainable solutions. It has approximately 31,676 megawatts of generating capacity consisting of nuclear, wind, solar, natural gas, and hydroelectric assets. The company serves distribution utilities, municipalities, cooperatives, and commercial, industrial, public sector, and residential customers. The company was incorporated in 2021 and is headquartered in Baltimore, Maryland.",,14.52,3.55,1.0,28.79,234.0,Utilities,2025.0,6.0,False,False,False,False,False,False,False,False
COO,69.47,0.05148,0.038829997,34.502,2.099,0.886,3988199936,1123500032.0,229675008.0,69.81,70.53,70.82,69.44,112.38,65.0,,4618264,2348085,13860167680,0.986,,,2023-07-26 01:00:00,"The Cooper Companies, Inc.","The Cooper Companies, Inc., together with its subsidiaries, develops, manufactures, and markets contact lens wearers. The company operates in two segments, CooperVision and CooperSurgical. The CooperVision segment provides toric and multifocal lenses comprising lenses correcting vision challenges, such as astigmatism, presbyopia, and myopia; and spherical lense, including lenses that correct near and farsightedness in the Americas, Europe, the Middle East, Africa, and the Asia Pacific. The CooperSurgical segment focuses on family and women's health care, which provides fertility products and services, medical devices, and contraception, as well as cryostorage, such as cord blood and cord tissue storage to health care professionals and patients worldwide. It offers surgical and office products, including paragard contraceptive intrauterine devices; and fertility consumables and equipment, donor gamete services, and genomic services, including genetic testing. The company sells its products to distributors, group purchasing organizations, eye care and health care professionals, including independent practices, corporate retailers, hospitals and clinics, and authorized resellers. The Cooper Companies, Inc. was founded in 1958 and is headquartered in San Ramon, California.",,7.53,4.33,2.0,14.77,309.0,Healthcare,2025.0,6.0,False,True,False,False,False,False,False,False
CPRT,47.97,0.18441999,0.12015,1.148,8.155,6.987,4590859776,1903851008.0,873605888.0,47.88,48.3,49.145,47.825,64.38,47.7,,14397448,6461864,46383919104,1.101,,,,"Copart, Inc.","Copart, Inc. provides online auctions and vehicle remarketing services in the United States, Canada, the United Kingdom, Brazil, the Republic of Ireland, Germany, Finland, the United Arab Emirates, Oman, Bahrain, and Spain. It offers a range of services for processing and selling vehicles over the internet through its virtual bidding third generation internet auction-style sales technology to vehicle sellers, insurance companies, banks and finance companies, charities, fleet operators, dealers, vehicle rental companies, and individuals. The company's services include online seller access, salvage estimation, estimating, end-of-life vehicle processing, transportation, vehicle inspection stations, on-demand reporting, title processing and express, loan payoff, flexible vehicle processing programs, buy it now, sales process, and dealer services. Its services also comprise services to sell vehicles through BluCar, CashForCars.com, CashForCars.ca, CashForCars.de, CashForCars.co.uk, and Cash-for-cars.ie; Copart Recycling service, which allows the public to purchase parts from salvaged and end-of-life vehicles; copart 360, a proprietary technology that captures clear 360-degree views of interiors and exteriors of cars, trucks, and vans; and membership tiers for those registering to buy vehicles through Copart.com. In addition, it provides IntelliSeller, an automated tool leveraging its vast and detailed vehicle and sales data to assist its sellers in making vital auction decisions; Purple Wave Inc., that offers wholesale construction, agriculture, and fleet remarketing services through no-reserve online auctions; non-salvage powersport vehicle remarketing services through live and online auction platforms. The company sells its products principally to licensed vehicle dismantlers, rebuilders, repair licensees, used vehicle dealers, and exporters, as well as to the public. Copart, Inc. was incorporated in 1982 and is headquartered in Dallas, Texas.",,10.12,5.06,1.0,18.37,207.0,Commercial Services,2025.0,6.0,False,False,False,False,False,False,False,False
GLW,50.42,0.048660003,0.03592,73.266,1.69,0.753,13594999808,2912999936.0,1178125056.0,50.49,50.8,50.8,49.97,55.33,37.18,,4911410,5656220,43183263744,1.096,0.0222,1.12,2025-05-30 01:00:00,Corning Incorporated,"Corning Incorporated engages in the optical communications, display technologies, environmental technologies, specialty materials, and life sciences businesses in the United States and internationally. The company's Optical Communications segment provides optical fibers and cables; and hardware and equipment products, such as cable assemblies, fiber optic hardware and connectors, optical components and couplers, closures, network interface devices, and other accessories for the telecommunications industry, businesses, governments, and individuals. Its Display Technologies segment offers glass substrates for flat panel displays, including liquid crystal displays and organic light-emitting diodes that are used in televisions, notebook computers, desktop monitors, tablets, and handheld devices. The company's Specialty Materials segment manufactures products that offer material formulations for glass, glass ceramics, crystals, precision metrology instruments, and software, as well as glass wafers and substrates, tinted sunglasses, and radiation shielding products for various markets comprising mobile consumer electronics, semiconductor equipment optics and consumables, aerospace and defense optics, radiation shielding products, sunglasses, and telecommunications components. Its Environmental Technologies segment provides ceramic substrates and filter products for emissions control in mobile, gasoline, and diesel applications. The company's Life Sciences segment offers laboratory products, including consumables, such as plastic vessels, liquid handling plastics, specialty surfaces, cell culture media, and serum, as well as general labware, and glassware and equipment under the Corning, Pyrex, Falcon, and Axygen brands. The company was formerly known as Corning Glass Works and changed its name to Corning Incorporated in April 1989. Corning Incorporated was founded in 1851 and is headquartered in Corning, New York.",,4.47,4.64,2.0,17.5,238.0,Technology Hardware,2025.0,6.0,False,False,False,False,False,False,False,False
CPAY,316.31,0.30040002,0.06493,235.922,1.102,0.68,4045005056,2143904000.0,690412480.0,314.42,318.28,321.48,315.1175,400.81,264.08,,847044,511825,22297767936,0.964,,,,"Corpay, Inc.","Corpay, Inc. operates as a payments company that helps businesses and consumers manage vehicle-related expenses, lodging expenses, and corporate payments in the United States, Brazil, the United Kingdom, and internationally. The company offers vehicle payment solutions, which include fuel, tolls, parking, vehicle compliance, fleet maintenance, and long-haul transportation services, as well as prepaid food and transportation vouchers and cards. It also provides corporate payment solutions consisting of accounts payable AP automation; virtual cards, cross-border solutions; and purchasing and T&E travel and entertainment card products, as well as lodging payments solutions for employees who travel overnight for work purposes; traveling crews and stranded passengers from airlines and cruise lines; and insurance policyholders displaced from their homes due to damage or catastrophe; workforce lodging solutions for business travel programs; airline logistics, crew management, insurance, and other payments solutions. In addition, the company offers gifts and payroll cards. It serves business, merchant, consumer, and payment network customers. The company was formerly known as FLEETCOR Technologies, Inc. and changed its name to Corpay, Inc. in March 2024. Corpay, Inc. was founded in 1986 and is headquartered in Atlanta, Georgia.",,12.02,5.48,0.0,22.35,585.0,Software & Services,2025.0,6.0,False,False,False,False,False,False,False,False
CTVA,73.72,0.04659,0.03079,16.647,1.445,0.9,16833000448,3328000000.0,2847500032.0,74.12,74.08,74.61,72.87,74.84,50.3,,14522897,3815208,50289573888,0.754,0.0092,0.68,2025-06-02 01:00:00,"Corteva, Inc.","Corteva, Inc. operates in the agriculture business. It operates through two segments, Seed and Crop Protection. The Seed segment develops and supplies advanced germplasm and traits that produce optimum yield for farms. It offers trait technologies that enhance resistance to weather, disease, insects, and herbicides used to control weeds, as well as food and nutritional characteristics. This segment also provides digital solutions that assist farmer decision-making with a view to optimize product selection, and maximize yield and profitability. The Crop Protection segment offers products that protect against weeds, insects and other pests, and diseases, as well as enhances crop health above and below ground through nitrogen management and seed-applied technologies. This segment provides herbicides, insecticides, nitrogen stabilizers, and pasture and range management herbicides. It serves agricultural input industry. The company operates in the United States, Canada, Latin America, the Asia Pacific, Europe, the Middle East, and Africa. Corteva, Inc. was incorporated in 2018 and is headquartered in Indianapolis, Indiana.",,14.31,4.25,3.0,33.76,183.0,Chemicals,2025.0,6.0,False,False,False,False,False,False,False,False
CSGP,79.65,0.01474,0.0014300001,13.085,6.01,5.77,2812000000,183200000.0,85037504.0,79.57,79.92,80.976,79.49,83.68,68.26,,4689585,3262446,33603301376,0.873,,,,"CoStar Group, Inc.","CoStar Group, Inc. provides information, analytics, and online marketplace services in the United States, Canada, Europe, the Asia Pacific, and Latin America. It offers CoStar Property that provides inventory of office, industrial, retail, multifamily, hospitality, and student housing properties and land; CoStar Leasing, a data on lease transactions and tools to manage user-entered lease data; CoStar Sales, a database of commercial real estate sales transactions; CoStar Owners provides detailed portfolio information; CoStar Markets to view and report on market and submarket trends; and CoStar Tenant that provides tenant information. The company also provides CoStar Benchmarking allows hotels to measure performance against competitors; CoStar Lender, a tool for lenders to manage loan portfolios and risk; and real estate and lease management technology solutions, such as lease administration, lease accounting, and abstraction services. In addition, it offers Apartamentos.com, an apartment marketing sites; LoopNet.com, a commercial property marketing sites; Homes.com, a homes for sale listings site; Ten-X, an online auction platform for commercial real estate; Land.com, a marketplace for rural land sales; and BizBuySell.com, a marketplace for operating businesses and franchises for sale. It serves sales, leasing, and mortgage brokers; property, real estate investment trust, insurance companies, and asset managers; and government agencies, property owners, mortgage-backed security issuers, appraisers, design and construction professionals, pension fund managers, real estate developers, reporters tenant vendors, bankers, building services vendors, mortgage bankers, communications providers, retailers, institutional advisors, hospitality owners, investors, and real estate agents. The company was founded in 1987 and is headquartered in Arlington, Virginia.",,9.56,6.35,1.0,21.56,585.0,Software & Services,2025.0,6.0,False,False,False,False,False,False,False,False
COST,980.29,0.3208,0.087910004,30.157,1.015,0.472,268775997440,12442000384.0,6088374784.0,974.9,983.67,988.41,973.9321,1078.23,793.0,,3255699,2291169,434736037888,0.993,0.0053,5.2,2025-05-02 01:00:00,Costco Wholesale Corporation,"Costco Wholesale Corporation, together with its subsidiaries, engages in the operation of membership warehouses in the United States, Puerto Rico, Canada, Mexico, Japan, the United Kingdom, Korea, Australia, Taiwan, China, Spain, France, Iceland, New Zealand, and Sweden. The company offers branded and private-label products in a range of merchandise categories. It offers merchandise, such as sundries, dry groceries, candies, coolers, freezers, deli, liquor, and tobacco; appliances, electronics, health and beauty aids, hardware, lawn and garden, sporting goods, tires, toys and seasonal products, office supplies, automotive care products, postages, tickets, apparel, small appliances, furniture, domestics, housewares, special order kiosks, and jewelry; and meat, produce, service deli, and bakery products. The company also operates gasoline, pharmacies, optical, food courts, hearing-aid centers, and tire installation centers; and offers business delivery, travel, grocery, and various other services online. It also operates e-commerce websites. The company was formerly known as Costco Companies, Inc. and changed its name to Costco Wholesale Corporation in August 1999. Costco Wholesale Corporation was founded in 1976 and is based in Issaquah, Washington.",,15.5,4.98,2.0,29.12,70.0,Food Retailers,2025.0,6.0,False,False,False,False,False,False,False,False
CTRA,26.97,0.09404001,0.04621,31.773,0.899,0.826,5801999872,3574000128.0,1317874944.0,26.75,26.67,27.445,26.77,29.95,22.3,,7257961,7527212,20585148416,0.326,0.0326,0.88,2025-05-15 01:00:00,Coterra Energy Inc.,"Coterra Energy Inc., an independent oil and gas company, engages in the exploration, development, and production of oil, natural gas, and natural gas liquids in the United States. The company's properties include the Permian Basin with approximately 2,97,000 net acres in west Texas and southeast, New Mexico; Marcellus Shale properties approximately 1,86,000 net acres located in Susquehanna County, Pennsylvania; and Anadarko Basin with approximately 1,81,000 net acres located in mid-continent region in Oklahoma. It also operates natural gas and saltwater gathering, and disposal systems in Texas. The company sells its natural gas to industrial customers, local distribution companies, oil and gas marketers, energy companies, pipeline companies, and power generation facilities. The company was incorporated in 1989 and is headquartered in Houston, Texas.",,9.49,6.41,2.0,37.53,163.0,Oil & Gas Producers,2025.0,6.0,False,False,False,False,False,False,False,False
CRWD,476.3,-0.05738,-0.01467,22.498,1.849,1.652,4136022016,-12793000.0,1310727424.0,485.16,484.54,490.0,474.29,493.2,200.81,,5183068,3908059,118716817408,1.158,,,,"CrowdStrike Holdings, Inc.","CrowdStrike Holdings, Inc. provides cybersecurity solutions in the United States and internationally. Its unified platform provides cloud-delivered protection of endpoints, cloud workloads, identity, and data through a software as a service (SaaS) subscription-based model. The company offers corporate endpoint and cloud workload security, managed security, security and vulnerability management, IT operations management, identity protection, threat intelligence, data protection, SaaS security posture management, and AI powered workflow automation, and securing generative AI workload services, as well as security orchestration, automation, and response; and security information and event management, and log management services. It primarily sells subscriptions to its Falcon platform and cloud modules. CrowdStrike Holdings, Inc. was incorporated in 2011 and is headquartered in Austin, Texas.",,12.32,5.95,2.0,18.59,585.0,Software & Services,2025.0,6.0,False,False,False,False,False,False,False,False
CCI,100.18,-1.63212,0.04042,,0.368,0.125,6514999808,3944999936.0,1286625024.0,99.38,99.36,100.59,99.1634,120.92,84.2,,3112859,3219595,43624284160,0.9,0.0424,4.25,2025-06-13 01:00:00,Crown Castle Inc.,"Crown Castle owns, operates and leases more than 40,000 cell towers and approximately 90,000 route miles of fiber supporting small cells and fiber solutions across every major U.S. market. This nationwide portfolio of communications infrastructure connects cities and communities to essential data, technology and wireless service - bringing information, ideas and innovations to the people and businesses that need them.",,2.67,4.47,1.0,14.07,509.0,Real Estate,2025.0,6.0,False,False,False,False,False,False,False,False
CSX,32.06,0.26121,0.07445,162.012,0.883,0.729,14282000384,6789000192.0,2121124992.0,32.24,32.38,32.475,31.835,37.1,26.22,,25663930,16074301,60226314240,1.236,0.0162,0.52,2025-05-30 01:00:00,CSX Corporation,"CSX Corporation, together with its subsidiaries, provides rail-based freight transportation services in the United States and Canada. It operates through two segments: rail and trucking. The company offers rail services; and transportation of intermodal containers and trailers, as well as other transportation services, such as rail-to-truck transfers and bulk commodity operations. It also transports chemicals, agricultural and food products, minerals, automotive, forest products, fertilizers, and metals and equipment; and coal, coke, and iron ore to electricity-generating power plants, steel manufacturers, and industrial plants, as well as exports coal to deep-water port facilities. In addition, the company provides intermodal services through a network of approximately 30 terminals transporting manufactured consumer goods in containers; and drayage services, including the pickup and delivery of intermodal shipments. It serves the automotive industry with distribution centers and storage locations, as well as connects non-rail served customers through transferring products, such as plastics and ethanol from rail to trucks. The company operates approximately 20,000 route mile rail network, which serves various population centers in 26 states east of the Mississippi River, the District of Columbia, and the Canadian provinces of Ontario and Quebec, as well as owns and leases approximately 3,500 locomotives. It serves production and distribution facilities through track connections. CSX Corporation was incorporated in 1978 and is headquartered in Jacksonville, Florida.",,13.21,2.92,2.0,23.99,169.0,Transportation,2025.0,6.0,False,False,False,False,False,False,False,False
CMI,314.26,0.26187,0.07728,67.789,1.343,0.677,33873000448,5036000256.0,-424875008.0,314.99,317.27,317.92,313.99,387.9,260.02,,1114481,837856,43290890240,1.028,0.0232,7.28,2025-05-23 01:00:00,Cummins Inc.,"Cummins Inc. offers various power solutions worldwide. It operates through five segments: Engine, Distribution, Components, Power Systems, and Accelera. The company offers diesel and natural gas-powered engines; and drivetrain systems, including axles, drivelines, brakes, and suspension systems; truck, trailer, on- and off-highway, and other products. It also provides aftertreatment technology and solutions comprising custom engineering systems and integrated controls, oxidation catalysts, particulate filters, and selective catalytic reduction systems, as well as engineered components, including dosers; turbochargers, fuel systems, and valvetrain technologies; electronic control modules, sensors, and supporting software; and automated manual transmissions, dual-clutch transmissions, and automatic transmissions for internal combustion engines. In addition, the company sells and offers support services power generation systems, high-horsepower engines, and heavy-duty and medium-duty engines; offers application engineering services, custom-designed assemblies, and inshop and field-based repair services; and retails and wholesales aftermarket parts. Further, it offers standby and prime power generators, controls, paralleling systems, and transfer switches; turnkey solutions for distributed generation and energy management applications using natural gas, diesel, and newer alternative sustainable fuels; diesel and natural gas high-speed, high-horsepower engines; and A/C generator/alternator products. Additionally, the company provides electrified power systems, including batteries, fuel cells, and electric powertrain technologies, as well as hydrogen production technologies. It sells its products to original equipment manufacturers, distributors, dealers, and other customers. The company was formerly known as Cummins Engine Company and changed its name to Cummins Inc. in 2001. Cummins Inc. was founded in 1919 and is headquartered in Columbus, Indiana.",,8.15,4.76,3.0,22.82,275.0,Machinery,2025.0,6.0,False,False,False,False,False,False,False,False
CVS,66.57,0.06934,0.02309,105.321,0.823,0.588,376741003264,13946999808.0,6530874880.0,66.84,66.98,67.5,66.54,72.51,43.56,,11827805,9861030,84212383744,0.561,0.04,2.66,2025-04-22 01:00:00,CVS Health Corporation,"CVS Health Corporation provides health solutions in the United States. It operates through Health Care Benefits, Health Services, and Pharmacy & Consumer Wellness segments. The Health Care Benefits segment offers traditional, voluntary, and consumer-directed health insurance products and related services, including medical, pharmacy, dental and behavioral health plans, medical management capabilities, Medicare Advantage and Medicare Supplement plans, PDPs and Medicaid health care management services. It serves employer groups, individuals, college students, part-time and hourly workers, health plans, health care providers, governmental units, government-sponsored plans, labor groups, and expatriates. The Health Services segment offers pharmacy benefit management solutions, including plan design and administration, formulary management, retail pharmacy network management, specialty and mail order pharmacy, clinical, disease management, medical spend management services, and other administrative services. It serves employers, insurance companies, unions, government employee groups, health plans, prescription drug plans, Medicaid managed care plans, CMS, plans offered on public health insurance, and other sponsors of health benefit plans. The Pharmacy & Consumer Wellness segment sells prescription and over-the-counter drugs, consumer health and beauty products, and personal care products. This segment also distributes prescription drugs; and provides related pharmacy consulting and other ancillary services to care facilities and other care settings. It operates online retail pharmacy websites, LTC pharmacies and on-site pharmacies, retail specialty pharmacy stores, compounding pharmacies and branches for infusion and enteral nutrition services. The company was formerly known as CVS Caremark Corporation and changed its name to CVS Health Corporation in September 2014. CVS Health Corporation was incorporated in 1996 and is headquartered in Woonsocket, Rhode Island.",,13.05,3.94,2.0,17.08,309.0,Healthcare,2025.0,6.0,False,False,False,False,False,False,False,False
DHR,196.39,0.07219,0.03928,34.562,1.433,0.949,23819999232,7464000000.0,4234749952.0,194.44,196.53,196.6,194.27,281.7,171.0,,6066926,4085227,140550438912,0.799,0.0064999997,1.28,2025-06-27 01:00:00,Danaher Corporation,"Danaher Corporation designs, manufactures, and markets professional, medical, research, and industrial products and services in the United States, China, and internationally. It operates through Biotechnology, Life Sciences, and Diagnostics segments. The Biotechnology segment offers bioprocessing technologies, consumables, services, and solutions that advance, accelerate, and integrate the development and manufacture of therapeutics; cell line and cell culture media development services; cell culture media, process liquids and buffers for manufacturing, chromatography resins, filtration technologies, and aseptic fill finish; single-use hardware, consumables, and services, such as the design and installation of full manufacturing suites; lab filtration, separation, and purification; lab-scale protein purification and analytical tools; reagents, membranes, and services for diagnostic and assay development; and healthcare filtration solutions. Its Life Sciences segment provides mass spectrometers; bioanalytical measurement systems; flow cytometry, genomics, lab automation, centrifugation, liquid handling automation instruments, antibodies, and particle counting and characterization; genome sample preparation; microscopes; protein consumables; filtration products; and genomic medicines, such as custom nucleic acid products, and plasmid DNA, RNA, and proteins under the ABCAM, ALDEVRON, BECKMAN COULTER, GENEDATA, IDT, LEICA MICROSYSTEMS, MOLECULAR DEVICES, PALL, PHENOMENEX, and SCIEX brands. The Diagnostics segment offers clinical instruments, consumables, software, and services in the areas of clinical chemistry, immunoassay, hematology, and microbiology for hospitals, physicians' offices, reference laboratories, and other critical care settings. The company has a partnership with AstraZeneca PLC to develop and commercialize diagnostic tools and tests. The company was formerly known as Diversified Mortgage Investors, Inc. and changed its name to Danaher Corporation in 1984. Danaher Corporation was founded in 1969 and is headquartered in Washington, the District Of Columbia.",,3.32,4.21,2.0,8.52,501.0,Pharmaceuticals,2025.0,6.0,False,True,False,False,False,False,False,False
DRI,225.78,0.46159,0.07379,335.283,0.417,0.149,12076699648,1927600000.0,1038849984.0,222.75,223.57,228.27,217.085,228.27,135.87,,3036638,1474901,26422130688,0.745,0.0248,5.6,2025-04-10 01:00:00,"Darden Restaurants, Inc.","Darden Restaurants, Inc., together with its subsidiaries, owns and operates full-service restaurants in the United States and Canada. It operates under Olive Garden, LongHorn Steakhouse, Cheddar's Scratch Kitchen, Yard House, The Capital Grille, Seasons 52, Bahama Breeze, Eddie V's Prime Seafood, and Capital Burger brand names. Darden Restaurants, Inc. was founded in 1968 and is based in Orlando, Florida.",,12.68,4.1,2.0,28.65,209.0,Consumer Services,2025.0,6.0,False,False,False,False,False,False,False,False
DVA,136.94,0.54794,0.07041,742.203,1.251,1.125,12968523776,2659367936.0,1583755776.0,135.79,136.04,136.98,135.07,179.6,131.76,,1711072,823500,10349514752,1.109,,,,DaVita Inc.,"DaVita Inc. provides kidney dialysis services for patients suffering from chronic kidney failure in the United States. The company operates kidney dialysis centers and provides related lab services in outpatient dialysis centers. It also offers outpatient, hospital inpatient, and home-based hemodialysis services; operates clinical laboratories that provide routine laboratory tests for dialysis and other physician-prescribed laboratory tests for ESRD patients; and management and administrative services to outpatient dialysis centers. In addition, the company offers integrated care and disease management services to patients in risk-based and other integrated care arrangements; clinical research programs; physician services; and comprehensive kidney care services. Further, it engages in the provision of inpatient dialysis services and related laboratory services; and transplant software business. The company was formerly known as DaVita HealthCare Partners Inc. and changed its name to DaVita Inc. in September 2016. DaVita Inc. was incorporated in 1994 and is headquartered in Denver, Colorado.",,14.44,7.27,2.0,21.78,309.0,Healthcare,2025.0,6.0,False,False,False,False,False,False,False,False
DAY,56.57,0.01031,0.00551,47.498,1.021,0.137,1810300032,233500000.0,267812496.0,56.24,56.49,56.91,56.09,82.69,47.08,,2308529,1940361,9044467712,1.117,,,,Dayforce Inc,"Dayforce Inc., together with its subsidiaries, operates as a human capital management (HCM) software company in the United States, Canada, Australia, and internationally. The company offers Dayforce, a cloud HCM platform that provides human resources, payroll and tax, workforce management, wallet, benefits, and talent intelligence functionalities; and Powerpay, a cloud HR and payroll solution for the small business market. It also provides payroll and payroll-related services; and professional services for its solutions, which include training and implementation consulting services. In addition, the company is involved in the shipment, rental, maintenance, and sale of payroll time clocks. It sells its solutions through direct sales force and third-party channels. The company was formerly known as Ceridian HCM Holding Inc. and changed its name to Dayforce Inc. in February 2024. Dayforce Inc. was founded in 1992 and is headquartered in Minneapolis, Minnesota.",,8.74,3.87,0.0,16.17,585.0,Software & Services,2025.0,6.0,False,False,False,False,False,False,False,False
DECK,101.69,0.41818002,0.22059,11.022,3.715,2.934,4985611776,1252734976.0,780141632.0,101.0,101.85,102.56,101.04,223.98,93.72,,3456410,3476616,15196147712,1.016,,,,Deckers Outdoor Corporation,"Deckers Outdoor Corporation, together with its subsidiaries, designs, markets, and distributes footwear, apparel, and accessories for casual lifestyle use and high-performance activities in the United States and internationally. The company offers premium footwear, apparel, and accessories under the UGG brand name; footwear, such as running, trail, hiking, fitness, and lifestyle shoes, as well as apparel and accessories under the HOKA brand name; and sandals, shoes, and boots under the Teva brand name. It also provides a casual footwear fashion line under the Koolaburra brand name; and footwear products under the AHNU brand name. The company sells its products through domestic and international retailers, international distributors, and directly to its consumers through its direct-to-consumer business, which includes e-commerce websites and retail stores. Deckers Outdoor Corporation was founded in 1973 and is headquartered in Goleta, California.",,7.94,3.09,0.0,14.23,78.0,Textiles & Apparel,2025.0,6.0,False,False,False,False,False,False,False,False
DE,521.38,0.23912,0.043109998,275.281,2.14,1.919,45383999488,9306000384.0,4988000256.0,524.98,528.45,529.335,518.94,533.78,340.2,,939557,1307691,141203783680,1.102,0.0124,6.48,2025-06-30 01:00:00,Deere & Company,"Deere & Company engages in the manufacture and distribution of various equipment worldwide. The company operates through four segments: Production and Precision Agriculture, Small Agriculture and Turf, Construction and Forestry, and Financial Services. The Production and Precision Agriculture segment provides large and mid-size tractors, combines, cotton pickers and strippers, sugarcane harvesters and loaders, soil preparation, tillage, seeding, and crop care equipment, as well as application equipment, including sprayers and nutrient management, soil preparation machinery for grain growers, and related attachments and service parts. The Small Agriculture and Turf segment offers rotary mowers, hay and forage equipment, forage harvesters, utility tractors, and related loaders and attachments; turf and utility equipment, including riding lawn, commercial mowing, and golf course equipment, and utility vehicles; and other outdoor power products, as well as implements for mowing, tilling, snow and debris handling, aerating, residential, commercial, golf, and sports turf care applications. The Construction and Forestry segment provides backhoe loaders, crawler dozers and loaders, four-wheel-drive loaders, track loaders, excavators, motor graders, articulated dump trucks, landscape and skid-steer loaders, scraper systems, milling machines, recyclers, slipform and asphalt pavers, surface miners, compactors, tandem, static rollers, mobile crushers and screens, mobile and stationary asphalt plants, log skidders and harvesters, log feller bunchers, and log loaders and forwarders; and road building and rehabilitation equipment. The Financial Services segment finances sales and leases agriculture and turf, and construction and forestry equipment. It also offers wholesale financing to dealers of the foregoing equipment; and extended equipment warranties, as well as finances retail revolving charge accounts. The company was founded in 1837 and is headquartered in Moline, Illinois.",,9.05,4.7,2.0,16.1,275.0,Machinery,2025.0,6.0,False,False,False,False,False,False,False,False
DELL,119.37,,0.053629998,,0.851,0.53,96700997632,9904000000.0,1893874944.0,116.56,118.32,119.75,117.6231,150.23,66.25,,5693363,7491035,81034207232,1.087,0.0176,2.1,2025-07-22 01:00:00,Dell Technologies Inc.,"Dell Technologies Inc. designs, develops, manufactures, markets, sells, and supports various comprehensive and integrated solutions, products, and services in the Americas, Europe, the Middle East, Asia, and internationally. The company operates in two segments, Infrastructure Solutions Group (ISG) and Client Solutions Group (CSG). The ISG segment provides modern and traditional storage solutions, including all-flash arrays, scale-out file, object platforms, hyper-converged infrastructure, and software-defined storage; and general-purpose and AI-optimized servers. This segment also offers networking products and services comprising wide area network infrastructure, data center and edge networking switches, and cables and optics that help its business customers to transform and modernize their infrastructure and complementing its server and storage solutions; and software, peripherals, and services, including consulting and support, and deployment. The CSG segment provides notebooks, desktops, and workstations and branded peripherals that include displays, docking stations, keyboards, mice, webcam and audio devices, and third-party software and peripherals; and configuration, support and deployment, and extended warranties services. The company is involved in originating, collecting, and servicing customer financing arrangements; and offers payment and consumption solutions and services, such as as-a-Service, subscription, utility, leases, and loans, as well as fixed-term loans. It serves enterprises, governmental agencies and other public institutions, educational institutions, healthcare organizations, small and medium-sized businesses, and consumers. The company was formerly known as Denali Holding Inc. and changed its name to Dell Technologies Inc. in August 2016. Dell Technologies Inc. was founded in 1984 and is headquartered in Round Rock, Texas.",,7.29,7.99,3.0,15.9,238.0,Technology Hardware,2025.0,6.0,False,False,False,False,False,False,False,False
DAL,47.2,0.27521,0.04735,151.356,0.378,0.248,61935001600,7950000128.0,1395000064.0,47.56,47.82,48.19,47.125,69.98,34.74,,5346035,11694440,30819383296,1.508,0.0159,0.75,2025-07-31 01:00:00,"Delta Air Lines, Inc.","Delta Air Lines, Inc. provides scheduled air transportation for passengers and cargo in the United States and internationally. The company operates through two segments, Airline and Refinery. Its domestic network centered on core hubs in Atlanta, Detroit, Minneapolis-St. Paul, and Salt Lake City, as well as coastal hub positions in Boston, Los Angeles, New York-LaGuardia, New York-JFK, and Seattle; and international network centered on hubs and market presence in Amsterdam, Bogota, Lima, Mexico City, London-Heathrow, Paris-Charles de Gaulle, Santiago (Chile), Sao Paulo, Seoul-Incheon, and Tokyo. The company sells its tickets through various distribution channels, including delta.com and the Fly Delta app; and acts as a reservations specialists. It also provides aircraft maintenance and engineering support, repair, and overhaul services; and vacation packages to third-party consumers. The company operates through a fleet of approximately 1,292 aircraft. Delta Air Lines, Inc. was founded in 1924 and is headquartered in Atlanta, Georgia.",,13.88,5.19,2.0,30.45,169.0,Transportation,2025.0,6.0,False,False,False,False,False,False,False,False
DVN,34.29,0.20963,0.09558,60.969,1.079,0.894,15943000064,7759000064.0,-1608749952.0,34.04,34.12,34.385,33.755,49.35,25.89,,14738352,9227440,22017607680,1.063,0.027999999,0.96,2025-06-13 01:00:00,Devon Energy Corporation,"Devon Energy Corporation, an independent energy company, engages in the exploration, development, and production of oil, natural gas, and natural gas liquids in the United States. It operates in Delaware Basin located in southeast New Mexico and west Texas, Eagle Ford located in North America, Anadarko Basin located in western Oklahoma, Williston Basin located in North Dakota, and Powder River Basin located in Wyoming. Devon Energy Corporation was founded in 1971 and is headquartered in Oklahoma City, Oklahoma.",,8.18,4.92,2.0,33.77,163.0,Oil & Gas Producers,2025.0,6.0,False,False,False,False,False,False,False,False
DXCM,80.0,0.23716,0.05975,113.968,1.499,1.275,4148000000,857800000.0,509037504.0,81.01,81.61,82.06,79.61,117.19,57.52,,5238850,4000088,31368560640,1.461,,,,"DexCom, Inc.","DexCom, Inc., a medical device company, focuses on the design, development, and commercialization of continuous glucose monitoring (CGM) systems in the United States and internationally. The company provides its systems for the management of diabetes and metabolic health by patients, caregivers, and clinicians. Its products include Dexcom G6 and Dexcom G7, integrated CGM systems for diabetes management; Dexcom Share, a remote monitoring system; Dexcom Real-Time API, which enables authorized third-party software developers to integrate real-time CGM data into their digital health apps and devices; Dexcom ONE, that is designed to replace finger stick blood glucose testing for diabetes treatment decisions; and Stelo, a new over-the-counter glucose biosensor designed for adults with prediabetes and Type 2 diabetes. The company has a collaboration and license agreement with Verily Life Sciences LLC and Verily Ireland Limited to develop blood-based or interstitial glucose monitoring products. It markets its products directly to endocrinologists, physicians, and diabetes educators. The company was incorporated in 1999 and is headquartered in San Diego, California.",,10.4,5.43,1.0,20.24,309.0,Healthcare,2025.0,6.0,False,True,False,False,False,False,False,False
FANG,148.85,0.14668,0.07135,33.594,0.859,0.717,12286000128,9171999744.0,2043000064.0,148.78,150.3,150.7,148.11,214.5,114.0,,4309676,2580633,43489210368,1.036,0.0352,5.24,2025-05-15 01:00:00,"Diamondback Energy, Inc.","Diamondback Energy, Inc., an independent oil and natural gas company, acquires, develops, explores, and exploits unconventional, onshore oil and natural gas reserves in the Permian Basin in West Texas. It focuses on the development of the Spraberry and Wolfcamp formations of the Midland basin; and the Wolfcamp and Bone Spring formations of the Delaware basin, which are part of the Permian Basin in West Texas and New Mexico. Diamondback Energy, Inc. was founded in 2007 and is headquartered in Midland, Texas.",,9.91,7.41,2.0,37.31,163.0,Oil & Gas Producers,2025.0,6.0,False,False,False,False,False,False,False,False
DLR,175.42,0.01849,0.00997,79.552,1.661,1.363,5519691776,2488730112.0,1393827072.0,176.6,177.0,177.68,175.1875,198.0,129.95,,2630272,2044116,60193792000,0.975,0.0278,4.88,2025-06-13 01:00:00,"Digital Realty Trust, Inc.","Digital Realty Trust, Inc. (Digital Realty or the company) owns, acquires, develops, and operates data centers through its operating partnership subsidiary, Digital Realty Trust, L.P. (the operating partnership). The company is focused on providing data center, colocation, and interconnection solutions for domestic and international customers across a variety of industry verticals ranging from cloud and information technology services, communications and social networking to financial services, manufacturing, energy, healthcare, and consumer products. As of March 31, 2025, the company's 308 data centers, including 78 data centers held as investments in unconsolidated joint ventures, contain applications and operations critical to the day-to-day operations of technology industry and corporate enterprise data center customers. Digital Realty's portfolio is comprised of approximately 41.8 million square feet, excluding approximately 9.5 million square feet of space under active development and 5.1 million square feet of space held for future development, located throughout North America, Europe, South America, Asia, Australia, and Africa.",,2.63,4.84,0.0,12.23,509.0,Real Estate,2025.0,6.0,False,False,False,False,False,False,False,False
DG,111.51,0.15695,0.03974,220.908,1.233,0.138,41134264320,2962992896.0,1635128448.0,112.31,112.19,112.53,110.32,135.46,66.43,,4972217,4370262,24540119040,0.266,0.0212,2.36,2025-07-08 01:00:00,Dollar General Corporation,"Dollar General Corporation, a discount retailer, provides various merchandise products in the southern, southwestern, midwestern, and eastern United States. The company offers consumable products, including paper towels, bath tissues, paper dinnerware, trash and storage bags, disinfectants, and laundry products; packaged food, such as cereals, pasta, canned soups, canned meats, fruits and vegetables, condiments, spices, sugar, and flour; and perishables, including milk, eggs, bread, refrigerated and frozen food, beer, wine, and produce; candy, cookies, crackers, salty snacks, and carbonated beverages; over-the-counter medicines and personal care products including soap, body wash, shampoo, cosmetics, dental hygiene and foot care products; pet supplies and pet food; and tobacco products. It also provides seasonal products comprising holiday items, toys, batteries, small electronics, greeting cards, stationery, prepaid phones and accessories, gardening supplies, hardware, automotive, and home office supplies; home products include kitchen supplies, cookware, small appliances, light bulbs, storage containers, frames, candles, craft supplies and kitchen, and bed and bath soft goods; and apparel products for infants, toddlers, girls, boys, women and men, as well as socks, underwear, disposable diapers, shoes and accessories. The company was formerly known as J.L. Turner & Son, Inc. and changed its name to Dollar General Corporation in 1968. Dollar General Corporation was founded in 1939 and is based in Goodlettsville, Tennessee.",,13.07,4.27,3.0,21.2,265.0,Retailing,2025.0,6.0,False,False,False,False,False,False,False,False
DLTR,98.71,0.19404,0.04691,202.505,1.044,0.122,18049300480,2075299968.0,1202599936.0,97.53,97.54,99.23,97.0,109.36,60.49,,6650881,5692106,20600381440,0.845,,,,"Dollar Tree, Inc.","Dollar Tree, Inc. operates retail discount stores under the Dollar Tree and Dollar Tree Canada brands in the United States and Canada. The company offers consumable merchandise comprising everyday consumables, such as household paper and chemicals, food, candy, health, personal care products, and frozen and refrigerated food; variety merchandise consisting of toys, durable housewares, gifts, stationery, party goods, greeting cards, softlines, arts and crafts supplies, and other items; and seasonal goods, including Christmas, Easter, Halloween, and Valentine's Day merchandise. Dollar Tree, Inc. was founded in 1986 and is based in Chesapeake, Virginia.",,11.99,1.97,2.0,17.69,265.0,Retailing,2025.0,6.0,False,False,False,False,False,False,False,False
D,54.22,0.07719,0.02863,145.196,0.73,0.321,14903000064,7336000000.0,-2503249920.0,54.18,54.25,54.775,54.05,61.97,47.99,,14364848,5979833,46238326784,0.557,0.049200002,2.67,2025-05-29 01:00:00,"Dominion Energy, Inc.","Dominion Energy, Inc. provides regulated electricity and natural gas services in the United States. It operates through Dominion Energy Virginia, Dominion Energy South Carolina, and Contracted Energy segments. The Dominion Energy Virginia segment engages in the generation, distribution, and transmission of electricity to approximately 2.8 million residential, commercial, industrial, and governmental customers in Virginia and North Carolina. The Dominion Energy South Carolina segment generates, transmits, and distributes electricity to approximately 0.8 million customers in the central, southern, and southwestern portions of South Carolina; and distributes natural gas to approximately 0.5 million residential, commercial, and industrial customers in South Carolina. The Contracted Energy segment is involved in the nonregulated long-term contracted renewable electric generation fleet and renewable natural gas facility. As of December 31, 2024, the company's portfolio of assets included approximately 30.3 GW of electric generating capacity, 10,600 miles of electric transmission lines, and 79,700 miles of electric distribution lines. The company was formerly known as Dominion Resources, Inc. Dominion Energy, Inc. was incorporated in 1983 and is headquartered in Richmond, Virginia.",,12.34,5.4,2.0,33.98,234.0,Utilities,2025.0,6.0,False,False,False,False,False,False,False,False
DPZ,447.28,,0.30322,,0.599,0.358,4733825024,935030976.0,474226624.0,446.77,450.7,453.99,446.275,535.26,396.06,,861884,615874,15315537920,1.122,0.0156,6.96,2025-06-13 01:00:00,"Domino's Pizza, Inc.","Domino's Pizza, Inc. operates as a pizza company in the United States and internationally. The company operates through three segments: U.S. Stores, International Franchise, and Supply Chain. It offers pizzas under the Domino's brand name through company-owned and franchised stores. It provides bread products, wings, boneless chicken, pastas, oven-baked sandwiches, dips, soft drink products and desserts. Domino's Pizza, Inc. was founded in 1960 and is headquartered in Ann Arbor, Michigan.",,13.39,6.17,2.0,31.09,209.0,Consumer Services,2025.0,6.0,False,False,False,False,False,False,False,False
DASH,220.46,0.04336,0.01424,6.278,1.716,1.442,11240999936,530000000.0,1858125056.0,220.58,222.1199,223.81,219.82,223.81,99.32,,6879112,4473854,93418602496,1.669,,,,"DoorDash, Inc.","DoorDash, Inc., together with its subsidiaries, operates a commerce platform that connects merchants, consumers, and independent contractors in the United States and internationally. The company operates DoorDash Marketplace and Wolt Marketplace, which provide various services, such as customer acquisition, demand generation, order fulfillment, merchandising, payment processing, and customer support. It also offers membership programs, including DashPass and Wolt+; and DoorDash Drive On-Demand and Wolt Drive, which are white-label delivery fulfillment services, as well as provides services that help merchants establish online ordering, build branded mobile apps, enable tableside order and pay, and enhance customer support. The company was formerly known as Palo Alto Delivery Inc. and changed its name to DoorDash, Inc. in 2015. DoorDash, Inc. was founded in 2013 and is headquartered in San Francisco, California.",,14.33,8.17,2.0,23.63,585.0,Software & Services,2025.0,6.0,False,False,False,False,False,False,False,False
DOV,174.88,0.16876,0.06711,41.649,2.129,1.489,7728248832,1666148992.0,922395776.0,175.7,177.23,177.71,174.275,222.31,143.04,,2230539,1166727,23976749056,1.268,0.0117999995,2.06,2025-05-30 01:00:00,Dover Corporation,"Dover Corporation provides equipment and components, consumable supplies, aftermarket parts, software and digital solutions, and support services worldwide. The company's Engineered Products segment provides various equipment, component, software, solution, and services that are used in vehicle aftermarket, aerospace and defense, industrial winch and hoist, and fluid dispensing end-market. This segment offers software solutions and services used in light and heavy-duty vehicle lifts, wheel service equipment, vehicle diagnostics, and vehicle collision repair solutions; winches, hoists, bearings, drives, and electric monitoring system; and radio frequency and microwave filters and switches, and signal intelligence solutions, as well as soldering and fluid dispensing solutions. Its Clean Energy & Fueling segment offers component, equipment, and software and service solution enabling safe storage and transport of fuel, cryogenic gases, and hazardous fluids, as well as operation of retail fueling and vehicle wash establishment. The company's Imaging & Identification segment provides precision marking and coding, product traceability equipment, brand protection, and digital textile printing equipment and solution, as well as consumable, software, and service to packaged and consumer goods, pharmaceutical, industrial manufacturing, textile, and other end-market. Its Pumps & Process Solutions segment manufactures specialty pump, connector, flow meter, fluid connecting solution, plastics and polymer processing equipment, and engineered components for rotating and reciprocating machines. The company's Climate & Sustainability Technologies segment manufactures refrigeration system, refrigeration display case, commercial glass refrigerator and freezer door, and brazed plate heat exchanger for industrial heating and cooling, and residential climate control applications. The company was incorporated in 1947 and is headquartered in Downers Grove, Illinois.",,9.74,3.63,0.0,25.27,275.0,Machinery,2025.0,6.0,False,False,False,False,False,False,False,False
DOW,27.76,0.020599999,0.01827,103.62,1.542,0.603,42630000640,4520999936.0,-592000000.0,28.5,28.515,28.61,27.52,55.97,25.06,,14684111,9947496,19622490112,0.878,0.1009,2.8,2025-05-30 01:00:00,Dow Inc.,"Dow Inc., through its subsidiaries, provides various materials science solutions for packaging, infrastructure, mobility, and consumer applications in the United States, Canada, Europe, the Middle East, Africa, India, the Asia Pacific, and Latin America. The company operates through Packaging & Specialty Plastics, Industrial Intermediates & Infrastructure, and Performance Materials & Coatings segments. The Packaging & Specialty Plastics segment provides ethylene, propylene, polyethylene, and aromatics products; and other ethylene derivatives, such as polyolefin elastomers, ethylene vinyl acetate, and ethylene propylene diene monomer rubber. The Industrial Intermediates & Infrastructure segment offers polyurethanes, including propylene oxide, propylene glycol, and polyether polyols; aromatic isocyanates and fully formulated polyurethane systems; and chlor-alkali and vinyl comprising chlorine and caustic soda, ethylene dichloride, and vinyl chloride monomer; and construction chemicals consisting of cellulose ethers, redispersible latex powders, and acrylic emulsions, as well as coatings, adhesives, sealants, elastomers, and composites. The Performance Materials & Coatings segment provides architectural paints and coatings, and industrial coatings; and acrylics-based building blocks, silicon metals, siloxanes, and intermediates. The company also engages in the property and casualty insurance, as well as reinsurance business. Dow Inc. was founded in 1897 and is headquartered in Midland, Michigan.",,3.44,4.33,3.0,19.98,183.0,Chemicals,2025.0,6.0,False,False,False,False,False,False,False,False
DHI,124.2,0.17649001,0.098900005,26.598,6.939,0.589,35315298304,5640000000.0,1288112512.0,121.28,121.74,124.5,121.375,199.85,110.44,,5343921,3452195,38151876608,1.37,0.0128999995,1.6,2025-05-02 01:00:00,"D.R. Horton, Inc.","D.R. Horton, Inc. operates as a homebuilding company in East, North, Southeast, South Central, Southwest, and Northwest regions in the United States. It engages in the acquisition and development of land; and construction and sale of residential homes in 125 markets across 36 states under the names of D.R. Horton. The company constructs and sells single-family detached homes; and attached homes, such as townhomes, duplexes, and triplexes. It provides mortgage financing services; and title insurance policies, and examination and closing services, as well as engages in the residential lot development business. In addition, the company develops, constructs, owns, leases, and sells multi-family and single-family rental properties; and owns non-residential real estate, including ranch land and improvements. It primarily serves homebuyers. D.R. Horton, Inc. was founded in 1978 and is headquartered in Arlington, Texas.",,6.28,3.92,2.0,19.46,41.0,Homebuilders,2025.0,6.0,False,False,False,False,False,False,False,False
DTE,132.32,0.13295999,0.02915,196.504,0.871,0.463,13656999936,3460999936.0,-1550125056.0,131.8,132.0,133.3,131.8376,140.39,108.4,,1604686,1488717,27458519040,0.453,0.033,4.36,2025-09-15 01:00:00,DTE Energy Company,"DTE Energy Company engages in the energy-related businesses and services. The company's Electric segment generates, purchases, distributes, and sells electricity to approximately 2.3 million residential, commercial, and industrial customers in southeastern Michigan. It generates electricity through coal-fired plants, hydroelectric pumped storage, and nuclear plants, as well as wind and solar assets. This segment owns and operates 702 distribution substations with a capacity of approximately 37,710,000 kilovolt-amperes (kVA) and approximately 4,55,300 line transformers with a capacity of approximately 33,570,000 kVA. The company's Gas segment purchases, stores, transports, distributes, and sells natural gas to approximately 1.3 million residential, commercial, and industrial customers throughout Michigan; and sells storage and transportation capacity. This segment has approximately 20,500 miles of distribution mains; 1,238,000 service pipelines; and 1,352,000 active meters, as well as owns approximately 2,000 miles of transmission pipelines. Its DTE Vantage segment offers metallurgical and petroleum coke to steel and other industries; and power generation, steam production, chilled water production, and wastewater treatment services, as well as compressed air supply to industrial customers. This segment also owns and operates 3 renewable generating plants with a capacity of 114 MWs; and 23 gas recovery sites. Its Energy Trading segment engages in power, natural gas, and environmental marketing and trading; structured transactions; and the optimization of contracted natural gas pipeline transportation and storage positions. The company was founded in 1849 and is based in Detroit, Michigan.",,11.84,5.58,2.0,31.28,234.0,Utilities,2025.0,6.0,False,False,False,False,False,False,False,False
DUK,115.4,0.09478,0.02841,168.902,0.768,0.303,30512001024,14897999872.0,-2420750080.0,114.58,114.86,116.15,114.68,125.27,99.21,,6097331,3808135,89695461376,0.358,0.036199998,4.18,2025-05-16 01:00:00,Duke Energy Corporation,"Duke Energy Corporation, through its subsidiaries, operates as an energy company in the United States. It operates through two segments: Electric Utilities and Infrastructure (EU&I); and Gas Utilities and Infrastructure (GU&I). The EU&I segment generates, transmits, distributes, and sells electricity to approximately 8.6 million customers in the Southeast and Midwest regions. It generates electricity through coal, hydroelectric, natural gas, oil, renewables, and nuclear fuel. This segment also engages in the wholesale of electricity to municipalities, electric cooperative utilities, and other load-serving entities. The GU&I segment distributes natural gas to approximately 1.7 million customers in the residential, commercial, industrial, and power generation natural gas sectors; and invests in pipeline transmission projects, renewable natural gas projects, and natural gas storage facilities. The company was formerly known as Duke Energy Holding Corp. and changed its name to Duke Energy Corporation in April 2006. Duke Energy Corporation was founded in 1904 and is headquartered in Charlotte, North Carolina.",,10.04,2.59,2.0,26.31,234.0,Utilities,2025.0,6.0,False,False,False,False,False,False,False,False
DD,66.18,0.00199,0.03362,33.114,1.396,0.872,12520999936,3177999872.0,1773874944.0,66.86,67.94,68.06,66.14,90.06,53.77,,6121469,3370201,27696265216,1.03,0.0248,1.64,2025-05-30 01:00:00,"DuPont de Nemours, Inc.","DuPont de Nemours, Inc. provides technology-based materials and solutions in the United States, Canada, the Asia Pacific, Latin America, Europe, the Middle East, and Africa. It operates through Electronics & Industrial, Water & Protection, and Corporate & Other segments. The Electronics & Industrial segment supplies materials and solutions for the fabrication of semiconductors and integrated circuits. This segment also provides semiconductor and advanced packaging materials; dielectric and metallization solutions for chip packaging; silicones for light emitting diode packaging and semiconductor applications; and permanent and process chemistries for the fabrication of printed circuit boards to include laminates and substrates, and electroless and electrolytic metallization solutions, and electromagnetic shielding and thermal management solutions, as well as patterning solutions, and materials and metallization processes for metal finishing, decorative, and industrial applications. In addition, it offers various materials to manufacture rigid and flexible displays for organic light emitting diode, and other display applications; provides high performance parts, and specialty silicone elastomers, and lubricants to automotive, aerospace, electronics, industrial, and healthcare markets; and photopolymer plates and platemaking systems used in flexographic printing, and digital inks for textile, commercial, and home-office printing applications. The Water & Protection segment provides engineered products and integrated systems for worker safety, water purification and separation, transportation, energy, medical packaging and building materials. The Corporate & Other segment offers auto adhesives and fluids; Multibase; and Tedlar products. The company was formerly known as DowDuPont Inc. and changed its name to DuPont de Nemours, Inc. in June 2019. DuPont de Nemours, Inc. was incorporated in 2015 and is headquartered in Wilmington, Delaware.",,7.22,3.73,3.0,27.16,183.0,Chemicals,2025.0,6.0,False,False,False,False,False,False,False,False
EMN,74.25,0.16032,0.059520002,86.003,1.719,0.739,9361999872,1923000064.0,532375008.0,74.71,75.07,75.125,73.81,114.5,70.9,,3269503,1786766,8572904960,1.264,0.044699997,3.32,2025-06-13 01:00:00,Eastman Chemical Company,"Eastman Chemical Company operates as a specialty materials company in the United States, China, and internationally. The company's Additives & Functional Products segment offers amine derivative-based building blocks, intermediates for surfactants, metam-based soil fumigants, and organic acid-based solutions; specialty coalescent and solvents, paint additives, and specialty polymers; and heat transfer and aviation fluids. It serves transportation, personal care, wellness, food, feed, agriculture, building and construction, water treatment, energy, consumables, durables, and electronics markets. Its Advanced Materials segment provides copolyesters, cellulosic biopolymers, polyvinyl butyral sheets, polyester films and window and protective films for value-added end uses in the transportation, durables, electronics, building and construction, medical and pharma, and consumables end-markets. The company's Chemical Intermediates segment offers olefin and acetyl derivatives, ethylene, and commodity solvents; and primary non-phthalate and phthalate plasticizers, and niche non-phthalate plasticizers for industrial chemicals and processing, building and construction, health and wellness, and food and feed. Its Fibers segment provides cellulose acetate tow, triacetin, cellulose acetate flake, acetic acid, and acetic anhydride for use in filtration media primarily cigarette filters; natural and solution dyed acetate yarns, and staple fiber for use in consumables, and health and wellness markets; and wet-laid nonwoven media, specialty and engineered papers, and cellulose acetate fibers for transportation, industrial, agriculture and mining, and aerospace markets. The company was founded in 1920 and is headquartered in Kingsport, Tennessee.",,8.05,4.85,2.0,33.72,183.0,Chemicals,2025.0,6.0,False,False,False,False,False,False,False,False
ETN,331.23,0.20812,0.07821,58.004,1.306,0.78,25312000000,5792000000.0,2571749888.0,334.86,335.66,338.0,330.79,379.99,231.85,,4406929,2864195,129610301440,1.143,0.0126,4.16,2025-05-05 01:00:00,Eaton Corporation plc,"Eaton Corporation plc operates as a power management company worldwide. It operates through Electrical Americas, Electrical Global, Aerospace, Vehicle, and eMobility segments. The company offers electrical components, industrial components, power distribution and assemblies, residential products, single and three phase power quality and connectivity products, wiring devices, circuit protection products, utility power distribution products, power reliability equipment; and hazardous duty electrical equipment, emergency lighting, fire detection, explosion-proof instrumentation, and structural support systems. It also provides pumps, motors, hydraulic power units, hoses and fittings, and electro-hydraulic pumps; valves, cylinders, electronic controls, electromechanical actuators, sensors, aircraft flap and slat systems, and nose wheel steering systems; hose, thermoplastic tubing products, fittings, adapters, couplings, and sealing and ducting products; air-to-air refueling systems, fuel pumps, fuel inerting products, sensors, and adapters and regulators; oxygen generation system, payload carriages, and thermal management products; and wiring connectors and cables, as well as hydraulic and bag filters, strainers and cartridges, and golf grips for manufacturers of commercial and military aircraft, and related after-market customers, as well as industrial applications. In addition, the company offers transmissions, clutches, hybrid power systems, superchargers, engine valves and valve actuation systems, locking and limited slip differentials, transmission controls, and fuel vapor components for the vehicle industry. Further, it provides voltage inverters, converters, fuses, circuit protection units, vehicle controls, power distribution systems, fuel tank isolation valves, and commercial vehicle hybrid systems. Eaton Corporation plc formerly known as Abeiron Limited. Eaton Corporation plc was founded in 1911 and is based in Dublin, Ireland.",,9.26,4.26,2.0,21.28,111.0,Electrical Equipment,2025.0,6.0,False,False,False,False,False,False,False,False
EBAY,77.62,0.36479,0.067779996,145.01,1.169,1.072,10311999488,2516000000.0,3065374976.0,77.53,77.8,78.19,77.05,79.84,52.03,,11018090,5673733,35770712064,1.261,0.0149,1.16,2025-05-30 01:00:00,eBay Inc.,"eBay Inc., together with its subsidiaries, operates marketplace platforms that connect buyers and sellers in the United States, the United Kingdom, China, Germany, and internationally. The company's marketplace platform includes its online marketplace at ebay.com, off-platform businesses, and the eBay suite of mobile apps. Its platforms enable users to list, sell, buy, and pay various products. The company was founded in 1995 and is headquartered in San Jose, California.",,8.27,4.44,2.0,15.42,585.0,Software & Services,2025.0,6.0,False,False,False,False,False,False,False,False
ECL,261.23,0.24774,0.07764,103.915,1.319,0.908,15684500480,3648699904.0,1633100032.0,260.22,260.95,262.01,259.05,273.69,220.96,,2287265,1299941,74062102528,1.044,0.01,2.6,2025-06-17 01:00:00,Ecolab Inc.,"Ecolab Inc. provides water, hygiene, and infection prevention solutions and services in the United States and internationally. The company operates through four reportable segments: Global Industrial, Global Institutional & Specialty, Global Healthcare & Life Sciences, and Global Pest Elimination. The Global Industrial segment offers water treatment and process applications, and cleaning and sanitizing solutions to manufacturing, food and beverage processing, transportation, chemical, metals and mining, power generation, refining, pulp and paper, and petrochemical industries. The Global Institutional & Specialty segment provides cleaning and sanitizing products to the foodservice, hospitality, lodging, government and education, and retail industries. The Global Healthcare & Life Sciences segment offers cleaning and sanitizing products, such as infection prevention, and end-to-end cleaning and contamination control solutions to the healthcare, personal care, and pharmaceutical industries under the Ecolab, Bioquell, Purolite, and Anios brand names. The Global Pest Elimination segment provides pest elimination services to detect, prevent, and eliminate pests comprising rodents and insects in full-service and quick-service restaurants, food and beverage processors, hotels, grocery operations, and other commercial segments, including education, life sciences, and healthcare. It sells its products through field sales and corporate account personnel, distributors, and dealers. Ecolab Inc. was founded in 1923 and is headquartered in Saint Paul, Minnesota.",,7.25,5.56,2.0,23.86,183.0,Chemicals,2025.0,6.0,False,False,False,False,False,False,False,False
EIX,49.65,0.15001,0.02796,210.459,0.956,0.513,17332000768,6406000128.0,-1136125056.0,50.46,50.63,51.13,49.56,88.77,47.73,,3078822,3553256,19103533056,0.783,0.066700004,3.31,2025-04-07 01:00:00,Edison International,"Edison International, through its subsidiaries, engages in the generation and distribution of electric power. The company supplies and delivers through its electrical infrastructure to an approximately 50,000 square-mile area of southern California. It serves residential, commercial, industrial, public authorities, agricultural, and other sectors. The company's distribution network consists of approximately 13,000 circuit-miles of lines ranging from 55 kV to 500 kV and approximately 80 transmission substations; and approximately 38,000 circuit-miles of overhead lines, approximately 32,000 circuit-miles of underground lines, and approximately 730 distribution substations. Edison International was founded in 1886 and is based in Rosemead, California.",,12.11,3.48,3.0,23.97,234.0,Utilities,2025.0,6.0,False,False,False,False,False,False,False,False
EW,73.83,0.16511999,0.084180005,6.863,4.454,3.334,5522299904,1686000000.0,1447462528.0,73.98,74.43,74.74,73.35,95.25,58.93,,6998429,4561575,43308679168,1.123,,,,Edwards Lifesciences Corporation,"Edwards Lifesciences Corporation provides products and technologies to treat advanced cardiovascular diseases in the United States, Europe, Japan, and internationally. The company offers transcatheter heart valve replacement products for minimally invasive replacement of aortic heart valves under the Edwards SAPIEN family of valves system; and transcatheter heart valve repair and replacement products to treat mitral and tricuspid valve diseases under the PASCAL PRECISION and Cardioband brands. It also provides surgical structural heart solutions, such as aortic surgical valve under the INSPIRIS brand name; INSPIRIS RESILIA aortic valve, which offers RESILIA tissue and VFit technology; KONECT RESILIA, a pre-assembled tissue valve conduit for complex combined procedures; and MITRIS RESILIA valve. The company distributes its products through a direct sales force and independent distributors. Edwards Lifesciences Corporation was founded in 1958 and is headquartered in Irvine, California.",,13.42,5.19,1.0,21.57,309.0,Healthcare,2025.0,6.0,False,True,False,False,False,False,False,False
EA,150.56,0.16131,0.07678,34.732,0.947,0.846,7463000064,1938000000.0,1655750016.0,151.0,152.045,152.63,149.91,168.5,115.21,,6574609,3209385,37755326464,0.711,0.005,0.76,2025-05-28 01:00:00,Electronic Arts Inc.,"Electronic Arts Inc. develops, markets, publishes, and delivers games, content, and services for game consoles, PCs, and mobile phones worldwide. It develops and publishes games and services across various genres, such as sports, racing, first-person shooter, action, role-playing, and simulation; live services offerings, including extra content and subscription offerings through its global football and American football franchises, such as EA SPORTS College Football and EA SPORTS Madden NFL, as well as based on its IP comprising The Sims, Apex Legends, and Battlefield. The company markets and sells its games and services through digital distribution and retail channels; and directly to mass market retailers, specialty stores, and distribution arrangements. Electronic Arts Inc. was incorporated in 1982 and is headquartered in Redwood City, California.",,7.91,3.85,1.0,12.09,585.0,Software & Services,2025.0,6.0,False,False,False,False,False,False,False,False
ELV,374.52,0.14175001,0.0493,70.397,1.431,1.303,183124000768,9834999808.0,7437749760.0,375.91,376.81,380.0,370.88,567.26,357.45,,2934730,1766682,84617175040,0.617,0.0183,6.84,2025-06-10 01:00:00,"Elevance Health, Inc.","Elevance Health, Inc., together with its subsidiaries, operates as a health benefits company in the United States. It operates in four segments: Health Benefits, CarelonRx, Carelon Services, and Corporate & Other. The company offers a variety of health plans and services to individual, employer group risk-based and fee-based, BlueCard, Medicare, Medicaid, and FEP members; health products; a broad array of fee-based administrative managed care services; and specialty and other insurance products and services, such as stop loss, dental, vision, and supplemental health insurance benefits. It also operates in the pharmacy services business; and markets and offers pharmacy services, including home delivery and specialty pharmacies, claims adjudication, formulary management, pharmacy networks, rebate administration, a prescription drug database, and member services, as well as infusion services and injectable therapies through ambulatory infusion centers. In addition, the company provides healthcare related services and capabilities, including specialty care enablement and utilization management support for specialized clinical domains; behavioral health and comprehensive care management services; palliative care services and management; virtual care; and payment integrity, subrogation, clinical data exchange through its HealthOS platform, research and data, reporting and clinical analytics, information technology, and business process support services, as well as manages home health, post-acute institutional management, and durable medical equipment costs; and supports plans in managing home and community-based services. It provides its services under the Anthem Blue Cross and Blue Shield, Wellpoint, and Carelon brands. The company was formerly known as Anthem, Inc. and changed its name to Elevance Health, Inc. in June 2022. Elevance Health, Inc. was incorporated in 2001 and is headquartered in Indianapolis, Indiana.",,5.26,3.97,2.0,9.31,309.0,Healthcare,2025.0,6.0,False,False,False,False,False,False,False,False
EMR,128.33,0.08335,0.04718,77.857,0.795,0.547,17607000064,4853000192.0,3432624896.0,128.66,129.45,129.835,127.86,134.85,90.06,,2091814,3191193,72185618432,1.268,0.0164,2.11,2025-05-16 01:00:00,Emerson Electric Co.,"Emerson Electric Co., a technology and software company, provides various solutions in the Americas, Asia, the Middle East, Africa, and Europe. It operates through seven segments: Final Control, Measurement & Analytical, Discrete Automation, Safety & Productivity, Control Systems & Software, Test & Measurement, and AspenTech. The Final Control segment provides control, isolation, shutoff, pressure relief, and pressure safety valves, actuators, and regulators for process and hybrid industries. The Measurement & Analytical segment offers intelligent instrumentation measuring the physical properties of liquids or gases, such as pressure, temperature, level, flow, acoustics, corrosion, pH, conductivity, water quality, toxic gases, and flame. The Discrete Automation segment offers solenoid and pneumatic valves, valve position indicators, pneumatic cylinders, actuators, air preparation equipment, pressure and temperature switches, electric linear motion solutions, programmable automation control systems, electrical distribution equipment, and materials joining solutions. The Safety & Productivity segment offers tools for professionals and homeowners; pipe-working tools, including pipe wrenches, pipe cutters, pipe threading and roll grooving equipment, battery hydraulic tools; electrical tools; and other professional tools. The Control Systems & Software segment provides control systems, safety instrumented systems, SCADA systems, application software, digital twins, asset performance management, and cybersecurity. The Test & Measurement provides software-connected automated test and measurement systems. The AspenTech segment provides asset optimization software that enables industrial manufacturers to design, operate, and maintain operations for enhancing performance through a combination of decades of modeling, simulation, and optimization capabilities. The company was incorporated in 1890 and is based in Saint Louis, Missouri.",,12.6,4.13,1.0,22.79,275.0,Machinery,2025.0,6.0,False,False,False,False,False,False,False,False
ENPH,35.85,0.17132,0.03012,152.289,1.895,1.496,1423128064,225983008.0,358479744.0,36.38,36.45,37.39,35.69,130.08,33.01,,13064894,6951632,4703770624,1.701,,,,"Enphase Energy, Inc.","Enphase Energy, Inc., together with its subsidiaries, designs, develops, manufactures, and sells home energy solutions for the solar photovoltaic industry in the United States and internationally. The company offers semiconductor-based microinverter that converts energy at the individual solar module level and combines with its proprietary networking and software technologies to provide energy monitoring and control. It also provides microinverter units and related accessories; IQ Battery and related accessories; IQ Gateway and IQ Energy Router; cloud-based Enlighten monitoring service; and electric vehicle charging solutions, as well as design, proposal, permitting, and lead generation services. The company sells its solutions to solar distributors; and directly to large installers, original equipment manufacturers, strategic partners, and homeowners, as well as through its legacy product upgrade program or online store. Enphase Energy, Inc. was incorporated in 2006 and is headquartered in Fremont, California.",,8.81,6.25,1.0,19.9,111.0,Electrical Equipment,2025.0,6.0,False,False,False,False,False,False,False,False
ETR,80.97,0.08853,0.03068,199.493,0.825,0.46,11931898880,5390584832.0,-2324900864.0,80.92,81.22,82.05,80.87,88.38,52.065,,7933944,3608072,36139745280,0.583,0.0296,2.4,2025-05-02 01:00:00,Entergy Corporation,"Entergy Corporation, together with its subsidiaries, engages in the production and retail distribution of electricity in the United States. It generates, transmits, distributes, and sells electric power in portions of Arkansas, Louisiana, Mississippi, and Texas, including the City of New Orleans; and distributes natural gas. It also engages in the ownership of interests in non-nuclear power plants that sell electric power to wholesale customers, as well as provides decommissioning services to other nuclear power plant owners. It generates electricity through gas, nuclear, coal, hydro, and solar power sources. The company sells energy to retail power providers, utilities, electric power co-operatives, power trading organizations, and other power generation companies. The company's power plants have approximately 25,000 megawatts of electric generating capacity. It delivers electricity to 3 million utility customers in Arkansas, Louisiana, Mississippi, and Texas. Entergy Corporation was founded in 1913 and is headquartered in New Orleans, Louisiana.",,7.39,4.25,2.0,24.93,234.0,Utilities,2025.0,6.0,False,False,False,False,False,False,False,False
EOG,125.32,0.20899999,0.105059996,17.15,1.867,1.612,23478999040,12144000000.0,4095249920.0,123.78,123.99,125.955,123.89,138.18,102.52,,3291589,4177759,68398026752,0.761,0.0326,4.08,2025-07-17 01:00:00,"EOG Resources, Inc.","EOG Resources, Inc., together with its subsidiaries, explores for, develops, produces, and markets crude oil, natural gas liquids, and natural gas in producing basins in the United States, the Republic of Trinidad and Tobago, and internationally. The company was formerly known as Enron Oil & Gas Company. EOG Resources, Inc. was incorporated in 1985 and is headquartered in Houston, Texas.",,8.73,6.1,2.0,38.0,163.0,Oil & Gas Producers,2025.0,6.0,False,False,False,False,False,False,False,False
EPAM,163.06,0.11568,0.08141,4.341,3.061,2.898,4864166912,690411008.0,566563904.0,165.02,161.055,166.22,158.54,269.0,138.15,,1216122,824798,9237788672,1.718,,,,"EPAM Systems, Inc.","EPAM Systems, Inc. provides digital platform engineering and software development services worldwide. The company offers engineering services, including requirements analysis and platform selection, customization, cross-platform migration, implementation, and integration; cloud services for creating a roadmap to set and refine IT and business goals while identifying new and emerging cloud opportunities; data, analytics and artificial intelligence; customer experience design; and cybersecurity. It also offers operation solutions comprising integrated engineering practices and smart automation services. In addition, the company offers software product and platform development services, which comprise product research, customer experience design and prototyping, program management, component design and integration, full lifecycle software testing, product deployment and end-user customization, performance tuning, product support and maintenance, managed services, as well as cross-platform migration and modernizing legacy platforms. The company serves the financial services; consumer goods, retail and travel; software and Hi-tech; business information and media, life sciences and healthcare; and emerging verticals industries EPAM Systems, Inc. was founded in 1993 and is headquartered in Newtown, Pennsylvania.",,15.59,5.77,0.0,27.09,585.0,Software & Services,2025.0,6.0,False,False,False,False,False,False,False,False
EQT,60.44,0.022969998,0.0125,34.392,0.568,0.516,6155850752,2947750912.0,1317945600.0,59.37,59.44,60.8,58.78,60.8,30.02,,11671427,7980103,36180955136,0.655,0.0104,0.63,2025-05-07 01:00:00,EQT Corporation,"EQT Corporation engages in the production, gathering, and transmission of natural gas. The company sells natural gas and natural gas liquids to marketers, utilities, and industrial customers located in the Appalachian Basin. It also provides marketing services and contractual pipeline capacity management services, as well as involved in risk management and hedging activities. The company was formerly known as Equitable Resources Inc. and changed its name to EQT Corporation in February 2009. EQT Corporation was founded in 1888 and is headquartered in Pittsburgh, Pennsylvania.",,9.29,5.79,1.0,31.69,163.0,Oil & Gas Producers,2025.0,6.0,False,False,False,False,False,False,False,False
EFX,255.7,0.12519,0.05641,97.097,0.853,0.701,5733700096,1778300032.0,783900032.0,253.39,254.0,256.92,252.805,309.63,199.98,,1992158,1024632,31757684736,1.629,0.0078,2.0,2025-05-23 01:00:00,Equifax Inc.,"Equifax Inc. operates as a data, analytics, and technology company. The company operates through three segments: Workforce Solutions, U.S. Information Solutions (USIS), and International. The Workforce Solutions segment offers services that enables customers to verify income, employment, educational history, criminal justice data, healthcare professional licensure, and sanctions of people in the United States; and employer customers with services that that assist them in complying with and automating certain payroll-related and human resource management processes throughout the entire cycle of the employment relationship. The U.S. Information Solutions segment provides consumer and commercial information services, such as credit information and credit scoring, credit modeling and portfolio analytics, locate, fraud detection and prevention, identity verification, and other consulting services; mortgage services; financial marketing services; identity management services; and credit monitoring products. The International segment offers information service products, which include consumer and commercial services, such as credit and financial information, and credit scoring and modeling; and credit and other marketing products and services, as well as offers information, technology, and services to support debt collections and recovery management. It also provides information solutions for businesses, governments and consumers; and human resources business process automation and outsourcing services for employers.It operates in Argentina, Australia, Brazil, Canada, Chile, Costa Rica, Dominican Republic, Ecuador, El Salvador, Honduras, India, Ireland, Mexico, New Zealand, Paraguay, Peru, Portugal, Spain, the United Kingdom, Uruguay, and the United States. The company was founded in 1899 and is headquartered in Atlanta, Georgia.",,16.75,5.23,2.0,22.21,207.0,Commercial Services,2025.0,6.0,False,False,False,False,False,False,False,False
EQIX,882.88,0.07059,0.03119,141.235,1.437,1.248,8814000128,3664999936.0,3243500032.0,886.85,890.36,894.605,882.02,994.03,701.41,,602943,585341,86362439680,0.957,0.0212,18.76,2025-05-21 01:00:00,"Equinix, Inc.","Equinix (Nasdaq: EQIX) is the world's digital infrastructure company. Digital leaders harness Equinix's trusted platform to bring together and interconnect foundational infrastructure at software speed. Equinix enables organizations to access all the right places, partners and possibilities to scale with agility, speed the launch of digital services, deliver world-class experiences and multiply their value, while supporting their sustainability goals.",,4.76,4.82,1.0,13.14,509.0,Real Estate,2025.0,6.0,False,False,False,False,False,False,False,False
EQR,68.99,0.08901,0.02643,70.333,0.204,0.073,3010099968,1840765952.0,1447674240.0,68.87,68.97,69.405,68.53,78.83,59.41,,2959946,1980369,27017035776,0.919,0.0402,2.77,2025-06-24 01:00:00,Equity Residential,"Equity Residential is committed to creating communities where people thrive. The Company, a member of the S&P 500, is focused on the acquisition, development and management of residential properties located in and around dynamic cities that attract affluent long-term renters. Equity Residential owns or has investments in 312 properties consisting of 84,648 apartment units, with an established presence in Boston, New York, Washington, D.C., Seattle, San Francisco and Southern California, and an expanding presence in Denver, Atlanta, Dallas/Ft. Worth and Austin.",,3.02,5.18,1.0,12.42,509.0,Real Estate,2025.0,6.0,False,False,False,False,False,False,False,False
ERIE,352.04,0.3238,0.16288,0.615,1.382,1.254,3903813120,778619776.0,362523872.0,348.57,350.5,356.85,349.8175,547.0,343.76,,462615,144461,18408136704,0.357,0.0155,5.46,2025-07-08 01:00:00,Erie Indemnity Company,"Erie Indemnity Company operates as a managing attorney-in-fact for the subscribers at the Erie Insurance Exchange in the United States. It provides issuance and renewal services; sales related services, including agent compensation, and sales and advertising support services; underwriting services comprise underwriting and policy processing; and other services consist of customer services and administrative support services, as well as information technology services. The company was incorporated in 1925 and is based in Erie, Pennsylvania.",,10.69,11.52,1.0,22.6,186.0,Insurance,2025.0,6.0,False,False,False,False,False,False,False,False
ESS,284.34,0.12810999,0.028299998,118.416,0.383,0.116,1861154048,1182027008.0,794400128.0,284.01,284.89,287.2,281.69,317.73,243.85,,600730,478087,19633563648,0.802,0.036199998,10.28,2025-06-30 01:00:00,"Essex Property Trust, Inc.","Essex Property Trust, Inc., an S&P 500 company, is a fully integrated real estate investment trust (REIT) that acquires, develops, redevelops, and manages multifamily residential properties in selected West Coast markets. Essex currently has ownership interests in 257 apartment communities comprising over 62,000 apartment homes with an additional property in active development.",,2.73,6.03,1.0,13.18,509.0,Real Estate,2025.0,6.0,False,False,False,False,False,False,False,False
EL,75.19,-0.15976,0.03877,215.926,1.414,0.891,14785999872,2151000064.0,1570625024.0,74.72,75.0,75.42,74.2782,115.82,48.37,,3366130,4198933,27049754624,1.117,0.0186,1.4,2025-05-30 01:00:00,The Estée Lauder Companies Inc.,"The Estée Lauder Companies Inc. manufactures, markets, and sells skin care, makeup, fragrance, and hair care products worldwide. It offers skin care products, including moisturizers, serums, cleansers, toners, body care, exfoliators, acne care and oil correctors, facial masks, and sun care products; and makeup products, such as lipsticks, lip glosses, mascaras, foundations, eyeshadows, and powders, as well as compacts, brushes, and other makeup tools. The company also provides fragrance products in various forms comprising eau de parfum sprays and colognes, as well as lotions, powders, creams, candles, and soaps; and hair care products, including shampoos, conditioners, styling products, treatment, finishing sprays, and hair color products, as well as sells ancillary products and services. It offers its products under the Estée Lauder, Clinique, Origins, M·A·C, Bobbi Brown Cosmetics, La Mer, Aveda, Jo Malone London, TOM FORD, Too Faced, Dr.Jart+, and The Ordinary brands. The company sells its products through department stores, specialty-multi retailers, upscale perfumeries and pharmacies, and salons and spas; freestanding stores; its own and authorized retailer websites; third-party online malls; stores in airports; and duty-free locations. The Estée Lauder Companies Inc. was founded in 1946 and is headquartered in New York, New York.",,9.4,6.08,1.0,20.99,51.0,Household Products,2025.0,6.0,False,False,False,False,False,False,False,False
EG,337.3,0.06122,0.01207,25.368,0.395,0.277,17401999360,,4593375232.0,332.9,334.02,340.0,334.02,407.3,320.0,,1196868,406811,14346953728,0.519,0.023699999,8.0,2025-05-28 01:00:00,"Everest Group, Ltd.","Everest Group, Ltd., through its subsidiaries, provides reinsurance and insurance products in the United States, Europe, and internationally. It operates in two segment, Insurance and Reinsurance. The company writes property and casualty reinsurance; treaty and facultative reinsurance products; and specialty lines of business through reinsurance brokers, as well as directly with ceding companies; and writes property and casualty insurance directly, as well as through brokers, surplus lines, and general agents. It also provides reinsurance products comprising mortgage, catastrophe, marine, aviation, engineering, professional line, credit and surety, motor, agriculture/crop, and political violence reinsurance products. In addition, the company offers commercial property and casualty insurance products through wholesale and retail brokers, surplus lines brokers, and program administrators. The company was formerly known as Everest Re Group, Ltd. and changed its name to Everest Group, Ltd. in July 2023.Everest Group, Ltd., was founded in 1973 and is headquartered in Hamilton, Bermuda.",,7.93,10.27,1.0,19.63,186.0,Insurance,2025.0,6.0,False,False,False,False,False,False,False,False
EVRG,67.19,0.09047,0.02912,144.484,0.553,0.07,5890800128,2667300096.0,-467612512.0,66.79,67.12,67.78,66.89,70.36,52.1,,2571337,2428895,15459815424,0.472,0.0397,2.67,2025-05-23 01:00:00,"Evergy, Inc.","Evergy, Inc., together with its subsidiaries, engages in the generation, transmission, distribution, and sale of electricity in the United States. It generates electricity through coal, landfill gas, uranium, and natural gas and oil sources, as well as solar, wind, other renewable sources. The company serves residences, commercial firms, industrials, municipalities, and other electric utilities. The company was incorporated in 2017 and is headquartered in Kansas City, Missouri.",,10.64,4.88,1.0,29.24,234.0,Utilities,2025.0,6.0,False,False,False,False,False,False,False,False
ES,62.52,0.05617,0.03091,189.941,0.754,0.334,12686588928,4379497984.0,-845830272.0,62.4,62.73,63.36,62.29,69.01,52.28,,5034952,2794585,22968909824,0.648,0.0481,3.01,2025-05-15 01:00:00,Eversource Energy,"Eversource Energy, a public utility holding company, engages in the energy delivery business. The company operates through Electric Distribution, Electric Transmission, Natural Gas Distribution, and Water Distribution segments. It is involved in the transmission and distribution of electricity; solar power facilities; and distribution of natural gas. The company operates regulated water utilities that provide water services to residential, commercial, industrial, municipal and fire protection, and other customers in Connecticut, Massachusetts, and New Hampshire. The company was formerly known as Northeast Utilities and changed its name to Eversource Energy in April 2015. Eversource Energy was incorporated in 1927 and is headquartered in Springfield, Massachusetts.",,8.17,5.82,2.0,18.08,234.0,Utilities,2025.0,6.0,False,False,False,False,False,False,False,False
EXC,42.6,0.10099,0.02755,174.861,1.086,0.649,23698999296,7647000064.0,-1935000064.0,42.37,42.53,42.865,42.3301,48.11,34.01,,12634993,8309150,43006402560,0.476,0.0376,1.6,2025-05-12 01:00:00,Exelon Corporation,"Exelon Corporation, a utility services holding company, engages in the energy distribution and transmission businesses. The company is involved in the purchase and regulated retail sale of electricity and natural gas; transmission and distribution of electricity; and distribution of natural gas to retail customers. It serves residential, commercial, industrial, governmental, public authorities and electric railroads, and transportation customers. Exelon Corporation was incorporated in 1999 and is headquartered in Chicago, Illinois.",,8.1,4.7,3.0,19.16,234.0,Utilities,2025.0,6.0,False,False,False,False,False,False,False,False
EXE,122.05,-0.07096,-0.02259,30.912,0.589,0.476,6568000000,1226000000.0,1787374976.0,120.77,121.72,123.345,120.9,123.345,69.12,,5906903,3421706,29045338112,0.476,0.0188,2.3,2025-05-15 01:00:00,Expand Energy Corporation,"Expand Energy Corporation operates as an independent natural gas production company in the United States. The company engages in acquisition, exploration, and development of properties to produce oil, natural gas, and natural gas liquids. It holds interests in the Marcellus Shale in the northern Appalachian Basin in Pennsylvania; the Marcellus and Utica Shales in Ohio and West Virginia; and the Haynesville and Bossier Shales in Louisiana. The company was formerly known as Chesapeake Energy Corporation and changed its name to Expand Energy Corporation in October 2024. Expand Energy Corporation was founded in 1989 and is based in Oklahoma City, Oklahoma.",,9.53,7.26,2.0,36.35,167.0,Oil & Gas Producers,2024.0,11.0,False,False,False,False,False,False,False,False
EXPE,164.88,0.52188,0.04084,278.63,0.732,0.573,13790000128,1838000000.0,1859500032.0,162.46,164.08,165.31,163.3502,207.73,110.2,,2560590,2240616,20959711232,1.596,0.0097,1.6,2025-05-29 01:00:00,"Expedia Group, Inc.","Expedia Group, Inc. operates as an online travel company in the United States and internationally. The company operates through B2C, B2B, and trivago segments. The B2C segment includes Brand Expedia, a full-service online travel brand offers various travel products and services; Hotels.com for lodging accommodations; Vrbo, an online marketplace for the alternative accommodations; Orbitz, Travelocity, Wotif Group, ebookers, CheapTickets, Hotwire.com and CarRentals.com. The B2B segment provides various travel and non-travel companies including airlines, offline travel agents, online retailers, corporate travel management, and financial institutions who leverage its travel technology and tap into its diverse supply to augment their offerings and market Expedia Group rates and availabilities to its travelers. The trivago segment send referrals to online travel companies and travel service providers from hotel metasearch websites. In addition, the company provides brand advertising through online and offline channels, loyalty programs, mobile apps, and search engine marketing, as well as metasearch, social media, direct and personalized traveler communications on its websites, and through direct e-mail communication with its travelers. The company was formerly known as Expedia, Inc. and changed its name to Expedia Group, Inc. in March 2018. Expedia Group, Inc. was founded in 1996 and is headquartered in Seattle, Washington.",,11.69,7.24,2.0,21.67,585.0,Software & Services,2025.0,6.0,False,False,False,False,False,False,False,False
EXPD,113.63,0.37695,0.14770001,25.721,1.829,1.619,11060255744,1152937984.0,599665152.0,113.08,113.63,114.45,112.94,131.59,100.47,,2809639,1460562,15561401344,1.068,0.0136,1.54,2025-06-02 01:00:00,"Expeditors International of Washington, Inc.","Expeditors International of Washington, Inc., together with its subsidiaries, provides logistics services in the Americas, North Asia, South Asia, Europe, and MAIR. The company offers airfreight services, such as air freight consolidation and forwarding; ocean freight and ocean services, including ocean freight consolidation, direct ocean forwarding, and order management; customs brokerage and other services, import, intra-continental ground transportation and delivery, and warehousing and distribution services; and customs clearance, purchase order management, vendor consolidation, time-definite transportation services, temperature-controlled transit, cargo insurance, specialized cargo monitoring and tracking, and other logistics solutions. It also provides optimization, trade compliance consulting, cargo insurance, cargo security, and solutions. In addition, it acts as a freight consolidator or as an agent for the airline that carries the shipment. Further, the company provides ancillary services that include preparation of shipping and customs documentation, packing, crating, insurance services, and the preparation of documentation to comply with local import and export laws. Its customers include retailing and wholesaling; electronics; healthcare; technology; and industrial and manufacturing companies. The company was incorporated in 1979 and is headquartered in Bellevue, Washington.",,9.04,4.29,2.0,18.4,169.0,Transportation,2025.0,6.0,False,False,False,False,False,False,False,False
EXR,146.07,0.063930005,0.03329,89.649,4.016,0.579,3363286016,2265201920.0,781681728.0,146.45,146.47,148.19,145.89,184.87,121.03,,1983272,1025270,32363999232,1.131,0.0444,6.48,2025-06-16 01:00:00,Extra Space Storage Inc.,"Extra Space Storage Inc., headquartered in Salt Lake City, Utah, is a self-administered and self-managed REIT and a member of the S&P 500. As of March 31, 2025, the Company owned and/or operated 4,099 self-storage stores in 43 states and Washington, D.C. The Company's stores comprise approximately 2.8 million units and approximately 315.0 million square feet of rentable space operating under the Extra Space brand. The Company offers customers a wide selection of conveniently located and secure storage units across the country, including boat storage, RV storage and business storage. It is the largest operator of self-storage properties in the United States.",,3.96,4.91,1.0,13.76,509.0,Real Estate,2025.0,6.0,False,False,False,False,False,False,False,False
XOM,114.7,0.14302,0.061979998,13.918,1.236,0.858,341088010240,64872001536.0,21801000960.0,113.19,113.45,115.035,113.18,126.34,97.8,,36049089,17607404,494315732992,0.463,0.0345,3.96,2025-05-15 01:00:00,Exxon Mobil Corporation,"Exxon Mobil Corporation engages in the exploration and production of crude oil and natural gas in the United States, Canada, the United Kingdom, Singapore, France, and internationally. It operates through Upstream, Energy Products, Chemical Products, and Specialty Products segments. The Upstream segment explores for and produces crude oil and natural gas. The Energy Products segment offers fuels, aromatics, and catalysts, as well as licensing services. The Chemical Products segment manufactures and sells petrochemicals, including olefins, polyolefins, and intermediates. The Specialty Products segment offers performance products, including finished lubricants, basestocks, waxes, synthetics, elastomers, and resins. The company is involved in the manufacture, trading, transportation, and sale of crude oil, natural gas, petroleum products, petrochemicals, and other specialty products; and pursuit of lower-emission and business opportunities, including carbon capture and storage, hydrogen, lower-emission fuels, Proxxima systems, carbon materials, and lithium. It sells its products under the Exxon, Esso, and Mobil brands. Exxon Mobil Corporation was founded in 1870 and is headquartered in Spring, Texas.",,11.58,6.99,3.0,42.89,163.0,Oil & Gas Producers,2025.0,6.0,False,False,False,False,False,False,False,False
FFIV,287.13,0.19892,0.08076,8.051,1.533,1.356,2939781120,824352000.0,746167488.0,286.48,288.5,289.13,283.79,313.0,167.35,,842795,500567,16490335232,1.009,,,,"F5, Inc.","F5, Inc. provides multicloud application security and delivery solutions in the United States, Europe, the Middle East, Africa, and the Asia Pacific region. The company's distributed cloud services enable its customers to deploy, secure, and operate applications in any architecture, from on-premises to the public cloud. It offers unified, security, networking, and application management solutions, such as web app and API protection; multi-cloud networking; application delivery and deployment; domain name system; content delivery network; and application deployment and orchestration. The company also provides application security and delivery products, including NGINX Plus; NGINX Management Suite; NGINX Ingress Controller; NGINX App Protect; BIG-IP Packaged Software; and BIG-IP Systems. In addition, it provides a range of professional services, including maintenance, consulting, training, and other technical support services. F5, Inc. sells its products to large enterprise businesses, public sector institutions, governments, and service providers through distributors, value-added resellers, managed service providers, systems integrators, and other indirect channel partners. It has partnerships with public cloud providers, such as Amazon Web Services, Microsoft Azure, and Google Cloud Platform. The company was formerly known as F5 Networks, Inc. and changed its name to F5, Inc. in November 2021. F5, Inc. was incorporated in 1996 and is headquartered in Seattle, Washington.",,9.48,4.01,1.0,18.58,585.0,Software & Services,2025.0,6.0,False,False,False,False,False,False,False,False
FDS,422.34,0.28119,0.10808,80.856,1.469,1.172,2254222080,852484992.0,514323008.0,425.04,425.82,428.36,419.605,499.87,391.69,,762593,335188,16026577920,0.852,0.0104,4.4,2025-05-30 01:00:00,FactSet Research Systems Inc.,"FactSet Research Systems Inc., together with its subsidiaries, operates as a financial digital platform and enterprise solutions provider for the investment community worldwide. The company provides workstations, portfolio analytics, and enterprise data solutions, as well as managed services for supporting data, performance, risk, and reporting workflows. It offers subscription-based financial data and market intelligence on securities, companies, industries, and people that enable clients to research investment ideas, as well as analyze, monitor, and manage their portfolios. The company provides its services through its configurable desktop and mobile platform, data feeds, cloud-based digital solutions, and application programming interfaces. It serves investment professionals, including institutional asset managers, bankers, wealth managers, asset owners, partners, hedge funds, corporate users, and private equity and venture capital professionals. The company was founded in 1978 and is headquartered in Norwalk, Connecticut.",,6.2,5.57,1.0,15.51,357.0,Diversified Financials,2025.0,6.0,False,False,False,False,False,False,False,False
FICO,1804.82,,0.28702998,,2.112,1.862,1840360960,827203968.0,553474496.0,1763.64,1802.75,1827.755,1789.7366,2402.52,1410.66,,261041,249593,43932385280,1.29,,,2017-03-01 00:00:00,Fair Isaac Corporation,"Fair Isaac Corporation develops software with analytics and digital decisioning technologies that enable businesses to automate, enhance, and connect decisions in the Americas, Europe, the Middle East, Africa, and the Asia Pacific. The company operates in two segments, Scores and Software. The Scores segment provides business-to-business scoring solutions and services for consumers that give clients access to predictive credit and other scores that can be integrated into their transaction streams and decision-making processes, as well as business-to-consumer scoring solutions comprising myFICO.com subscription offerings. The Software segment provides pre-configured analytic and decision management solution designed for various business needs or processes, such as account origination, customer management, customer engagement, fraud detection, and marketing, as well as associated professional services. This segment also offers FICO Platform, a modular software offering designed to support advanced analytic and decision use cases, as well as stand-alone analytic and decisioning software that can be configured by customers to address a wide range of business use cases. It offers FICO® Decision Modeler and FICO Blaze Advisor, FICO Xpress Optimization, FICO Analytics Workbench, FICO Data Orchestrator, FICO DMP Streaming, FICO Business Outcome Simulator, FICO Decision Optimizer, FICO TRIAD Customer Manager, FICO Fraud Solutions, FICO Originations, FICO Customer Communication Service, FICO Strategy Director, FICO Analytic Services, FICO Advisors, and FICO Blaze Advisor, as well as software implementation and configuration services. The company markets its products and services primarily through its direct sales organization and indirect channels, as well as online. The company was formerly known as Fair Isaac & Company, Inc. and changed its name to Fair Isaac Corporation in July 1992. Fair Isaac Corporation was founded in 1956 and is headquartered in Bozeman, Montana.",,9.11,6.1,2.0,20.09,585.0,Software & Services,2025.0,6.0,False,False,False,False,False,False,False,False
FAST,40.94,0.32351002,0.20121,13.435,4.277,1.924,7610299904,1690899968.0,683987520.0,41.49,41.7,41.91,40.75,43.1,30.68,,9390659,6674056,46968000512,0.968,0.0215,0.88,2025-04-25 01:00:00,Fastenal Company,"Fastenal Company, together with its subsidiaries, engages in the wholesale distribution of industrial and construction supplies in the United States, Canada, Mexico, and internationally. It offers fasteners, and related industrial and construction supplies under the Fastenal name. The company's fastener products include threaded fasteners, bolts, nuts, screws, studs, and related washers that are used in manufactured products and construction projects, as well as in the maintenance and repair of machines. It also offers miscellaneous supplies and hardware, including pins, machinery keys, concrete anchors, metal framing systems, wire ropes, strut products, rivets, and related accessories. The company serves the manufacturing market comprising original equipment manufacturers; maintenance, repair, and operations customers; non-residential construction market; farmers, truckers, railroads, mining companies, schools, and retail trades; and oil exploration, production, and refinement companies, as well as federal, state, and local governmental entities. Fastenal Company was founded in 1967 and is headquartered in Winona, Minnesota.",,6.64,6.35,2.0,18.81,94.0,Traders & Distributors,2025.0,6.0,False,False,False,False,False,False,False,False
FRT,95.48,0.094469994,0.0317,133.513,0.371,0.357,1223587968,761038016.0,390635872.0,95.62,95.78,96.65,95.36,118.34,80.65,,1177315,809909,8294147584,1.122,0.0461,4.4,2025-07-01 01:00:00,Federal Realty Investment Trust,"Federal Realty is a recognized leader in the ownership, operation and redevelopment of high-quality retail-based properties located primarily in major coastal markets from Washington, D.C. to Boston as well as Northern and Southern California. Founded in 1962, Federal Realty's mission is to deliver long-term, sustainable growth through investing in communities where retail demand exceeds supply. Its expertise includes creating urban, mixed-use neighborhoods like Santana Row in San Jose, California, Pike & Rose in North Bethesda, Maryland and Assembly Row in Somerville, Massachusetts. These unique and vibrant environments that combine shopping, dining, living and working provide a destination experience valued by their respective communities. Federal Realty's 103 properties include approximately 3,500 tenants, in 27 million commercial square feet, and approximately 3,100 residential units.",,5.68,3.7,0.0,12.44,509.0,Real Estate,2025.0,6.0,False,False,False,False,False,False,False,False
FDX,226.04,0.14762,0.04879,,1.239,1.111,87814995968,10992000000.0,4111624960.0,223.3,225.44,227.0,224.1911,313.84,194.3,,2237043,1926159,54158958592,1.362,0.0257,5.8,2025-06-23 01:00:00,FedEx Corporation,"FedEx Corporation, together with its subsidiaries, provides transportation, e-commerce, and business services in the United States and internationally. It operates through FedEx Express, FedEx Ground, FedEx Freight, and FedEx Services segments. The FedEx Express segment offers express transportation, small-package ground delivery, and freight transportation services; and time-critical transportation services. The FedEx Ground segment provides small-package ground delivery services. The FedEx Freight segment offers less-than-truckload freight transportation services. The FedEx Services segment provides sales, marketing, information technology, communications, customer service, technical support, billing and collection, and back-office support services. In addition, the company offers supply chain management solutions; and air and ocean freight forwarding and cargo transportation, specialty transportation, customs brokerage, third party logistics and supply chain, and document and business solutions, as well as provides trade management tools and data. The company was founded in 1971 and is headquartered in Memphis, Tennessee.",,8.5,4.91,2.0,19.14,169.0,Transportation,2025.0,6.0,False,False,False,False,False,False,False,False
FIS,80.17,0.05246,0.034360003,80.216,0.634,0.454,10190999552,2700999936.0,1938875008.0,80.44,80.46,80.94,79.85,91.98,66.51,,4367514,3843193,42120916992,1.077,0.02,1.6,2025-06-10 01:00:00,"Fidelity National Information Services, Inc.","Fidelity National Information Services, Inc. engages in the provision of financial services technology solutions for financial institutions, businesses, and developers worldwide. It operates through Banking Solutions, Capital Market Solutions, and Corporate and Other segments. The company provides core processing and ancillary applications; mobile and online banking; fraud, risk management, and compliance; card and retail payment; electronic funds transfer and network; wealth and retirement; and item processing and output solutions. It also offers trading and asset, lending, leveraged and syndicated loan markets, and treasury and risk solutions. Fidelity National Information Services, Inc. was founded in 1968 and is headquartered in Jacksonville, Florida.",,9.74,2.81,1.0,18.0,585.0,Software & Services,2025.0,6.0,False,False,False,False,False,False,False,False
FITB,39.34,0.11715,0.01081,,,,7906999808,,,38.78,39.19,39.405,38.91,49.07,32.25,,10183616,4586704,26259134464,0.918,0.0376,1.48,2025-06-30 01:00:00,Fifth Third Bancorp,"Fifth Third Bancorp operates as the bank holding company for Fifth Third Bank, National Association that engages in the provision of a range of financial products and services in the United States. It operates through three segments: Commercial Banking, Consumer and Small Business Banking, and Wealth and Asset Management. The Commercial Banking segment offers credit intermediation, cash management, and financial services; lending and depository products; and cash management, foreign exchange and international trade finance, derivatives and capital markets services, asset-based lending, real estate finance, public finance, commercial leasing, and syndicated finance for business, government, and professional customers. Its Consumer and Small Banking segment provides a range of deposit and loan products to individuals and small businesses; home equity loans and lines of credit; credit cards; and cash management services. This segment also engages in the residential mortgage that include origination, retention and servicing of residential mortgage loans, sales and securitizations of loans, and hedging activities; indirect lending, including extending loans to consumers through automobile dealers, motorcycle dealers, powersport dealers, recreational vehicle dealers, and marine dealers; and home improvement and solar energy installation loans through contractors and installers. The Wealth & Asset Management segment provides various wealth management services for individuals, companies, and not-for-profit organizations. It also offers retail brokerage services to individual clients; and broker dealer services to the institutional marketplace. This segment also provides wealth planning, investment management, banking, insurance, and trust and estate services; and advisory services for institutional clients comprising middle market businesses, non-profits, states, and municipalities. Fifth Third Bancorp was founded in 1858 and is headquartered in Cincinnati, Ohio.",,8.86,7.23,2.0,16.87,456.0,Banks,2025.0,6.0,False,False,False,False,False,False,False,False
FSLR,145.0,0.16766001,0.07502,7.7,1.929,1.194,4256749056,1831742976.0,-820771968.0,143.67,144.0,147.7,143.8,268.12,116.56,,4883268,4987401,15550380032,1.527,,,,"First Solar, Inc.","First Solar, Inc., a solar technology company, provides photovoltaic (PV) solar energy solutions in the United States, France, India, Chile, and internationally. The company manufactures and sells PV solar modules with a thin film semiconductor technology that provides a lower-carbon alternative to conventional crystalline silicon PV solar modules. It also designs, manufactures, and sells cadmium telluride solar modules that converts sunlight into electricity. The company's residual business operations include project development activities, operations and maintenance services, and the sale of PV solar power systems to third-party customers. It serves developers and operators of systems, utilities, independent power producers, commercial and industrial companies, and other system owners. The company was formerly known as First Solar Holdings, Inc. and changed its name to First Solar, Inc. in 2006. First Solar, Inc. was founded in 1999 and is headquartered in Tempe, Arizona.",,6.08,5.19,2.0,17.31,122.0,Semiconductors,2025.0,6.0,False,False,False,False,False,False,False,False
FE,39.91,0.09274,0.02962,178.805,0.416,0.284,13763999744,4570999808.0,-1061875008.0,39.74,39.76,40.175,39.74,44.97,37.58,,5569692,5200279,23034294272,0.382,0.0446,1.78,2025-05-07 01:00:00,FirstEnergy Corp.,"FirstEnergy Corp., together with its subsidiaries, engages in the generation, distribution, and transmission of electricity in the United States. It operates through Distribution, Integrated, and Stand-Alone Transmission segments. The company owns and operates coal-fired, nuclear, hydroelectric, wind, and solar power generating facilities. It operates 252,244 distribution line miles and 24,143 transmission line miles, including overhead pole line and underground conduit carrying primary, secondary, and street lighting circuits. The company serves customers in Ohio, Pennsylvania, New Jersey, West Virginia, Maryland, and New York. FirstEnergy Corp. was incorporated in 1996 and is headquartered in Akron, Ohio.",,10.75,4.12,3.0,27.51,234.0,Utilities,2025.0,6.0,False,False,False,False,False,False,False,False
FI,163.38,0.116780005,0.04385,107.142,1.099,0.236,20703000576,9162000384.0,4073125120.0,161.36,162.33,164.58,161.78,238.59,146.46,,8473486,5059793,90583425024,0.911,,,,"Fiserv, Inc.","Fiserv, Inc. provides payments and financial services technology solutions in the United States, Europe, the Middle East and Africa, Latin America, the Asia-Pacific, and internationally. It operates through the Merchant Solutions and Financial Solutions segments. The company provides merchant acquiring and digital commerce services, mobile payment services, security and fraud protection solutions, stored-value solutions, software-as-a-service, and pay-by-bank solutions, as well as Clover, a point-of-sale and business management platform through various channels, including direct sales teams, strategic partnerships with agent sales forces, independent software vendors, independent sales organizations, financial institutions, and other strategic partners. It also offers debit card processing services, debit network services, security and fraud protection products, bill payment; person-to-person payments, account-to-account transfers, credit card processing services, prepaid card processing services, card production services, print services, government payment processing, student loan processing, and customer loan and deposit account processing; digital banking; financial and risk management; and professional services and consulting, check processing, automated clearing house, and real-time payments. It serves large enterprise, small business, banks, credit union, large financial institution, fintech, public sectors, and software providers. Fiserv, Inc. was incorporated in 1984 and is headquartered in Milwaukee, Wisconsin.",,10.15,3.84,1.0,19.2,585.0,Software & Services,2025.0,6.0,False,False,False,False,False,False,False,False
F,10.59,0.11497,0.00981,353.298,1.132,0.924,182873997312,10131000320.0,1385500032.0,10.43,10.49,10.6,10.46,14.85,8.44,,80276800,119250635,42111664128,1.509,0.0708,0.75,2025-05-12 01:00:00,Ford Motor Company,"Ford Motor Company develops, delivers, and services Ford trucks, sport utility vehicles, commercial vans and cars, and Lincoln luxury vehicles worldwide. It operates through Ford Blue, Ford Model e, Ford Pro, and Ford Credit segments. The company sells Ford and Lincoln internal combustion engine and hybrid vehicles, electric vehicles, service parts, accessories, and digital services for retail customers, as well as develops software. It also sells Ford and Lincoln vehicles, service parts, and accessories through distributors and dealers, as well as through dealerships to commercial fleet customers, daily rental car companies, and governments. In addition, it engages in the vehicle-related financing and leasing activities to and through automotive dealers. Further, the company provides retail installment sale contracts for new and used vehicles; and direct financing leases for new vehicles to retail and commercial customers, such as leasing companies, government entities, daily rental companies, and fleet customers. Additionally, it offers wholesale loans to dealers to finance the purchase of vehicle inventory; and loans to dealers to finance working capital and enhance dealership facilities, purchase dealership real estate, and other dealer vehicle programs. The company was incorporated in 1903 and is based in Dearborn, Michigan.",,7.06,7.59,3.0,27.57,48.0,Automobiles,2025.0,6.0,False,False,False,False,False,False,False,False
FTNT,99.85,2.05906,0.13325,54.842,1.363,1.259,6142199808,2056199936.0,1964999936.0,100.82,101.415,101.99,98.86,114.82,54.57,,6944097,5151646,76426788864,1.072,,,,"Fortinet, Inc.","Fortinet, Inc. provides cybersecurity and convergence of networking and security solutions worldwide. The company offers secure networking solutions that focus on the convergence of networking and security; network firewall solutions, which consist of FortiGate data centers, hyperscale, and distributed firewalls, as well as encrypted applications; wireless local area network (LAN) solutions; and secure connectivity solutions, including FortiSwitch secure ethernet switches, FortiAP wireless LAN access points, and FortiExtender 5G connectivity gateways. It also provides the Fortinet Unified Secure Access Service Edge (SASE) solutions that include firewall, software-defined wide-area network, secure web gateway, cloud access services broker, data loss prevention, and zero trust network access; and web application firewalls, cloud network security with virtualized firewalls, cloud-native firewalls, cloud-native application protection, and code security. In addition the company offers artificial intelligence-driven security operation solutions, which provides a suite of cybersecurity solutions that identify, protect, detect, respond, and recover from threats, as well as FortiEDR, FortiXDR, FortiNDR, FortiSandbox, FortiDeceptor, FortiDLP, and FortiRecon that helps organizations ensuring attackers face multiple layers of detection and mitigation across endpoints, networks, and applications. Further, it offers FortiGuard application security, content security, device security, NOC/SOC security, and web security services; FortiCare technical support services; and training and certification programs, as well as operates FortiGuard Lab, a cybersecurity threat intelligence and research organization. The company serves large enterprises, communication service providers, government organizations, and small to medium-sized enterprises. Fortinet, Inc. was incorporated in 2000 and is headquartered in Sunnyvale, California.",,8.7,3.57,2.0,15.96,585.0,Software & Services,2025.0,6.0,False,False,False,False,False,False,False,False
FTV,69.65,0.07695,0.041020002,39.337,0.992,0.717,6181499904,1679399936.0,1302475008.0,69.83,70.28,70.65,69.395,83.32,60.385,,3223939,3247912,23672780800,1.156,0.0046,0.32,2025-05-30 01:00:00,Fortive Corporation,"Fortive Corporation designs, develops, manufactures, and services professional and engineered products, software, and services in the United States, China, and internationally. It operates in three segments: Intelligent Operating Solutions, Precision Technologies, and Advanced Healthcare Solutions. The Intelligent Operating Solutions segment provides advanced instrumentation, software, and services, including electrical test and measurement, facility and asset lifecycle software applications, and connected worker safety and compliance solutions for manufacturing, process industries, healthcare, utilities and power, communications and electronics, and other industries. This segment markets its products and services under the ACCRUENT, FLUKE, GORDIAN, INDUSTRIAL SCIENTIFIC, INTELEX, PRUFTECHNIK, and SERVICECHANNEL brand names. The Precision Technologies segment offers electrical test and measurement, sensing and material technologies for industrial, power and energy, automotive, medical equipment, food and beverage, aerospace and defense, semiconductor, and other general industries under the ANDERSON-NEGELE, GEMS, SETRA, HENGSTLER-DYNAPAR, QUALITROL, PACIFIC SCIENTIFIC, KEITHLEY, and TEKTRONIX brand names. The Advanced Healthcare Solutions segment provides critical workflow solutions comprising instrument sterilization, instrument tracking, design and manufacture of cell therapy equipment, biomedical test tools, radiation detection and safety monitoring, and end-to-end clinical productivity software and solutions under the ASP, CENSIS, CENSITRAC, EVOTECH, FLUKE BIOMEDICAL, INVETECH, LANDAUER, PROVATION, RAYSAFE, and STERRAD brand names. Fortive Corporation was incorporated in 2015 and is headquartered in Everett, Washington.",,12.94,3.44,1.0,30.55,62.0,Industrial Conglomerates,2025.0,6.0,False,False,False,False,False,False,False,False
FOXA,55.25,0.16621,0.083950005,68.321,2.453,2.262,16104999936,3422000128.0,2049874944.0,54.71,55.3,55.97,54.96,58.74,33.82,,11033065,4269470,23781091328,0.527,0.0098,0.54,2025-03-05 00:00:00,Fox Corporation,"Fox Corporation operates as a news, sports, and entertainment company in the United States (U.S.). The company operates through four segments: Cable Network Programming, Television, Credible, and The FOX Studio Lot. The Cable Network Programming segment produces and licenses news and sports content for distribution through traditional cable television systems, direct broadcast satellite operators and telecommunication companies, virtual multi-channel video programming distributors, and other digital platforms primarily in the U.S. Television segment produces, acquires, markets, and distributes programming through the FOX broadcast network, advertising supported video-on-demand service Tubi, and operates power broadcast television stations including duopolies and other digital platform; and produces content for third parties. The Credible segment engages in the consumer finance marketplace. The FOX Studio Lot segment provides television and film production services along with office space, studio operation services and includes all operations of the facility. The company was incorporated in 2018 and is headquartered in New York, New York.",,6.38,4.92,3.0,11.6,137.0,Media,2025.0,6.0,False,False,False,False,False,False,False,False
FOX,50.74,0.16621,0.083950005,68.321,2.453,2.262,16104999936,3422000128.0,2049874944.0,50.22,50.355,51.3,50.335,55.0,31.55,,4696175,1409764,23776815104,0.527,0.0106,0.54,2025-03-05 00:00:00,Fox Corporation,"Fox Corporation operates as a news, sports, and entertainment company in the United States (U.S.). The company operates through four segments: Cable Network Programming, Television, Credible, and The FOX Studio Lot. The Cable Network Programming segment produces and licenses news and sports content for distribution through traditional cable television systems, direct broadcast satellite operators and telecommunication companies, virtual multi-channel video programming distributors, and other digital platforms primarily in the U.S. Television segment produces, acquires, markets, and distributes programming through the FOX broadcast network, advertising supported video-on-demand service Tubi, and operates power broadcast television stations including duopolies and other digital platform; and produces content for third parties. The Credible segment engages in the consumer finance marketplace. The FOX Studio Lot segment provides television and film production services along with office space, studio operation services and includes all operations of the facility. The company was incorporated in 2018 and is headquartered in New York, New York.",,,,,,,,,,,,,,,,,
BEN,22.79,0.02799,0.02224,24.117,6.576,1.642,8697100288,1667100032.0,-97662496.0,22.59,22.71,22.835,22.625,24.37,16.25,,2845728,5088891,11976624128,1.458,0.056199998,1.28,2025-06-27 01:00:00,"Franklin Resources, Inc.","Franklin Resources, Inc. is a publicly owned asset management holding company. Through its subsidiaries, the firm provides its services to individuals, institutions, pension plans, trusts, and partnerships. It launches equity, fixed income, balanced, and multi-asset mutual funds through its subsidiaries. The firm invests in the public equity, fixed income, and alternative markets. Franklin Resources, Inc. was founded in 1947 and is based in San Mateo, California with an additional office in Calgary, Canada; Dubai, United Arab Emirates; Edinburgh, United Kingdom; Fort Lauderdale, United States; Hyderabad, India; London, United Kingdom; Rancho Cordova, United states; Shanghai, China; Singapore; Stamford, United States; and Vienna, Austria.",,8.02,9.07,2.0,19.49,357.0,Diversified Financials,2025.0,6.0,False,False,False,False,False,False,False,False
FCX,40.22,0.14062001,0.07496,32.19,2.322,0.958,24861999104,9075999744.0,1922749952.0,41.18,41.235,41.29,40.16,52.61,27.66,,13982278,15760758,57763962880,1.632,0.0149,0.6,2025-04-15 01:00:00,Freeport-McMoRan Inc.,"Freeport-McMoRan Inc. engages in the mining of mineral properties in North America, South America, and Indonesia. It primarily explores for copper, gold, molybdenum, silver, and other metals. The company's assets include the Grasberg minerals district in Indonesia; Morenci, Bagdad, Safford, Sierrita, and Miami in Arizona; Chino and Tyrone in New Mexico; and Henderson and Climax in Colorado, North America, as well as Cerro Verde in Peru and El Abra in Chile. The company was formerly known as Freeport-McMoRan Copper & Gold Inc. and changed its name to Freeport-McMoRan Inc. in July 2014. The company was incorporated in 1987 and is headquartered in Phoenix, Arizona.",,5.7,3.44,4.0,26.23,115.0,Diversified Metals,2025.0,6.0,False,False,False,False,False,False,False,False
GRMN,200.01,0.19036,0.1105,2.181,4.095,2.615,6450353152,1809616000.0,901582016.0,198.3,198.4,200.74,198.31,246.5,158.9,,2155362,979704,38510120960,0.988,0.018,3.6,2025-09-12 01:00:00,Garmin Ltd.,"Garmin Ltd. designs, develops, manufactures, markets, and distributes a range of wireless devices worldwide. The company offers running and multi-sport watches; cycling products; smartwatch devices; scales and monitors; Garmin Connect and Garmin Connect Mobile, which are web and mobile platforms where users can track and analyze their fitness, activities and workouts, and wellness data; and Connect IQ, enables third parties to create applications that run on Garmin devices. It also provides adventure watches; outdoor handhelds and satellite communicators; golf devices; consumer automotive; dog devices; InReach and Gramin response communication device; and Dive devices. In addition, the company designs, manufactures, and markets various aircraft avionics solutions, including integrated flight decks, electronic flight displays and instrumentation, navigation and communication products, automatic flight control systems and safety-enhancing technologies, audio control systems, engine indication systems, traffic awareness and avoidance solutions, ADS-B and transponders, weather information and avoidance solutions, datalink and connectivity solutions, and portable GPS navigators and wearables, as well as service products to the aviation market. Further, it offers chartplotters and multi-function displays, cartography products, fishfinders, sonar products, autopilot systems, radars, compliant instrument displays and sensors, VHF communication radios, handhelds and wearable devices, sailing products, audio products, digital switching products, trolling motors, and lighting products; and domain controllers and infotainment units, as well as software, map database, cameras, wearables, and automotive solutions. The company sells its products through independent retailers, dealers, distributors, installation and repair shops, and original equipment manufacturers, as well as online webshop. Garmin Ltd. was founded in 1989 and is based in Schaffhausen, Switzerland.",,11.77,4.39,1.0,21.07,93.0,Consumer Durables,2025.0,6.0,False,False,False,False,False,False,False,False
IT,392.94,1.13185,0.09032,192.54,1.09,0.956,6328614912,1313431040.0,1007795904.0,399.37,399.47,401.2499,390.16,584.01,366.05,,1950510,709583,30243373056,1.233,,,1999-07-19 01:00:00,"Gartner, Inc.","Gartner, Inc. operates as a research and advisory company in the United States, Canada, Europe, the Middle East, Africa, and internationally. It operates through three segments: Research, Conferences, and Consulting. The Research segment delivers its research primarily through a subscription service that include on-demand access to published research content, data and benchmarks, and direct access to a network of research experts. The Conferences segment offers executives and teams in an organization the opportunity to learn, share, and network. The Consulting segment offers market-leading research, custom analysis, and on-the-ground support services. This segment also offers actionable solutions for IT-related priorities, including IT cost optimization, digital transformation, and IT sourcing optimization. Gartner, Inc. was founded in 1979 and is headquartered in Stamford, Connecticut.",,7.44,4.47,1.0,16.67,585.0,Software & Services,2025.0,6.0,False,False,False,False,False,False,False,False
GE,239.37,0.27197,0.03718,106.4,1.075,0.727,39680999424,9761000448.0,2622874880.0,235.89,239.72,240.8,236.51,257.47,150.2,,9064786,6578308,255261769728,1.389,0.006,1.44,2025-03-10 00:00:00,GE Aerospace,"General Electric Company, doing business as GE Aerospace, designs and produces commercial and defense aircraft engines, integrated engine components, electric power, and mechanical aircraft systems. The company operates through two reportable segments, Commercial Engines and Services, and Defense and Propulsion Technologies. The Commercial Engines and Services segment designs, develops, manufactures, maintenance, repair, and overhaul (MRO) services of jet engines and sale of spare parts for commercial airframes, business aviation, and aeroderivative applications. The Defense and Propulsion Technologies segment provides designs, develops, manufactures, and MRO services jet engines and avionics and power systems for governments, militaries and commercial airframers, as well as sale of spare parts. Its Defense and Propulsion Technologies segment also offers small turboprop engines, aeroengine mechanical transmissions, turbines, combustors and controls, additive manufacturing, propeller systems, ignition systems, sensors and engine accessories for both fixed wing and rotorcraft applications. The company operates in the United States, Europe, China, rest of Asia, the Americas, the Middle East, and Africa. General Electric Company was incorporated in 1892 and is based in Evendale, Ohio.",,12.73,5.4,2.0,31.57,62.0,Industrial Conglomerates,2025.0,6.0,False,False,False,False,False,False,False,False
GEHC,71.28,0.26444,0.05867,97.515,0.977,0.673,19798999040,3656000000.0,1576875008.0,71.89,72.6,72.61,71.215,94.8,57.65,,6306613,4920822,32638042112,1.291,0.002,0.14,2025-04-25 01:00:00,GE HealthCare Technologies Inc.,"GE HealthCare Technologies Inc. engages in the development, manufacture, and marketing of products, services, and complementary digital solutions used in the diagnosis, treatment, and monitoring of patients in the United States, Canada, and internationally. The company operates through four segments: Imaging, Advanced Visualization Solutions (AVS), Patient Care Solutions (PCS), and Pharmaceutical Diagnostics (PDx). The Imaging segment offers molecular imaging, computed tomography (CT) scanning, magnetic resonance (MR) imaging, image-guided therapy, X-ray systems, and women's health products. The AVS segment provides ultrasound, image guided therapies, and interventional solutions for screening, diagnosis, treatment, and monitoring of certain diseases in clinical areas, such as women's health, cardiovascular, and comprehensive care ultrasound as well as surgical visualization and guidance products. The PCS segment provides medical devices, consumables, services, and digital solutions. Its portfolio includes patient monitoring, diagnostic cardiology, consumables and services, digital solutions, maternal infant care, and anesthesia products. The PDx segment supplies diagnostic agents, including CT, angiography and X-ray, MR, single-photon emission computed tomography, and positron emission tomography to the radiology and nuclear medicine industries. The segment also provides contrast media pharmaceuticals that are administered to a patient prior to certain diagnostic scans to increase the visibility of tissues or structures during imaging exams; and molecular imaging agents or radiopharmaceuticals, which are molecular tracers labeled with radioisotopes. The company was formerly known as GE Healthcare Holding LLC and changed its name to GE HealthCare Technologies Inc. in December 2022. The company was incorporated in 2022 and is headquartered in Chicago, Illinois.",,14.21,4.51,2.0,21.46,309.0,Healthcare,2025.0,6.0,False,True,False,False,False,False,False,False
GEV,486.96,0.19641,0.01749,10.474,1.039,0.691,35706998784,2408999936.0,4210374912.0,490.19,493.53,496.0,480.55,500.72,150.01,,4000716,3448827,132908425216,,0.0021,1.0,2025-04-17 01:00:00,GE Vernova Inc.,"GE Vernova Inc., an energy company, engages in the provision of various products and services that generate, transfer, orchestrate, convert, and store electricity in the United States, Europe, Asia, the Americas, the Middle East, and Africa. The company operates through three segments: Power, Wind, and Electrification. The Power segment designs, manufactures, and services gas, nuclear, hydro, and steam technologies. The Wind segment offers wind generation technologies, including onshore and offshore wind turbines and blades. The Electrification segment provides grid solutions, power conversion, solar, and storage solutions; and electrification software for the transmission, distribution, conversion, storage, and orchestration of electricity from point of generation to point of consumption. The company was incorporated in 2023 and is headquartered in Cambridge, Massachusetts.",,9.09,5.61,2.0,21.75,111.0,Electrical Equipment,2025.0,6.0,False,False,False,False,False,False,False,False
GEN,29.03,0.29167998,0.06736,366.461,0.506,0.445,3935000064,1878000000.0,1312499968.0,29.36,29.56,29.63,28.9,31.72,22.74,,12971358,4718508,18005278720,1.011,0.0172,0.5,2025-05-19 01:00:00,Gen Digital Inc.,"Gen Digital Inc. engages in the provision of cyber safety solutions for or individuals, families, and small businesses. It offers security and performance management, identity protection, and online privacy, as well as technology platform. The company offers its products under Norton, Avast, Avira, AVG, and CCleaner brands. The company was formerly known as NortonLifeLock Inc. and changed its name to Gen Digital Inc. in November 2022. Gen Digital Inc. was founded in 1982 and is headquartered in Tempe, Arizona.",,7.95,3.57,2.0,14.49,585.0,Software & Services,2025.0,6.0,False,False,False,False,False,False,False,False
GNRC,127.34,0.13798,0.0679,57.434,1.974,0.772,4348682240,729518016.0,488257120.0,125.52,126.75,128.2,125.8,195.94,99.5,,1332708,866383,7523450880,1.698,,,2013-06-10 01:00:00,Generac Holdings Inc.,"Generac Holdings Inc. designs, manufactures, and distributes energy technology products and solution worldwide. The company offers residential automatic standby generators, automatic transfer switch, air-cooled engine residential standby generators, and liquid-cooled engine generators; Mobile Link, a remote monitoring system for home standby generators; residential battery storage systems; smart home solutions, such as smart thermostats and a suite of home monitoring products. It also provides smart home energy management devices and sensors for heating and cooling system; smart doorbell cameras; and portable and inverter generators; multiple portable battery solutions; manual transfer switches; outdoor power equipment, including trimmers, field and brush mowers, log splitters, stump grinders, chipper shredders, lawn and leaf vacuums, and pressure washers and water pumps; and battery-powered turf care products. In addition, the company offers commercial and industrial products comprising cleaner-burning natural gas fueled generators; light-commercial standby generators and related transfer switches; stationary generators; single-engine industrial generators; industrial standby generators; industrial transfer switches; light towers, mobile generators, commercial mobile pumps, heaters, dust-suppression equipment, and mobile energy storage systems; battery energy storage system and related inverter products; and aftermarket service parts and product accessories. Further, it provides Concerto energy-balancing software platform for controlling and dispatching distributed energy resources. The company distributes its products through independent residential dealers, industrial distributors and dealers, national and regional retailers, e-commerce partners, electrical/HVAC/solar wholesalers, solar installers, catalogs, equipment rental companies, and other equipment distributors; and directly to end users. The company was founded in 1959 and is based in Waukesha, Wisconsin.",,9.41,5.37,2.0,22.0,111.0,Electrical Equipment,2025.0,6.0,False,False,False,False,False,False,False,False
GD,278.78,0.18228,0.055999998,51.775,1.339,0.729,49208000512,5907999744.0,2482249984.0,278.53,279.45,280.05,275.52,316.9,239.2,,658046,1318429,74823434240,0.467,0.0215,6.0,2025-07-03 01:00:00,General Dynamics Corporation,"General Dynamics Corporation operates as an aerospace and defense company worldwide. It operates through four segments: Aerospace, Marine Systems, Combat Systems, and Technologies. The Aerospace segment produces and sells business jets; and offers aircraft maintenance and repair, management, aircraft-on-ground support and completion, charter, staffing, and fixed-base operator services. The Marine Systems segment designs and builds nuclear-powered submarines, surface combatants, and auxiliary ships for the United States Navy and Jones Act ships for commercial customers, as well as builds crude oil and product tankers, and container and cargo ships; provides maintenance, modernization, and lifecycle support services for navy ships; offers and program management, planning, engineering, and design support services for submarine construction programs. The Combat Systems segment manufactures land combat solutions, such as wheeled and tracked combat vehicles, Stryker wheeled combat vehicles, piranha vehicles, weapons systems, munitions, mobile bridge systems with payloads, tactical vehicles, main battle tanks, and armored vehicles; and offers modernization programs, engineering, support, and sustainment services. The Technologies segment provides information technology solutions and mission support services; mobile communication, computers, and command-and-control mission systems; intelligence, surveillance, and reconnaissance solutions to military, intelligence, and federal civilian customers; cloud services, cybersecurity, network modernization, artificial intelligence; machine learning; application development, high-performance computing, and 5G and next-generation wireless communications services; and unmanned undersea vehicle manufacturing and assembly services. The company was founded in 1899 and is headquartered in Reston, Virginia.",,17.61,6.21,2.0,33.17,62.0,Aerospace & Defense,2025.0,6.0,False,True,False,False,False,False,True,False
GIS,52.99,0.26834,0.07201,149.142,0.667,0.294,19644299264,4205700096.0,1192574976.0,52.96,53.16,53.4606,52.64,75.9,52.39,,9874999,4888598,29017378816,0.017,0.045300003,2.4,2025-04-10 01:00:00,"General Mills, Inc.","General Mills, Inc. manufactures and markets branded consumer foods worldwide. The company operates through four segments: North America Retail; International; Pet; and North America Foodservice. It offers grain, ready-to-eat cereals, refrigerated yogurt, soup, meal kits, refrigerated and frozen dough products, dessert and baking mixes, bakery flour, frozen pizza and pizza snacks, snack bars, fruit and savory snacks, ice cream and frozen desserts, unbaked and fully baked frozen dough products, frozen hot snacks, ethnic meals, side dish mixes, frozen breakfast and entrees, nutrition bars, and frozen and shelf-stable vegetables. The company also manufactures and markets pet food products, including dog and cat food; and operates ice cream parlors. It markets its products under the Annie's, Betty Crocker, Bisquick, Blue Buffalo, Bugles, Cascadian Farm, Cheerios, Chex, Cinnamon Toast Crunch, Cocoa Puffs, Cookie Crisp, Dunkaroos, Edgard & Cooper, Fiber One, Fruit by the Foot, Fruit Gushers, Fruit Roll-Ups, Gardetto's, Gold Medal, Golden Grahams, Häagen-Dazs, Kitano, Kix, Lärabar, Latina, Lucky Charms, Muir Glen, Nature Valley, Nudges, Oatmeal Crisp, Old El Paso, Pillsbury, Progresso, Tastefuls, Total, Totino's , Trix, True Chews, True Solutions, Wanchai Ferry, Wheaties, Wilderness, and Yoki brands. The company sells its products to grocery stores, mass merchandisers, membership stores, natural food chains, drug, dollar and discount chains, e-commerce retailers, commercial and noncommercial foodservice distributors and operators, restaurants, convenience stores, and pet specialty stores. General Mills, Inc. was founded in 1866 and is headquartered in Minneapolis, Minnesota.",,13.21,3.19,2.0,25.79,227.0,Food Products,2025.0,6.0,False,False,False,False,False,False,False,False
GM,48.2,0.08557,0.02755,201.974,1.212,0.958,188447997952,18460999680.0,1306000000.0,48.09,48.42,48.735,47.79,61.24,38.96,,7130405,12571069,46341169152,1.344,0.0124,0.6,2025-06-06 01:00:00,General Motors Company,"General Motors Company designs, builds, and sells trucks, crossovers, cars, and automobile parts worldwide. The company operates through GM North America, GM International, Cruise, and GM Financial segments. It markets its vehicles primarily under the Buick, Cadillac, Chevrolet, GMC, Baojun, and Wuling brand names. In addition, the company sells trucks, crossovers, cars, and automobile parts through retail dealers, distributors and dealers, as well as to fleet customers, including daily rental car companies, commercial fleet customers, leasing companies, and governments. Further, it offers software-enabled services and subscriptions; and various range of after-sale services through dealer network, such as maintenance, light repairs, collision repairs, vehicle accessories, and extended service warranties. Additionally, the company provides automotive financing; and software-enabled services and subscriptions. General Motors Company was founded in 1908 and is headquartered in Detroit, Michigan.",,14.07,5.33,4.0,27.6,48.0,Automobiles,2025.0,6.0,False,False,False,False,False,False,False,False
GPC,119.77,0.19131,0.04816,136.683,1.15,0.438,23569006592,1902893056.0,-12288375.0,118.87,119.25,119.81,118.56,149.22,104.01,,1633915,1388082,16622877696,0.774,0.0344,4.12,2025-06-06 01:00:00,Genuine Parts Company,"Genuine Parts Company distributes automotive and industrial replacement parts. It operates in two segments, Automotive Parts Group and Industrial Parts Group. The company distributes automotive parts, accessories and solutions and replacement parts for hybrid and electric vehicles, trucks, SUVs, buses, motorcycles, farm equipment, and heavy duty equipment; and equipment parts and technologies. It also offers automotive parts, including brakes, batteries, filters, engine components, tools, accessories, and fluids; custom services, such as paint mixing, hydraulic hose assembly, battery testing, and key cutting; and accessories, tools, and equipment for servicing heavy duty and diesel vehicles, as well as operates service and mechanical repair centers for heavy vehicles. In addition, the company operates independent repair shops and auto care centers under the NAPA brand; and NAPA online, an online platform to browse, purchase, and have automotive products, as well as provides DIY workshops and training sessions to customers. Further, it provides abrasives, adhesives, sealants and tape, bearings, chemicals, cutting tools, electrical, facility maintenance, hose and fittings, hydraulics, janitorial, mechanical power transmission, pneumatics, process pumps and equipment, safety, seals and gaskets, tools and testing instruments, as well as inventory management, asset repair and tracking, vendor managed inventory, radio frequency identification asset management, gearbox and fluid power assembly and repair, process pump assembly and repair, drive shaft repair, electrical panel assembly and repair, and hose and gasket manufacture and assembly services. The company was incorporated in 1928 and is headquartered in Atlanta, Georgia.",,5.12,3.24,1.0,12.31,265.0,Retailing,2025.0,6.0,False,False,False,False,False,False,False,False
GILD,108.5,0.32654998,0.121429995,130.789,1.369,1.061,28735000576,13724000256.0,9989000192.0,108.0,108.87,110.16,107.3,119.96,66.01,,23268120,9138669,134966403072,0.311,0.0291,3.16,2025-06-13 01:00:00,"Gilead Sciences, Inc.","Gilead Sciences, Inc., a biopharmaceutical company, discovers, develops, and commercializes medicines in the areas of unmet medical need in the United States, Europe, and internationally. The company provides Biktarvy, Genvoya, Descovy, Odefsey, Truvada, Complera/ Eviplera, Stribild, Sunlencs, and Atripla products for the treatment of HIV/AIDS; Veklury, an injection for intravenous use, for the treatment of COVID-19; and Epclusa, Harvoni, Vemlidy, and Viread for the treatment of viral hepatitis. It also offers Yescarta, Tecartus, and Trodelvy products for the treatment of oncology; Letairis, an oral formulation for the treatment of pulmonary arterial hypertension; and AmBisome, a liposomal formulation for the treatment of serious invasive fungal infections. The company has collaboration agreements with Arcus Biosciences, Inc.; Merck Sharp & Dohme Corp.; Pionyr Immunotherapeutics Inc.; Tizona Therapeutics, Inc.; Galapagos NV; Janssen Sciences Ireland Unlimited Company; Japan Tobacco, Inc.; Dragonfly Therapeutics, Inc.; Arcellx, Inc.; Everest Medicines; Merck & Co, Inc.; Tentarix Biotherapeutics Inc.; Marengo Therapeutics; and Assembly Biosciences, Inc. It also has research collaboration, option, and license agreement with Merus N.V. for the discovery of novel dual tumor-associated antigens (TAA) targeting trispecific antibodies. The company has a collaboration with Terray Therapeutics, Inc. to discover and develop small molecule therapies; and LEO Pharma to develop, manufacture, and commercialize the small molecule oral STAT6 program. The company was incorporated in 1987 and is headquartered in Foster City, California.",,14.82,4.9,2.0,21.82,501.0,Pharmaceuticals,2025.0,6.0,False,True,False,False,False,False,False,False
GPN,76.63,0.07102,0.03233,73.574,0.944,0.561,10097805312,4423721984.0,3779338752.0,76.16,76.9,77.465,76.3,120.0,65.93,,3271617,3664864,18688524288,0.936,0.012999999,1.0,2025-06-13 01:00:00,Global Payments Inc.,"Global Payments Inc. provides payment technology and software solutions for card, check, and digital-based payments in the Americas, Europe, and the Asia-Pacific. It operates through two segments, Merchant Solutions and Issuer Solutions. The Merchant Solutions segment offers authorization, settlement and funding, customer support, chargeback resolution, reconciliation and dispute management, terminal rental, sales and deployment, payment security, and consolidated billing and reporting services. This segment also provides an array of enterprise software solutions that streamline business operations of its customers in various vertical markets; and value-added solutions and services, such as point-of-sale software, analytics and customer engagement, payroll and reporting, and human capital management. The Issuer Solutions segment offers solutions that enable financial institutions and retailers to manage their card portfolios through a platform; and commercial payments, accounts payables, and electronic payment alternatives solutions for businesses and governments. It markets its products and services through direct sales force, trade associations, agent and enterprise software providers, referral arrangements with value-added resellers, and independent sales organizations. The company was founded in 1967 and is headquartered in Atlanta, Georgia.",,11.18,4.12,1.0,20.28,585.0,Software & Services,2025.0,6.0,False,False,False,False,False,False,False,False
GL,120.59,0.20471,0.03194,58.407,0.639,0.503,5842352128,1517460992.0,1351823232.0,119.71,120.18,121.21,119.65,133.76,80.36,,888931,641870,9953847296,0.564,0.009,1.08,2025-07-03 01:00:00,Globe Life Inc.,"Globe Life Inc., through its subsidiaries, provides various life and supplemental health insurance products, and annuities to lower middle- and middle-income families in the United States. The company operates through three segments: Life Insurance, Supplemental Health Insurance, and Investments. It offers whole, term, and other life insurance products; and Medicare supplement and limited-benefit supplemental health insurance products, such as accident, cancer, critical illness, heart, intensive care, and other health products. The company sells its products through its direct-to-consumer division, exclusive agencies, and independent agents. The company was formerly known as Torchmark Corporation and changed its name to Globe Life Inc. in August 2019. Globe Life Inc. was founded in 1900 and is headquartered in McKinney, Texas.",,11.86,10.42,2.0,23.61,186.0,Insurance,2025.0,6.0,False,False,False,False,False,False,False,False
GDDY,174.87,2.45696,0.07782,1945.769,0.556,0.326,4658999808,1113699968.0,958425024.0,176.42,175.71,177.37,174.37,216.0,136.745,,2132892,1495893,24916875264,1.075,,,,GoDaddy Inc.,"GoDaddy Inc. engages in the design and development of cloud-based products in the United States and internationally. It operates in two segments: Applications and Commerce (A&C), and Core Platform (Core). The A&C segment offers applications products, including Websites + Marketing, a mobile-optimized online tool that enables customers to build websites and e-commerce enabled online stores; and Managed WordPress, a streamlined and optimized website building that allows customers to build and manage a WordPress site; Managed WooCommerce Stores to sell anything and anywhere online; and marketing tools and services, such as GoDaddy Studio mobile application, search engine optimization, Meta and Google My Business, and email and social media marketing designed to help businesses acquire and engage customers and create content. The segment also offers connected commerce comprising Smart Terminal, a dual screen all-in-one point-of-sale system that allows customers to manage in-store inventory and product catalogs and accept payments; GoDaddy Payments, a payment facilitator that enables customers to accept various forms of payments; and email service plans with a multi-feature web interface, and Microsoft 365 accounts that connects to customers' domains. The Core segment offers domain products, including primary registrations, domain aftermarket platform, and domain name add-ons, as well as GoDaddy Registry, a provider of domain name registry services; and hosting and security services comprising shared website hosting and virtual private servers, as well as security products with a suite of tools designed to help secure customers' online presence. The company serves small businesses, individuals, organizations, developers, designers, and domain investors. GoDaddy Inc. was founded in 1997 and is headquartered in Tempe, Arizona.",,8.79,5.19,2.0,18.44,585.0,Software & Services,2025.0,6.0,False,False,False,False,False,False,False,False
GS,640.8,0.12222,0.008590001,593.344,1.542,1.412,53043998720,,,635.24,638.83,642.64,636.69,672.19,437.37,,4112752,2617932,196623695872,1.314,0.0187,12.0,2025-05-30 01:00:00,"The Goldman Sachs Group, Inc.","The Goldman Sachs Group, Inc., a financial institution, provides a range of financial services for corporations, financial institutions, governments, and individuals in the Americas, Europe, the Middle East, Africa, and Asia. It operates through Global Banking & Markets, Asset & Wealth Management, and Platform Solutions segments. The Global Banking & Markets segment provides financial advisory services, including strategic advisory assignments related to mergers and acquisitions, divestitures, corporate defense activities, restructurings, and spin-offs; equity and debt underwriting of public offerings and private placements; relationship lending and acquisition financing; secured lending through structured credit and asset-backed lending, such as warehouse, residential and commercial mortgage, corporate, consumer, auto, and student loans; financing through securities purchased under agreements to resell; and commodity financing through structured transactions. This segment also offers client execution activities for cash and derivative instruments; credit and interest rate products; and provision of mortgages, currencies, commodities, and equities related products. Its Asset & Wealth Management segment manages assets across various classes, including equity, fixed income, hedge funds, credit funds, private equity, real estate, currencies, commodities, and asset allocation strategies; and provides customized investment advisory solutions, wealth advisory services, personalized financial planning, and private banking services, as well as invests in corporate equity, credit, real estate, and infrastructure assets. The Platform Solutions segment offers credit cards; and transaction banking and other services, such as deposit-taking, payment solutions, and other cash management services for corporate and institutional clients. The Goldman Sachs Group, Inc. was founded in 1869 and is headquartered in New York, New York.",,13.47,11.01,2.0,25.22,357.0,Diversified Financials,2025.0,6.0,False,False,False,False,False,False,False,False
HAL,22.28,0.21004,0.09115,82.371,1.98,1.204,22556999680,4727000064.0,1766875008.0,22.28,22.37,22.5317,22.03,37.08,18.72,,11865426,14957487,19154450432,1.141,0.0305,0.68,2025-06-04 01:00:00,Halliburton Company,"Halliburton Company provides products and services to the energy industry worldwide. It operates in two segments, Completion and Production, and Drilling and Evaluation. The Completion and Production segment offers production enhancement services that include stimulation and sand control services; cementing services, such as well bonding and casing, and casing equipment; and completion tools that offer downhole solutions and services, including well completion products and services, intelligent well completions, liner hanger systems, sand control systems, multilateral systems, and service tools. This segment also provides electrical submersible pumps, as well as artificial lift services; production solutions comprising coiled tubing, hydraulic workover units, downhole tools, and pumping and nitrogen services; pipeline and process services, such as pre-commissioning, commissioning, maintenance, and decommissioning; and specialty chemicals and services. The Drilling and Evaluation segment offers drilling fluid systems, performance additives, completion fluids, solids control, specialized testing equipment, and waste management services; drilling systems and services; wireline and perforating services consists of open-hole logging, and cased-hole and slickline; and drill bits and services comprising roller cone rock bits, fixed cutter bits, hole enlargement, and related downhole tools and services, as well as coring equipment and services. This segment also provides cloud based digital services and artificial intelligence solutions on an open architecture for subsurface insights, integrated well construction, and reservoir and production management; testing and subsea services, such as acquisition and analysis of reservoir information and optimization solutions; and project management and integrated asset management services. Halliburton Company was founded in 1919 and is based in Houston, Texas.",,6.79,6.84,2.0,23.84,73.0,Energy Services,2025.0,6.0,False,False,False,False,False,False,False,False
HIG,126.12,0.18495001,0.03079,25.92,1.788,1.002,26946000896,4153999872.0,5297249792.0,124.9,125.43,126.97,125.335,132.09,98.16,,2967242,1603403,35831070720,0.706,0.0165,2.08,2025-06-02 01:00:00,"The Hartford Insurance Group, Inc.","The Hartford Insurance Group, Inc., together with its subsidiaries, provides insurance and financial services to individual and business customers in the United States, the United Kingdom, and internationally. Its Business Insurance segment offers insurance coverages, including workers' compensation, property, automobile, general and professional liability, package business, umbrella, fidelity and surety, marine, livestock, accident, health, and reinsurance through regional offices, branches, sales and policyholder service centers, independent retail agents and brokers, wholesale agents, and reinsurance brokers. The company's Personal Insurance segment provides automobile, homeowners, and personal umbrella coverages through direct-to-consumer channels and independent agents. Its Property & Casualty Other Operations segment offers coverage for asbestos and environmental exposures. The company's Employee Benefits segment provides group life, disability, and other group coverages to members of employer groups, associations, and affinity groups through direct insurance policies; reinsurance to other insurance companies; employer paid and voluntary product coverages; disability underwriting, administration, and claims processing to self-funded employer plans; and leave management solution. This segment also distributes its group insurance products and services through brokers, consultants, third-party administrators, trade associations, and private exchanges. Its Hartford Funds segment offers managed mutual funds across various asset classes; and exchange-traded funds through broker-dealer organizations, independent financial advisers, defined contribution plans, financial consultants, bank trust groups, and registered investment advisers, as well as investment management, distribution, and administrative services, such as product design, implementation, and oversight. The Hartford Insurance Group, Inc. was founded in 1810 and is headquartered in Hartford, Connecticut.",,9.25,6.36,1.0,16.96,186.0,Insurance,2025.0,6.0,False,False,False,False,False,False,False,False
HAS,68.63,0.39041,0.087139994,280.61,1.655,1.205,4265299968,1012400000.0,522600000.0,67.93,68.725,68.85,67.9,73.46,49.0,,2353232,2099253,9617052672,0.556,0.040799998,2.8,2025-05-21 01:00:00,"Hasbro, Inc.","Hasbro, Inc., together with its subsidiaries, operates as a toy and game company in the United States, Europe, Canada, Mexico, Latin America, Australia, China, and Hong Kong. The company offers trading cards and collectibles, action figures, arts and crafts and creative play products, dolls, play sets, preschool toys, plush products, vehicles and toy-related specialty products, sports action products and accessories, and other consumer products; and licensed products, such as apparel, publishing products, home goods and electronics, and toy products. It also engages in the sourcing, marketing, and sale of toy and game products; and promotes its brands through the out-licensing of trademarks, characters, and other brand and intellectual property rights to third parties through the sale of branded consumer products, such as toys and apparel. In addition, the company is involved in the promotion of its brands through the development of trading cards, role-playing, and digital game experiences based on Hasbro and Wizards of the Coast games; and license certain brands to other third-party digital game developers who transform Hasbro brand-based characters and other intellectual properties, into digital gaming experiences. Further, it develops and produces of Hasbro-branded entertainment content, including film, television, children's programming, digital content, and live entertainment. The company sells its products to retailers, distributors, wholesalers, discount stores, specialty hobby stores, drug stores, mail order houses, catalog stores, department stores, and other traditional retailers, as well as ecommerce retailers under the MAGIC: THE GATHERING, Hasbro Gaming, PLAY-DOH, TRANSFORMERS, DUNGEONS & DRAGONS, PEPPA PIG, and NERF as well as LUCASFILMS' STAR WARS, BEYBLADE, Final Fantasy, The Lord of the Rings, Fallout, SPIDER-MAN, and THE AVENGERS brands. Hasbro, Inc. was founded in 1923 and is headquartered in Pawtucket, Rhode Island.",,3.38,2.7,2.0,7.28,93.0,Consumer Durables,2025.0,6.0,False,False,False,False,False,False,False,False
HCA,377.5,16.05769,0.11607,,1.193,0.899,71584997376,14218999808.0,3314249984.0,376.86,375.72,379.36,373.73,417.14,289.98,,1206272,1567595,90816684032,1.504,0.0076,2.88,2025-06-16 01:00:00,"HCA Healthcare, Inc.","HCA Healthcare, Inc., through its subsidiaries, owns and operates hospitals and related healthcare entities in the United States. It operates general and acute care hospitals that offers medical and surgical services, including inpatient care, intensive care, cardiac care, diagnostic, and emergency services; and outpatient services, such as outpatient surgery, laboratory, radiology, respiratory therapy, cardiology, and physical therapy. The company also operates outpatient health care facilities consisting of freestanding ambulatory surgery centers, freestanding emergency care facilities, urgent care facilities, walk-in clinics, diagnostic and imaging centers, rehabilitation and physical therapy centers, radiation and oncology therapy centers, physician practices, and various other facilities. In addition, it operates behavioral hospitals, which provide therapeutic programs comprising child, adolescent and adult psychiatric care, adolescent and adult alcohol, drug abuse treatment, and counseling services. The company was formerly known as HCA Holdings, Inc. HCA Healthcare, Inc. was founded in 1968 and is headquartered in Nashville, Tennessee.",,18.43,4.81,3.0,27.74,309.0,Healthcare,2025.0,6.0,False,False,False,False,False,False,False,False
DOC,17.1,0.0332,0.017439999,103.846,1.679,0.661,2796777984,1608579968.0,753127744.0,17.05,17.12,17.358,17.09,23.26,16.64,,10730033,6193303,11879917568,1.013,0.0713,1.22,2025-06-16 01:00:00,"Healthpeak Properties, Inc.","Healthpeak Properties, Inc. is a fully integrated real estate investment trust (REIT) and S&P 500 company. Healthpeak owns, operates, and develops high-quality real estate focused on healthcare discovery and delivery.",,3.52,3.52,1.0,11.6,509.0,Real Estate,2025.0,6.0,False,False,False,False,False,False,False,False
HSIC,71.98,0.084680006,0.04612,68.32,1.384,0.585,12668999680,1029000000.0,548625024.0,71.13,71.73,72.96,71.29,82.49,60.56,,3332857,1520803,8997860352,0.867,,,,"Henry Schein, Inc.","Henry Schein, Inc. provides health care products and services to office-based dental and medical practitioners, and alternate sites of care worldwide. It operates through Global Distribution and Value-Added Services; Global Specialty Products; and Global Technology segments. The company offers dental merchandise, including infection-control products, handpieces, preventatives, impression materials, composites, anesthetics, teeth, dental implants, gypsum, acrylics, articulators, abrasives, and PPE products; dental equipment, such as dental chairs, delivery units and lights, digital dental laboratories, X-ray supplies and equipment, and high-tech and digital restoration equipment, as well as equipment repair; and branded and generic pharmaceuticals, vaccines, surgical products, diagnostic tests, and vitamins. It also provides financial services on a nonrecourse basis, education services for practitioners, consulting, and other services; and consumable merchandise under its own brand. In addition, the company manufactures, markets, and sells dental implant and biomaterial products; and endodontic, orthodontic and orthopedic products and other health care-related products and services. Further, it is involved in the development and distribution of practice management software, e-services, and other products to health care providers. The company serves customers in dental practices, laboratories, physician practices, and ambulatory surgery centers, as well as government, institutional health care clinics and other alternate care clinics. Henry Schein, Inc. was founded in 1932 and is headquartered in Melville, New York.",,5.95,5.78,3.0,14.5,309.0,Healthcare,2025.0,6.0,False,True,False,False,False,False,False,False
HSY,171.45,0.37483,0.109639995,134.279,1.593,0.794,10754932736,2778831872.0,1252741120.0,169.72,170.0,173.74,170.0,208.03,140.13,,4180728,1674106,34736455680,0.283,0.032,5.48,2025-05-16 01:00:00,The Hershey Company,"The Hershey Company, together with its subsidiaries, engages in the manufacture and sale of confectionery products and pantry items in the United States and internationally. The company operates through three segments: North America Confectionery, North America Salty Snacks, and International. It offers chocolate and non-chocolate confectionery products; gum and mint refreshment products, including mints, chewing gums, and bubble gums; protein bars; pantry items, such as baking ingredients, toppings, beverages, and sundae syrups; and snack items comprising spreads, bars, snack bites, mixes, popcorn, and pretzels. The company provides its products primarily under the Hershey's, Reese's, Kisses, Jolly Rancher, Almond Joy, Brookside, barkTHINS, Cadbury, Good & Plenty, Heath, Kit Kat, Payday, Rolo, Twizzlers, Sour Strips, Whoppers, York, Ice Breakers, Breath Savers, Bubble Yum, Lily's, SkinnyPop, Pirates Booty, Dot's Homestyle Pretzels, and ONE Bar brands, as well as under the Pelon Pelo Rico, IO-IO, and Sofit brands. It markets and sells its products to wholesale distributors, chain grocery stores, mass merchandisers, chain drug stores, vending companies, wholesale clubs, convenience stores, dollar stores, concessionaires, and department stores. The company exports its products in approximately 80 countries worldwide. The Hershey Company was founded in 1894 and is headquartered in Hershey, Pennsylvania.",,10.06,4.09,2.0,24.12,227.0,Food Products,2025.0,6.0,False,False,False,False,False,False,False,False
HES,144.46,0.22753,0.096829996,76.69,1.079,0.868,12270000128,6723999744.0,717249984.0,143.66,143.62,145.13,143.27,161.69,123.79,,2690031,1957379,44677292032,0.626,0.0138,2.0,2025-06-16 01:00:00,Hess Corporation,"Hess Corporation, an exploration and production company, explores, develops, produces, purchases, transports, and sells crude oil, natural gas liquids, and natural gas in the United States, Guyana, the Malaysia/Thailand Joint Development Area, and Malaysia. It operates in two segments, Exploration and Production, and Midstream. The company also conduct exploration activities principally offshore Guyana, in the U.S. Gulf of America, and offshore Suriname. In addition, the company is involved in gathering, compressing, and processing natural gas; fractionating natural gas liquids; gathering, terminaling, loading, and transporting crude oil and natural gas liquids; and storing and terminaling propane, as well as providing water handling services primarily in the Bakken Shale plays in the Williston Basin area of North Dakota. Hess Corporation was incorporated in 1920 and is headquartered in New York, New York.",,8.73,6.99,2.0,37.37,163.0,Oil & Gas Producers,2025.0,6.0,False,False,False,False,False,False,False,False
HPE,17.96,0.06373,0.023120001,73.382,1.287,0.794,31648999424,4797000192.0,81000000.0,17.78,18.025,18.1895,17.78,24.66,11.965,,33358982,20119840,23567470592,1.329,0.029000001,0.52,2025-06-18 01:00:00,Hewlett Packard Enterprise Company,"Hewlett Packard Enterprise Company provides solutions that allow customers to capture, analyze, and act upon data seamlessly in the Americas, Europe, the Middle East, Africa, the Asia Pacific, and Japan. It operates in five segments: Server, Hybrid Cloud, Intelligent Edge, Financial Services, and Corporate Investments and Other. The company offers general purpose servers for multi-workload computing and workload-optimized servers; HPE ProLiant Rack and Tower servers; HPE Synergy, a composable infrastructure for traditional and cloud-native applications; HPE Scale Up Servers product lines for critical applications, including large enterprise software applications and data analytics platforms; HPE Edgeline servers; HPE Cray EX; HPE Cray XD; and HPE NonStop. It also provides HPE Aruba products include hardware products, such as Wi-Fi access points, switches, and gateways; HPE Aruba Networking software and services comprising cloud-based management, network management and access control, software-defined wide-area networking, network security, analytics and assurance, location services software, private and public cellular core software, and professional and support services, as well as as-a-service and consumption models through the HPE GreenLake cloud for the Intelligent Edge portfolio of products. In addition, the company offers leasing, financing, IT consumption, utility programs, and asset management services for customers to facilitate technology deployment models and the acquisition of various IT solutions, including hardware, software, and services from Hewlett Packard Enterprise and others; consultative-led services; HPE and partner technology expertise and advice, and implementation services, as well as solution engagement capabilities; the Communications and Media Solutions (CMS) that offers software and related services; and Hewlett Packard Labs for research and development. It serves commercial and large enterprise groups, such as business and public sector enterprises; and through various partners comprising resellers, distribution partners, original equipment manufacturers, independent software vendors, systems integrators, and advisory firms. The company was founded in 1939 and is headquartered in Spring, Texas.",,6.64,4.15,2.0,11.67,238.0,Technology Hardware,2025.0,6.0,False,False,False,False,False,False,False,False
HLT,248.86,,0.09246001,,0.572,0.477,4759000064,2516000000.0,1668749952.0,247.56,249.29,250.8,246.62,275.22,196.04,,2279682,2283835,59154022400,1.25,0.0023999999,0.6,2025-05-23 01:00:00,Hilton Worldwide Holdings Inc.,"Hilton Worldwide Holdings Inc., a hospitality company, engages in managing, franchising, owning, and leasing hotels and resorts. It operates in two segments, Management and Franchise, and Ownership. The company engages in the hotel management and licensing of its brand names, trademarks, and service marks. It operates a portfolio of luxury, lifestyle, full service, focused service, all-suites, timeshare, and economy hotels under the Waldorf Astoria Hotels & Resorts, Waldorf Astoria Costa Rica Punta Cacique, LXR Hotels & Resorts, Conrad Hotels & Resorts, Canopy by Hilton, Curio Collection by Hilton, Tapestry Collection by Hilton, Tempo by Hilton, Motto by Hilton, NoMad Hotels, Signia by Hilton, Hilton Hotels & Resorts, Graduate by Hilton, DoubleTree by Hilton, Embassy Suites by Hilton, Hilton Garden Inn, Hampton by Hilton, Tru by Hilton, Spark by Hilton, Homewood Suites by Hilton, Home2 Suites by Hilton, LivSmart Studios by Hilton, and Hilton Grand Vacations brand names. The company has operations in North America, South America, and Central America, including various Caribbean nations; Europe, the Middle East, and Africa; and the Asia Pacific. Hilton Worldwide Holdings Inc. was founded in 1919 and is headquartered in McLean, Virginia.",,7.81,3.14,2.0,17.76,209.0,Consumer Services,2025.0,6.0,False,False,False,False,False,False,False,False
HOLX,64.48,0.11766,0.069180004,54.799,3.242,2.294,4026500096,1252300032.0,775875008.0,63.97,64.42,64.95,63.83,84.67,51.9,,5573110,3604035,14369045504,0.548,,,,"Hologic, Inc.","Hologic, Inc. engages in the development, manufacture, and supply of diagnostics products, medical imaging systems, and surgical products for women's health through early detection and treatment worldwide. The company operates through four segments: Diagnostics, Breast Health, GYN Surgical, and Skeletal Health. It provides Aptima molecular diagnostic assays to detect the infectious microorganisms; Aptima viral load assays for Hepatitis B virus, Hepatitis C virus, human immunodeficiency virus, and human cytomegalo virus; Aptima bacterial vaginosis and candida vaginitis assays for the diagnosis of vaginitis; Aptima SARS-CoV-2 and Panther Fusion SARS-CoV-2 assays to detect SARS-CoV-2; ThinPrep System for cytology applications; and Rapid Fetal Fibronectin Test that assists physicians in assessing the risk of pre-term birth. The company also offers breast cancer care solutions in the areas of radiology, breast surgery, pathology, and treatment, such as 3D digital mammography systems, image analytics software, reading workstations, minimally invasive breast biopsy guidance systems, breast biopsy site markers, localization, and specimen radiology solutions; and breast conserving surgery products. In addition, it provides MyoSure Hysteroscopic Tissue Removal System for the removal of fibroids and polyps in the uterus; NovaSure Endometrial Ablation System to treat abnormal uterine bleeding; Fluent Fluid Management System that provides liquid distention during diagnostic and operative hysteroscopic procedures; Acessa ProVu system to treat various fibroids; and CoolSeal portfolio, such as bipolar vessel sealing devices. Further, it offers Horizon DXA, a dual energy X-ray system; and Fluoroscan Insight FD mini C-arm to perform minimally invasive orthopedic surgical procedures. It sells its products through direct sales, service forces, independent distributors, and sales representatives. The company was incorporated in 1985 and is headquartered in Marlborough, Massachusetts.",,12.27,5.32,2.0,21.85,309.0,Healthcare,2025.0,6.0,False,True,False,False,False,False,False,False
HD,349.62,2.9951901,0.15122,778.781,1.093,0.23,162952003584,25497999360.0,10957625344.0,347.03,347.49,351.21,346.8159,439.37,326.31,,3958575,3556214,347846737920,1.018,0.026300002,9.2,2025-06-05 01:00:00,"The Home Depot, Inc.","The Home Depot, Inc. operates as a home improvement retailer in the United States and internationally. It sells various building materials, home improvement products, lawn and garden products, and décor products, as well as facilities maintenance, repair, and operations products. The company also offers installation services for flooring, water heaters, baths, garage doors, cabinets, cabinet makeovers, countertops, sheds, furnaces and central air systems, and windows. In addition, it provides tool and equipment rental services. The company serves consumers, such as do-it-yourself homeowners and do-it-for-me customers; and professional renovators/remodelers, general contractors, small to medium homebuilders, maintenance professionals, handymen, property managers, building service contractors and specialty tradespeople, such as electricians, landscapers, plumbers, painters, pool contractors, and roofers. It sells its products through websites and its mobile applications, including homedepot.com; homedepot.ca and homedepot.com.mx; blinds.com, justblinds.com, and americanblinds.com for custom window coverings; thecompanystore.com, an online site for textiles and décor products; hdsupply.com for maintenance, repair, and operations products and related services; and srsdistribution.com, heritagelandscapesupplygroup.com, and heritagepoolsupplygroup.com for roofing and building materials, landscape, and pool products; and The Home Depot stores. The Home Depot, Inc. was incorporated in 1978 and is headquartered in Atlanta, Georgia.",,6.53,2.65,2.0,12.78,265.0,Retailing,2025.0,6.0,False,False,False,False,False,False,False,False
HON,221.8,0.32676998,0.07409,188.514,1.253,0.837,39215001600,9765999616.0,4354625024.0,221.87,223.1,223.4,220.2,242.77,179.36,,5875079,4197572,142674411520,1.069,0.020399999,4.52,2025-05-16 01:00:00,Honeywell International Inc.,"Honeywell International Inc. engages in the aerospace technologies, industrial automation, building automation, and energy and sustainable solutions businesses in the United States, Europe, and internationally. The company's Aerospace Technologies segment offers auxiliary power units, propulsion engines, integrated avionics, environmental control and electric power systems, engine controls, flight safety, communications, navigation hardware, data and software applications, radar and surveillance systems, aircraft lighting, advanced systems and instruments, satellite and space components, and aircraft wheels and brakes; thermal systems; and spare parts; repair, overhaul, and maintenance services; and wireless connectivity services. Its Industrial Automation segment provides automation control and instrumentation products and services; smart energy products; sensing technologies with custom-engineered sensors and services; gas detection technologies and personal protective equipment; and system design automation equipment, as well as software and analytics for manufacturing, distribution, and fulfillment operations. Its Building Automation segment provides software applications for building control and optimization; sensors, switches, control systems, and instruments for energy management; access control; video surveillance; fire products; and installation, maintenance, and upgrades of systems. The company's Energy and Sustainability Solutions segment offers aviation fuels, petrochemical, refining, and natural gas liquefaction technologies; carbon management solutions; catalysts and adsorbents, equipment and aftermarket services; refrigeration and heating solutions; protective armor and medical applications; and semiconductor materials, as well as data integration and software solutions. Honeywell International Inc. was founded in 1885 and is headquartered in Charlotte, North Carolina.",,9.11,6.33,3.0,28.01,62.0,Industrial Conglomerates,2025.0,6.0,False,False,False,False,False,False,True,False
HRL,30.41,0.09373,0.047480002,35.538,2.472,1.125,11924157440,1306600960.0,449302016.0,30.16,30.12,30.53,30.11,33.8,27.59,,7404215,3045190,16722306048,0.336,0.0381,1.16,2025-07-14 01:00:00,Hormel Foods Corporation,"Hormel Foods Corporation develops, processes, and distributes various meat, nuts, and other food products to foodservice, convenience store, and commercial customers in the United States and internationally. It operates through three segments: Retail, Foodservice, and International segments. The company provides various perishable products that include fresh meats, frozen items, refrigerated meal solutions, bacons, sausages, hams, and guacamoles; and shelf-stable products comprising canned luncheon meats, nut butters, snack nuts, chili, shelf-stable microwaveable meals, hash, stews, tortillas, salsas, tortilla chips, nutritional food supplements, and others. It sells its products under the HORMEL, ALWAYS TENDER, APPLEGATE, AUSTIN BLUES, BACON 1, BLACK LABEL, BREAD READY, BURKE, CAFÉ H, CERATTI, CHI-CHI'S, COLUMBUS, COMPLEATS, CORN NUTS, CURE 81, DAN'S PRIZE, DI LUSSO, DINTY MOORE, DON MIGUEL, DOÑA MARIA, EMBASA, FAST N EASY, FIRE BRAISED, FONTANINI, HERDEZ, HORMEL GATHERINGS, HOUSE OF TSANG, JENNIE-O, JUSTIN'S, LA VICTORIA, LAYOUT, LLOYD'S, MARY KITCHEN, MR. PEANUT, NATURAL CHOICE, NUT-RITION, OLD SMOKEHOUSE, OVEN READY, PILLOW PACK, PLANTERS, ROSA GRANDE, SADLER'S SMOKEHOUSE, SKIPPY, SPAM, SQUARE TABLE, SPECIAL RECIPE, VALLEY FRESH, and WHOLLY brands through sales personnel, independent brokers, and distributors. The company was formerly known as Geo. A. Hormel & Company and changed its name to Hormel Foods Corporation in January 1995. Hormel Foods Corporation was founded in 1891 and is headquartered in Austin, Minnesota.",,10.12,4.43,2.0,25.66,227.0,Food Products,2025.0,6.0,False,False,False,False,False,False,False,False
HST,15.67,0.09996,0.03911,83.171,2.092,2.084,5816000000,1572999936.0,1235250048.0,15.73,15.85,15.88,15.6101,19.36,12.22,,13372650,10834132,11017764864,1.351,0.051,0.8,2025-06-30 01:00:00,"Host Hotels & Resorts, Inc.","Host Hotels & Resorts, Inc. is an S&P 500 company and is the largest lodging real estate investment trust and one of the largest owners of luxury and upper-upscale hotels. The Company currently owns 76 properties in the United States and five properties internationally totaling approximately 43,400 rooms. The Company also holds non-controlling interests in seven domestic and one international joint ventures. Guided by a disciplined approach to capital allocation and aggressive asset management, the Company partners with premium brands such as Marriott, Ritz-Carlton, Westin, Sheraton, W, St. Regis, The Luxury Collection, Hyatt, Fairmont, 1 Hotels, Hilton, Four Seasons, Swissôtel, ibis and Novotel, as well as independent brands.",,4.7,4.95,1.0,12.86,509.0,Real Estate,2025.0,6.0,False,False,False,False,False,False,False,False
HWM,173.34,0.28295,0.10203,72.684,2.296,0.928,7548000256,2008000000.0,790124992.0,170.23,171.71,173.46,169.06,177.25,76.83,,4528407,2885564,69972844544,1.432,0.0023,0.4,2025-05-09 01:00:00,Howmet Aerospace Inc.,"Howmet Aerospace Inc. provides advanced engineered solutions for the aerospace and transportation industries in the United States, Japan, France, Germany, the United Kingdom, Mexico, Italy, Canada, Poland, China, and internationally. It operates through four segments: Engine Products, Fastening Systems, Engineered Structures, and Forged Wheels. The Engine Products segment offers airfoils and seamless rolled rings primarily for aircraft engines and industrial gas turbines; and rotating and structural parts. The Fastening Systems segment produces aerospace fastening systems, as well as commercial transportation, industrial, and other fasteners; and latches, bearings, fluid fittings, and installation tools. The Engineered Structures segment provides titanium ingots and mill products, aluminum and nickel forgings, and machined components and assemblies for aerospace and defense applications; and titanium forgings, extrusions, and forming and machining services for airframe, wing, aero-engine, and landing gear components. The Forged Wheels segment offers forged aluminum wheels and related products for heavy-duty trucks and commercial transportation markets. The company was formerly known as Arconic Inc. Howmet Aerospace Inc. was founded in 1888 and is based in Pittsburgh, Pennsylvania.",,12.56,3.37,2.0,23.62,62.0,Aerospace & Defense,2025.0,6.0,False,False,False,False,False,False,False,False
HPQ,24.11,,0.063379996,,0.733,0.356,54298001408,4682999808.0,2612624896.0,24.18,24.46,24.75,24.085,39.8,21.21,,19506048,9493362,22645872640,1.313,0.048,1.16,2025-09-10 01:00:00,HP Inc.,"HP Inc. provides personal computing, printing, 3D printing, hybrid work, gaming, and other related technologies in the United States and internationally. The company operates through three segments: Personal Systems, Printing, and Corporate Investments. The Personal Systems segment offers commercial and consumer desktops and notebooks, workstations, thin clients, retail point-of-sale systems, displays, software, support, and services, as well as hybrid systems. The Printing segment provides consumer and commercial printer hardware, supplies, solutions, and services, as well as focuses on graphics and 3D printing and personalization solutions in the commercial and industrial markets. The Corporate Investments segment is involved in the business incubation and investment projects. It serves individual consumers, small- and medium-sized businesses, and large enterprises. The company was formerly known as Hewlett-Packard Company and changed its name to HP Inc. in October 2015. HP Inc. was founded in 1939 and is headquartered in Palo Alto, California.",,5.88,4.48,2.0,10.59,238.0,Technology Hardware,2025.0,6.0,False,False,False,False,False,False,False,False
HUBB,395.79,0.25917,0.10069,61.442,1.167,0.651,5594599936,1305600000.0,640574976.0,398.73,401.26,401.85,394.91,481.345,299.425,,756916,656434,21124341760,0.983,0.013300001,5.28,2025-05-30 01:00:00,Hubbell Incorporated,"Hubbell Incorporated, together with its subsidiaries, designs, manufactures, and sells electrical and utility solutions in the United States and internationally. It operates through two segments, Electrical Solutions and Utility Solutions. The Electrical Solution segment offers standard and special application wiring device products, rough-in electrical products, connector and grounding products, lighting fixtures, and other electrical equipment for use in industrial, commercial, and institutional facilities by electrical contractors, maintenance personnel, electricians, utilities, and telecommunications companies, as well as components and assemblies. It also designs and manufactures various industrial controls, and communication systems for use in the non-residential and industrial markets, as well as in the oil and gas, and mining industries. This segment sells its products through electrical and industrial distributors, home centers, retail and hardware outlets, lighting showrooms, and residential product-oriented internet sites; and special application products primarily through wholesale distributors to contractors, industrial customers, and original equipment manufacturers. The Utility Solution segment designs, manufactures, and sells electrical distribution, transmission, substation, and telecommunications products, such as arresters, insulators, connectors, anchors, bushings, and enclosures cutoffs and switches; and utility infrastructure products, including smart meters, communications systems, and protection and control devices. This segment sells its products to distributors. Its brand portfolio includes Hubbell, Kellems, Bryant, Burndy, CMC, Bell, TayMac, Wiegmann, Killark, Hawke, Aclara, Fargo, Quazite, Hot Box, etc. The company was founded in 1888 and is headquartered in Shelton, Connecticut.",,6.07,3.17,0.0,17.94,111.0,Electrical Equipment,2025.0,6.0,False,False,False,False,False,False,False,False
HUM,239.62,0.10099,0.047220003,77.075,1.908,1.474,120262000640,4096999936.0,-2093124992.0,243.4,243.81,246.4,239.345,406.46,212.45,,1212926,1830038,28920455168,0.435,0.0148,3.54,2025-06-27 01:00:00,Humana Inc.,"Humana Inc. provides medical and specialty insurance products in the United States. It operates in two segments, Insurance and CenterWell. It offers medical care and supplemental benefit plans to individuals. The company also has a contract with Centers for Medicare and Medicaid Services to administer the Limited Income Newly Eligible Transition prescription drug plan program; and contracts with various states to provide Medicaid, dual eligible, and long-term support services benefits. In addition, it provides commercial fully-insured medical and specialty health insurance benefits comprising dental, vision, and other supplemental health benefits, as well as administrative services only products to individuals and employer groups; and military services, such as TRICARE T2017 East Region contract. Further, the company engages in the operation of pharmacy benefit manager business; operates pharmacies and senior focused primary care centers; and offers home solutions services, such as home health, hospice, and other services to its health plan members, as well as to third parties. It sells its products through employers and employees, independent brokers and agents, sales representatives, and digital insurance agencies. The company was formerly known as Extendicare Inc. and changed its name to Humana Inc. in April 1974. Humana Inc. was founded in 1961 and is headquartered in Louisville, Kentucky.",,11.85,3.84,2.0,15.83,309.0,Healthcare,2025.0,6.0,False,False,False,False,False,False,False,False
HBAN,15.84,0.103719994,0.01026,,,,7104000000,,,15.73,15.9,15.91,15.76,18.45,11.92,,27454187,22727961,23075870720,0.945,0.0392,0.62,2025-06-17 01:00:00,Huntington Bancshares Incorporated,"Huntington Bancshares Incorporated operates as the bank holding company for The Huntington National Bank that provides commercial, consumer, and mortgage banking services in the United States. The company offers financial products and services to consumer and business customers, including deposits, lending, payments, mortgage banking, dealer financing, investment management, trust, brokerage, insurance, and other financial products and services. It also provides 24-Hour Grace, Asterisk-Free Checking, Money Scout, $50 Safety Zone, Standby Cash, Early Pay, Instant Access, Savings Goal Getter, And Huntington Heads Up; digitally powered consumer and business financial solutions to consumer lending, regional banking, branch banking, and wealth management customers; direct and indirect consumer loans, as well as dealer finance loans and deposits; and private banking, wealth management and legacy planning through investment and portfolio management, fiduciary administration and trust, institutional custody, and full-service retail brokerage investment services. The company offers equipment financing, asset-based lending, distribution finance, structured lending, and municipal financing solutions, as well as Huntington ChoicePay. In addition, it offers lending, liquidity, treasury management and other payment services, and capital markets; government and non-profits, healthcare, technology and telecommunications, franchises, financial sponsors, and global services; and corporate risk management, institutional sales and trading, debt and equity issuance, and additional advisory services. The company offers its products through a network of channels, including branches and ATMs, online and mobile banking, and through customer call centers to customers in middle market banking, corporate, specialty, and government banking, asset finance, commercial real estate banking, and capital markets. The company was founded in 1866 and is headquartered in Columbus, Ohio.",,7.68,7.25,2.0,16.38,456.0,Banks,2025.0,6.0,False,False,False,False,False,False,False,False
HII,234.54,0.12271,0.036259998,71.36,1.065,0.953,11463999488,1000000000.0,-86875000.0,234.21,234.8,235.745,231.08,285.81,158.88,,467296,611724,9203138560,0.282,0.023,5.4,2025-05-30 01:00:00,"Huntington Ingalls Industries, Inc.","Huntington Ingalls Industries, Inc. designs, builds, overhauls, and repairs military ships in the United States. It operates through three segments: Ingalls, Newport News, and Mission Technologies. The company is involved in the design and construction of non-nuclear ships comprising amphibious assault ships; expeditionary warfare ships; surface combatants; and national security cutters for the U.S. Navy and U.S. Coast Guard. It also provides nuclear-powered ships, such as aircraft carriers and submarines, as well as refueling and overhaul, and inactivation services of nuclear-powered aircraft carriers. In addition, the company offers naval nuclear support services, including fleet services comprising design, construction, maintenance, and disposal activities for in-service the U.S. Navy nuclear ships; and maintenance services on nuclear reactor prototypes. Further, the company provides C5ISR systems and operations; application of artificial intelligence and machine learning to battlefield decisions; defensive and offensive cyberspace strategies and electronic warfare; uncrewed autonomous systems; live, virtual, and constructive solutions; and fleet sustainment; and critical nuclear operations. Huntington Ingalls Industries, Inc. was founded in 1886 and is headquartered in Newport News, Virginia.",,16.76,5.7,1.0,34.01,62.0,Aerospace & Defense,2025.0,6.0,False,False,False,False,False,False,True,False
IBM,280.97,0.21851,0.044689998,247.978,1.007,0.849,62832001024,13950000128.0,10564249600.0,283.21,279.28,284.12,277.2,286.91,170.41,,3921717,4450200,261132681216,0.652,0.0239,6.72,2025-05-09 01:00:00,International Business Machines Corporation,"International Business Machines Corporation, together with its subsidiaries, provides integrated solutions and services in the United States, Europe, the Middle East, Africa, Asia Pacific, and internationally. It operates through Software, Consulting, Infrastructure, and Financing segments. The Software segment offers hybrid cloud and AI platforms that allows clients to realize their digital and AI transformations across the applications, data, and environments in which they operate. Its Consulting segment focuses on skills integration for strategy, experience, technology, and operations by domain and industry. The Infrastructure segment provides on-premises and cloud based server, and storage solutions, as well as life-cycle services for hybrid cloud infrastructure deployment. Its Financing segment offers client and commercial financing, facilitates IBM clients' acquisition of hardware, software, and services. It has a strategic partnership to various companies including hyperscalers, service providers, global system integrators, and software and hardware vendors that includes Adobe, Amazon Web services, Microsoft, Oracle, Salesforce, Samsung Electronics and SAP, and others. The company was formerly known as Computing-Tabulating-Recording Co. International Business Machines Corporation was incorporated in 1911 and is headquartered in Armonk, New York.",,6.68,5.01,2.0,13.27,585.0,Software & Services,2025.0,6.0,False,False,False,False,False,False,False,False
IEX,173.15,0.12724,0.06898,50.344,2.787,1.845,3282599936,884700032.0,479100000.0,175.03,175.78,176.86,172.29,238.22,153.36,,2463247,700516,13080547328,1.056,0.0164,2.84,2025-07-11 01:00:00,IDEX Corporation,"IDEX Corporation, together with its subsidiaries, provides applied solutions worldwide. The company operates through three segments: Fluid & Metering Technologies (FMT), Health & Science Technologies (HST), and Fire & Safety/Diversified Products (FSDP). The FMT segment designs, produces, and distributes positive displacement pumps, valves, small volume provers, flow meters, injectors, and other fluid-handling pump modules and systems, as well as flow monitoring and other services for the general industrial, water and wastewater, energy, chemical, agriculture, semiconductor, and food and pharmaceutical industries. The HST segment designs, produces, and distributes precision fluidics, positive displacement pumps, powder and liquid processing technologies, drying systems, micro-precision components, pneumatic components and sealing solutions, high performance molded and extruded sealing components, custom mechanical and shaft seals, engineered hygienic mixers and valves, biocompatible medical devices and implantables, air compressors and blowers, optical components and coatings, laboratory and commercial equipment, technical ceramics and hermetic sealing products, porous material structures, flow control solutions, and precision photonic solutions. This segment serves life sciences, general industrial, analytical instruments, semiconductor, food and pharmaceutical, energy, automotive, aerospace/defense, and medical/dental markets. The FSDP segment designs, produces, and distributes firefighting pumps, valves and controls, rescue tools, engineered stainless steel banding and clamping devices, lifting bags, other components and systems, and precision equipment for dispensing, metering, and mixing colorants and paints. This segment serves the fire suppression, paint dispensing, rescue tools, automotive, general industrial, aerospace/defense, and the energy markets. The company was incorporated in 1987 and is headquartered in Northbrook, Illinois.",,11.75,5.11,1.0,30.65,275.0,Machinery,2025.0,6.0,False,False,False,False,False,False,False,False
IDXX,523.92,0.59330004,0.22982,73.159,1.16,0.676,3931835904,1341507968.0,761150144.0,519.85,518.41,525.18,517.14,530.73,356.14,,1052500,796093,42134642688,1.548,,,,"IDEXX Laboratories, Inc.","IDEXX Laboratories, Inc. develops, manufactures, and distributes products for the companion animal veterinary, livestock and poultry, dairy, and water testing industries in the United States and internationally. The company operates through three segments: Companion Animal Group; Water Quality Products; and Livestock, Poultry and Dairy. It offers in-clinic chemistry, blood and urine chemistry, hematology, immunoassay, urinalysis, cytology, and coagulation analyzers; and SNAP rapid assays test kits. The company also provides commercial reference laboratory diagnostic and consulting services to veterinarians; veterinary consultation, telemedicine, and advisory services, including radiology, dental radiography, cardiology, internal medicine, and ultrasound consulting; Colilert, Colilert-18, and Colisure tests, which detect the presence of total coliforms and E. coli in water; Enterolert, Pseudalert, Filta-Max and Filta-Max xpress, Legiolert, Quanti-Tray products, and Tecta system instruments; and veterinary software and services for independent veterinary clinics and corporate groups. In addition, it offers diagnostic tests, services, and related instrumentation for manage the health status of livestock and poultry; human medical diagnostic products and services; and VetConnect PLUS, a cloud-based technology that enables veterinarians to access and analyze patients, as well as operates VetLab Station. The company markets its products through marketing, customer service, sales, and technical service groups, as well as through independent distributors and other resellers. IDEXX Laboratories, Inc. was incorporated in 1983 and is headquartered in Westbrook, Maine.",,7.04,5.28,1.0,15.39,309.0,Healthcare,2025.0,6.0,False,True,False,False,False,False,False,False
ITW,240.62,1.07584,0.16544001,254.874,1.597,1.065,15763999744,4519000064.0,2692375040.0,241.31,242.68,243.21,239.61,279.13,214.66,,1497171,1159633,70589726720,1.119,0.0249,6.0,2025-06-30 01:00:00,Illinois Tool Works Inc.,"Illinois Tool Works Inc. manufactures and sells industrial products and equipment in the United States and internationally. It operates through seven segments: Automotive OEM; Food Equipment; Test & Measurement and Electronics; Welding; Polymers & Fluids; Construction Products; and Specialty Products. The Automotive OEM segment offers plastic and metal components, fasteners, and assemblies for automobiles, light trucks, and other industrial uses. The Food Equipment segment provides ware washing, refrigeration, cooking, and food processing equipment; kitchen exhaust, ventilation, and pollution control systems; and food equipment maintenance and repair services. The Test & Measurement and Electronics segment produces and sells equipment, consumables, and related software for testing and measuring of materials and structures, as well as equipment and consumables used in the production of electronic subassemblies and microelectronics. The Welding segment produces arc welding equipment, and metal arc welding consumables and related accessories. The Polymers & Fluids segment produces adhesives, sealants, lubrication and cutting fluids, and fluids and polymers for auto aftermarket maintenance and appearance. The Construction Products segment offers engineered fastening systems and solutions for the residential construction, renovation/remodel, and commercial construction markets. The Specialty Products segment provides beverage packaging equipment and consumables, product coding and marking equipment and consumables, and appliance components and fasteners. It serves the automotive OEM and tiers, MRO, commercial food equipment, construction, general industrial, industrial capital goods, consumer durables, automotive aftermarket, and other markets. The company distributes its products directly to industrial manufacturers, as well as through independent distributors. Illinois Tool Works Inc. was founded in 1912 and is headquartered in Glenview, Illinois.",,10.06,5.89,2.0,26.26,275.0,Machinery,2025.0,6.0,False,False,False,False,False,False,False,False
INCY,68.46,0.0046900003,0.020350002,1.176,2.039,1.879,4413225984,303279008.0,618045760.0,68.27,68.47,69.19,67.865,83.95,53.56,,2340022,2036937,13251802112,0.676,,,,Incyte Corporation,"Incyte Corporation, a biopharmaceutical company, engages in the discovery, development, and commercialization of therapeutics in the United States, Europe, Canada, and Japan. The company offers JAKAFI (ruxolitinib) for the treatment of intermediate or high-risk myelofibrosis, polycythemia vera, and steroid-refractory acute graft-versus-host disease; MONJUVI (tafasitamab-cxix)/MINJUVI (tafasitamab) for treating relapsed or refractory diffuse large B-cell lymphoma; PEMAZYRE (pemigatinib), a selective fibroblast growth factor receptor kinase inhibitor for the treatment of unresectable biliary tract cancer, metastatic cholangiocarcinoma, and myeloid/lymphoid neoplasms; ICLUSIG (ponatinib), a kinase inhibitor to treat chronic myeloid leukemia and Philadelphia-chromosome positive acute lymphoblastic leukemia; ZYNYZ (retifanlimab-dlwr) to treat adults with metastatic or recurrent locally advanced Merkel cell carcinoma; and NIKTIMVO (axatilimab-csfr) for treating chronic graft-versus-host disease, as well as OPZELURA (ruxolitinib) cream for treating atopic dermatitis. Its clinical stage products include INCB123667 (CDK2) for ovarian cancer; INCB161734 (KRASG12D) for cancers; INCA33890 (TGFßR2xPD-1) for solid tumors; Ruxolitinib cream for mild to moderate hidradenitis suppurativa (HS); Povorcitinib for HS, nonsegmental vitiligo, prurigo nodularis, and asthma and chronic spontaneous urticaria; INCB000262 (MRGPRX2) and INCB000547 (MRGPRX4) for systemic immune and neuro-immune disorders; INCA034460 (anti-CD122) for vitiligo; and Zilurgisertib (ALK2) for fibrodysplasia ossificans progressive. It has collaboration with Genesis Therapeutics, Inc. The company sells its products to specialty and retail pharmacies, hospital pharmacies, and specialty distributors and wholesalers. The company was formerly known as Incyte Genomics Inc and changed its name to Incyte Corporation in March 2003. Incyte Corporation was incorporated in 1991 and is headquartered in Wilmington, Delaware.",,15.95,4.61,1.0,23.72,501.0,Pharmaceuticals,2025.0,6.0,False,True,False,False,False,False,False,False
IR,80.39,0.081099994,0.05392,46.107,2.382,1.631,7281699840,1947399936.0,1108525056.0,80.79,81.7,81.73,80.055,106.03,65.61,,2895961,3240859,32434391040,1.444,0.001,0.08,2025-05-15 01:00:00,Ingersoll Rand Inc.,"Ingersoll Rand Inc. provides various mission-critical air, fluid, energy, and medical technologies services and solutions worldwide. It operates in two segments, Industrial Technologies and Services, and Precision and Science Technologies. The Industrial Technologies and Services segment designs, manufactures, markets, and services air and gas compression, vacuum, and blower products; fluid transfer equipment and loading systems; and power tools and lifting equipment, including associated aftermarket parts, consumables and services, air treatment equipment, controls, other accessories, and services under the Ingersoll Rand, Gardner Denver, Nash, CompAir, Elmo Rietschle, and other brands. The Precision and Science Technologies segment designs, manufactures, and markets diaphragm, piston, water-powered, peristaltic, gear, vane, progressive cavity, and syringe pumps; and gas boosters, hydrogen compression systems, automated liquid handling systems, odorant injection systems, controls, software, and other related components and accessories for precision dosing, liquid and solid transfer, dispensing, gas compression and sampling, pressure management, flow control, powder handling, and other applications under the Air Dimensions, Albin, ARO, Dosatron, Haskel, Ingersoll Rand, LMI, Maximus, Milton Roy, MP, Oberdorfer, Seepex, Thomas, Welch, Williams, YZ, and Zinnser Analytic brands. This segment's products are used in medical, laboratory, life sciences, industrial manufacturing, water and wastewater, chemical processing, energy, food and beverage, agriculture, and other markets. It sells its products through an integrated network of direct sales representatives and independent distributors. The company was formerly known as Gardner Denver Holdings, Inc. and changed its name to Ingersoll Rand Inc. in March 2020. Ingersoll Rand Inc. was founded in 1859 and is headquartered in Davidson, North Carolina.",,6.95,2.22,1.0,19.04,275.0,Machinery,2025.0,6.0,False,False,False,False,False,False,False,False
PODD,303.15,0.37917998,0.06937,131.405,4.474,3.239,2198899968,424500000.0,84250000.0,301.79,304.28,304.68,300.635,329.33,173.0,,1539112,869159,21334149120,1.377,,,,Insulet Corporation,"Insulet Corporation develops, manufactures, and sells insulin delivery systems for people with insulin-dependent diabetes in the United States and internationally. The company offers Omnipod platform products comprising Omnipod 5 automated insulin delivery system, which includes a proprietary AID algorithm embedded in the pod that integrates with a third-party continuous glucose monitor to obtain glucose values through wireless Bluetooth communication; and Omnipod DASH insulin management system that features a Bluetooth enabled pod that is controlled by a smartphone-like personal diabetes manager with a color touch screen user interface. It also provides pods for Amgen for use in the Neulasta Onpro kit, which is a delivery system to help reduce the risk of infection after intense chemotherapy. The company sells its products to end-users through the pharmacy channel; and independent distributors. Insulet Corporation was incorporated in 2000 and is headquartered in Acton, Massachusetts.",,11.61,4.41,1.0,19.06,309.0,Healthcare,2025.0,6.0,False,False,False,False,False,False,False,False
INTC,21.08,-0.18127,-0.01092,47.129,1.31,0.749,53043998720,8114999808.0,-7000750080.0,21.49,21.705,21.885,20.88,37.16,17.67,,133472814,89088311,91950956544,1.113,,,2024-08-07 01:00:00,Intel Corporation,"Intel Corporation designs, develops, manufactures, markets, and sells computing and related products and services worldwide. The company offers microprocessor and chipset, stand-alone SoC, and multichip package; Computer Systems and Devices; hardware products comprising CPUs, graphics processing units (GPUs), accelerators, and field programmable gate arrays (FPGAs); and memory and storage, connectivity and networking, and other semiconductor products. It also offers silicon and software products; and optimization solutions for workloads, such as AI, cryptography, security, storage, networking, and leverages various features supporting diverse compute environments. In addition, the company provides driving assistance and self-driving solutions; advanced process technologies enabled by an ecosystem of electronic design automation tools, intellectual property, and design services, as well as systems of chips, including advanced packaging technologies, software, and system. Further, it delivers and deploys intelligent edge platforms that allow developers to achieve agility and drive automation using AI for efficient operations with data integrity, as well as provides hardware and software platforms, tools, and ecosystem partnerships for digital transformation from the cloud to edge. The company serves original equipment manufacturers, original design manufacturers, cloud service providers, and other manufacturers and service providers. Intel Corporation was incorporated in 1968 and is headquartered in Santa Clara, California.",,6.86,4.62,2.0,19.17,122.0,Semiconductors,2025.0,6.0,False,False,False,False,False,False,False,False
ICE,178.43,0.10421,0.020869998,73.534,0.999,0.029,9461999616,5800000000.0,2783000064.0,179.76,179.01,180.76,177.47,181.65,136.21,,3910144,3240346,102352076800,1.129,0.0108,1.92,2025-09-16 01:00:00,"Intercontinental Exchange, Inc.","Intercontinental Exchange, Inc., together with its subsidiaries, provides technology and data to financial institutions, corporations, and government entities in the United States, the United Kingdom, the European Union, India, Israel, Canada, and Singapore. It operates through three segments: Exchanges, Fixed Income and Data Services, and Mortgage Technology. The Exchanges segment operates regulated marketplace technology for the listing, trading, and clearing of an array of derivatives contracts and financial securities, as well as data and connectivity services related to its exchanges and clearing houses. The Fixed Income and Data Services segment provides fixed income pricing, reference data, indices, analytics, and execution services, as well as global CDS clearing and multi-asset class data delivery technology. The Mortgage Technology segment offers a technology platform that provides customers comprehensive and digital workflow tools to address inefficiencies and mitigate risks that exist in the U.S. residential mortgage market life cycle from application through closing, servicing, and the secondary market. The company was founded in 2000 and is headquartered in Atlanta, Georgia.",,9.31,6.39,1.0,18.86,357.0,Diversified Financials,2025.0,6.0,False,False,False,False,False,False,False,False
IFF,73.69,-0.060349997,0.01676,75.009,1.874,0.544,11427999744,1763000064.0,-1259374976.0,74.49,74.72,75.23,73.65,106.77,65.85,,3649487,1750712,18849165312,1.076,0.0217,1.6,2025-06-20 01:00:00,International Flavors & Fragrances Inc.,"International Flavors & Fragrances Inc., together with its subsidiaries, manufactures and markets food, beverage, health and biosciences, scent, pharma solutions, and complementary adjacent products in the United States, Europe, and internationally. It operates in four segments Nourish, Health & Biosciences, Scent, and Pharma Solutions. The Nourish segment consists of portfolio of natural-based ingredients that includes plant-based specialty food ingredients, such as soy and pea protein with value-added formulations, emulsifiers, and sweeteners; food protection ingredients, including natural antioxidants, and anti-microbials for natural food preservation and shelf-life extension; savory solutions, such as spices, marinades, and mixtures; combining flavourings with fruits, vegetables, and other natural ingredients products; a range of flavor compounds used in savory products, such as soups, sauces, meat, fish, poultry, and snacks; and beverages juice drinks, carbonated or flavored beverages, and spirits, as well as sweets bakery products, candy, cereal, and chewing gum; and dairy products, such as yogurt, ice cream, and cheese, as well as spices and seasoning ingredients. Its Health & Biosciences is comprised of health, cultures and food enzymes, home and personal care, animal nutrition, and grain processing. The Scent segment creates fragrance compounds, and fragrance ingredients. Its Pharma Solutions segment produces cellulosics and seaweed-based pharmaceutical excipients. The company was incorporated in 1909 and is headquartered in New York, New York.",,6.24,4.47,3.0,23.06,183.0,Chemicals,2025.0,6.0,False,False,False,False,False,False,False,False
IP,45.83,0.03006,0.0154,57.086,1.329,0.867,19900999680,1959000064.0,485624992.0,46.12,46.44,46.6,45.765,60.36,41.5,,7152708,4885485,24193751040,0.994,0.0404,1.85,2025-05-23 01:00:00,International Paper Company,"International Paper Company produces and sells renewable fiber-based packaging and pulp products in North America, Latin America, Europe, and North Africa. It operates through two segments, Industrial Packaging and Global Cellulose Fibers. The company offers linerboard, medium, whitetop, recycled linerboard, recycled medium and saturating kraft; and pulp for a range of applications, such as diapers, towel and tissue products, feminine care, incontinence, and other personal care products, as well as specialty pulps for use in textiles, construction materials, paints, coatings, and others. The company sells its products directly to end users and converters, as well as through agents, resellers, and distributors. The company was founded in 1898 and is headquartered in Memphis, Tennessee.",,6.53,2.05,3.0,22.39,37.0,Paper & Forestry,2025.0,6.0,False,False,False,False,False,False,False,False
IPG,23.42,0.13577,0.051220004,113.87,1.066,0.981,9000999936,1664800000.0,1069362496.0,23.08,23.23,23.57,23.12,33.05,22.51,,17234501,6654554,8659193856,1.049,0.056399997,1.32,2025-06-02 01:00:00,"The Interpublic Group of Companies, Inc.","The Interpublic Group of Companies, Inc. provides advertising and marketing services worldwide. It operates in three segments: Media, Data & Engagement Solutions, Integrated Advertising & Creativity Led Solutions, and Specialized Communications & Experiential Solutions. The Media, Data & Engagement Solutions segment provides media and communications services, digital services and products, advertising and marketing technology, e-commerce services, data management and analytics, strategic consulting, and digital brand experience under the IPG Mediabrands, UM, Initiative, Kinesso, Acxiom, Huge, MRM, and R/GA brand names. The Integrated Advertising & Creativity Led Solutions segment offers advertising, corporate, and brand identity services; and strategic consulting under FCB, IPG Health, McCann Worldgroup, and MullenLowe Group brands. The Specialized Communications & Experiential Solutions segment provides public relations and other specialized communications services, live events, sports and entertainment marketing, and strategic consulting under IPG DXTRA Health, The Weber Shandwick Collective, Golin, Jack Morton, Momentum, and Octagon brand names. The company was formerly known as McCann-Erickson Incorporated and changed its name to The Interpublic Group of Companies, Inc. in January 1961. The Interpublic Group of Companies, Inc. was founded in 1902 and is headquartered in New York, New York.",,5.04,3.87,2.0,8.95,137.0,Media,2025.0,6.0,False,False,False,False,False,False,False,False
INTU,761.14,0.17839001,0.08565,,1.447,0.715,18183999488,5330999808.0,5197749760.0,754.83,760.66,762.32,755.05,773.45,532.65,,2709424,1810727,212317732864,1.283,0.0055,4.16,2025-07-10 01:00:00,Intuit Inc.,"Intuit Inc. provides financial management, compliance, and marketing products and services in the United States. The company operates in four segments: Small Business & Self-Employed, Consumer, Credit Karma, and ProTax. The Small Business & Self-Employed segment provides QuickBooks services, that includes financial and business management online services, desktop software, payroll solutions, time tracking, merchant payment processing and bill pay solutions, checking accounts, and financing services for small and mid-market businesses; and Mailchimp, a marketing automation and customer relationship management. This segment also offers QuickBooks online services and desktop software solutions comprising QuickBooks Online, QuickBooks Live, QuickBooks Online Advanced, QuickBooks Self-Employed, QuickBooks Solopreneur financial and business management offerings, QuickBooks Online Payroll QuickBooks Checking, QuickBooks Desktop software subscriptions, QuickBooks Basic Payroll, QuickBooks Assisted Payroll, and QuickBooks Enhanced Payroll. The Consumer segment provides do-it-yourself and assisted TurboTax income tax preparation products and services. The Credit Karma segment offers consumers with a personal finance platform that provides personalized recommendations of credit card, home, auto, and personal loan, and insurance product; online savings and checking accounts; and access to its credit scores and reports, credit and identity monitoring, credit report dispute, credit building tools, and tools. The ProTax segment provides Lacerte, ProSeries, and ProFile desktop tax-preparation software products; and ProConnect Tax Online bill pay tax products, electronic tax filing service, and bank products and related services. It sells products and services through direct sales channels, multi-channel shop-and-buy experiences, mobile application stores, and partner and other channels. The company was incorporated in 1984 and is headquartered in Mountain View, California.",,8.92,3.37,1.0,13.41,585.0,Software & Services,2025.0,6.0,False,False,False,False,False,False,False,False
ISRG,509.36,0.15958,0.08841,,4.979,3.81,8714900480,2966099968.0,1659849984.0,509.49,513.295,515.01,508.76,616.0,413.82,,2829911,1985764,182563782656,1.676,,,,"Intuitive Surgical, Inc.","Intuitive Surgical, Inc. develops, manufactures, and markets products that enable physicians and healthcare providers to enhance the quality of and access to minimally invasive care in the United States and internationally. The company offers the da Vinci Surgical System that enables surgical procedures using a minimally invasive approach; and Ion endoluminal system, which extends its commercial offerings beyond surgery into diagnostic endoluminal procedures enabling minimally invasive biopsies in the lung. It also provides a suite of stapling, energy, and core instrumentation for its multi-port da Vinci surgical systems; progressive learning pathways to support the use of its technology; infrastructure of service and support specialists, a complement of services to its customers, including installation, repair, maintenance, 24/7 technical support, and proactive system health monitoring; and integrated digital capabilities providing connected offerings, streamlining performance for hospitals with program-enhancing insights. The company sells its products through direct sales organizations, such as capital and clinical sales teams. Intuitive Surgical, Inc. was incorporated in 1995 and is headquartered in Sunnyvale, California.",,9.81,5.54,1.0,17.94,309.0,Healthcare,2025.0,6.0,False,True,False,False,False,False,False,False
IVZ,14.81,0.05092,0.02438,6.111,0.658,0.658,6120900096,1272400000.0,10569037824.0,14.72,14.82,14.96,14.76,19.55,11.6,,8797494,5743362,6628304384,1.435,0.056700002,0.84,2025-05-14 01:00:00,Invesco Ltd.,"Invesco Ltd. is a publicly owned investment manager. The firm provides its services to retail clients, institutional clients, high-net worth clients, public entities, corporations, unions, non-profit organizations, endowments, foundations, pension funds, financial institutions, and sovereign wealth funds. It manages separate client-focused equity and fixed income portfolios. The firm also launches equity, commodity, fixed income, multi-asset, and balanced mutual funds for its clients. It launches equity, fixed income, multi-asset, and balanced exchange-traded funds. The firm also launches and manages private funds. It invests in the public equity and fixed income markets across the globe. The firm also invests in alternative markets, such as commodities and currencies. For the equity portion of its portfolio, it invests in growth and value stocks of large-cap, mid-cap, and small-cap companies. For the fixed income portion of its portfolio, the firm invests in convertibles, government bonds, municipal bonds, treasury securities, and cash. It also invests in short term and intermediate term bonds, investment grade and high yield bonds, taxable and tax-free bonds, senior secured loans, and structured securities such as asset-backed securities, mortgage-backed securities, and commercial mortgage-backed securities. The firm employs absolute return, global macro, and long/short strategies. It employs quantitative analysis to make its investments. The firm was formerly known as Invesco Plc, AMVESCAP plc, Amvesco plc, Invesco PLC, Invesco MIM, and H. Lotery & Co. Ltd. Invesco Ltd. was founded in 1935 and is based in Atlanta, Georgia with an additional office in Hamilton, Bermuda.",,10.32,9.69,2.0,21.61,357.0,Diversified Financials,2025.0,6.0,False,False,False,False,False,False,False,False
INVH,33.73,0.048070002,0.023740001,83.399,2.409,0.721,2618856960,1439789952.0,977758976.0,33.75,33.77,34.13,33.63,37.8,29.37,,5272405,3303990,20674768896,0.817,0.0344,1.16,2025-06-26 01:00:00,Invitation Homes Inc.,"Invitation Homes, an S&P 500 company, is the nation's premier single-family home leasing and management company, meeting changing lifestyle demands by providing access to high-quality, updated homes with valued features such as close proximity to jobs and access to good schools.",,4.97,4.59,2.0,16.01,509.0,Real Estate,2025.0,6.0,False,False,False,False,False,False,False,False
IQV,154.73,0.2164,0.052950002,242.907,0.823,0.723,15496999936,2926000128.0,2157750016.0,154.61,155.6,156.84,153.82,252.88,134.65,,2589928,2386508,26768289792,1.286,,,,IQVIA Holdings Inc.,"IQVIA Holdings Inc. provides clinical research services, commercial insights, and healthcare intelligence to the life sciences and healthcare industries in the Americas, Europe, Africa, and the Asia-Pacific. It operates through three segments: Technology & Analytics Solutions, Research & Development Solutions, and Contract Sales & Medical Solutions. The Technology & Analytics Solutions segment offers a range of cloud-based applications and related implementation services; real world solutions that enable life sciences and provider customers to generate and disseminate evidence, which informs health care decision making and improves patients' outcomes; and strategic and implementation consulting services, such as advanced analytics and commercial processes outsourcing services. This segment also provides country level performance metrics related to sales of pharmaceutical products, prescribing trends, medical treatment, and promotional activity across various channels, including retail, hospital, and mail order; and measurement of sales or prescribing activity at the regional, zip code, and individual prescriber level. The Research & Development Solutions segment offers project management and clinical monitoring; clinical trial support; strategic planning and design services; and patient and site centric solutions, as well as central laboratory, genomic, bioanalytical, ADME, discovery, and vaccine and biomarker laboratory services. The Contract Sales & Medical Solutions segment provides health care provider and patient engagement services, and scientific strategy and medical affairs services. It serves pharmaceutical, biotechnology, device and diagnostic, and consumer health companies. It has a strategic collaboration with Sarah Cannon Research Institute to enhance clinical trial processes. The company was formerly known as Quintiles IMS Holdings, Inc. and changed its name to IQVIA Holdings Inc. in November 2017. The company is based in Durham, North Carolina.",,10.59,4.56,2.0,16.07,501.0,Pharmaceuticals,2025.0,6.0,False,False,False,False,False,False,False,False
IRM,101.33,,0.04163,,0.616,0.517,6265574912,2090653952.0,-776869888.0,102.65,103.39,103.27,100.94,130.24,72.33,,2709636,1684653,29896808448,1.111,0.031,3.14,2025-06-16 01:00:00,Iron Mountain Incorporated,"Iron Mountain Incorporated (NYSE: IRM) is trusted by more than 240,000 customers in 61 countries, including approximately 95% of the Fortune 1000, to help unlock value and intelligence from their assets through services that transcend the physical and digital worlds. Our broad range of solutions address their information management, digital transformation, information security, data center and asset lifecycle management needs. Our longstanding commitment to safety, security, sustainability and innovation in support of our customers underpins everything we do.",,3.45,4.95,1.0,14.25,509.0,Real Estate,2025.0,6.0,False,False,False,False,False,False,False,False
JBHT,139.63,0.13971,0.061100002,49.659,0.891,0.665,12064594944,1573156992.0,337648992.0,139.01,140.12,140.91,138.91,200.4,122.79,,1876545,1309843,13850542080,1.296,0.0126,1.76,2025-05-09 01:00:00,"J.B. Hunt Transport Services, Inc.","J.B. Hunt Transport Services, Inc. provides surface transportation, delivery, and logistic services in the United States. It operates through five segments: Intermodal (JBI), Dedicated Contract Services (DCS), Integrated Capacity Solutions (ICS), Final Mile Services (FMS), and Truckload (JBT). The JBI segment offers intermodal freight solutions. It operates 122,272 pieces of company-owned trailing equipment; owns and maintains its chassis fleet of 103,850 units; and manages a fleet of 6,153 company-owned tractors, 349 independent contractor trucks, and 8,117 company drivers. The DCS segment designs, develops, and executes supply chain solutions that support various transportation networks. As of December 31, 2024, it operated 12,048 company-owned trucks, 598 customer-owned trucks, and a contractor trucks. The company operates 27,149 owned pieces of trailing equipment and 4,897 customer-owned trailers. The ICS segment provides freight brokerage and transportation logistics solutions; flatbed, refrigerated, expedited, and less-than-truckload, as well as dry-van and intermodal solutions; online multimodal marketplace; and logistics management for customers to outsource their transportation functions. The FMS segment offers delivery services through 1,166 company-owned trucks, 206 customer-owned trucks, and 36 independent contractor trucks; and 1,123 owned pieces of trailing equipment and 104 customer-owned trailers. The JBT segment provides dry-van freight services by utilizing tractors and trailers operating over roads and highways through two company-owned tractors and 12,895 company-owned trailers. It transports or arranges for the transportation of freight, such as general merchandise, specialty consumer items, appliances, forest and paper products, food and beverages, building materials, soaps and cosmetics, automotive parts, agricultural products, electronics, and chemicals. The company was incorporated in 1961 and is headquartered in Lowell, Arkansas.",,10.45,4.86,1.0,21.09,169.0,Transportation,2025.0,6.0,False,False,False,False,False,False,False,False
JBL,206.2,0.32388002,0.04652,258.741,0.983,0.473,28514000896,2102000000.0,1419874944.0,204.66,205.1,208.685,203.34,208.69,95.85,,1638596,1442587,22134538240,1.139,0.0016,0.32,2025-05-15 01:00:00,Jabil Inc.,"Jabil Inc. provides manufacturing services and solutions worldwide. It operates in two segments, Electronics Manufacturing Services and Diversified Manufacturing Services. The company offers electronics design, production, and product management services; electronic circuit design services, such as application-specific integrated circuit design, firmware development, and rapid prototyping services; and designs plastic and metal enclosures that include the electro-mechanics, such as the printed circuit board assemblies (PCBA). It also provides three-dimensional mechanical design comprising the analysis of electronic, electro-mechanical, and optical assemblies, as well as various industrial design, mechanism development, and tooling management services. In addition, the company provides computer-assisted design services consisting of PCBA design, as well as PCBA design validation and verification services; and other consulting services, such as the generation of a bill of materials, approved vendor list, and assembly equipment configuration for various PCBA designs. Further, it offers product and process validation services, such as product system, product safety, regulatory compliance, and reliability tests, as well as manufacturing test solution development services. Additionally, the company provides systems assembly, test, direct-order fulfillment, and configure-to-order services. It serves 5G, wireless and cloud, digital print and retail, industrial and semi-cap, networking and storage, automotive and transportation, connected devices, healthcare and packaging, and mobility industries. The company was formerly known as Jabil Circuit, Inc. and changed its name to Jabil Inc. in June 2017. Jabil Inc. was founded in 1966 and is headquartered in Saint Petersburg, Florida.",,2.68,3.15,1.0,8.98,238.0,Technology Hardware,2025.0,6.0,False,False,False,False,False,False,False,False
JKHY,178.28,0.22494,0.11807,10.972,1.362,0.814,2319827968,604636992.0,230522256.0,181.39,181.9,183.22,177.26,196.0,158.62,,888073,639896,12981636096,0.732,0.012999999,2.32,2025-05-29 01:00:00,"Jack Henry & Associates, Inc.","Jack Henry & Associates, Inc., a financial technology company that connects people and financial institutions through technology solutions and payment processing services that reduce the barriers to financial health. It operates through four segments: Core, Payments, Complementary, and Corporate and Other. The Core segment provides core information processing platforms to banks and credit unions, which consist of integrated applications required to process deposit, loan, and general ledger transactions, and maintain centralized customer/member information. The Payments segment provides secure payment processing tools and services, including ATM, debit, and credit card processing services, online and mobile bill pay solutions, ACH origination and remote deposit capture processing, and risk management products and svervices. The Complementary segment provides additional software, hosted processing platforms, and services, including digital/mobile banking, treasury services, online account opening, fraud/anti-money laundering, and lending/deposit solutions. The Corporate and Other segment offers hardware and other products. The company offers specialized financial performance, imaging and payments processing, information security and risk management, retail delivery, and online and mobile solutions to financial services organizations and corporate entities. Its core banking platform offerings include SilverLake system, CIF 20/20, and Core Director, as well as core credit union platform under the Symitar name. In addition, the company provides digital products and services and electronic payment solutions; hardware systems; implementation, training, and support services; and software licensing and related services, as well as professional services, and data centers. Jack Henry & Associates, Inc. was founded in 1976 and is headquartered in Monett, Missouri.",,8.93,5.46,1.0,18.85,585.0,Software & Services,2025.0,6.0,False,False,False,False,False,False,False,False
J,127.33,0.06804,0.05056,66.356,1.502,1.445,11686905856,1310900992.0,1289841024.0,127.34,127.95,128.2202,126.3701,149.0495,105.178215,,1868967,865148,15299464192,0.76,0.0101,1.28,2025-05-23 01:00:00,Jacobs Solutions Inc.,"Jacobs Solutions Inc. engages in the infrastructure and advanced facilities, and consulting businesses in the United States, Europe, Canada, India, Asia, Australia, New Zealand, the Middle East, and Africa. The company offers consulting, planning, architecture, design, engineering, and infrastructure delivery services including project, program, and construction management and long-term operation of facilities. It also provides consulting services for consumer and manufacturing, defense and security, energy and utilities, financial services, government, health and life sciences, and transport sectors. The company was founded in 1947 and is headquartered in Dallas, Texas.",,11.45,4.96,2.0,23.89,135.0,Construction & Engineering,2025.0,6.0,False,False,False,False,False,False,False,False
JNJ,149.79,0.29447,0.0777,66.896,1.257,0.963,89330999296,30025000960.0,16797124608.0,150.73,151.26,151.395,149.04,169.99,140.68,,22543196,9152361,360405204992,0.41,0.0347,5.2,2025-05-27 01:00:00,Johnson & Johnson,"Johnson & Johnson, together with its subsidiaries, engages in the research and development, manufacture, and sale of various products in the healthcare field worldwide. It operates in two segments, Innovative Medicine and MedTech. The Innovative Medicine segment offers products for various therapeutic areas, such as immunology, including rheumatoid arthritis, psoriatic arthritis, inflammatory bowel disease, and psoriasis; infectious diseases comprising HIV/AIDS; neuroscience, consisting of mood disorders, neurodegenerative disorders, and schizophrenia; oncology, such as prostate cancer, hematologic malignancies, lung cancer, and bladder cancer; cardiovascular and metabolism, including thrombosis, diabetes, and macular degeneration; and pulmonary hypertension comprising pulmonary arterial hypertension through retailers, wholesalers, distributors, hospitals, and healthcare professionals for prescription use. The MedTech segment provides electrophysiology products to treat heart rhythm disorders; the heart recovery portfolio, which includes technologies to treat severe coronary artery disease requiring high-risk PCI or AMI cardiogenic shock; circulatory restoration products for the treatment of calcified coronary artery and peripheral artery diseases; and neurovascular care that treats hemorrhagic and ischemic stroke. This segment offers an orthopaedics portfolio that includes products and enabling technologies that support hips, knees, trauma, spine, sports, and other; surgery portfolios comprising advanced and general surgery technologies, as well as solutions for breast aesthetics and reconstruction; contact lenses under the ACUVUE brand; and TECNIS intraocular lenses for cataract surgery. It distributes its products to wholesalers, hospitals, and retailers, as well as physicians, nurses, hospitals, eye care professionals, and clinics. The company was founded in 1886 and is based in New Brunswick, New Jersey.",,14.47,5.85,4.0,22.45,501.0,Pharmaceuticals,2025.0,6.0,False,True,False,False,False,False,False,False
JCI,102.25,0.13137001,0.04844,65.788,0.96,0.564,23247998976,4113999872.0,2593499904.0,103.48,103.72,104.0,100.865,105.19,64.31,,6604091,4669604,67285303296,1.339,0.0145000005,1.48,2025-06-23 01:00:00,Johnson Controls International plc,"Johnson Controls International plc, together with its subsidiaries, engages in engineering, manufacturing, commissioning, and retrofitting building products and systems in the United States, Europe, the Asia Pacific, and internationally. It operates through four segments: Building Solutions North America, Building Solutions EMEA/LA, Building Solutions Asia Pacific, and Global Products. The company designs, sells, installs, and services heating, ventilating, air conditioning, controls, building management, refrigeration, integrated electronic security, integrated fire detection and suppression systems, and fire protection and security products. It also provides energy efficiency solutions and technical services, including inspection, scheduled maintenance, and repair and replacement of mechanical and control systems, as well as data-driven smart building solutions. In addition, the company offers control software and software services. It sells its products and services to commercial, institutional, industrial, data center, and governmental customers. Johnson Controls International plc was incorporated in 1885 and is headquartered in Cork, Ireland.",,5.07,3.38,3.0,15.92,72.0,Building Products,2025.0,6.0,False,False,False,False,False,False,False,False
JPM,275.0,0.17352,0.01413,,,,168713994240,,,273.96,275.57,277.2997,273.8119,280.25,190.9,,8351961,10132835,764249702400,1.084,0.020399999,5.6,2025-07-03 01:00:00,JPMorgan Chase & Co.,"JPMorgan Chase & Co. operates as a financial services company worldwide. It operates through three segments: Consumer & Community Banking, Commercial & Investment Bank, and Asset & Wealth Management. The company offers deposit, investment and lending products, cash management, and payments and services; mortgage origination and servicing activities; residential mortgages and home equity loans; and credit cards, auto loans, leases, and travel services to consumers and small businesses through bank branches, ATMs, and digital and telephone banking. It also provides investment banking products and services, including corporate strategy and structure advisory, and equity and debt market capital-raising services, as well as loan origination and syndication; payments; and cash and derivative instruments, risk management solutions, prime brokerage, and research, as well as offers securities services, including custody, fund services, liquidity, and trading services, and data solutions products. In addition, the company provides financial solutions, including lending, payments, investment banking, and asset management to small and midsized companies, local governments, nonprofit clients, and municipalities, as well as commercial real estate clients. Further, it offers multi-asset investment management solutions in equities, fixed income, alternatives, and money market funds to institutional clients and retail investors; and retirement products and services, brokerage, custody, estate planning, lending, deposits, and investment management products to high net worth clients. The company was founded in 1799 and is headquartered in New York, New York.",,14.03,10.83,3.0,27.3,456.0,Banks,2025.0,6.0,False,False,False,False,False,False,False,False
JNPR,36.03,0.07579,0.02908,40.66,1.491,0.988,5204899840,604400000.0,733287488.0,35.85,35.95,36.115,35.82,39.79,33.42,,3939879,2395259,12047819776,0.773,0.024400001,0.88,2025-06-02 01:00:00,"Juniper Networks, Inc.","Juniper Networks, Inc. designs, develops, and sells network products and services worldwide. The company offers IP transport solutions for wide area networks (WAN) products, such as ACX series universal access routers to deploy high-bandwidth services; MX series Ethernet routers that function as a universal edge platform; PTX series packet transport routers; and Juniper paragon, a portfolio of cloud-native applications. It also provides cloud management and security solutions, including AI-Native networking platform; Juniper Access Point; EX Series Ethernet switches; session smart routers; wired, wireless, WAN, and access assurance; and Marvis Virtual Network Assistant that identifies the root cause of issues across IT domains and automatically resolves issues proactively. In addition, the company offers data center products comprising of QFX series of core, spine, and top-of-rack data center switches; and Juniper Apstra that enables customers to automate the entire network lifecycle in a single system. Further, it provides Junos OS, a network operating system; security solutions consisting of SRX series services gateways for the data center and network backbone; Branch SRX, Security Policy, and Management that provide; and s an integrated firewall and next-generation firewall (NGFW) capabilities; virtual firewall; and advanced malware protection. Additionally, the company provides maintenance and support, professional, SaaS, and educational services for service providers, enterprises, cloud providers, and partners. It sells its products through direct sales, distributors, value-added resellers, and original equipment manufacturers. The company was incorporated in 1996 and is headquartered in Sunnyvale, California.",,6.64,3.85,2.0,12.86,238.0,Technology Hardware,2025.0,6.0,False,False,False,False,False,False,False,False
K,78.67,0.38149,0.081199996,155.528,0.8,0.44,12632000512,2372999936.0,722124992.0,78.94,79.0,79.0,78.14,83.22,55.96,,8623976,3497462,27293691904,0.305,0.029000001,2.28,2025-06-02 01:00:00,Kellanova,"Kellanova, together with its subsidiaries, manufactures and markets snacks and convenience foods in North America, Europe, Latin America, the Asia Pacific, the Middle East, Australia, and Africa. Its principal products consist of snacks, such as crackers, savory snacks, toaster pastries, cereal bars, granola bars, and bites; and convenience foods, including ready-to-eat cereals, frozen waffles, veggie foods, and noodles; and crisps. The company offers its products under the Kellogg's, Cheez-It, Pringles, Austin, Parati, RXBAR, Eggo, Morningstar Farms, Bisco, Club, Luxe, Minueto, Special K, Toasteds, Town House, Zesta, Zoo Cartoon, Choco Krispis, Crunchy Nut, Kashi, Nutri-Grain, Squares, Zucaritas, Rice Krispies Treats, Sucrilhos, Pop-Tarts, K-Time, Sunibrite, Split Stix, LCMs, Coco Pops, Krave, Frosties, Rice Krispies Squares, Incogmeato, Veggitizers, Gardenburger, Trink, Carr's, Kellogg's Extra, Müsli, Fruit n Fibre, Kellogg's Crunchy Nut, Country Store, Smacks, Honey Bsss, Zimmy's, Toppas, Tresor, Froot Ring, Chocos, Chex, Guardian, Just Right, Sultana Bran, Rice Bubbles, Sustain, Choco Krispies, Melvin, Cornelius, Chocovore, Poperto, Pops the Bee, and Sammy the Seal brand names. It sells its products to retailers through direct sales forces, as well as brokers and distributors. The company was formerly known as Kellogg Company and changed its name to Kellanova in October 2023. Kellanova was founded in 1906 and is headquartered in Chicago, Illinois.",,12.0,3.99,2.0,30.94,227.0,Food Products,2025.0,6.0,False,False,False,False,False,False,False,False
KVUE,21.39,0.10216,0.06771,88.043,0.857,0.505,15301999616,3508999936.0,1793374976.0,21.36,21.39,21.69,21.34,25.17,17.67,,24956256,18776193,41066872832,0.925,0.0383,0.82,2025-05-14 01:00:00,Kenvue Inc.,"Kenvue Inc. operates as a consumer health company in the United States, Europe, the Middle East, Africa, Asia-Pacific, and Latin America. It operates through three segments: Self Care, Skin Health and Beauty, and Essential Health. The Self Care segment offers cough, cold and allergy, pain care, digestive health, smoking cessation, eye care, and other products under the Tylenol, Motrin, Benadryl, Nicorette, Zarbee's, ORSLTM, Rhinocort, Calpol, and Zyrtec brands. Its Skin Health and Beauty segment provides face and body care, hair, sun, and other care products under the Neutrogena, Aveeno, Dr.Ci:Labo, Le Petit Marseillais, Lubriderm, Rogaine, and OGX brand names. The Essential Health segment offers oral and baby, women's health, wound, and other care products under the Listerine, Johnson's, Band-Aid, and Stayfree, o.b., tampons, Carefree, and Desitin Diaper Rash brands. Kenvue Inc. was incorporated in 2022 and is headquartered in Summit, New Jersey.",,8.61,5.27,2.0,23.97,51.0,Household Products,2025.0,6.0,False,False,False,False,False,False,False,False
KDP,33.58,0.06126,0.04058,76.418,0.474,0.241,15518000128,4167000064.0,1535000064.0,33.21,33.39,33.9,33.22,38.28,30.12,,17753777,13184008,45608022016,0.496,0.0274,0.92,2025-06-27 01:00:00,Keurig Dr Pepper Inc.,"Keurig Dr Pepper Inc. owns, manufactures, and distributors beverages and single serve brewing systems in the United States and internationally. It operates through three segments: U.S. Refreshment Beverages, U.S. Coffee, and International. The company manufactures and distributes branded concentrates, syrup, and finished beverages, as well as sales of owned brands and third-party brands; tea, cocoa, and other products; and offers finished goods relating to K-Cup pods, single serve brewers, specialty coffee, and ready to drink coffee products. It offers its products under the Dr Pepper, Canada Dry, Mott's, A&W, Peñafiel, Snapple, 7UP, Green Mountain Coffee Roasters, GHOST, Clamato, Core Hydration, The Original Donut Shop, Sunkist soda, Squirt, C4 Energy, Hawaiian Punch, Electrolit, Bai, Evian, Yoo-Hoo, Vita Coco, Big Red, Crush, McCafé, Tim Hortons, Van Houtte, Celestial Seasonings, Bigelow, Starbucks, Dunkin', Folgers, Peet's, and Swiss Miss brands, as well as other partner and private label brands. The company markets and sells its products to supermarkets, mass merchandisers, club stores, pure-play e-commerce retailers, office superstores, restaurants, hotel chains, office product and coffee distributors, partner brand owners, and directly to consumers through Keurig.com website. Keurig Dr Pepper Inc. was founded in 1981 and is headquartered in Burlington, Massachusetts.",,10.69,2.3,2.0,23.93,227.0,Food Products,2025.0,6.0,False,False,False,False,False,False,False,False
KEY,16.16,0.0014300001,0.00013,,,,4464000000,,,16.01,16.09,16.2,16.035,20.04,12.73,,14084880,14032669,17710389248,1.074,0.0507,0.82,2025-05-27 01:00:00,KeyCorp,"KeyCorp operates as the holding company for KeyBank National Association that provides various retail and commercial banking products and services in the United States. It operates in two segments, Consumer Bank and Commercial Bank. The company offers various deposits and investment products; commercial leasing, investment management, consumer finance; personal finance and financial wellness, lending, student loan refinancing, mortgage and home equity, credit card, treasury, and business advisory; and wealth management and investment services for institutional, non-profit, and high-net-worth clients. It also provides lending, cash management, equipment financing, and commercial mortgage loans; and capital market products and services, such as syndicated finance, debt and equity underwriting, fixed income and equity sales and trading, derivatives, foreign exchange, mergers and acquisition, other advisory, and public finance to large corporate and institutional clients. In addition, the company offers personal and institutional trust custody services, personal financial and planning services, access to mutual funds, treasury services, and international banking services. Further, it provides community development financing, securities underwriting, brokerage, and investment banking services, as well as merchant services. The company was founded in 1849 and is headquartered in Cleveland, Ohio.",,11.63,12.02,2.0,25.21,456.0,Banks,2025.0,6.0,False,False,False,False,False,False,False,False
KEYS,159.36,0.14297,0.05686,50.484,3.387,2.462,5107999744,1154000000.0,976499968.0,160.14,160.98,161.285,158.12,186.2,119.72,,1955786,1006183,27427289088,1.098,,,,"Keysight Technologies, Inc.","Keysight Technologies, Inc. offers electronic design and test solutions worldwide. It operates in two segments, Communications Solutions Group and Electronic Industrial Solutions Group. It offers oscilloscopes; electronic design automation software; instrument measurement software, instrument workflow software, application software testing, keysight instrument control software and connectivity, and software testing; modular instruments; digital multimeter, phase noise measurement, power meters and power sensors, counters, LCR meters and impedance measurement products, and electrometers; spectrum, logic, noise figure, and network analyzers; and protocol analyzers and exercisers, bit error ratio testers, AC and DC power analyzers, materials test equipment, device current waveform analyzers, and curve tracers. It also provides signal, waveform, and function generators; arbitrary waveform generators, DC power supplies, and DC electronic loads; wireless drive test, radio access and core network test, wireless analyzers, wireless network emulators, channel emulation, and over-the-air test; application and threat intelligence, cloud test, 5G NR base station test, cyber training simulator, network test hardware, protocol and load test, network security test, and network modeling; bypass switches, cloud visibility and synchronization, network and application monitoring, network packet brokers and taps; and application-specific test systems, in-circuit test systems, parametric test, laser interferometers and calibration systems, monolithic laser combiners and precision optics, photonic test and measurement products, MMIC millimeter-wave and microwave devices, and accessories. In addition, it offers product support, technical and application support, installation, training, engineering, and integration services. The company was founded in 1939 and is headquartered in Santa Rosa, California.",,1.4,3.07,1.0,9.06,238.0,Technology Hardware,2025.0,6.0,False,False,False,False,False,False,False,False
KMB,128.29,2.0706,0.115430005,595.098,0.763,0.396,19748999168,3860000000.0,2051624960.0,127.96,127.9,128.83,127.75,150.45,124.1,,5306997,2377995,42568671232,0.398,0.039300002,5.04,2025-06-06 01:00:00,Kimberly-Clark Corporation,"Kimberly-Clark Corporation, together with its subsidiaries, manufactures and markets personal care products in the United States. It operates through three segments: North America, International Personal Care, and International Family Care and Professional. The company North America segment offers disposable diapers, training and youth pants, swimpants, baby wipes, feminine and incontinence care products, reusable underwear, facial and bathroom tissue, paper towels, napkins, wipers, tissue, towels, soaps and sanitizers, and other related products under the Huggies, Pull-Ups, GoodNites, Kotex, Poise, Depend, Kleenex, Scott, Cottonelle, Viva, Wypall, and other brand names. The International Personal Care segment provides baby and child care, adult care and feminine care, including disposable diapers, training and youth pants, swimpants, baby wipes, feminine and incontinence care products, reusable underwear, and other related products under the Huggies, Kotex, Goodfeel, Intimus, Depend and other brand names. The International Family Care and Professional segment offers facial and bathroom tissue, paper towels, napkins, wipers, tissue, towels, soaps and sanitizers, and other related products under the Kleenex, Scott, Viva, Andrex, Scottex, Wypall, and other brand names. It also sells household use products directly to supermarkets, mass merchandisers, drugstores, warehouse clubs, variety and department stores, and other retail outlets, as well as through other distributors and e-commerce; and professional use products directly to distributors, manufacturing, lodging, office building, food service, and public facilities, as well as through e-commerce. Kimberly-Clark Corporation was founded in 1872 and is headquartered in Dallas, Texas.",,9.12,5.06,2.0,24.3,51.0,Household Products,2025.0,6.0,False,False,False,False,False,False,False,False
KIM,20.89,0.05208,0.02163,75.54,1.789,1.785,2069884032,1256643968.0,797736128.0,21.0,21.12,21.22,20.815,25.83,17.93,,10711446,5233027,14132000768,1.281,0.0479,1.0,2025-06-06 01:00:00,Kimco Realty Corporation,"Kimco Realty (NYSE: KIM) is a real estate investment trust (REIT) and leading owner and operator of high-quality, open-air, grocery-anchored shopping centers and mixed-use properties in the United States. The company's portfolio is strategically concentrated in the first-ring suburbs of the top major metropolitan markets, including high-barrier-to-entry coastal markets and rapidly expanding Sun Belt cities. Its tenant mix is focused on essential, necessity-based goods and services that drive multiple shopping trips per week. Publicly traded on the NYSE since 1991 and included in the S&P 500 Index, the company has specialized in shopping center ownership, management, acquisitions, and value-enhancing redevelopment activities for more than 65 years. With a proven commitment to corporate responsibility, Kimco Realty is a recognized industry leader in this area. As of March 31, 2025, the company owned interests in 567 U.S. shopping centers and mixed-use assets comprising 101 million square feet of gross leasable space.",,2.54,4.13,0.0,11.22,509.0,Real Estate,2025.0,6.0,False,False,False,False,False,False,False,False
KMI,28.01,0.0845,0.03728,103.99,0.446,0.27,15498999808,6575000064.0,257875008.0,27.57,27.63,28.135,27.53,31.48,19.47,,9716270,13665879,62259785728,0.749,0.0418,1.17,2025-04-30 01:00:00,"Kinder Morgan, Inc.","Kinder Morgan, Inc. operates as an energy infrastructure company primarily in North America. The company operates through Natural Gas Pipelines, Products Pipelines, Terminals, and CO2 segments. The Natural Gas Pipelines segment owns and operates interstate and intrastate natural gas pipeline, and storage systems; natural gas gathering systems and natural gas processing and treating facilities; natural gas liquids fractionation facilities and transportation systems; and liquefied natural gas gasification, liquefaction, and storage facilities. The Products Pipelines segment owns and operates refined petroleum products, and crude oil and condensate pipelines; and associated product terminals and petroleum pipeline transmix facilities. The Terminals segment owns and/or operates liquids and bulk terminals that stores and handles various commodities, including gasoline, diesel fuel, renewable fuel and feedstocks, chemicals, ethanol, metals, and petroleum coke; and owns tankers. The CO2 segment produces, transports, and markets CO2 to recovery and production crude oil from mature oil fields; owns interests in/or operates oil fields and gasoline processing plants; and operates a crude oil pipeline system in West Texas, as well as owns and operates RNG and LNG facilities. The company was formerly known as Kinder Morgan Holdco LLC and changed its name to Kinder Morgan, Inc. in February 2011. Kinder Morgan, Inc. was founded in 1997 and is headquartered in Houston, Texas.",,8.85,4.94,2.0,21.65,81.0,Refiners & Pipelines,2025.0,6.0,False,False,False,False,False,False,False,False
KKR,122.6,0.07145,0.01263,74.627,0.879,0.819,20308705280,,,122.42,123.81,125.16,122.48,170.4,86.15,,4064845,5307212,113430740992,1.884,0.006,0.74,2025-06-18 01:00:00,KKR & Co. Inc.,"KKR & Co. Inc. is a private equity and real estate investment firm specializing in direct and fund of fund investments. It specializes in acquisitions, leveraged buyouts, management buyouts, credit special situations, growth equity, mature, mezzanine, distressed, turnaround, lower middle market, and middle market investments. The firm considers investments in all industries with a focus on software, fintech, data and information, security, semiconductors, consumer electronics, internet of things (iot), internet, information services, information technology infrastructure, financial technology, network and cyber security architecture, engineering and operations, content, technology and hardware, energy and infrastructure, real estate, services industry with a focus on business services, intelligence, industry-leading franchises and companies in natural resource, containers and packaging, agriculture, airports, ports, forestry, electric utilities, textiles, apparel and luxury goods, household durables, digital media, insurance, brokerage houses, non-durable goods distribution, supermarket retailing, grocery stores, food, beverage, and tobacco, hospitals, entertainment venues and production companies, publishing, printing services, capital goods, financial services, specialized finance, pipelines, and renewable energy. In energy and infrastructure, it focuses on the upstream oil and gas and equipment, minerals and royalties and services verticals. In real estate, the firm seeks to invest in private and public real estate securities including property-level equity, debt and special situations transactions and businesses with significant real estate holdings, and oil and natural gas properties. The firm also invests in asset services sector that encompasses a broad array of B2B, B2C and B2G services verticals including asset-based, transport, logistics, leisure/hospitality, resource and utility support, infra-like, mission-critical, and environmental services. Within Americas, the firm prefers to invest in consumer products; chemicals, metals and mining; energy and natural resources; financial services; healthcare; biopharmaceutical; medical device; health care services; life science tools/diagnostics; health care information technology sub-sectors; industrials; media and communications; retail; and technology. Within Europe, the firm invests in consumer and retail; energy; financial services; health care; industrials and chemicals; media and digital; and telecom and technologies. Within Asia, it invests in consumer products; energy and resources; financial services; healthcare; industrials; logistics; media and telecom; retail; real estate; and technology. It also seeks to make impact investments focused on identifying and investing behind businesses with positive social or environmental impact. The firm seeks to invest in mid to high-end residential developments but can invest in other projects throughout Mainland China through outright ownership, joint ventures, and merger. It invests globally with a focus on Australia, emerging and developed Asia, Middle East and Africa, Nordic, Southeast Asia, Asia Pacific, Ireland, Hong Kong, Japan, Taiwan, India, Vietnam, Malaysia, Singapore, Indonesia, France, Germany, Netherlands, United Kingdom, Caribbean, Mexico, South America, North America, Israel, Brazil, Latin America, Korea with a focus on South Korea, and United States of America. In the United States and Europe, the firm focuses on buyouts of large, publicly traded companies. For middle market private equity it seeks to invest in companies with enterprise values between $200 million and $1 billion ($1000 million). The firm prefers to invest in a range of debt and public equity investing and may co-invest. It seeks a board seat in its portfolio companies and a controlling ownership of a company or a strategic minority position. The firm may acquire majority and minority equity interests, particularly when making private equity investments in Asia or sponsoring investments as part of a large investor consortium. The firm typically holds its investment for a period of five to seven years and more and exits through initial public offerings, secondary offerings, and sales to strategic buyers. KKR & Co. Inc. was founded in May 1, 1976 and is based in New York, New York with additional offices across North America, Europe, Australia, Middle East and Asia Pacific.",,10.81,10.34,1.0,24.19,357.0,Diversified Financials,2025.0,6.0,False,False,False,False,False,False,False,False
KLAC,850.0,1.04097,0.19229001,152.049,2.544,1.608,11550155776,5036264960.0,2567814400.0,871.16,883.83,883.83,834.85,914.83,551.33,,2347835,1290170,112404848640,1.386,0.0089,7.6,2025-05-19 01:00:00,KLA Corporation,"KLA Corporation, together with its subsidiaries, engages in the design, manufacture, and marketing of process control, process-enabling, and yield management solutions for the semiconductor and related electronics industries worldwide. It operates through three segments: Semiconductor Process Control; Specialty Semiconductor Process; and PCB and Component Inspection. The company offers inspection and review tools to identify, locate, characterize, review, and analyze defects on various surfaces of patterned and unpatterned wafers; metrology systems that are used to measure pattern dimensions, film thickness, film stress, layer-to-layer alignment, pattern placement, surface topography, and electro-optical properties for wafers; chemical process control equipment; wired and wireless sensor wafers and reticles; wafer defect inspection, review, and metrology systems; reticle inspection and metrology systems; and semiconductor software solutions that provide run-time process control, defect excursion identification, process corrections, and defect classification to accelerate yield learning rates and reduce production risk. It also provides etch, plasma dicing, deposition, and other wafer processing technologies and solutions for the semiconductor and microelectronics industry. In addition, the company offers direct imaging, inspection, optical shaping, inkjet and additive printing, UV laser drilling, and computer-aided manufacturing and engineering solutions for the PCB market; inspection and electrical testing systems to identify and classify defects, as well as systems to repair defects for the display market; and inspection and metrology systems for quality control and yield improvement in advanced and traditional semiconductor packaging markets. The company was formerly known as KLA-Tencor Corporation and changed its name to KLA Corporation in July 2019. KLA Corporation was incorporated in 1975 and is headquartered in Milpitas, California.",,4.57,3.39,0.0,13.08,122.0,Semiconductors,2025.0,6.0,False,False,False,False,False,False,False,False
KHC,25.8,0.0535,0.037520003,43.55,1.307,0.697,25433999360,6368999936.0,2305625088.0,25.68,25.85,26.115,25.62,36.53,25.53,,24954349,11321766,30535329792,0.231,0.062,1.6,2025-05-30 01:00:00,The Kraft Heinz Company,"The Kraft Heinz Company, together with its subsidiaries, manufactures and markets food and beverage products in North America and internationally. Its products include condiments and sauces, cheese and dairy products, meals, meats, refreshment beverages, coffee, and other grocery products under the Kraft, Oscar Mayer, Heinz, Philadelphia, Lunchables, Velveeta, Ore-Ida, Maxwell House, Kool-Aid, Jell-O, Heinz, ABC, Master, Quero, Kraft, Golden Circle, Wattie's, Pudliszki, and Plasmon brands. It sells its products through its own sales organizations, as well as through independent brokers, agents, and distributors to chain, wholesale, cooperative, and independent grocery accounts; convenience, value, and club stores; pharmacies and drug stores; mass merchants; foodservice distributors; institutions, including hotels, restaurants, bakeries, hospitals, health care facilities, and government agencies; and c various e-commerce platforms and retailers. The company was formerly known as H.J. Heinz Holding Corporation and changed its name to The Kraft Heinz Company in July 2015. The company was founded in 1869 and is based in Pittsburgh, Pennsylvania.",,11.82,2.76,2.0,27.89,227.0,Food Products,2025.0,6.0,False,False,False,False,False,False,False,False
KR,71.97,0.26879,0.056339998,229.201,0.958,0.386,147122995200,7923999744.0,2096375040.0,65.52,68.205,72.23,67.5,73.63,49.04,,19241828,8321575,47572172800,0.574,0.0178,1.28,2025-05-15 01:00:00,The Kroger Co.,"The Kroger Co. operates as a food and drug retailer in the United States. The company operates combination food and drug stores, multi-department stores, marketplace stores, and price impact warehouses. Its combination food and drug stores offer natural food and organic sections, pharmacies, general merchandise, pet centers, fresh seafood, and organic produce; and its multi-department stores provide apparel, home fashion and furnishings, outdoor living, electronics, automotive products, and toys. The company's marketplace stores offer full-service grocery, pharmacy, health and beauty care, and perishable goods, as well as general merchandise, including apparel, home goods, and toys; and its price impact warehouse stores provide grocery, and health and beauty care items, as well as meat, dairy, baked goods, and fresh produce items. It also manufactures and processes food products for sale in its supermarkets and online; and sells fuel through its fuel centers. The company sells its products through its stores, fuel centers, and online platforms. The Kroger Co. was founded in 1883 and is based in Cincinnati, Ohio.",,11.97,5.7,2.0,26.43,70.0,Food Retailers,2025.0,6.0,False,False,False,False,False,False,False,False
LHX,249.67,0.085209996,0.04059,64.046,1.02,0.787,21245999104,3967000064.0,3564999936.0,248.83,250.31,251.88,246.19,265.74,193.09,,875968,1602353,46674808832,0.752,0.019199999,4.8,2025-06-03 01:00:00,"L3Harris Technologies, Inc.","L3Harris Technologies, Inc. provides mission-critical solutions for government and commercial customers worldwide. It operates through Space & Airborne Systems (SAS), Integrated Mission Systems (IMS), Communication Systems (CS), and Aerojet Rocketdyne (AR) segments. The SAS segment provides satellite space payloads, sensors, and full-mission solutions; classified intelligence and cyber; airborne combat systems; and mission networks for air traffic management operations. The IMS segment offers intelligence, surveillance, and reconnaissance (ISR) systems; passive sensing and targeting; electronic attack platforms; autonomy; power and communications; networks; and sensors. The CS segment provides tactical radios, software, waveforms, satellite terminals, and end-to-end battlefield systems for the U.S. Department of Defense, international, federal, and state agency customers; broadband communications; integrated vision solutions, including helmet-mounted integrated night vision goggles with image intensifier tubes and weapon-mounted sights, aiming lasers, and range finders; and public safety radios, and system applications and equipment. The AR segment offers propulsion technologies and armament systems for strategic defense, missile defense, hypersonic, and tactical systems; and space propulsion and power systems for national security space and exploration missions. The company was formerly known as Harris Corporation and changed its name to L3Harris Technologies, Inc. in June 2019. L3Harris Technologies, Inc. was founded in 1895 and is based in Melbourne, Florida.",,9.44,4.64,2.0,24.3,62.0,Aerospace & Defense,2025.0,6.0,False,False,False,False,False,False,True,False
LH,261.88,0.08981,0.0418,79.126,1.836,1.281,13177400320,1717299968.0,967924992.0,261.39,262.53,262.97,260.635,264.03,198.96,,1095278,797940,21919356928,0.794,0.011,2.88,2025-05-29 01:00:00,Labcorp Holdings Inc.,"Labcorp Holdings Inc. provides laboratory services. It operates through two segments, Diagnostics Laboratories and Biopharma Laboratory Services. The company offers various tests, such as blood chemistry analyses, urinalyses, blood cell counts, thyroid, PAP, hemoglobin A1C, prostate-specific antigens, sexually transmitted diseases, hepatitis C, vitamin D, microbiology cultures and procedures, and alcohol and other substance-abuse tests. It also provides specialty testing services comprising gene-based and esoteric testing; advanced tests target specific diseases; services related to anatomic pathology/oncology, cardiovascular disease, coagulation, diagnostic genetics, endocrinology, infectious disease, women's health, pharmacogenetics, parentage and donor testing, occupational testing services, medical drug monitoring services, chronic disease programs, and kidney stone prevention tests; and health and wellness services to employers and managed care organizations (MCOs). In addition, the company offers online and mobile applications that enable patients to check offerings, schedule PSC visits, check-in upon PSC arrival, complete documentation, access tests and test results, and manage their accounts; online applications for providers, MCOs, and accountable care organizations; specimen collection services; and drug development, medical device, and companion diagnostic development solutions, as well as support for crop protection and chemical testing. It serves pharmaceutical, biotechnology, medical device, and diagnostics companies; and MCOs, employer plans, other health insurance providers, governments, physician, large provider organizations, other healthcare providers, hospitals and health systems, patients and consumers, crop protection and chemical companies, academic institutions, independent clinical laboratories, and retailers. The company was founded in 1995 is headquartered in Burlington, North Carolina.",,13.49,5.99,2.0,20.06,309.0,Healthcare,2025.0,6.0,False,True,False,False,False,False,False,False
LRCX,90.49,0.53138,0.17291,47.148,2.452,1.581,17135705088,5667103232.0,2826895104.0,92.24,93.125,93.43,87.75,113.0,56.32,,22925170,11969798,115747569664,1.656,0.010199999,0.92,2025-06-18 01:00:00,Lam Research Corporation,"Lam Research Corporation designs, manufactures, markets, refurbishes, and services semiconductor processing equipment used in the fabrication of integrated circuits. The company offers ALTUS systems to deposit conformal films for tungsten metallization applications; SABRE electrochemical deposition products for copper interconnect transition that offers copper damascene manufacturing; and VECTOR plasma-enhanced CVD products. It also provides SPEED gapfill high-density plasma chemical vapor deposition products; and Striker single-wafer atomic layer deposition products for dielectric film solutions. In addition, the company offers Flex for dielectric etch applications; Vantex, a dielectric etch system that provides RF technology and repeatable wafer-to-wafer performance enabled by Equipment Intelligence solutions; Kiyo for conductor etch applications; Syndion for through-silicon via etch applications; and Versys metal products for metal etch processes. Further, it provides Coronus bevel clean products to enhance die yield; and Da Vinci, DV-Prime, EOS, and SP series products to address various wafer cleaning applications. The company sells its products in the United States, China, Europe, Japan, Korea, Southeast Asia, and Taiwan. Lam Research Corporation was incorporated in 1980 and is headquartered in Fremont, California.",,4.18,3.76,1.0,12.21,122.0,Semiconductors,2025.0,6.0,False,False,False,False,False,False,False,False
LW,53.53,0.2164,0.07366,261.312,1.354,0.484,6387400192,1227500032.0,15387500.0,53.22,53.21,53.71,52.65,85.79,47.9,,2430257,2066748,7553939456,0.474,0.0276,1.48,2025-05-02 01:00:00,"Lamb Weston Holdings, Inc.","Lamb Weston Holdings, Inc. engages in the production, distribution, and marketing of frozen potato products in the United States, Canada, Mexico, and internationally. It offers frozen potatoes, commercial ingredients, and appetizers under the Lamb Weston brand, as well as under various customer labels. The company also provides its products under its owned or licensed brands, such as Grown in Idaho and Alexia, and other licensed brands, as well as under retailers' own brands. It sells its products through a network of internal sales personnel and independent brokers, agents, and distributors to quick service and full-service restaurants and chains, wholesale, grocery, mass merchants, club retailers, and specialty retailers, as well as foodservice distributors and institutions, including businesses, educational institutions, independent restaurants, regional chain restaurants, and convenience stores. The company was incorporated in 1950 and is headquartered in Eagle, Idaho.",,8.73,2.56,2.0,22.75,227.0,Food Products,2025.0,6.0,False,False,False,False,False,False,False,False
LVS,41.68,0.44687,0.06875,456.677,0.595,0.555,11201000448,3688999936.0,1662249984.0,41.78,42.07,42.095,41.4,56.61,30.18,,6664120,6344283,29452253184,1.022,0.024,1.0,2025-05-06 01:00:00,Las Vegas Sands Corp.,"Las Vegas Sands Corp., together with its subsidiaries, owns, develops, and operates integrated resorts in Macao and Singapore. The company owns and operates The Venetian Macao Resort Hotel, The Londoner Macao, The Parisian Macao, The Plaza Macao and Four Seasons Hotel Macao, and The Sands Macao in Macao, the People's Republic of China; and Marina Bay Sands in Singapore. Its integrated resorts feature accommodations, gaming, entertainment and retail malls, convention and exhibition facilities, celebrity chef restaurants, and other amenities. The company was founded in 1988 and is based in Las Vegas, Nevada.",,10.66,5.92,2.0,18.65,209.0,Consumer Services,2025.0,6.0,False,False,True,False,False,False,False,False
LDOS,148.45,0.30945998,0.09274,133.333,1.536,1.267,16931999744,2220000000.0,921625024.0,148.35,148.48,148.8975,146.115,202.9,123.62,,3006225,1450695,19108335616,0.646,0.0108,1.6,2025-06-16 01:00:00,"Leidos Holdings, Inc.","Leidos Holdings, Inc., together with its subsidiaries, provides services and solutions for government and commercial customers in the United States and internationally. The National Security & Digital segment provides national security software; services by using artificial intelligence and machine learning to coordinate sea, ground, air, and space to help warfighters; offensive, defensive, and physical cyber operation solutions; intelligence analysis, operational support, logistics operations, security, linguistics, force production, biometrics, chemical, biological, radiological, nuclear, and explosives, energetics, training, and IT services and solutions; and Digital Modernization and transformation services. The Health & Civil segment offers air traffic control systems; health mission software; managed health services; site-wide infrastructure management and operation; product and logistical support services; and life science research and development support services. The Commercial & International segment provides power grid engineering and design, grid modernization, utility planning and consulting, energy management and efficiency, technical and financial consulting, and software and application development; people scanners, computed tomography carry-on baggage scanners, checked baggage scanners, and explosive trace detectors; mobile non-intrusive inspection systems; open-architecture platform that transforms airport security by integrating disparate devices and technologies into a unified management system; biometric and smart border protection systems; IT service management and transformation programs; and aerial border surveillance and search-and-rescue operation services. The Defense Systems segment offers airborne, air and missile defense, maritime, aerospace, and cyber and threat systems. Leidos Holdings, Inc. was founded in 1969 and is headquartered in Reston, Virginia.",,9.33,3.9,2.0,18.6,585.0,Software & Services,2025.0,6.0,False,True,False,False,False,False,True,False
LEN,106.42,0.13258,0.07244,19.287,10.108,3.495,35371978752,4355507200.0,,103.41,104.29,106.6,103.51,187.6089,98.42,,5755453,2963412,27912368128,1.354,0.0188,2.0,2025-07-03 01:00:00,Lennar Corporation,"Lennar Corporation, together with its subsidiaries, operates as a homebuilder primarily under the Lennar brand in the United States. It operates through Homebuilding East, Homebuilding Central, Homebuilding Texas, Homebuilding West, Financial Services, Multifamily, and Lennar Other segments. The company's homebuilding operations include the construction and sale of single-family attached and detached homes, as well as the purchase, development, and sale of residential land; and development, construction, and management of multifamily rental properties. It also offers residential mortgage financing, title, insurance, and closing services for home buyers and others, as well as originates and sells securitization commercial mortgage loans. In addition, the company is involved in the fund investment activity. It primarily serves first-time, move-up, active adult, and luxury homebuyers. The company was founded in 1954 and is based in Miami, Florida.",,8.96,6.27,2.0,25.5,41.0,Homebuilders,2025.0,6.0,False,False,False,False,False,False,False,False
LII,550.15,1.3148301,0.19844,174.757,1.433,0.676,5366799872,1119200000.0,589800000.0,547.92,552.32,558.09,547.615,682.5,500.1,,746462,424153,19521964032,1.145,0.0095,5.2,2025-06-30 01:00:00,Lennox International Inc.,"Lennox International Inc., together with its subsidiaries, designs, manufactures, and markets products for the heating, ventilation, air conditioning, and refrigeration markets in the United States, Canada, and internationally. The Home Comfort Solutions segment provides furnaces, air conditioners, heat pumps, packaged heating and cooling systems, indoor air quality equipment, comfort control products, and replacement parts and supplies; residential heating, ventilation, cooling equipment, and air conditioning; and evaporator coils and unit heaters under Lennox, Dave Lennox Signature Collection, Armstrong Air, Ducane, AirEase, Concord, MagicPak, Advanced Distributor Products, Allied, Elite Series, Merit Series, Comfort Sync, Healthy Climate, iComfort, ComfortSense, and Lennox Stores name. The Building Climate Solutions segment offers unitary heating and air conditioning equipment, applied systems, controls, installation and service of commercial heating and cooling equipment, variable refrigerant flow commercial, curb, curb adapters, drop box diffusers, HVAC recycling, and salvage service. This segment also provides condensing units, unit coolers, fluid coolers, air cooled condensers, air handlers, and refrigeration rack systems for preserving food and other perishables; and compressor racks and industrial process chillers under the Lennox, Model L, CORE, Enlight, Xion, Energence, Prodigy, Strategos, Raider, Lennox VRF, Lennox National Account Services, Allied Commercial, Elite, AES Industries, Mechanical, and Reclaim, Heatcraft Worldwide and Chandler Refrigeration, Bohn, MAGNA, Larkin, Climate Control, Chandler Refrigeration, IntelliGen, and Interlink brand name. In addition, the company provides small package units, rooftop units, chillers, air handlers, and fan coils. It sells its products and services through direct sales, distributors, and company-owned parts and supplies stores. The company was founded in 1895 and is headquartered in Richardson, Texas.",,4.65,5.75,0.0,22.38,72.0,Building Products,2025.0,6.0,False,False,False,False,False,False,False,False
LLY,762.73,0.77278,0.16447,243.609,1.372,0.569,49003200512,22003300352.0,-1821975040.0,785.03,786.0,783.2,755.7,972.53,677.09,,3923447,4066679,684730155008,0.394,0.007900001,6.0,2025-05-16 01:00:00,Eli Lilly and Company,"Eli Lilly and Company discovers, develops, and markets human pharmaceuticals in the United States, Europe, China, Japan, and internationally. The company offers Basaglar, Humalog, Humalog Mix 75/25, Humalog U-100, Humalog U-200, Humalog Mix 50/50, insulin lispro, insulin lispro protamine, insulin lispro mix 75/25, Humulin, Humulin 70/30, Humulin N, Humulin R, and Humulin U-500 for diabetes; Jardiance, Mounjaro, and Trulicity for type 2 diabetes; and Zepbound for obesity. It also provides oncology products, including Alimta, Cyramza, Erbitux, Jaypirca, Retevmo, Tyvyt, and Verzenio. In addition, the company offers Olumiant for rheumatoid arthritis, atopic dermatitis, severe alopecia areata, and COVID-19; Taltz for plaque psoriasis, psoriatic arthritis, ankylosing spondylitis, and non-radiographic axial spondylarthritis; Omvoh for ulcerative colitis; Cymbalta for depressive disorder, diabetic peripheral neuropathic pain, generalized anxiety disorder, fibromyalgia, and chronic musculoskeletal pain; Ebglyss for severe atopic dermatitis; and Emgality for migraine prevention and episodic cluster headache. It has collaborations with Incyte Corporation; Boehringer Ingelheim Pharmaceuticals, Inc.; F. Hoffmann-La Roche Ltd and Genentech, Inc.; Biologics, Inc., AbCellera Biologics Inc.; Verge Genomics; collaboration with AdvanCell to advance novel targeted alpha therapies for the treatment of cancer; and Chugai Pharmaceutical Co., Ltd. Eli Lilly and Company was founded in 1876 and is headquartered in Indianapolis, Indiana.",,12.81,8.0,3.0,23.09,501.0,Pharmaceuticals,2025.0,6.0,False,True,False,False,False,False,False,False
LIN,455.86,0.17013,0.06963,60.555,0.939,0.727,33016999936,12823000064.0,3411000064.0,458.7,463.2441,463.2441,455.38,487.49,408.65,,4365028,2103450,214584229888,0.979,0.013200001,6.0,2025-06-04 01:00:00,Linde plc,"Linde plc operates as an industrial gas company in the United States, China, Germany, the United Kingdom, Australia, Mexico, Brazil, and internationally. It offers atmospheric gases, including oxygen, nitrogen, argon, and rare gases; and process gases, such as hydrogen, helium, carbon dioxide, carbon monoxide, electronic gases, specialty gases, acetylene, etc. The company also designs and constructs turnkey process plants for third-party customers, as well as for the gas businesses in various locations consist of air separation, hydrogen, synthesis, olefin, and natural gas plants. It serves a range of industries comprising healthcare, chemicals and energy, manufacturing, metals and mining, food and beverage, and electronics. Linde plc was founded in 1879 and is based in Woking, the United Kingdom.",,1.4,2.09,2.0,11.73,183.0,Chemicals,2025.0,6.0,False,False,False,False,False,False,False,False
LYV,148.87,0.68505996,0.04185,393.218,0.961,0.782,22738212864,1968067968.0,1639135232.0,148.26,149.65,150.8121,148.1,157.75,87.33,,6524577,2846887,34503897088,1.45,,,,"Live Nation Entertainment, Inc.","Live Nation Entertainment, Inc. operates as a live entertainment company worldwide. It operates through Concerts, Ticketing, and Sponsorship & Advertising segments. The Concerts segment promotes live music events in its owned or operated venues, and in rented third-party venues. This segment operates and manages music venues; produces music festivals; creates associated content; and offers management and other services to artists. The Ticketing segment manages the ticketing operations, including the provision of ticketing software and services to consumers with marketplace for tickets and event information through mobile apps, other websites, and retail outlets, as well as its websites, such as livenation.com and ticketmaster.com; and provides ticket resale services. This segment offers ticketing services for arenas, stadiums, amphitheaters, music clubs, concert promoters, professional sports franchises and leagues, college sports teams, performing arts venues, museums, and theaters. The Sponsorship & Advertising segment sells international, national, and local sponsorships and placement of advertising, including signage, online advertising, and promotional programs; rich media offering, including advertising related with live streaming and music-related content; and ads through distribution network of venues, events, and websites. This segment also manages the development of strategic sponsorship programs, as well as develops, books, and produces custom events or programs for specific brands. It owns, operates, or leases entertainment venues. The company was formerly known as Live Nation, Inc. and changed its name to Live Nation Entertainment, Inc. in January 2010. Live Nation Entertainment, Inc. was incorporated in 2005 and is based in Beverly Hills, California.",,8.42,8.47,2.0,17.24,137.0,Media,2025.0,6.0,False,False,False,False,False,False,False,False
LKQ,37.13,0.113900006,0.053600002,94.458,1.518,0.465,14115000320,1724000000.0,510249984.0,36.86,37.13,37.32,36.88,46.64,35.56,,4109129,2369933,9585035264,0.979,0.0323,1.2,2025-05-15 01:00:00,LKQ Corporation,"LKQ Corporation engages in the distribution of replacement parts, components, and systems used in the repair and maintenance of vehicles and specialty vehicle aftermarket products and accessories. The company operates through four segments: Wholesale-North America, Europe, Specialty, and Self Service. It offers bumper covers, automotive body panels, and lights, as well as paint and paint related consumables for refinishing vehicles; mechanical automotive parts and accessories; salvage products, including mechanical and collision parts comprising engines; transmissions; door assemblies; sheet metal products, such as trunk lids, fenders, and hoods; and lights and bumper assemblies. The company also provides scrap metal and other materials to metals recyclers; precious metals contained in certain of our recycled parts, such as catalytic converters; and brake pads, discs and sensors, clutches, steering and suspension products, filters, and oil and automotive fluids, as well as electrical products, including spark plugs and batteries. In addition, the company distributes recreational vehicle appliances and air conditioners, towing hitches, truck bed covers, vehicle protection products, marine electronics, cargo management products, wheels, tires, and suspension products. It serves collision and mechanical repair shops, and new and used car dealerships, as well as retail customers. The company operates in the United States, Canada, Germany, the United Kingdom, Belgium, the Netherlands, Luxembourg, Italy, the Czech Republic, Austria, Poland, Slovakia, France, and other European countries. LKQ Corporation was incorporated in 1998 and is headquartered in Antioch, Tennessee.",,4.13,2.83,1.0,10.99,265.0,Retailing,2025.0,6.0,False,False,False,False,False,False,False,False
LMT,470.56,0.82547,0.0832,303.816,1.076,0.873,71810998272,8689000448.0,5291125248.0,468.6,469.0,474.31,461.4346,618.95,418.88,,1334070,1584958,110250328064,0.293,0.028099999,13.2,2025-06-02 01:00:00,Lockheed Martin Corporation,"Lockheed Martin Corporation, an aerospace and defense company, engages in the research, design, development, manufacture, integration, and sustainment of technology systems, products, and services worldwide. The company operates through four segments: Aeronautics; Missiles and Fire Control (MFC); Rotary and Mission Systems (RMS); and Space. The Aeronautics segment offers combat and air mobility aircraft, unmanned air vehicles, and related technologies. The MFC segment provides air and missile defense systems; tactical missiles and precision strike weapon systems; logistics; fire control systems; mission operations support, readiness, engineering support, and integration services; ground vehicles; and energy management solutions. The RMS segment offers military and commercial helicopters, surface ships, sea and land-based missile defense systems, radar and laser systems, sea and air-based mission and combat systems, command and control mission solutions, cyber solutions, simulation and training solutions, and services and supports surface ships. The Space segment provides satellites; space transportation systems; strategic, advanced strike, and defensive systems; and classified systems and services in support of national security systems. This segment also provides network-enabled situational awareness and integrates space and ground global systems to help its customers gather, analyze, and securely distribute critical intelligence data. It serves primarily serves the U.S. government and international customers, as well as foreign military sales contracted through the U.S. government. The company was formerly known as The Lockheed Corporation and changed its name to Lockheed Martin Corporation in March 1995. Lockheed Martin Corporation was founded in 1912 and is based in Bethesda, Maryland.",,12.46,6.32,2.0,26.74,62.0,Aerospace & Defense,2025.0,6.0,False,False,False,False,False,False,True,False
L,89.16,0.07998,0.01654,49.606,0.488,0.488,17773000704,2758000128.0,3020999936.0,88.33,88.61,89.38,88.36,92.42,73.15,,2101653,783562,18696585216,0.706,0.0028,0.25,2025-05-28 01:00:00,Loews Corporation,"Loews Corporation, through its subsidiaries, provides commercial property and casualty insurance in the United States and internationally. The company offers specialty insurance products, such as management and professional liability, and other coverage products; surety and fidelity bonds; professional liability coverages and risk management services to various professional firms, including architects, real estate agents, and accounting and law firms; standard and excess property, marine and boiler and machinery coverages, workers' compensation, general and product liability, commercial auto, umbrella, and excess and surplus coverages, and specialized loss-sensitive insurance programs and total risk management services relating to claim and information services; directors and officers, errors and omissions, employment practices, fiduciary, fidelity, and cyber coverages, as well as for small and mid-size firms, public and privately held firms, and not-for-profit organizations; and insurance products to serve the health care industry, including professional and general liability, as well as associated casualty coverage to aging services, allied medical facilities, dentists, physicians, nurses, and other medical practitioners. It also provides warranty and alternative risk and run-off long-term care insurance products. The company markets its insurance products and services through independent agents, brokers, and managing general underwriters. In addition, it engages in the transportation and storage of natural gas and natural gas liquids; and provision of ethane supply and transportation services for industrial customers in Louisiana and Texas, as well as operates a chain of 25 hotels. Further, the company develops, manufactures, and markets a range of extrusion blow-molded and injection molded plastic containers, as well as manufactures commodity and differentiated plastic resins. Loews Corporation was incorporated in 1969 and is headquartered in New York, New York.",,12.5,13.98,2.0,29.25,186.0,Insurance,2025.0,6.0,False,False,False,False,False,False,False,False
LOW,212.75,,0.14443,,1.013,0.136,83240001536,12476999680.0,5662374912.0,210.83,211.655,212.93,210.36,287.01,206.39,,6116344,2777779,119233191936,0.922,0.0226,4.8,2025-07-23 01:00:00,"Lowe's Companies, Inc.","Lowe's Companies, Inc., together with its subsidiaries, operates as a home improvement retailer in the United States. It provides a line of products for construction, maintenance, repair, remodeling, and decorating. The company also offers home improvement products, such as appliances, seasonal and outdoor living, lumber, lawn and garden, kitchens and bath, hardware, building materials, millwork, paint, rough plumbing, tools, electrical, flooring, and décor. In addition, it offers installation services through independent contractors in various product categories; and extended protection plans and repair services. The company sells its national brand-name merchandise and private brand products to professional customers, individual homeowners, and renters. The company also sells its products through Lowes.com website, as well as through mobile applications. Further, it provides design, distribution, and installation services for interior surface finishes to home builders and property managers. Lowe's Companies, Inc. was founded in 1921 and is based in Mooresville, North Carolina.",,6.1,2.41,2.0,11.93,265.0,Retailing,2025.0,6.0,False,False,False,False,False,False,False,False
LULU,227.47,0.42488998,0.22017999,39.789,2.278,0.933,10749894656,2976974080.0,1183213952.0,228.65,230.6,231.2999,227.12,423.32,226.01,,4903126,3109929,27262507008,1.262,,,,lululemon athletica inc.,"lululemon athletica inc., together with its subsidiaries, designs, distributes, and retails technical athletic apparel, footwear, and accessories for women and men under the lululemon brand in the United States, Canada, Mexico, China Mainland, Hong Kong, Taiwan, Macau, and internationally. The company offers pants, shorts, tops, and jackets for athletic activities, such as yoga, running, training, and other activities. It also provides fitness-inspired accessories. The company sells its products through company-operated stores; seasonal stores, pop-ups, university campus retailers, and yoga and fitness studios; outlets; Like New, a re-commerce program; and its e-commerce website. lululemon athletica inc. was founded in 1998 and is based in Vancouver, Canada.",,7.9,4.42,2.0,14.11,265.0,Retailing,2025.0,6.0,False,False,False,False,False,False,False,False
LYB,58.34,0.07437,0.03849,103.883,1.827,0.911,39674998784,3550000128.0,1453374976.0,58.64,58.98,59.12,57.765,100.46,51.11,,7961610,4426546,18750476288,0.842,0.0939,5.48,2025-06-02 01:00:00,LyondellBasell Industries N.V.,"LyondellBasell Industries N.V. operates as a chemical company in the United States, Germany, Mexico, Italy, Poland, France, Japan, China, the Netherlands, and internationally. The company operates in six segments: Olefins and PolyolefinsAmericas; Olefins and PolyolefinsEurope, Asia, International; Intermediates and Derivatives; Advanced Polymer Solutions; Refining; and Technology. It produces and markets olefins and co-products, such as ethylene, aromatics, propylene and butadiene; polyolefins; polyethylene; and polypropylene homopolymers and copolymers; and propylene oxide and derivatives; oxyfuels and related products; and intermediate chemicals, such as styrene monomer, acetyls, and ethylene oxide. The company also produces and markets compounding and solutions, including polypropylene compounds, engineered plastics, masterbatches, engineered composites, colors and powders, and advanced polymers, such as catalloy and polybutene-1; and refines heavy, high-sulfur crude oil and other crude oils, as well as refined products, including gasoline and distillates. In addition, it develops and licenses chemical and polyolefin process technologies; manufactures and sells polyolefin catalysts; and serves food packaging, home furnishings, automotive components, and paints and coatings applications. LyondellBasell Industries N.V. was incorporated in 2009 and is headquartered in Houston, Texas.",,2.59,3.64,2.0,19.83,183.0,Chemicals,2025.0,6.0,False,False,False,False,False,False,False,False
MTB,185.06,0.09405,0.012410001,,,,8785000448,,,181.7,183.45,185.36,182.325,225.7,145.82,,3680780,1220183,29705091072,0.61,0.0292,5.4,2025-06-02 01:00:00,M&T Bank Corporation,"M&T Bank Corporation operates as a bank holding company for Manufacturers and Traders Trust Company and Wilmington Trust, National Association that provides retail and commercial banking products and services in the United States. The company operates through three segments: Commercial Bank, Retail Bank, and Institutional Services and Wealth Management. It offers a range of credit products and banking services, such as commercial lending and leasing, letters of credits, deposit products, cash management services, commercial real estate loans, and credit facilities secured by various commercial real estate properties to middle-market and large commercial customers. The company also provides customers deposit products, including demand, savings and time accounts, and other services; automobile and recreational finance loans, home equity loans and lines of credit, credit cards, and other loan products, as well as residential mortgage and real estate loans; business loans, cash management, payroll, and direct deposit services to consumers and small businesses through branch network, telephone banking, internet banking, and automated teller machines. In addition, it offers trustee, agency, investment management, security brokerage, and administrative services; personal trust, planning and advisory, fiduciary, asset management, family office, and other services; and investment products, including mutual funds and annuities, and other services for corporations and institutions, investment bankers, corporate tax, finance and legal executives, and other institutional clients. M&T Bank Corporation was founded in 1856 and is headquartered in Buffalo, New York.",,11.55,11.7,1.0,25.26,456.0,Banks,2025.0,6.0,False,False,False,False,False,False,False,False
MPC,169.12,0.15524,0.03469,139.332,1.194,0.701,137968992256,7942000128.0,2657750016.0,167.42,167.62,169.93,167.17,183.31,115.1,,2142287,2731904,51956031488,0.868,0.0215,3.64,2025-05-21 01:00:00,Marathon Petroleum Corporation,"Marathon Petroleum Corporation, together with its subsidiaries, operates as an integrated downstream energy company in the United States. The company operates through three segments: Refining & Marketing; Midstream; and Renewable Diesel. The Refining & Marketing segment refines crude oil and other feedstocks at its refineries in the Gulf Coast, Mid-Continent, and West Coast regions of the United States; and purchases refined products and ethanol for resale and distributes refined products through transportation, storage, distribution, and marketing services. Its refined products include transportation fuels, such as reformulated gasolines and blend-grade gasolines; heavy fuel oil; and asphalt. This segment also manufactures propane and petrochemicals. It sells refined products to wholesale marketing customers in the United States and internationally, buyers on the spot market, and independent entrepreneurs who operate primarily Marathon branded outlets, as well as through long-term fuel supply contracts to direct dealer locations primarily under the ARCO brand. The Midstream segment gathers, transports, stores, distributes, and markets crude oil and refined products, including renewable diesel and other hydrocarbon-based products through refining logistics assets, pipelines, terminals, towboats, and barges; gathers, processes, and transports natural gas; and transports, fractionates, stores, and markets natural gas liquids. The Renewable Diesel segment processes renewable feedstocks into renewable diesel, markets, and distributes renewable diesel through its Midstream segment and third parties. It sells renewable diesel to wholesale marketing customers, buyers on the spot market, and through long-term supply contracts to direct dealers under the ARCO brand. Marathon Petroleum Corporation was founded in 1887 and is headquartered in Findlay, Ohio.",,8.13,2.81,3.0,27.06,81.0,Refiners & Pipelines,2025.0,6.0,False,False,False,False,False,False,False,False
MKTX,219.78,0.16254,0.11063,5.259,8.864,7.399,815355008,410612000.0,503360736.0,220.81,220.22,222.0799,217.19,296.68,186.84,,773303,589001,8242123776,0.842,0.0138,3.04,2025-05-21 01:00:00,MarketAxess Holdings Inc.,"MarketAxess Holdings Inc., together with its subsidiaries, operates an electronic trading platform for institutional investor and broker-dealer firms in the United States, the United Kingdom, and internationally. The company offers trading technology to access liquidity on its platforms in U.S. high-grade bonds, U.S. high-yield bonds, emerging market debt, eurobonds, municipal bonds, U.S. government bonds, and other fixed-income securities; and executes bond trades between and among institutional investor and broker-dealer clients in an all-to-all anonymous trading environment for corporate bonds through its Open Trading protocols. It also provides automated and algorithmic trading solutions, such as X-Pro, a trading platform to combine trading protocols with its proprietary data and pre-trade analytics; and integrated and actionable data offerings, including CP+ and Axess All, a real-time pricing engine, including Auto-X and portfolio trading. In addition, the company offers various pre-and post-trade services, such as processing, trade matching, trade publication, regulatory transaction reporting, and market and reference data across a range of fixed-income and other products. MarketAxess Holdings Inc. was incorporated in 2000 and is headquartered in New York, New York.",,6.15,6.4,0.0,16.01,357.0,Diversified Financials,2025.0,6.0,False,False,False,False,False,False,False,False
MAR,260.19,,0.09398,,0.452,0.413,6681999872,4337999872.0,1812999936.0,257.53,259.57,261.525,257.49,307.52,204.55,,2243911,1836504,71265001472,1.422,0.010299999,2.68,2025-05-23 01:00:00,"Marriott International, Inc.","Marriott International, Inc. engages in operation, franchising, and licensing of hotel, residential, timeshare, and other lodging properties worldwide. It operates its properties under the JW Marriott, The Ritz-Carlton, The Luxury Collection, W Hotels, St. Regis, EDITION, Bvlgari, Marriott Hotels, Sheraton, Westin, Autograph Collection, Renaissance Hotels, Le Méridien, Delta Hotels by Marriott, MGM Collection with Marriott Bonvoy, Tribute Portfolio, Gaylord Hotels, Design Hotels, Marriott Executive Apartments, Apartments by Marriott Bonvoy, Sonder by Marriott Bonvoy, Courtyard by Marriott, Fairfield by Marriott, Residence Inn by Marriott, SpringHill Suites by Marriott, Four Points by Sheraton, TownePlace Suites by Marriott, Aloft Hotels, AC Hotels by Marriott, Moxy Hotels, Element Hotels, Protea Hotels by Marriott, City Express by Marriott, and Four Points Flex by Sheraton brand names, as well as operates residences, timeshares, and yachts. The company was founded in 1927 and is headquartered in Bethesda, Maryland.",,9.32,3.59,2.0,20.83,209.0,Consumer Services,2025.0,6.0,False,False,False,False,False,False,False,False
MMC,216.21,0.30532,0.07929,157.128,1.136,0.505,25045999616,7417999872.0,4121999872.0,214.32,214.72,218.31,214.379,248.0,207.21,,4655415,2310351,106532724736,0.827,0.0150999995,3.26,2025-04-03 01:00:00,"Marsh & McLennan Companies, Inc.","Marsh & McLennan Companies, Inc., a professional services company, provides advisory services and insurance solutions to clients in the areas of risk, strategy, and people worldwide. It operates through Risk and Insurance Services, and Consulting segments. The Risk and Insurance Services segment offers risk management services, such as risk advice, risk transfer, and risk control and mitigation solutions, as well as insurance and reinsurance broking, strategic advisory services, and analytics solutions, and insurance program management services. It serves businesses, public entities, insurance companies, associations, professional services organizations, and private clients. The Consulting segment provides health, wealth and career advice, solutions and products; and specialized management, strategic, economic, and brand consulting services. Marsh & McLennan Companies, Inc. was founded in 1871 and is headquartered in New York, New York.",,11.03,8.4,2.0,19.62,186.0,Insurance,2025.0,6.0,False,False,False,False,False,False,False,False
MLM,538.22,0.1187,0.05786,63.926,2.249,0.892,6638000128,2168999936.0,291875008.0,538.79,541.55,543.6358,534.37,633.23,441.95,,951177,453570,32446806016,0.886,0.0058999998,3.16,2025-06-02 01:00:00,"Martin Marietta Materials, Inc.","Martin Marietta Materials, Inc., a natural resource-based building materials company, supplies aggregates and heavy-side building materials to the construction industry in the United States and internationally. It offers crushed stone, sand, and gravel products; ready mixed concrete and asphalt; paving products and services; and Portland and specialty cement for use in the infrastructure projects, and nonresidential and residential construction markets, as well as in the railroad, agricultural, utility, and environmental industries. The company also produces magnesia-based chemicals products, dolomitic lime primarily to customers for steel production and soil stabilization. Its chemical products are used in flame retardants, wastewater treatment, pulp and paper production, and other environmental applications. The company was founded in 1939 and is headquartered in Raleigh, North Carolina.",,6.0,3.82,2.0,23.9,40.0,Construction Materials,2025.0,6.0,False,False,False,False,False,False,False,False
MAS,61.19,11.165561,0.16038999,,1.745,1.02,7703000064,1487000064.0,734000000.0,60.9,61.24,61.86,61.1324,86.7,56.55,,5147863,2438304,12907540480,1.193,0.020299999,1.24,2025-05-23 01:00:00,Masco Corporation,"Masco Corporation provides home improvement and building products in North America, Europe, and internationally. The company's Plumbing Products segment offers faucets, showerheads, handheld showers, valves, bath hardware and accessories, bathing units, shower bases and enclosures, shower drains, steam shower systems, water filtration systems, and sinks and kitchen accessories; acrylic tubs, bath and shower enclosures, and shower bases and trays; spas, exercise pools, and aquatic fitness systems and saunas; brass, copper, and composite plumbing system component and other non-decorative plumbing products; water products; and thermoplastic products, extruded plastic profiles, and specialized fabrication products, as well as PEX tubing products. This segment provides its products under the DELTA, BRIZO, PEERLESS, HANSGROHE, AXOR, KRAUS, EASY DRAIN, NEWPORT BRASS, GINGER, BRASSTECH, WALTEC, BRISTAN, HERITAGE, MIROLIN, HOT SPRING, CALDERA, FREEFLOW SPAS, FANTASY SPAS, AQUATERRA, LIFESMART, ENDLESS POOLS, TYLO, FINNLEO, HELO, BRASSCRAFT, PLUMBSHOP, and MASTER PLUMBER brands, as well as under private label to home center and online retailers, mass merchandisers, wholesalers and distributors, plumbers, building contractors, remodelers, smaller retailers, and consumers and homebuilders. Its Decorative Architectural Products segment offers paints, primers, specialty coatings, stains, and waterproofing products, as well as paint applicators and accessories; cabinet and door hardware, functional hardware, wall plates, hook and rail, and outdoor living hardware; and decorative bath hardware, shower accessories, mirrors, and shower doors. This segment provides its products under the BEHR, KILZ, WHIZZ, Elder & Jenks, LIBERTY, BRAINERD, and FRANKLIN BRASS brands to home center and other retailers, mass and online retailers, other specialty retailers, and original equipment manufacturers and wholesalers. The company was incorporated in 1929 and is headquartered in Livonia, Michigan.",,6.42,4.8,1.0,22.27,72.0,Building Products,2025.0,6.0,False,False,False,False,False,False,False,False
MA,532.97,1.8770399,0.23363,280.795,1.111,0.665,29069000704,17977999360.0,14451000320.0,538.73,536.935,538.29,527.33,594.71,428.86,,6171153,2880985,483980443648,1.052,0.0057,3.04,2025-04-25 01:00:00,Mastercard Incorporated,"Mastercard Incorporated, a technology company, provides transaction processing and other payment-related products and services in the United States and internationally. The company offers integrated products and value-added services for account holders, merchants, financial institutions, digital partners, businesses, governments, and other organizations, such as programs that enable issuers to provide consumers with credits to defer payments; payment products and solutions that allow its customers to access funds in deposit and other accounts; prepaid programs services; consumer bill payment services; and commercial credit, debit, and prepaid payment products and solutions. It also provides solutions that enable businesses or governments to make payments to businesses, including Virtual Card Number, which is generated dynamically from a physical card and leverages the credit limit of the funding account; and a platform to optimize supplier payment enablement campaigns for financial institutions. In addition, the company offers Mastercard Move, which partners with digital messaging and payment platforms to enable consumers to send money directly within applications to other consumers; and partners with central banks, fintechs and financial institutions to help governments and nonprofits, as well as enables various cross-border payment flows. Further, it provides security solutions; personalization, issuer and merchant loyalty, and marketing services; advanced analytics, business intelligence, economic and location-based insights, payments consulting, and operational insights services; processing and gateway solutions; and open banking services. The company offers payment solutions and services under the MasterCard, Maestro, and Cirrus names. Mastercard Incorporated was founded in 1966 and is headquartered in Purchase, New York.",,8.38,4.26,3.0,14.25,585.0,Software & Services,2025.0,6.0,False,False,False,False,False,False,False,False
MTCH,30.59,,0.12687,,1.623,1.439,3450904064,974160000.0,691691648.0,30.3,30.51,30.87,30.29,38.84,26.39,,10863205,4791537,7501432320,1.364,0.0248,0.76,2025-07-03 01:00:00,"Match Group, Inc.","Match Group, Inc. engages in the provision of digital technologies. It operates through four segments: Tinder, Hinge, Evergreen and Emerging, and Match Group Asia. The company's portfolio of brands includes Tinder, Hinge, Match, Meetic, OkCupid, Pairs, Plenty Of Fish, Azar, BLK, and other brands, built to increase users' likelihood of connecting with others. Its services are available in over 40 languages to users worldwide. The company was incorporated in 1986 and is based in Dallas, Texas.",,9.0,6.6,2.0,16.89,585.0,Software & Services,2025.0,6.0,False,False,False,False,False,False,False,False
MKC,73.06,0.14659001,0.05165,79.045,0.649,0.2,6726499840,1260499968.0,535049984.0,73.2,73.16,73.99,72.93,86.24,66.88,,2776101,2411558,19599587328,0.679,0.024600001,1.8,2025-04-07 01:00:00,"McCormick & Company, Incorporated","McCormick & Company, Incorporated manufactures, markets, and distributes spices, seasoning mixes, condiments, and other flavorful products to the food industry. It operates in two segments, Consumer and Flavor Solutions. The Consumer segment offers spices, herbs, and seasonings, as well as condiments and sauces, and desserts. This segment markets its products under the McCormick, French's, Frank's RedHot, Lawry's, Cholula Hot Sauce, Club House, Gourmet Garden, and OLD BAY brands in the Americas; Ducros, Schwartz, Kamis, LA Drogheria, and Vahiné brands in Europe, the Middle East, and Africa; and McCormick and DaQiao brands in the Asia/Pacific, as well as markets desserts under the Aeroplane brand and packaged chilled herbs under the Gourmet Garden brand name; and markets regional and ethnic brands, such as Zatarain's, Stubb's, Thai Kitchen, and Simply Asia. It also supplies its products under the private labels. This segment serves retailers comprising grocery, mass merchandise, warehouse clubs, discount and drug stores, and e-commerce retailers directly and indirectly through distributors and wholesale foodservice suppliers. The Flavor Solutions segment offers seasoning blends, spices and herbs, condiments, coating systems, and compound flavors to multinational food manufacturers and foodservice customers. It serves foodservice customers directly and indirectly through distributors. The company was founded in 1889 and is headquartered in Hunt Valley, Maryland.",,12.63,4.06,2.0,28.19,227.0,Food Products,2025.0,6.0,False,False,False,False,False,False,False,False
MCD,287.46,,0.13416,,1.181,0.904,25706999808,13895999488.0,5306375168.0,289.63,289.77,290.61,285.575,326.32,243.53,,4306868,3581579,205543391232,0.556,0.024600001,7.08,2025-06-02 01:00:00,McDonald's Corporation,"McDonald's Corporation owns, operates, and franchises restaurants under the McDonald's brand in the United States and internationally. It offers food and beverages, including hamburgers and cheeseburgers, various chicken sandwiches, fries, shakes, desserts, sundaes, soft serve cones, cookies, pies, soft drinks, coffee, and other beverages; and full or limited breakfast, as well as sells various other products during limited-time promotions. The company owns and operates franchised restaurants under various structures, including conventional franchise, developmental license, or affiliate. McDonald's Corporation was founded in 1940 and is based in Chicago, Illinois.",,13.02,5.64,3.0,28.51,209.0,Consumer Services,2025.0,6.0,False,False,False,False,False,False,False,False
MCK,720.92,,0.04309,,0.899,0.509,359051001856,5416000000.0,4733250048.0,728.91,730.3,733.099,718.84,733.1,464.42,,1367007,1018843,90114998272,0.488,0.0039,2.84,2025-06-02 01:00:00,McKesson Corporation,"McKesson Corporation provides healthcare services in the United States and internationally. It operates through four segments: U.S. Pharmaceutical, Prescription Technology Solutions (RxTS), Medical-Surgical Solutions, and International. The U.S. Pharmaceutical segment distributes branded, generic, specialty, biosimilar and over-the-counter pharmaceutical drugs, and other healthcare-related products. This segment also provides practice management, technology, clinical support, and business solutions to community-based oncology and other specialty practices; and consulting, outsourcing, technological, and other services, as well as sells financial, operational, and clinical solutions to pharmacies. The RxTS segment serves biopharma and life sciences partners to address challenges for patients by working across healthcare to connect patients, pharmacies, providers, pharmacy benefit managers, health plans, and biopharma companies to deliver solutions to help people get the medicine needed to live healthier lives; and provides medication access and affordability, prescription decision support, prescription price transparency, benefit insight, dispensing support, third-party logistics, and wholesale distribution support services, as well as electronic prior authorization services. The Medical-Surgical Solutions segment offers medical-surgical supply distribution, logistics, biomedical maintenance, and other services to healthcare providers, including physician offices, surgery centers, nursing homes, post-acute care facilities, hospital reference labs, and home health care agencies. The International segment delivers deliver medicines, supplies, and information technology solutions to retail pharmacies, hospitals, long-term care centers, clinics and institutions; and provides logistics and distribution services for manufacturers. McKesson Corporation was founded in 1833 and is headquartered in Irving, Texas.",,6.99,3.95,2.0,12.6,309.0,Healthcare,2025.0,6.0,False,False,False,False,False,False,False,False
MDT,86.34,0.09508,0.044060003,61.393,1.849,1.202,33536999424,9264000000.0,4357250048.0,85.73,86.14,86.41,85.73,96.25,75.96,,12016646,7755927,110681833472,0.815,0.032899998,2.84,2025-06-27 01:00:00,Medtronic plc,"Medtronic plc develops, manufactures, and sells device-based medical therapies to healthcare systems, physicians, clinicians, and patients worldwide. The Cardiovascular Portfolio segment offers implantable cardiac pacemakers, cardioverter defibrillators, and cardiac resynchronization therapy devices; cardiac ablation products; insertable cardiac monitor systems; TYRX products; and remote monitoring and patient-centered software. It also provides aortic valves, surgical valve replacement and repair products, endovascular stent grafts and accessories, and transcatheter pulmonary valves, and percutaneous coronary intervention products, percutaneous angioplasty balloons, and other products. The Neuroscience Portfolio segment offers medical devices and implants, biologic solutions, spinal cord stimulation and brain modulation systems, implantable drug infusion systems, and interventional products, as well as nerve ablation system under the Accurian name. The segment offers its products for spinal surgeons, neurosurgeons, neurologists, pain management specialists, anesthesiologists, orthopedic surgeons, urologists, urogynecologists, and interventional radiologists, as well as ear, nose, and throat specialists, and energy surgical instruments. The Medical Surgical Portfolio segment offers surgical stapling devices, vessel sealing instruments, wound closure and electrosurgery products, AI-powered surgical video and analytics platform, robotic-assisted surgery products, hernia mechanical devices, mesh implants, gynecology products, gastrointestinal and hepatologic diagnostics and therapies, and therapies to treat diseases and conditions, and patient monitoring and airway management products. The Diabetes Operating Unit segment provides insulin pumps and consumables, continuous glucose monitoring systems and sensors, and InPen, a smart insulin pen. Medtronic plc was founded in 1949 and is headquartered in Galway, Ireland.",,10.29,6.36,2.0,18.66,309.0,Healthcare,2025.0,6.0,False,True,False,False,False,False,False,False
MRK,79.06,0.39293,0.13809,71.992,1.41,0.827,63921999872,28795000832.0,17124249600.0,79.29,79.245,79.915,78.6,134.63,73.31,,33767792,15953798,198522028032,0.441,0.040999997,3.24,2025-06-16 01:00:00,"Merck & Co., Inc.","Merck & Co., Inc. operates as a healthcare company worldwide. It operates through two segments, Pharmaceutical and Animal Health. The company offers human health pharmaceutical for various areas, including oncology, vaccines, hospital acute care, cardiovascular, virology, neuroscience, and diabetes under the Keytruda, Welireg, Gardasil, ProQuad, M-M-R II, Varivax, Vaxneuvance, RotaTeq, Pneumovax 23, Bridion, Dificid, Zerbaxa, Noxafil, Winrevair, Adempas, Verquvo, Lagevrio, Isentress/Isentress HD, Delstrigo, Pifeltro, Belsomra, Januvia, and Janumet brands. It also provides veterinary pharmaceuticals, vaccines and health management solutions and services, such as livestock products under the Nuflor, Bovilis/Vista, Bovilis Cryptium, Banamine, Estrumate, Matrix, Resflor, Zuprevo, Revalor, Safe-Guard, M+Pac, Porcilis, Circumvent, Nobilis/Innovax, Paracox and Coccivac, Exzolt, Slice, Imvixa, Clynav, Aquavac/Norvax, Aquaflor, Flexolt brands; Allflex Livestock Intelligence solutions for animal identification, monitoring and traceability; and companion animal products under the Bravecto One-Month, Bravecto Injectable/Quantum, Bravecto Plus, Sentinel Spectrum, Sentinel Flavor Tabs, Optimmune, Nobivac NXT, GilvetMab, Otomax, Mometamax, Mometamax Ultra, Posatex, Caninsulin/Vetsulin, Panacur, Regumate, Prestige, Scalibor/Exspot, Sure Petcare, and Home Again brands. The company has development and commercialization agreement for three of Daiichi Sankyo's deruxtecan ADC candidates; AstraZeneca PLC to co-development and co-commercialize AstraZeneca's Lynparza products for multiple cancer types, and Koselugo for multiple indications; licensed to develop, manufacture and commercialize LM-299, a novel investigational PD-1/VEGF bispecific antibody from LaNova; and collaboration agreement with Eisai Co., Ltd., Bayer AG, and Ridgeback Biotherapeutics LP, as well Moderna, Inc. It has a collaboration agreement with Antengene Corporation Limited to evaluate the combination of ATG-022, a CLDN18.2-targeting antibody-drug conjugate, and anti-PD-1 therapy, as well as KEYTRUDA (pembrolizumab) in patients with advanced solid tumors. Merck & Co., Inc. was founded in 1891 and is headquartered in Rahway, New Jersey.",,10.2,5.76,2.0,18.81,501.0,Pharmaceuticals,2025.0,6.0,False,True,False,False,False,False,False,False
META,682.35,0.39835,0.17879999,26.763,2.662,2.501,170359996416,87979999232.0,36658999296.0,695.77,700.75,701.8197,678.775,740.91,442.65,,22538640,16274746,1715653050368,1.266,0.0031,2.1,2025-06-16 01:00:00,"Meta Platforms, Inc.","Meta Platforms, Inc. engages in the development of products that enable people to connect and share with friends and family through mobile devices, personal computers, virtual reality and mixed reality headsets, augmented reality, and wearables worldwide. It operates through two segments, Family of Apps (FoA) and Reality Labs (RL). The FoA segment offers Facebook, which enables people to build community through feed, reels, stories, groups, marketplace, and other; Instagram that brings people closer through instagram feed, stories, reels, live, and messaging; Messenger, a messaging application for people to connect with friends, family, communities, and businesses across platforms and devices through text, audio, and video calls; Threads, an application for text-based updates and public conversations; and WhatsApp, a messaging application that is used by people and businesses to communicate and transact in a private way. The RL segment provides virtual, augmented, and mixed reality related products comprising consumer hardware, software, and content that help people feel connected, anytime, and anywhere. The company was formerly known as Facebook, Inc. and changed its name to Meta Platforms, Inc. in October 2021. The company was incorporated in 2004 and is headquartered in Menlo Park, California.",,21.64,8.68,4.0,32.73,585.0,Software & Services,2025.0,6.0,False,False,False,False,False,False,False,False
MET,79.21,0.15982,0.0062599997,172.754,1.6,1.338,73494003712,7554999808.0,1656249984.0,78.55,79.14,79.645,78.635,89.05,65.21,,6575379,3487464,53173514240,0.839,0.0287,2.27,2025-05-06 01:00:00,"MetLife, Inc.","MetLife, Inc., a financial services company, provides insurance, annuities, employee benefits, and asset management services worldwide. It operates in six segments: Group Benefits; Retirement and Income Solutions; Asia; Latin America; Europe, the Middle East and Africa; and MetLife Holdings. The company offers life, dental, group short-and long-term disability, paid family and medical leave, individual disability, accidental death and dismemberment, accident and health, vision, and pet insurance, as well as prepaid legal plans; administrative services-only arrangements to employers; and general and separate account, and synthetic guaranteed interest contracts, as well as private floating rate funding agreements. It also provides pension risk transfers, institutional income annuities, structured settlements, and capital markets investment products; and other products and services, such as life insurance products and funding agreements for funding postretirement benefits, as well as company, bank, or trust-owned life insurance used to finance nonqualified benefit programs for executives. In addition, it offers fixed, indexed-linked, and variable annuities; pension products; regular savings products; whole and term life, endowments, universal and variable life, and group life products; longevity and funded reinsurance solutions; credit insurance products; accident & health products covering hospitalization, cancer, critical illness, income protection, and scheduled medical reimbursement plans; and protection against long-term health care services. MetLife, Inc. was incorporated in 1999 and is based in New York, New York.",,7.17,7.42,2.0,15.09,186.0,Insurance,2025.0,6.0,False,False,False,False,False,False,False,False
MTD,1153.93,,0.21216999,,1.013,0.611,3830156032,1183522944.0,743663872.0,1145.47,1159.08,1161.05,1147.77,1546.93,946.69,,165791,218641,23981897728,1.387,,,,Mettler-Toledo International Inc.,"Mettler-Toledo International Inc. manufactures and supplies precision instruments and services in the Americas, Europe, Asia, and internationally. It operates through five segments: U.S. Operations, Swiss Operations, Western European Operations, Chinese Operations, and Other Operations. The company's laboratory instruments include laboratory balances, liquid pipetting solutions, automated laboratory reactors, real-time analytics, titrators, pH meters, process analytics sensors and analyzer technologies, physical value analyzers, density and refractometry, thermal analysis systems, and other analytical instruments; and LabX, a laboratory software platform to manage and analyze data generated by its instruments. Its industrial instruments comprise industrial weighing instruments and related terminals, automatic dimensional measurement and data capture solutions, vehicle scale systems, industrial software, metal detection equipment, x-ray systems, check weighing equipment, and other end-of-line product inspection systems. The company's retail weighing solutions consist of weighing and software solutions, AI-driven image recognition solution, and automated packaging and labelling solutions for the meat backroom. The company serves the life science industry, independent research organizations, and testing labs; food manufacturers and retailers; chemical, specialty chemical, and cosmetics companies; transportation and logistics, metals, and electronics industries; and the academic community through its direct sales force and indirect distribution channels. The company was incorporated in 1991 and is based in Columbus, Ohio.",,6.71,3.07,0.0,10.73,501.0,Pharmaceuticals,2025.0,6.0,False,False,False,False,False,False,False,False
MGM,33.77,0.2582,0.02345,880.101,1.306,1.089,17134156800,2446169088.0,556492032.0,33.94,34.31,34.77,33.49,47.26,25.3,,11128277,5829903,9190471680,1.767,,,2022-12-08 00:00:00,MGM Resorts International,"MGM Resorts International, through its subsidiaries, operates as a gaming and entertainment company in the United States, China, and internationally. The company operates through four segments: Las Vegas Strip Resorts, Regional Operations, MGM China, and MGM Digital. It operates casino resorts that offer gaming, hotel, convention, dining, entertainment, retail, and other resort amenities, as well as online/digital games through its online platforms. The company's casino operations include slots and table games, as well as live dealer, online sports betting, and iGaming through BetMGM. Its customers include premium gaming customers; leisure and wholesale travel customers; business travelers; and group customers, including conventions, trade associations, and small meetings. The company was formerly known as MGM MIRAGE and changed its name to MGM Resorts International in June 2010. MGM Resorts International was incorporated in 1986 and is based in Las Vegas, Nevada.",,12.67,10.63,2.0,24.27,209.0,Consumer Services,2025.0,6.0,False,False,True,False,False,False,False,False
MCHP,68.97,-7e-05,0.01502,81.675,2.59,1.265,4401600000,1125600000.0,1055487488.0,68.02,69.54,69.655,67.385,96.98,34.13,,19067440,11994241,37202350080,1.463,0.026400002,1.82,2025-05-22 01:00:00,Microchip Technology Incorporated,"Microchip Technology Incorporated develops, manufactures, and sells smart, connected, and secure embedded control solutions in the Americas, Europe, and Asia. The company offers general purpose 8-bit, 16-bit, 32-bit, and 64-bit mixed-signal microcontrollers; 32-bit and 64-bit embedded mixed-signal microprocessors; and specialized mixed-signal microcontrollers for automotive, industrial, computing, communications, lighting, power supplies, motor control, human machine interface, security, wired connectivity, and wireless connectivity applications. It also provides analog products, including power management, linear, mixed-signal, high voltage, thermal management, discrete diodes and MOSFETS, radio frequency (RF), drivers, safety, security, timing, USB, ethernet, wireless, and other interface products; field-programmable gate array (FPGA) products; and application development tools that enable system designers to program mixed-signal microcontroller, FPGA, and microprocessor products for specific applications. In addition, the company offers memory products that consist of serial electrically erasable programmable read only memory (EEPROMs), serial flash memories, parallel flash memories, serial static random-access memory (SRAM), and electrically erasable random-access memory (EERAMs) for production of very small footprint devices; and licenses its SuperFlash embedded flash and non-volatile memory technologies to foundries, integrated device manufacturers, and design partners for use in the manufacture of microcontroller products, gate array, RF, analog, and neuromorphic compute products, as well as provides engineering services. Further, it provides wafer foundry and assembly, and test subcontracting manufacturing services; and timing systems, application specific integrated circuits, and products for aerospace applications. It sells its products primarily through a network of direct sales personnel and distributors. Microchip Technology Incorporated was incorporated in 1989 and is headquartered in Chandler, Arizona.",,6.78,6.58,1.0,24.06,122.0,Semiconductors,2025.0,6.0,False,False,False,False,False,False,False,False
MU,123.6,0.101009995,0.055219997,30.891,3.134,1.869,31323000832,14104000512.0,-607249984.0,121.82,122.77,124.16,120.38,144.07,61.54,,29290388,23034479,138131652608,1.281,0.0037,0.46,2025-03-31 01:00:00,"Micron Technology, Inc.","Micron Technology, Inc. designs, develops, manufactures, and sells memory and storage products in the United States, Taiwan, Mainland China, rest of the Asia Pacific, Hong Kong, Japan, Europe, and internationally. The company operates through four segments: Compute and Networking Business Unit, Mobile Business Unit, Embedded Business Unit, and Storage Business Unit. It provides memory and storage technologies comprising dynamic random access memory semiconductor devices with low latency that provide high-speed data retrieval; non-volatile and re-writeable semiconductor storage devices; and non-volatile re-writable semiconductor memory devices that provide fast read speeds under the Micron and Crucial brands, as well as through private labels. The company offers serves the data center, PC, graphics, networking, automotive, industrial, and consumer embedded markets, as well as for smartphone and other mobile-device markets. It markets its products through its direct sales force, independent sales representatives, distributors, and retailers; and web-based customer direct sales channel, as well as through channel and distribution partners. Micron Technology, Inc. was founded in 1978 and is headquartered in Boise, Idaho.",,5.03,4.69,2.0,18.6,122.0,Semiconductors,2025.0,6.0,False,False,False,False,False,False,False,False
MSFT,477.4,0.3361,0.14581999,32.626,1.372,1.244,270010007552,149172994048.0,54817001472.0,480.24,482.1,483.44,476.87,483.46,344.79,,37576206,22828664,3548294676480,1.026,0.0069999998,3.32,2025-08-21 01:00:00,Microsoft Corporation,"Microsoft Corporation develops and supports software, services, devices and solutions worldwide. The Productivity and Business Processes segment offers office, exchange, SharePoint, Microsoft Teams, office 365 Security and Compliance, Microsoft viva, and Microsoft 365 copilot; and office consumer services, such as Microsoft 365 consumer subscriptions, Office licensed on-premises, and other office services. This segment also provides LinkedIn; and dynamics business solutions, including Dynamics 365, a set of intelligent, cloud-based applications across ERP, CRM, power apps, and power automate; and on-premises ERP and CRM applications. The Intelligent Cloud segment offers server products and cloud services, such as azure and other cloud services; SQL and windows server, visual studio, system center, and related client access licenses, as well as nuance and GitHub; and enterprise services including enterprise support services, industry solutions, and nuance professional services. The More Personal Computing segment offers Windows, including windows OEM licensing and other non-volume licensing of the Windows operating system; Windows commercial comprising volume licensing of the Windows operating system, windows cloud services, and other Windows commercial offerings; patent licensing; and windows Internet of Things; and devices, such as surface, HoloLens, and PC accessories. Additionally, this segment provides gaming, which includes Xbox hardware and content, and first- and third-party content; Xbox game pass and other subscriptions, cloud gaming, advertising, third-party disc royalties, and other cloud services; and search and news advertising, which includes Bing, Microsoft News and Edge, and third-party affiliates. The company sells its products through OEMs, distributors, and resellers; and directly through digital marketplaces, online, and retail stores. The company was founded in 1975 and is headquartered in Redmond, Washington.",,8.98,4.8,3.0,17.39,585.0,Software & Services,2025.0,6.0,False,False,False,False,False,False,False,False
MAA,148.56,0.09368,0.03492,82.626,0.063,0.043,2196687872,1246050048.0,990585280.0,148.92,149.65,150.2339,147.91,173.38,137.51,,1473175,967391,17844729856,0.778,0.040799998,6.06,2025-07-15 01:00:00,"Mid-America Apartment Communities, Inc.","MAA, an S&P 500 company, is a real estate investment trust (REIT) focused on delivering full-cycle and superior investment performance for shareholders through the ownership, management, acquisition, development and redevelopment of quality apartment communities primarily in the Southeast, Southwest and Mid-Atlantic regions of the United States. As of March 31, 2025, MAA had ownership interest in 104,011 apartment units, including communities currently in development, across 16 states and the District of Columbia.",,3.17,6.33,1.0,13.78,509.0,Real Estate,2025.0,6.0,False,False,False,False,False,False,False,False
MRNA,25.9,-0.29341,-0.15837,7.401,4.218,3.916,3176999936,-3536999936.0,-3197499904.0,25.4,25.68,26.015,25.42,138.07,23.15,,13772242,10965858,10016618496,1.859,,,,"Moderna, Inc.","Moderna, Inc., a biotechnology company, provides messenger RNA medicines in the United States, Europe, and internationally. The company's respiratory vaccines include spikevax, mRESVIA, COVID, RSV, seasonal influenza, combination, and pandemic influenza vaccine; latent vaccines comprise cytomegalovirus, epstein-barr virus, herpes simplex virus, varicella zoster virus, and human immunodeficiency virus vaccines; enteric viruses include norovirus; public health vaccines consist of Zika, Nipah, and Mpox vaccines; and bacterial diseases vaccines, such as lyme vaccines. It also provides oncology therapeutics, such as individualized neoantigen and checkpoint adaptive immune modulation therapy; and rare disease products, including propionic and methylmalonic acidemia, glycogen storage disease type 1a, ornithine transcarbamylase deficiency, phenylketonuria, crigler-najjar syndrome type 1, and cystic fibrosis. It has strategic alliances and collaborations with AstraZeneca; Merck & Co., Inc; Vertex Pharmaceuticals Incorporated; Vertex Pharmaceuticals (Europe) Limited; Generation Bio Co.; immatics N.V.; Life Edit Therapeutics; Carisma Therapeutics, Inc.; CytomX Therapeutics; Defense Advanced Research Projects Agency; Biomedical Advanced Research and Development Authority; Institute for Life Changing Medicines; The Bill & Melinda Gates Foundation; and OpenAI. The company was formerly known as Moderna Therapeutics, Inc. and changed its name to Moderna, Inc. in August 2018. Moderna, Inc. was founded in 2010 and is headquartered in Cambridge, Massachusetts.",,12.18,4.21,2.0,19.16,501.0,Pharmaceuticals,2025.0,6.0,False,True,False,False,False,False,False,False
MHK,99.53,0.062589996,0.0359,35.465,2.011,0.953,10683299840,1408199936.0,669262528.0,97.99,98.06,99.98,98.06,164.29,96.24,,622515,800620,6223083520,1.189,,,,"Mohawk Industries, Inc.","Mohawk Industries, Inc. designs, manufactures, sources, distributes, and markets flooring products for residential and commercial remodeling, and new construction channels in the United States, Europe, Latin America, and internationally. It operates through three segments: Global Ceramic, Flooring North America, and Flooring Rest of the World. The company provides ceramic, porcelain, and natural stone tiles products for floor and wall applications; natural stones, porcelain slabs, and quartz countertops, as well as installation materials; floor covering products comprising broadloom carpets, carpet tiles, rugs and mats, carpet pads, laminates, medium-density fiberboards, wood floorings, vinyl tiles, and sheet vinyl; and roofing panels, insulation boards, mezzanine flooring products, medium-density fiberboard, decorative panels, and chipboards. It also licenses its intellectual property to flooring manufacturers. The company sells its products under the American Olean, Daltile, Decortiles, Eliane, Elizabeth, Lentex Flooring, EmilGroup, KAI, Kerama Marazzi, Marazzi, Ragno, Aladdin Commercial, Durkan, Foss, IVC Resilient Design, Karastan, Mohawk, Mohawk Group, Mohawk Home, Pergo, Portico, Quick-Step, Feltex, GH Commercial, Godfrey Hirst, Hycraft, IVC Home, Lentex, Leoline, Moduleo, Redbook, Unilin, and Vitromex brands. It offers its products to home centers, company-owned service centers and stores, floor covering retailers, ceramic tile specialists, e-commerce retailers, residential builders, independent distributors, commercial contractors, and commercial end users. The company was incorporated in 1988 and is headquartered in Calhoun, Georgia.",,3.36,4.16,2.0,13.63,93.0,Consumer Durables,2025.0,6.0,False,False,False,False,False,False,False,False
MOH,294.01,0.26718,0.06728,87.378,1.626,1.568,40289001472,1836999936.0,585374976.0,295.34,295.92,297.45,291.28,365.23,262.32,,921321,690390,15935342592,0.57,,,,"Molina Healthcare, Inc.","Molina Healthcare, Inc. provides managed healthcare services to low-income families and individuals under the Medicaid and Medicare programs and through the state insurance marketplaces. It operates in four segments: Medicaid, Medicare, Marketplace, and Other. The company served in across 21 states. The company was founded in 1980 and is headquartered in Long Beach, California.",,17.77,5.09,1.0,23.14,309.0,Healthcare,2025.0,6.0,False,False,False,False,False,False,False,False
TAP,48.05,0.07989,0.041490003,49.065,0.895,0.461,11334700032,2403200000.0,671500032.0,48.81,48.97,49.045,47.83,64.66,47.83,,4631462,2546216,9724551168,0.728,0.039100002,1.88,2025-06-06 01:00:00,Molson Coors Beverage Company,"Molson Coors Beverage Company manufactures, markets, and sells beer and other malt beverage products in the Americas, Europe, the Middle East, Africa, and the Asia Pacific. The company offers flavored malt beverages including hard seltzers, craft, spirits, and ready to drink beverages. It provides its products under Arnold Palmer Spiked, Aspall Cider, Blue Moon, Beck's, Blue Run Spirits, Cobra, Corona Extra, Coors Original, Five Trail, Heineken, Leinenkugel's, Madri, Miller Genuine Draft, Molson Ultra, Peroni Nastro Azurro, Pilsner Urquell, Redd's, Sharp's, Simply Spiked, Sol, Staropramen, Stella Artois, Topo Chico Hard Seltzer, ZOA Energy, and Vizzy Hard Seltzer above premium brands; Bergenbier, Borsodi, Burgasko, Caraiman, Carling, Coors Banquet, Coors Light, Jelen, Kamenitza, Miller Lite, Molson Canadian brands, Niksicko, and Oujsko under the premium brands; and Branik, Icehouse, Keystone, Lowenbrau, Miller High Life, Milwaukee's Best, and Steel Reserve under the economy brands. The company was formerly known as Molson Coors Brewing Company and changed its name to Molson Coors Beverage Company in January 2020. Molson Coors Beverage Company was founded in 1774 and is based in Golden, Colorado.",,10.92,4.84,2.0,27.63,227.0,Food Products,2025.0,6.0,False,False,False,False,False,False,False,False
MDLZ,68.31,0.13302,0.03691,78.051,0.606,0.325,36464001024,5633999872.0,3596750080.0,66.35,67.0204,68.705,66.81,76.06,53.95,,12997842,8123825,88449146880,0.499,0.0275,1.88,2025-06-30 01:00:00,"Mondelez International, Inc.","Mondelez International, Inc., through its subsidiaries, manufactures, markets, and sells snack food and beverage products in the Latin America, North America, Asia, the Middle East, Africa, and Europe. It provides biscuits and baked snacks, including cookies, crackers, salted snacks, snack bars, and cakes and pastries; chocolates; and gums and candies, as well as various cheese and grocery, and powdered beverage products. The company's brand portfolio includes Oreo, Ritz, LU, CLIF Bar, and Tate's Bake Shop biscuits and baked snacks, as well as Cadbury Dairy Milk, Milka, and Toblerone chocolate. It serves to supermarket chains, wholesalers, supercenters, club stores, mass merchandisers, distributors, convenience stores, gasoline stations, drug stores, value stores, and other retail food outlets through direct store delivery, company-owned and satellite warehouses, distribution centers, third party distributors, and other facilities, as well as through independent sales offices and agents. The company also sells products directly to businesses and consumers through e-retail platforms, retailer digital platforms, as well as through its direct-to-consumer websites and social media platforms. Mondelez International, Inc. was formerly known as Kraft Foods Inc. and changed its name to Mondelez International, Inc. in October 2012. The company was incorporated in 2000 and is headquartered in Chicago, Illinois.",,9.03,3.65,3.0,21.98,227.0,Food Products,2025.0,6.0,False,False,False,False,False,False,False,False
MPWR,685.9,0.67946,0.11995,0.543,4.921,3.416,2386768896,652257984.0,443831744.0,693.24,704.97,704.97,676.66,959.64,438.86,,1074812,870895,32840892416,1.192,0.0091,6.24,2025-06-30 01:00:00,"Monolithic Power Systems, Inc.","Monolithic Power Systems, Inc. designs, develops, markets, and sells semiconductor-based power electronics solutions for the storage and computing, automotive, enterprise data, consumer, communications, and industrial markets. The company provides direct current (DC) to DC integrated circuits (ICs) that are used to convert and control voltages of various electronic systems, such as cloud-based and on-premises CPU servers, server artificial intelligence applications, storage applications, notebooks, infotainment, workstation applications, power sources, home appliances, and network infrastructure and satellite communications applications. It also offers alternating current to DC, driver metal-oxide-semiconductor field-effect transistor, power management ICs, current limit switch, and lighting control products. The company sells its products through third-party distributors, value-added resellers, end customers and other resellers, original design manufacturers, and original equipment manufacturers. It has operations in China, Taiwan, South Korea, Europe, Southeast Asia, Japan, the United States, and internationally. Monolithic Power Systems, Inc. was incorporated in 1997 and is headquartered in Kirkland, Washington.",,5.7,6.69,1.0,17.13,122.0,Semiconductors,2025.0,6.0,False,False,False,False,False,False,False,False
MNST,63.09,0.20004,0.14239,3.998,3.375,2.657,7448168960,2172233984.0,1444561536.0,63.19,63.31,63.62,62.68,64.45,43.32,,12785958,5924770,61528272896,0.605,,,,Monster Beverage Corporation,"Monster Beverage Corporation, through its subsidiaries, engages in development, marketing, sale, and distribution of energy drink beverages and concentrates in the United States and internationally. The company operates through four segments: Monster Energy Drinks, Strategic Brands, Alcohol Brands, and Other. It offers carbonated non-carbonated energy drinks, ready-to-drink iced teas, lemonades, juice cocktails, single-serve juices and fruit beverages, ready-to-drink dairy and coffee drinks, energy drinks, sports drinks and single-serve still waters, and sodas that are considered natural, sparkling juices, and flavored sparkling beverages. In addition, the company provides its products under the Monster Energy, Monster Energy Ultra, Rehab Monster, Monster Energy Nitro, Java Monster, Punch Monster, Juice Monster, Monster Tour Water, Reign Total Body Fuel, Reign Inferno Thermogenic Fuel, Reign Storm, Bang Energy, NOS, Full Throttle, Burn, Mother, Nalu, Ultra Energy, Play and Power Play, Relentless, BPM, BU, Samurai, Live+, Predator, and Fury brands. Further, it offers craft beers, flavored malt beverages,and hard seltzers under the Jai Alai IPA, Florida Man IPA, Dale's Pale Ale, Wild Basin Hard Seltzers, Dallas Blonde, Deep Ellum IPA, Perrin Brewing Company Black Ale, Hop Rising Double IPA, Wasatch Apricot Hefeweizen, The Beast, and Nasty Beast Hard Tea brands. The company engages in the concentrates and/or beverage bases to authorized bottling, and canning operations. It sells its products to full-service beverage bottlers/distributors, retail grocery and specialty chains, wholesalers, club stores, mass merchandisers, convenience chains, food service customers, value stores, e-commerce retailers, and the military. The company was formerly known as Hansen Natural Corporation and changed its name to Monster Beverage Corporation in January 2012. Monster Beverage Corporation was founded in 1985 and is headquartered in Corona, California.",,11.76,4.37,1.0,28.96,227.0,Food Products,2025.0,6.0,False,False,False,False,False,False,False,False
MCO,470.0,0.55498004,0.12687999,188.388,1.565,1.403,7225999872,3320000000.0,2182374912.0,470.51,473.25,474.24,467.73,531.93,378.71,,799249,782245,84570857472,1.384,0.008,3.76,2025-05-16 01:00:00,Moody's Corporation,"Moody's Corporation operates as an integrated risk assessment firm worldwide. It operates in two segments, Moody's Analytics and Moody's Investors Services. The Moody's Analytics segment develops a range of products and services that support the risk management activities of institutional participants in financial markets. It offers credit research, credit models and analytics, economics data and models, and structured finance solutions; data sets on companies and securities; and SaaS solutions supporting banking, insurance, and know your customer workflows. The Moody's Investors Service segment publishes credit ratings and provides assessment services on various debt obligations, programs and facilities, and entities that issue such obligations, such as various corporate, financial institution, and governmental obligations, as well as structured finance securities. The company was formerly known as Dun and Bradstreet Company and changed its name to Moody's Corporation in September 2000. The company was founded in 1900 and is headquartered in New York, New York.",,6.29,6.42,2.0,14.91,357.0,Diversified Financials,2025.0,6.0,False,False,False,False,False,False,False,False
MS,132.71,0.13884,0.011419999,416.642,2.073,1.656,63958999040,,,132.52,133.35,133.37,131.921,142.03,90.94,,5222360,6961630,212909309952,1.291,0.0279,3.7,2025-04-30 01:00:00,Morgan Stanley,"Morgan Stanley, a financial holding company, provides various financial products and services to governments, financial institutions, and individuals in the Americas, Asia, Europe, Middle East, and Africa. The company operates through Institutional Securities, Wealth Management, and Investment Management segments. It offers capital raising and financial advisory services, including services related to the underwriting of debt, equity, and other securities, as well as advice on mergers and acquisitions, restructurings, and project finance. It also provides equity and fixed income products comprising sales, financing, prime brokerage, and market-making services; Asia wealth management; business-related investments services; originating corporate and commercial real estate loans, secured lending facilities, and extending securities; and research. In addition, the company offers financial advisor-led brokerage, custody, and administrative and investment advisory services; self-directed brokerage services; financial and wealth planning services; stock plan administration; securities-based lending, residential and commercial real estate loans, and other lending products; banking; and retirement plan services. Further, it provides equity, fixed income, alternatives and solutions, and liquidity and overlay services to benefit/defined contribution plans, foundations, endowments, government entities, sovereign wealth funds, insurance companies, third-party fund sponsors, corporations, and individuals. The company was founded in 1924 and is headquartered in New York, New York.",,11.83,11.71,2.0,24.82,357.0,Diversified Financials,2025.0,6.0,False,False,False,False,False,False,False,False
MOS,36.34,0.03285,0.021370001,40.476,1.123,0.38,11064299520,1930700032.0,502837504.0,36.44,36.47,36.59,35.87,37.69,22.36,,10468837,5762537,11528174592,1.148,0.0242,0.88,2025-06-05 01:00:00,The Mosaic Company,"The Mosaic Company, through its subsidiaries, produces and markets concentrated phosphate and potash crop nutrients in the United States, Brazil, China, Canada, Paraguay, Argentina, Japan, Colombia, India, Australia, Peru, Mexico, Honduras, the Dominican Republic, Thailand, Indonesia, and internationally. It operates in three segments: Phosphates, Potash, and Mosaic Fertilizantes. The company owns and operates mines and production facilities, which produce concentrated phosphate crop nutrients, such as diammonium phosphate, monoammonium phosphate, and MicroEssentials ammoniated phosphate products; and phosphate based animal feed ingredients under the Biofos and Nexfos brands, as well as produces a double sulfate of potash magnesia product under the K-Mag brand. It also produces and sells potash for use in the manufacturing of mixed crop nutrients and animal feed ingredients, and for industrial use; and for use in the deicing and as a water softener regenerant. In addition, the company provides blended crop nutrients for agricultural use; triple superphosphate, single superphosphate, and dicalcium phosphate; and biological fertilizer complements, industrial products, and other ancillary services. Further, it owns and operates chemical plants, crop nutrient blending and bagging facilities, port terminals, and warehouses; distributes nitrogen based crop nutrients and phosphogypsum; and purchases and sells phosphates, potash, and nitrogen products. The company sells its products to distributors, retail chains, cooperatives, independent retailers and dealers, industrial accounts, animal feed industry, wholesalers, farmers, crop nutrient manufacturers, and national accounts through its sales force. It also exports its products. The Mosaic Company was incorporated in 1987 and is headquartered in Tampa, Florida.",,10.39,5.26,2.0,32.41,183.0,Chemicals,2025.0,6.0,False,False,False,False,False,False,False,False
MSI,406.25,1.86885,0.13,393.309,1.198,0.948,10956000256,3220999936.0,1923000064.0,404.74,406.05,411.2,404.385,507.82,380.72,,1457741,967325,67809624064,0.967,0.0107,4.36,2025-06-13 01:00:00,"Motorola Solutions, Inc.","Motorola Solutions, Inc. provides public safety and enterprise security solutions in the United States, the United Kingdom, Canada, and internationally. It operates in two segments, Products and Systems Integration, and Software and Services. The Products and Systems Integration segment offers a portfolio of infrastructure, devices, accessories, and video security devices and infrastructure, as well as the implementation and integration of systems, devices, software, and applications for government, public safety, and commercial customers who operate private communications systems and video security solutions, as well as manage a mobile workforce. This segment also provides land mobile radio communications, and video security and access control devices, including two-way portable and vehicle-mounted radios, video cameras, and accessories; communications network core and central processing software, base stations, consoles, and repeaters; and video analytics, network video management hardware and software, and access control solutions. The Software and Services segment offers public safety and enterprise command center, unified communications applications, mobile video equipment, and video software solutions; repair, technical support, and maintenance services; and monitoring, software updates, and cybersecurity services to government, public safety, and commercial communications networks. It serves hospitality; manufacturing; military and defence; police; air transportation; fire and rescue; stadium; emergency medical services; mining; oil and gas; transportation and logistics; utilities; education; retail; and healthcare industries. The company was formerly known as Motorola, Inc. and changed its name to Motorola Solutions, Inc. in January 2011. Motorola Solutions, Inc. was incorporated in 1928 and is headquartered in Chicago, Illinois.",,7.31,4.52,1.0,17.53,238.0,Technology Hardware,2025.0,6.0,False,False,False,False,False,False,False,False
MSCI,544.78,,0.18135999,,0.843,0.755,2921989120,1691549952.0,1127484800.0,543.72,546.0,547.35,541.48,642.45,478.33,,666095,516617,42150449152,1.326,0.013200001,7.2,2025-05-16 01:00:00,MSCI Inc.,"MSCI Inc., together with its subsidiaries, provides critical decision support tools and solutions for the investment community to manage investment processes worldwide. The Index segment provides indexes for use in various areas of the investment process, including indexed financial product, such as ETFs, mutual funds, annuities, futures, options, structured products, and over-the-counter derivatives; performance benchmarking; portfolio construction and rebalancing; and asset allocation, as well as licenses GICS and GICS Direct. The Analytics segment offers risk management, performance attribution and portfolio management content, application, an integrated view of risk and return service, and an analysis of market, credit, liquidity, counterparty, and climate risk across asset classes; managed services, including consolidation of client portfolio data, review and reconciliation of input data and results, and customized reporting; and HedgePlatform to measure, evaluate, and monitor the risk of hedge fund investments. The ESG and Climate segment provides products and services that help institutional investors understand how ESG impacts the long-term risk and return of their portfolio and individual security-level investments; and data, ratings, research, and tools to help investors navigate increasing regulation. The All Other  Private Assets segment comprising real estate and infrastructure data, benchmarks, return-analytics, climate assessments and market insights; business intelligence to real estate owners, managers, developers, and brokers; and offers investment decision support tools for private capital. The Private Capital Solutions segment offers tools to help private asset investors across mission-critical workflows, such as sourcing terms and conditions, evaluating operating performance, managing risk and other activities supporting private capital investing. MSCI Inc. was incorporated in 1998 and is headquartered in New York, New York.",,5.46,6.6,1.0,14.4,357.0,Diversified Financials,2025.0,6.0,False,False,False,False,False,False,False,False
NDAQ,86.1,0.11415,0.04354,84.587,0.981,0.212,7816000000,2736000000.0,1834000000.0,86.37,86.77,87.07,85.82,87.5,59.44,,4502844,3680596,49431900160,1.013,0.0125,1.08,2025-06-13 01:00:00,"Nasdaq, Inc.","Nasdaq, Inc. operates as a technology company that serves capital markets and other industries worldwide. It operates in three segments: Capital Access Platforms, Financial Technology, and Market Services. The company distributes historical and real-time market data; develops and licenses Nasdaq-branded indices and financial products; investor relations intelligence, governance solutions, and sustainability solution products for public and private companies and organizations; and insights and workflow solutions, as well as operates listing platforms. It also offers Verafin, a cloud-based platform to detect, investigate, and report money laundering and financial frauds; AxiomSL, a risk data management and regulatory reporting solution; surveillance solutions, including a SaaS platform to assist in complying with market rules, regulations, and internal market surveillance policies; Calypso, a platform providing cross-asset, front-to-back trading, treasury, risk, and collateral management solutions; and handles assets comprising cash equities, equity derivatives, currencies, various interest-bearing securities, commodities, energy products, and digital currencies; and trade management and colocation services. In addition, the company provides equity derivative trading and clearing, cash equity trading, fixed income and commodities trading and clearing, and currency trading services; and operates various exchanges, including derivatives, commodities, cash equity, debt, structured products, and exchange traded products; and clearing, settlement, and central depository services. The company was formerly known as The NASDAQ OMX Group, Inc. and changed its name to Nasdaq, Inc. in September 2015. Nasdaq, Inc. was founded in 1971 and is headquartered in New York, New York.",,7.08,6.48,1.0,13.63,357.0,Diversified Financials,2025.0,6.0,False,False,False,False,False,False,False,False
NTAP,102.69,1.08509,0.08601,335.673,1.255,1.094,6572000256,1640000000.0,1158625024.0,102.75,103.5,103.93,101.845,135.45,71.84,,3005910,2353579,20575584256,1.414,0.020299999,2.08,2025-07-03 01:00:00,"NetApp, Inc.","NetApp, Inc. provides a range of enterprise software, systems, and services that customers use to transform their data infrastructures in the United States, Canada, Latin America, Europe, the Middle East, Africa, and the Asia Pacific. It operates through two segments, Hybrid Cloud and Public Cloud. The company offers data management software, such as NetApp ONTAP, ONTAP One, NetApp Snapshot, NetApp SnapCenter Backup Management, NetApp SnapMirror Data Replication, and NetApp SnapLock Data Compliance; and storage infrastructure solutions, including NetApp All-Flash FAS (AFF A-Series), NetApp All-Flash FAS with capacity flash (AFF C-Series), NetApp All-Flash SAN Array (ASA A-Series & C-Series), NetApp Fabric Attached Storage (FAS), NetApp E/EF series, and NetApp StorageGRID. It also provides cloud storage services comprising NetApp Cloud Volumes ONTAP, Azure NetApp Files, Amazon FSx for NetApp ONTAP, and Google Cloud NetApp Volumes, as well as NetApp BlueXP, BlueXP Copy and Sync, BlueXP Backup and Recovery, BlueXP Classification, and BlueXP Ransomware Protection. In addition, the company offers operational services, such as NetApp Data Infrastructure Insights and Instaclustr; and professional and support services offerings include storage-as-a-service (STaaS), strategic consulting, professional, managed, and support services, as well as assessment, design, implementation, migration, and proactive support services to help customers optimize the performance and efficiency of their on-premises and hybrid multicloud storage environments. It serves various industries comprising energy, financial services, government, technology, internet, life sciences, healthcare services, manufacturing, media, entertainment, animation, video postproduction, and telecommunications through a direct sales force and an ecosystem of partners, including the leading cloud providers. NetApp, Inc. was incorporated in 1992 and is headquartered in San Jose, California.",,6.62,4.3,1.0,13.85,238.0,Technology Hardware,2025.0,6.0,False,False,False,False,False,False,False,False
NFLX,1231.3774,0.40842,0.13789,72.513,1.204,1.01,40173326336,11453826048.0,21784893440.0,1222.29,1234.05,1248.4999,1224.349,1262.81,587.04,,5348193,4188387,524038537216,1.589,,,,"Netflix, Inc.","Netflix, Inc. provides entertainment services. The company offers television (TV) series, documentaries, feature films, and games across various genres and languages. It also provides members the ability to receive streaming content through a host of internet-connected devices, including TVs, digital video players, TV set-top boxes, and mobile devices. The company operates approximately in 190 countries. Netflix, Inc. was incorporated in 1997 and is headquartered in Los Gatos, California.",,7.38,8.35,2.0,15.88,137.0,Media,2025.0,6.0,False,False,False,False,False,False,False,False
NEM,58.23,0.1666,0.07857,25.408,1.979,1.033,19669000192,9857000448.0,7086374912.0,58.26,58.025,59.16,57.97,59.16,36.86,,22038778,13683922,64809984000,0.322,0.0172,1.0,2025-05-27 01:00:00,Newmont Corporation,"Newmont Corporation engages in the production and exploration of gold properties. It also explores for copper, silver, zinc, lead, and other metals. The company has operations and/or assets in the United States, Canada, Mexico, Dominican Republic, Peru, Suriname, Argentina, Chile, Australia, Papua New Guinea, Ecuador, Fiji, and Ghana, and internationally. Newmont Corporation was founded in 1916 and is headquartered in Denver, Colorado.",,12.35,4.64,3.0,27.25,91.0,Precious Metals,2025.0,6.0,False,False,False,False,False,False,False,False
NWSA,28.35,0.067150004,0.03528,32.188,1.676,0.892,10268000256,1383000064.0,-670875008.0,28.06,28.24,28.62,28.16,30.69,23.38,,15258020,3698595,16834371584,1.247,0.0070999996,0.2,2025-03-12 00:00:00,News Corporation,"News Corporation, a media and information services company, creates and distributes authoritative and engaging content, and other products and services for consumers and businesses worldwide. It operates through six segments: Digital Real Estate Services, Subscription Video Services, Dow Jones, Book Publishing, News Media, and Other. The company distributes content and data products, including The Wall Street Journal, Barron's, MarketWatch, Investor's Business Daily, Factiva, Dow Jones Risk & Compliance, Dow Jones Newswires, and Dow Jones Energy through various media channels, such as newspapers, newswires, websites, mobile apps, newsletters, magazines, proprietary databases, live journalism, video, and podcasts. It also owns and operates Monday to Friday, Saturday and Sunday, weekly, and bi-weekly newspapers comprising The Australian, The Weekend Australian, The Daily Telegraph, The Sunday Telegraph, Herald Sun, Sunday Herald Sun, The Courier Mail, The Sunday Mail, The Advertiser, Sunday Mail, The Sun, The Sun on Sunday, The Times, The Sunday Times, and New York Post, as well as digital mastheads and other websites. In addition, the company publishes general fiction, nonfiction, children's, and religious books; provides sports, entertainment, and news services to pay-TV and streaming subscribers, and other commercial licensees through satellite and internet distribution; and broadcasts rights to live sporting events. Further, it offers property and property-related advertising and services on its websites and mobile applications; digital real estate services; and financial services. News Corporation was founded in 2012 and is headquartered in New York, New York.",,4.25,6.43,2.0,10.81,137.0,Media,2025.0,6.0,False,False,False,False,False,False,False,False
NWS,32.6,0.067150004,0.03528,32.188,1.676,0.892,10268000256,1383000064.0,-670875008.0,32.31,32.77,33.01,32.27,35.25,26.04,,3849760,791504,16834345984,1.247,0.0061000003,0.2,2025-03-12 00:00:00,News Corporation,"News Corporation, a media and information services company, creates and distributes authoritative and engaging content, and other products and services for consumers and businesses worldwide. It operates through six segments: Digital Real Estate Services, Subscription Video Services, Dow Jones, Book Publishing, News Media, and Other. The company distributes content and data products, including The Wall Street Journal, Barron's, MarketWatch, Investor's Business Daily, Factiva, Dow Jones Risk & Compliance, Dow Jones Newswires, and Dow Jones Energy through various media channels, such as newspapers, newswires, websites, mobile apps, newsletters, magazines, proprietary databases, live journalism, video, and podcasts. It also owns and operates Monday to Friday, Saturday and Sunday, weekly, and bi-weekly newspapers comprising The Australian, The Weekend Australian, The Daily Telegraph, The Sunday Telegraph, Herald Sun, Sunday Herald Sun, The Courier Mail, The Sunday Mail, The Advertiser, Sunday Mail, The Sun, The Sun on Sunday, The Times, The Sunday Times, and New York Post, as well as digital mastheads and other websites. In addition, the company publishes general fiction, nonfiction, children's, and religious books; provides sports, entertainment, and news services to pay-TV and streaming subscribers, and other commercial licensees through satellite and internet distribution; and broadcasts rights to live sporting events. Further, it offers property and property-related advertising and services on its websites and mobile applications; digital real estate services; and financial services. News Corporation was founded in 2012 and is headquartered in New York, New York.",,,,,,,,,,,,,,,,,
NEE,71.53,0.07056,0.02548,148.557,0.553,0.323,25269000192,13576999936.0,-11337249792.0,71.57,71.87,72.56,71.52,86.1,61.72,,15182183,13044783,147253805056,0.674,0.0317,2.27,2025-06-02 01:00:00,"NextEra Energy, Inc.","NextEra Energy, Inc., through its subsidiaries, generates, transmits, distributes, and sells electric power to retail and wholesale customers in North America. The company generates electricity through wind, solar, nuclear, natural gas, and other clean energy. It also develops, constructs, and operates long-term contracted assets that consists of clean energy solutions, such as renewable generation facilities, battery storage facilities, and electric transmission facilities; sells energy commodities; and owns, develops, constructs, manages and operates electric generation facilities in wholesale energy markets. The company had approximately 35,052 megawatts of net generating capacity; approximately 91,000 circuit miles of transmission and distribution lines; and 921 substations. It serves approximately 12 million people through approximately 6 million customer accounts in the east and lower west coasts of Florida. The company was formerly known as FPL Group, Inc. and changed its name to NextEra Energy, Inc. in 2010. NextEra Energy, Inc. was founded in 1925 and is headquartered in Juno Beach, Florida.",,8.87,4.85,2.0,25.05,234.0,Utilities,2025.0,6.0,False,False,False,False,False,False,False,False
NKE,59.79,0.31934,0.08262,85.065,2.193,1.326,47817998336,5782000128.0,5077624832.0,59.51,59.75,60.041,59.19,98.04,52.28,,11160969,19214585,88249442304,1.217,0.026800001,1.6,2025-06-02 01:00:00,"NIKE, Inc.","NIKE, Inc., together with its subsidiaries, engages in the design, development, marketing, and sale of athletic footwear, apparel, equipment, accessories, and services worldwide. The company provides athletic and casual footwear, apparel, and accessories under the NIKE, Jumpman, Converse, Chuck Taylor, All Star, One Star, Star Chevron, and Jack Purcell trademarks. It also sells a line of performance equipment and accessories comprising bags, sport balls, socks, eyewear, timepieces, digital devices, bats, gloves, protective equipment, and other equipment for sports activities under the NIKE brand; and various plastic products to other manufacturers. In addition, the company markets apparel with licensed college and professional team, and league logos, as well as sells sports apparel; licenses unaffiliated parties to manufacture and sell apparel, digital devices, and applications and other equipment for sports activities under NIKE-owned trademarks; and operates digital platforms, including fitness and activity apps; sport, fitness, and wellness content; and digital services and features in retail stores. It sells its products to footwear stores; sporting goods stores; athletic specialty stores; department stores; skate, tennis, and golf shops; and other retail accounts through NIKE-owned retail stores, digital platforms, independent distributors, licensees, and sales representatives. The company was founded in 1964 and is headquartered in Beaverton, Oregon.",,10.11,5.42,3.0,18.57,78.0,Textiles & Apparel,2025.0,6.0,False,False,False,False,False,False,False,False
NI,39.52,0.09364,0.03254,136.355,0.515,0.338,5932000256,2582500096.0,-601249984.0,39.28,39.25,39.7574,39.17,41.45,28.29,,6105233,4622620,18602182656,0.549,0.028299998,1.12,2025-07-31 01:00:00,NiSource Inc.,"NiSource Inc., an energy holding company, operates as a regulated natural gas and electric utility company in the United States. It operates in two segments, Columbia Operations and NIPSCO Operations. The company provides natural gas to approximately 2.4 million residential, commercial, and industrial customers through approximately 37,200 miles of distribution main pipeline and the associated individual customer service lines; and 330 miles of transmission main pipeline in Ohio, Pennsylvania, Virginia, Kentucky, and Maryland. It also generates, transmits, and distributes electricity to approximately 0.5 million customers in various counties in the northern part of Indiana, as well as engages in wholesale electric and transmission transactions. It owns and operates steam coal generating stations in Wheatfield and Michigan City; combined cycle gas turbine in West Terre Haute; natural gas generating units in Wheatfield; hydro generating plants in Carroll County and White County; wind generating units in White County, Indiana; and solar generating units in Jasper County and White County. The company was formerly known as NIPSCO Industries, Inc. and changed its name to NiSource Inc. in April 1999. NiSource Inc. was founded in 1847 and is headquartered in Merrillville, Indiana.",,8.07,3.15,2.0,20.58,234.0,Utilities,2025.0,6.0,False,False,False,False,False,False,False,False
NDSN,209.55,0.15536,0.07366,78.487,2.562,1.46,2704443904,806468992.0,304186752.0,213.53,215.0,215.18,209.47,266.86,165.03,,1803951,425990,11841439744,0.896,0.0149,3.12,2025-06-18 01:00:00,Nordson Corporation,"Nordson Corporation engineers, manufactures, and markets products and systems to dispense, apply, and control adhesives, coatings, polymers, sealants, biomaterials, and other fluids. It operates through three segments: Industrial Precision Solutions; Medical and Fluid Solutions; and Advanced Technology Solutions. The Industrial Precision Solutions segment provides dispensing, coating, and laminating systems for adhesives, lotions, liquids, and fibers to disposable products and roll goods; automated adhesive dispensing systems used in packaged goods industries; components and systems for thermoplastic and biopolymer melt stream; fluid components, such as nozzles, pumps, and filters; smart components that measure and control the flow, quantity and location of dispensed fluid; control systems; and dispensing, coating, and laminating systems. It also offers automated and manual dispensing products and systems for cold materials, container coating, liquid finishing, and powder coating, as well as ultraviolet equipment used in curing and drying operations; and in-line measurement sensors, gauges and analyzers, lasers, X-ray, optical and nucleonic technologies, and proprietary algorithms and software. The Medical and Fluid Solutions segment offers cannulas, catheters, and medical balloons; single-use plastic components; precision manual and semi-automated dispensers; and plastic molded syringes, cartridges, tips, and fluid connection components. The Advanced Technology Solutions segment provides automated dispensing systems for fluids attachment, protection, and coating, as well as related gas plasma treatment systems for cleaning and conditioning surfaces; and bond testing and automated optical, acoustic microscopy, and x-ray inspection systems for semiconductor and printed circuit board industries. The company markets its products through direct sales force, distributors, and sales representatives. The company was founded in 1909 and is headquartered in Westlake, Ohio.",,10.24,4.28,0.0,27.06,275.0,Machinery,2025.0,6.0,False,False,False,False,False,False,False,False
NSC,253.18,0.24542,0.067379996,122.314,0.783,0.648,12112000000,5993999872.0,1379874944.0,252.93,254.09,255.52,252.33,277.6,201.63,,1816757,1357151,57077911552,1.31,0.021300001,5.4,2025-05-02 01:00:00,Norfolk Southern Corporation,"Norfolk Southern Corporation, together with its subsidiaries, engages in the rail transportation of raw materials, intermediate products, and finished goods in the United States. The company transports agriculture, forest, and consumer products comprising soybeans, wheat, corn, fertilizers, livestock and poultry feed, food products, food oils, flour, sweeteners, ethanol, lumber and wood products, pulp board and paper products, wood fibers, wood pulp, beverages, and canned goods; chemicals consist of sulfur and related chemicals, petroleum products comprising crude oil, chlorine and bleaching compounds, plastics, rubber, industrial chemicals, chemical wastes, sand, and natural gas liquids; metals and construction materials, such as steel, aluminum products, machinery, scrap metals, cement, aggregates, minerals, clay, transportation equipment, and military-related products; and automotive, including finished motor vehicles and automotive parts, as well as coal. It also transports overseas freight through various Atlantic and Gulf Coast ports; and operates an intermodal network. Norfolk Southern Corporation was incorporated in 1980 and is headquartered in Atlanta, Georgia.",,12.63,3.23,3.0,24.26,169.0,Transportation,2025.0,6.0,False,False,False,False,False,False,False,False
NTRS,111.85,0.17681,0.01375,,,,8577099776,,,110.98,111.695,112.73,111.42,114.67,80.81,,2546248,1558961,21759186944,1.235,0.026800001,3.0,2025-06-06 01:00:00,Northern Trust Corporation,"Northern Trust Corporation, a financial holding company, provides wealth management, asset servicing, asset management, and banking solutions for corporations, institutions, families, and individuals worldwide. It operates in two segments, Asset Servicing and Wealth Management. The Asset Servicing segment offers asset servicing and related services, including custody, fund administration, investment operations outsourcing, investment management, investment risk and analytical services, employee benefit services, securities lending, foreign exchange, treasury management, brokerage services, transition management services, banking, and cash management services. This segment serves corporate and public retirement funds, foundations, endowments, fund managers, insurance companies, sovereign wealth funds, and other institutional investors. The Wealth Management segment offers trust, investment management, custody, and philanthropic; financial consulting; guardianship and estate administration; family business consulting; family financial education; brokerage services; and private and business banking services. This segment serves high-net-worth individuals and families, business owners, executives, professionals, retirees, and established privately-held businesses. The company provides asset management services, such as active and passive equity; active and passive fixed income; cash management; muti-asset and alternative asset classes comprising private equity and hedge funds of funds; and multi-manager advisory services and products through separately managed accounts, bank common and collective funds, registered investment companies, exchange traded funds, non-U.S. collective investment funds, and unregistered private investment funds. In addition, it offers overlay and other risk management services. The company was founded in 1889 and is headquartered in Chicago, Illinois.",,11.29,12.51,2.0,25.38,357.0,Diversified Financials,2025.0,6.0,False,False,False,False,False,False,False,False
NOC,497.7,0.25412,0.06404,120.969,0.95,0.741,40368001024,6341000192.0,2911749888.0,494.65,496.62,499.86,488.0,555.57,422.69,,913061,1097390,71632969728,0.144,0.0186,9.24,2025-06-02 01:00:00,Northrop Grumman Corporation,"Northrop Grumman Corporation operates as an aerospace and defense technology company in the United States, the Asia/Pacific, Europe, and internationally. The company's Aeronautics Systems segment designs, develops, manufactures, integrates, sustains, and modernizes aircraft systems. This segment also offers unmanned autonomous aircraft systems, including high-altitude long-endurance strategic, and surveillance and reconnaissance systems; and strategic long-range strike aircraft, tactical fighter and air dominance aircraft, and airborne battle management and command and control systems. Its Defense Systems segment designs, develops, integrates, and produces strategic deterrent systems, tactical weapons, and missile defense solutions; and provides sustainment, modernization, and training services for manned and unmanned aircraft and electronics systems. This segment also offers strategic missiles; integrated all-domain command and control systems; precision strike weapons; tactical solid rocket motors, and high speed air-breathing and hypersonic systems; high-performance gun systems, ammunition, precision munitions, and advanced fuzes; and aircraft and mission systems logistics support, sustainment, operation, and modernization. The company's Mission Systems segment provides command, control, communication and computer, intelligence, surveillance, and reconnaissance systems; radar, electro-optical/infrared, and acoustic sensors; electronic warfare systems; advanced communications and network systems; microelectronics; navigation and positioning sensors; maritime power, propulsion, and payload launch systems; cyber solutions; and intelligence processing systems. Its Space Systems segment offers satellites, spacecraft systems, subsystems, sensors, and payloads; ground systems; missile defense systems and interceptors; and launch vehicles and related propulsion systems. Northrop Grumman Corporation was founded in 1939 and is based in Falls Church, Virginia.",,14.71,4.69,2.0,30.32,62.0,Aerospace & Defense,2025.0,6.0,False,False,False,False,False,False,True,False
NCLH,18.86,0.95873,0.043959998,1045.053,0.188,0.075,9415989248,2427109888.0,-750045888.0,18.39,18.61,18.97,18.54,29.29,14.21,,14565133,15036058,8426780672,2.126,,,,Norwegian Cruise Line Holdings Ltd.,"Norwegian Cruise Line Holdings Ltd., together with its subsidiaries, operates as a cruise company in North America, Europe, the Asia-Pacific, and internationally. It operates the Norwegian Cruise Line, Oceania Cruises, and Regent Seven Seas Cruises brands. The company's brands provide accommodations, multiple dining venues, bars and lounges, spa, casino, and retail shopping areas and entertainment choices, as well as shore excursions at each port, air transportation, and hotel packages. It offers itineraries to destinations, including Europe, Asia, Australia, New Zealand, South America, Africa, Canada, Bermuda, Caribbean, Alaska, and Hawaii. Norwegian Cruise Line Holdings Ltd. was founded in 1966 and is based in Miami, Florida.",,8.21,4.8,2.0,20.04,209.0,Consumer Services,2025.0,6.0,False,False,False,False,False,False,False,False
NRG,151.92,0.44912997,0.06315,395.715,1.062,0.452,29286000640,3657999872.0,2221499904.0,152.64,153.76,154.1,151.185,162.33,65.11,,7813367,3242316,29701879808,1.137,0.0116,1.76,2025-05-01 01:00:00,"NRG Energy, Inc.","NRG Energy, Inc., together with its subsidiaries, operates as an energy and home services company in the United States and Canada. It operates through Texas; East; West/Services/Other; Vivint Smart Home; and Corporate Activities segments. The company produces and sells electricity generated using coal, oil, solar, and battery storage; natural gas; and a cloud-based home platform, including hardware, software, sales, installation, customer service, technical support, and professional monitoring solutions. It offers retail electricity and energy management, line and surge protection products, HVAC installation, repair and maintenance, home protection products, repair and maintenance, and carbon offsets; retail services comprising demand response, commodity sales, energy efficiency, and energy management solutions; and system power, distributed generation, renewable and low-carbon products, carbon management and specialty services, backup generation, storage and distributed solar, and energy advisory services. In addition, the company trades in power, natural gas, and related commodities; environmental products; weather products; and financial products, including forwards, futures, options, and swaps. It offers its products and services under the NRG, Reliant, Direct Energy, Green Mountain Energy, and Vivint. It serves residential, commercial, government, industrial, and wholesale customers. NRG Energy, Inc. was founded in 1989 and is headquartered in Houston, Texas.",,10.21,5.12,1.0,34.25,234.0,Utilities,2025.0,6.0,False,False,False,False,False,False,False,False
NUE,124.3,0.074039996,0.0387,37.319,2.522,1.389,30427000832,3532999936.0,194282000.0,126.18,129.16,129.49,123.32,170.52,97.59,,2241211,2563359,28682350592,1.747,0.0177,2.2,2025-06-30 01:00:00,Nucor Corporation,"Nucor Corporation engages in the manufacture and sale of steel and steel products. The company operates in three segments: Steel Mills, Steel Products, and Raw Materials. The Steel Mills segment produces hot-rolled, cold-rolled, and galvanized sheet steel products; plate steel products; wide-flange beams, beam blanks, and H-piling and sheet piling structural steel products; and bar steel products, such as blooms, billets, concrete reinforcing and merchant bars, and engineered special bar quality products. It also engages in the steel trading and rebar distribution businesses. This segment sells its products to steel service centers, fabricators, and manufacturers in the United States, Canada, and Mexico. The Steel Products segment offers steel joists and joist girders, steel decks, and galvanized torque tubes for used in solar arrays, hollow structural section steel tubing, electrical conduit, fabricated concrete reinforcing steel, cold finished steel, steel fasteners, steel grating and expanded metal, wire and wire mesh, metal building systems, insulated metal panels, steel racking, overhead doors, and utility towers and structures for communications and energy transmission. This segment is also involved in the piling distribution business. The Raw Materials segment produces direct reduced iron (DRI); brokers ferrous and nonferrous metals, pig iron, hot briquetted iron, and DRI; supplies ferro-alloys; processes ferrous and nonferrous scrap metal; and engages in the natural gas production and industrial gas business. This segment sells its ferrous scrap to electric arc furnace steel mills and foundries for manufacturing process; and nonferrous scrap metal to aluminum can producers, secondary aluminum smelters, steel mills and other processors, and consumers of various nonferrous metals. Nucor Corporation was founded in 1905 and is based in Charlotte, North Carolina.",,13.64,6.11,1.0,29.76,50.0,Steel,2025.0,6.0,False,False,False,False,False,False,False,False
NVDA,143.85,1.15463,0.53244996,12.267,3.388,2.857,148514996224,88247001088.0,55443001344.0,145.48,145.435,146.2,142.65,153.13,86.62,,242956157,251213522,3508156497920,2.122,0.00029999999,0.04,2025-06-11 01:00:00,NVIDIA Corporation,"NVIDIA Corporation, a computing infrastructure company, provides graphics and compute and networking solutions in the United States, Singapore, Taiwan, China, Hong Kong, and internationally. The Compute & Networking segment comprises Data Center computing platforms and end-to-end networking platforms, including Quantum for InfiniBand and Spectrum for Ethernet; NVIDIA DRIVE automated-driving platform and automotive development agreements; Jetson robotics and other embedded platforms; NVIDIA AI Enterprise and other software; and DGX Cloud software and services. The Graphics segment offers GeForce GPUs for gaming and PCs, the GeForce NOW game streaming service and related infrastructure, and solutions for gaming platforms; Quadro/NVIDIA RTX GPUs for enterprise workstation graphics; virtual GPU or vGPU software for cloud-based visual and virtual computing; automotive platforms for infotainment systems; and Omniverse software for building and operating industrial AI and digital twin applications. It also customized agentic solutions designed in collaboration with NVIDIA to accelerate enterprise AI adoption. The company's products are used in gaming, professional visualization, data center, and automotive markets. It sells its products to original equipment manufacturers, original device manufacturers, system integrators and distributors, independent software vendors, cloud service providers, consumer internet companies, add-in board manufacturers, distributors, automotive manufacturers and tier-1 automotive suppliers, and other ecosystem participants. NVIDIA Corporation was incorporated in 1993 and is headquartered in Santa Clara, California.",,4.08,5.65,2.0,12.46,122.0,Semiconductors,2025.0,6.0,False,False,False,False,False,False,False,False
NVR,7157.94,0.38251,0.20363002,26.986,5.705,2.644,10742590464,2094114048.0,1303018240.0,6979.67,7002.48,7170.16,7000.0,9964.77,6562.85,,50383,20835,20928600064,0.995,,,,"NVR, Inc.","NVR, Inc. operates as a homebuilder in the United States. The company operates through, Homebuilding and Mortgage Banking segments. It engages in the construction and sale of single-family detached homes, townhomes, and condominium buildings under the Ryan Homes, NVHomes, and Heartland Homes names. The company markets its Ryan Homes products to first-time and first-time move-up buyers; and NVHomes and Heartland Homes products to move-up and luxury buyers. It also provides various mortgage related services to its homebuilding customers, as well as brokers title insurance; performs title searches; and sells mortgage loans to investors in the secondary markets on a servicing released basis. The company primarily serves in Maryland, Virginia, West Virginia, Delaware, New Jersey, Eastern Pennsylvania, New York, Ohio, Western Pennsylvania, Indiana, Illinois, North Carolina, Georgia, Kentucky, South Carolina, Florida, Tennessee, and Washington, D.C. NVR, Inc. was founded in 1948 and is headquartered in Reston, Virginia.",,6.7,4.68,1.0,21.0,41.0,Homebuilders,2025.0,6.0,False,False,False,False,False,False,False,False
NXPI,209.0,0.25441998,0.087629996,121.164,2.085,1.312,12323000320,4268000000.0,1445624960.0,211.45,214.75,215.365,207.72,296.08,148.09,,4244826,3311874,52799459328,1.39,0.0194,4.06,2025-06-25 01:00:00,NXP Semiconductors N.V.,"NXP Semiconductors N.V. offers various semiconductor products in China, the United States, Germany, Japan, Singapore, South Korea, Mexico, the Netherlands, Taiwan, and internationally. The company's product portfolio includes microcontrollers; application processors, including i.MX application processors, and i.MX 8 and 9 family of applications processors; communication processors; wireless connectivity solutions, such as near field communications, ultra-wideband, Bluetooth low-energy, Zigbee, Thread, and Wi-Fi and Wi-Fi/Bluetooth integrated SoCs; analog and interface devices; radio frequency power amplifiers; and security controllers, as well as semiconductor-based environmental and inertial sensors, including pressure, inertial, magnetic, and gyroscopic sensors. Its products are used in various applications, including automotive, industrial and Internet of Things, mobile, and communication infrastructure. The company markets its products to various original equipment manufacturers, contract manufacturers, and distributors. N.V. was incorporated in 2006 and is headquartered in Eindhoven, the Netherlands.",,4.29,3.78,2.0,16.69,122.0,Semiconductors,2025.0,6.0,False,False,False,False,False,False,False,False
ORLY,89.69,,0.13728,,0.708,0.084,16869163008,3715109888.0,1610164736.0,88.32,88.92,89.83,88.37,97.22467,67.236664,,9218846,6589219,76670779392,0.6,,,,"O'Reilly Automotive, Inc.","O'Reilly Automotive, Inc., together with its subsidiaries, operates as a retailer and supplier of automotive aftermarket parts, tools, supplies, equipment, and accessories in the United States, Puerto Rico, Mexico, and Canada. The company provides new and remanufactured automotive hard parts and maintenance items, such as alternators, batteries, brake system components, belts, chassis parts, driveline parts, engine parts, fuel pumps, hoses, starters, temperature control, water pumps, antifreeze, appearance products, engine additives, filters, fluids, lighting products, and oil and wiper blades; and accessories, including floor mats, seat covers, and truck accessories. It also offers auto body paint and related materials, automotive tools, and professional service provider service equipment. In addition, the company provides enhanced services and programs consisting used oil, oil filter, and battery recycling; battery, wiper, and bulb replacement; battery diagnostic testing; electrical and module testing; check engine light code extraction; loaner tool program; drum and rotor resurfacing; custom hydraulic hoses; and professional paint shop mixing and related materials. Further, it offers do-it-yourself and professional service for domestic and imported automobiles, vans, and trucks. The company offers its products under the BesTest, BrakeBest, Cartek, Import Direct, MasterPro, MicroGard, Murray, Omnispark, O'Reilly Auto Parts, Precision, PowerTorque, SuperStart, Syntec, and Ultima brands. O'Reilly Automotive, Inc. was founded in 1957 and is headquartered in Springfield, Missouri.",,8.45,3.03,1.0,11.78,265.0,Retailing,2025.0,6.0,False,False,False,False,False,False,False,False
OXY,45.63,0.0949,0.045100003,74.026,1.01,0.715,27552999424,13674999808.0,4067624960.0,45.35,45.56,45.8954,45.36,64.76,34.78,,10491184,12758554,44905988096,0.853,0.021,0.96,2025-06-10 01:00:00,Occidental Petroleum Corporation,"Occidental Petroleum Corporation, together with its subsidiaries, engages in the acquisition, exploration, and development of oil and gas properties in the United States and internationally. It operates through three segments: Oil and Gas, Chemical, and Midstream and Marketing. The Oil and Gas segment explores for, develops, and produces oil and condensate, natural gas liquids (NGLs), and natural gas. The Chemical segment manufactures and markets basic chemicals, including chlorine, caustic soda, chlorinated organics, potassium chemicals, ethylene dichloride, chlorinated isocyanurates, sodium silicates, and calcium chloride; and vinyls comprising vinyl chloride monomer, polyvinyl chloride, and ethylene. The Midstream and Marketing segment purchases, markets, gathers, processes, transports and stores oil, condensate, NGLs, natural gas, carbon dioxide, and power. This segment invests in entities. Occidental Petroleum Corporation was founded in 1920 and is headquartered in Houston, Texas.",,8.91,6.38,2.0,34.93,163.0,Oil & Gas Producers,2025.0,6.0,False,False,False,False,False,False,False,False
ODFL,156.46,0.26593,0.16778,1.416,1.318,1.194,5729594880,1844806016.0,607407232.0,156.03,157.91,159.31,155.55,233.26,144.9,,2545790,1821635,33063909376,1.272,0.0072000003,1.12,2025-06-04 01:00:00,"Old Dominion Freight Line, Inc.","Old Dominion Freight Line, Inc. operates as a less-than-truckload motor carrier in the United States and North America. The company offers regional, inter-regional, and national less-than-truckload services, as well as expedited transportation. It also provides various value-added services, including container drayage, truckload brokerage, and supply chain consulting. In addition, the company operates service and fleet maintenance centers. As of December 31, 2024, it owned and operated 11,284 tractors, 31,451 linehaul trailers, and 15,263 pickup and delivery trailers. Old Dominion Freight Line, Inc. was founded in 1934 and is headquartered in Thomasville, North Carolina.",,7.82,3.42,2.0,15.93,169.0,Transportation,2025.0,6.0,False,False,False,False,False,False,False,False
OMC,70.28,0.31022,0.051999997,129.051,1.006,0.798,15749000192,2527500032.0,1268012544.0,69.42,69.71,70.8,69.46,107.0,68.37,,8876310,3432382,13763213312,0.955,0.0398,2.8,2025-06-10 01:00:00,Omnicom Group Inc.,"Omnicom Group Inc., together with its subsidiaries, offers advertising, marketing, and corporate communications services. It provides a range of services in the areas of media and advertising, precision marketing, public relations, healthcare, branding and retail commerce, experiential, execution, and support. The company's services include advertising, branding, content marketing, corporate social responsibility consulting, crisis communications, custom publishing, data analytics, database management, digital/direct marketing and post-production, digital transformation consulting, entertainment marketing, experiential marketing, field marketing, sales support, financial/corporate business-to-business advertising, graphic arts/digital imaging, healthcare marketing and communications, and instore design services. Its services also comprise interactive marketing, investor relations, marketing research, media planning and buying, retail media planning and buying, merchandising and point of sale, mobile marketing, multi-cultural marketing, non-profit marketing, organizational communications, package design, product placement, promotional marketing, public affairs, public relations, retail marketing, retail media and e-commerce, search engine marketing, shopper marketing, social media marketing, and sports and event marketing services. It operates in the North and Latin America, Europe, the Middle East and Africa (EMEA), and the Asia Pacific. The company was incorporated in 1944 and is based in New York, New York.",,8.7,5.66,1.0,14.57,137.0,Media,2025.0,6.0,False,False,False,False,False,False,False,False
ON,52.82,0.07852,0.06303,45.383,4.949,3.024,6665299968,2004300032.0,1121924992.0,52.26,53.6,53.84,52.28,80.08,31.04,,12894117,10957253,22072684544,1.381,,,,ON Semiconductor Corporation,"ON Semiconductor Corporation provides intelligent sensing and power solutions in the United States and internationally. The company operates through three segments Power Solutions Group, Analog and Mixed-Signal Group, and Intelligent Sensing Group. The Power Solutions Group segment offers discrete, module and integrated semiconductor products that perform multiple application functions, including power switching, signal conditioning, and circuit protection. The Analog and Mixed-Signal Group segment designs and develops analogues, mixed-signal, power management ICs, sensor interface devices, power conversion, signal chain, and voltage regulation devices for end-users in the automotive, industrial, computing and mobile end-markets. The Intelligent Sensing Group segment designs and develops complementary metal oxide semiconductor image sensors, image signal processors, single photon detectors, including silicon photomultipliers, single photon avalanche diode arrays, and short-wavelength infrared products, as well as actuator drivers for autofocus and image stabilization for a broad base of end-users in the different end-markets. ON Semiconductor Corporation was incorporated in 1992 and is headquartered in Scottsdale, Arizona.",,5.55,4.06,1.0,21.27,122.0,Semiconductors,2025.0,6.0,False,False,False,False,False,False,False,False
OKE,82.37,0.16409001,0.06048,144.846,0.666,0.452,24960000000,6517000192.0,1758000000.0,81.17,81.89,82.66,81.6159,118.07,75.47,,7470444,4148887,51450941440,0.931,0.05,4.12,2025-05-05 01:00:00,"ONEOK, Inc.","ONEOK, Inc. operates as a midstream service provider of gathering, processing, fractionation, transportation, storage, and marine export services in the United States. It operates in four segments: Natural Gas Gathering and Processing; Natural Gas Liquids; Natural Gas Pipelines; and Refined Products and Crude. The company owns natural gas gathering pipelines and processing plants in the Mid-Continent, Permian Basin, North Texas, Gulf Coast region, and Rocky Mountain regions; and provides midstream services to producers of NGLs. It also owns NGL gathering and distribution pipelines, fractionation, terminal and storage facilities; and transports refined products, including gasoline, diesel fuel, aviation fuel, kerosene, and heating oil. In addition, the company transports and stores natural gas through regulated interstate and intrastate natural gas transmission pipelines, and natural gas storage facilities; it owns and operates a parking garage in downtown Tulsa, Oklahoma; and leases buildings, warehouses, office space, land, and equipment, including pipeline equipment, pipeline capacity, rail cars, and information technology equipment. Further, the company transports, stores, and distributes refined products, purity NGLs, and crude oil, as well as conducts commodity-related activities, including liquids blending and marketing activities. It serves integrated and independent exploration and production companies; other NGL and natural gas gathering and processing companies; crude oil and natural gas production companies; utilities; industrial companies; natural gasoline distributors; propane distributors; municipalities; ethanol producers; petrochemical, refining, and marketing companies; and diluent users, refineries, and exporters. ONEOK, Inc. was founded in 1906 and is headquartered in Tulsa, Oklahoma.",,12.28,4.53,1.0,26.29,81.0,Refiners & Pipelines,2025.0,6.0,False,False,False,False,False,False,False,False
ORCL,205.17,0.82382005,0.07255,505.594,0.753,0.632,57399001088,23485999104.0,944000000.0,210.87,213.35,213.745,204.64,216.6,118.86,,20817859,11662916,576287604736,1.324,0.0097,2.0,2025-07-10 01:00:00,Oracle Corporation,"Oracle Corporation offers products and services that address enterprise information technology environments worldwide. Its Oracle cloud software as a service offering include various cloud software applications, including Oracle Fusion cloud enterprise resource planning ERP, Oracle Fusion cloud enterprise performance management EPM, Oracle Fusion cloud supply chain and manufacturing management SCM, Oracle Fusion cloud human capital management HCM, and NetSuite applications suite, Oracle Health applications, as well as Oracle Fusion Sales, Service, and Marketing. The company also offers cloud-based industry solutions for various industries; Oracle cloud license and on-premise license; and Oracle license support services. In addition, it provides cloud and license business' infrastructure technologies, such as the Oracle Database and MySQL Database; Java, a software development language; and middleware, including development tools and others. The company's cloud and license business' infrastructure technologies also comprise cloud-based compute, storage, and networking capabilities; and Oracle autonomous database, as well as AI, Internet-of-Things, machine learning, digital assistant, and blockchain. Further, it provides hardware products and other hardware-related software offerings, including Oracle engineered systems, enterprise servers, storage solutions, industry-specific hardware, virtualization software, operating systems, management software, and related hardware support services, and consulting and advanced customer services. It markets and sells its cloud, license, hardware, support, and services offerings directly to businesses in various industries, government agencies, and educational institutions, as well as through indirect channels. Oracle Corporation has a strategic alliance with Metron, Inc. The company was founded in 1977 and is headquartered in Austin, Texas.",,6.49,6.33,2.0,14.4,585.0,Software & Services,2025.0,6.0,False,False,False,False,False,False,False,False
OTIS,94.09,,0.13961,,0.942,0.783,14174000128,2520999936.0,1348499968.0,95.67,96.03,96.465,93.94,106.828,89.7,,4536389,2834462,37135155200,0.974,0.0179,1.68,2025-05-16 01:00:00,Otis Worldwide Corporation,"Otis Worldwide Corporation engages in manufacturing, installation, and servicing of elevators and escalators in the United States, China, and internationally. The company operates through two segments, New Equipment and Service. The New Equipment segment designs, manufactures, sells, and installs a range of passenger and freight elevators, as well as escalators and moving walkways for residential and commercial buildings, and infrastructure projects. This segment serves real-estate and building developers, and general contractors. It sells its products directly to customers, as well as through agents and distributors. The Service segment performs maintenance and repair services, as well as modernization services to upgrade elevators and escalators. Otis Worldwide Corporation was founded in 1853 and is headquartered in Farmington, Connecticut.",,8.87,3.22,1.0,21.47,275.0,Machinery,2025.0,6.0,False,False,False,False,False,False,False,False
PCAR,90.99,0.19899,0.06702,87.159,5.395,4.786,32361199616,4819500032.0,-49712500.0,90.72,91.37,91.805,90.51,118.81,84.65,,6535619,2978537,47766020096,0.954,0.0145000005,1.32,2025-05-14 01:00:00,PACCAR Inc,"PACCAR Inc designs, manufactures, and distributes light, medium, and heavy-duty commercial trucks in the United States, Canada, Europe, Mexico, South America, Australia, and internationally. It operates through three segments: Truck, Parts, and Financial Services. The Truck segment designs, manufactures, and distributes trucks for the over-the-road and off-highway hauling of commercial and consumer goods. It sells its trucks through a network of independent dealers under the Kenworth, Peterbilt, and DAF nameplates. The Parts segment distributes aftermarket parts for trucks and related commercial vehicles. The Financial Services segment conducts full-service leasing operations under the PacLease trade name, as well as provides finance and leasing products and services to customers and dealers. This segment offers equipment financing and administrative support services for its franchisees; retail loan and leasing services for small, medium, and large commercial trucking companies, as well as independent owners/operators and other businesses; and truck inventory financing services to independent dealers. In addition, this segment offers loans and leases directly to customers for the acquisition of trucks and related equipment. The company manufactures and markets industrial winches under the Braden, Carco, and Gearmatic nameplates. PACCAR Inc was founded in 1905 and is headquartered in Bellevue, Washington.",,11.92,7.5,3.0,31.3,275.0,Machinery,2025.0,6.0,False,False,False,False,False,False,False,False
PKG,186.86,0.20211,0.08675,62.289,3.277,1.992,8544799744,1766099968.0,388112512.0,186.23,186.73,188.05,185.94,250.82,172.72,,1054735,851483,16813663232,0.862,0.026800001,5.0,2025-06-13 01:00:00,Packaging Corporation of America,"Packaging Corporation of America manufactures and sells containerboard and uncoated freesheet (UFS) paper products in North America. The company operates through Packaging and Paper segments. The Packaging segment offers various containerboard and corrugated packaging products, such as conventional shipping containers used to protect and transport manufactured goods; multi-color boxes and displays that help to merchandise the packaged product in retail locations; and honeycomb protective packaging products, as well as packaging for meat, fresh fruit and vegetables, processed food, beverages, and other industrial and consumer products. This segment sells its corrugated products through a direct sales and marketing organization. The Paper segment manufactures and sells commodity and specialty papers, as well as communication papers, including cut-size office papers, and printing and converting papers; and white papers. This segment sells papers through its sales and marketing organization. Packaging Corporation of America was founded in 1867 and is headquartered in Lake Forest, Illinois.",,1.47,3.8,1.0,17.78,38.0,Containers & Packaging,2025.0,6.0,False,False,False,False,False,False,False,False
PLTR,137.3,0.12357,0.043920003,4.432,6.494,6.363,3115023872,435340992.0,931205248.0,139.96,140.71,142.23,136.7418,144.86,21.23,,87067039,99467346,324015620096,2.638,,,,Palantir Technologies Inc.,"Palantir Technologies Inc. builds and deploys software platforms for the intelligence community to assist in counterterrorism investigations and operations in the United States, the United Kingdom, and internationally. It provides Palantir Gotham, a software platform, which enables users to identify patterns hidden deep within datasets, ranging from signals intelligence sources to reports from confidential informants, as well as facilitates the hand-off between analysts and operational users, helping operators plan and execute real-world responses to threats that have been identified within the platform. The company also offers Palantir Foundry, a platform that transforms the ways organizations operate by creating a central operating system for their data; and allows individual users to integrate and analyze the data they need in one place. In addition, it provides Palantir Apollo, a software that delivers software and updates across the business, as well as enables customers to deploy their software virtually in any environment; and Palantir Artificial Intelligence Platform that provides unified access to open-source, self-hosted, and commercial large language models (LLMs) that can transform structured and unstructured data into LLM-understandable objects and can turn organizations' actions and processes into tools for humans and LLM-driven agents. The company was incorporated in 2003 and is headquartered in Denver, Colorado.",,9.92,5.74,1.0,21.59,585.0,Software & Services,2025.0,6.0,False,False,False,False,False,False,False,False
PANW,199.24,0.21162,0.031040002,11.147,0.895,0.777,8874699776,1250200064.0,3175474944.0,199.78,201.05,201.05,197.715,208.39,142.01,,8289229,5416711,132853235712,0.973,,,,"Palo Alto Networks, Inc.","Palo Alto Networks, Inc. provides cybersecurity solutions worldwide. The company's network security platforms include Prisma Access, a security services edge (SSE) solution, as well as Strata Cloud Manager, a network security management solution. It also provides cloud security solutions, including Prisma Cloud, a cloud native application protection platform; and Code to Cloud platform, as well as offers VM-Series and CN-Series virtual firewalls for inline network security on multi- and hybrid-cloud environments. In addition, the company provides security operation solutions through Cortex platform that includes Cortex XSIAM, an AI-driven security operations platform; Cortex XDR for the prevention, detection, and response to complex cybersecurity attacks; and Cortex XSOAR for security orchestration, automation, and response; and Cortex Xpanse for attack surface management, as well as offers threat intelligence and advisory services under the Unit 42 name. Further, it provides subscription services covering the areas of threat prevention, malware and persistent threat, URL filtering, laptop and mobile device protection, DNS security, Internet of Things security, SaaS security API, and SaaS security inline, as well as threat intelligence, and data loss prevention. Additionally, the company offers professional services, including architecture design and planning, implementation, configuration, and firewall migration; education services, such as certifications, as well as online and in-classroom training; and support services. It sells its products and services through its channel partners, as well as directly to medium to large enterprises, service providers, and government entities operating in various industries, including education, energy, financial services, government entities, healthcare, Internet and media, manufacturing, public sector, and telecommunications. The company was incorporated in 2005 and is headquartered in Santa Clara, California.",,7.99,4.89,2.0,12.93,585.0,Software & Services,2025.0,6.0,False,False,False,False,False,False,False,False
PARA,12.35,-0.27754998,0.02871,91.724,1.289,1.023,28720001024,2617999872.0,15053750272.0,12.04,12.11,12.37,12.07,12.54,9.83,,27163752,8137793,8758571008,1.207,0.0162,0.2,2025-06-16 01:00:00,Paramount Global,"Paramount Global operates as a media, streaming, and entertainment company worldwide. It operates through TV Media, Direct-to-Consumer, and Filmed Entertainment segments. The TV Media segment operates CBS Television Network, a domestic broadcast television network; CBS Stations, a television station; and international free-to-air networks comprising Network 10, Channel 5, Telefe, and Chilevisión; and domestic premium and basic cable networks, such as Nickelodeon, MTV, CMT, Comedy Central, BET, Paramount+ with SHOWTIME, Paramount Network, The Smithsonian Channel, BET Media Group, CBS Sports Network, and international extensions of these brands. This segment also provides domestic and international television studio operations, including CBS Studios, Paramount Television Studios, and Showtime/MTV Entertainment Studios; CBS Media Ventures, which produces and distributes first run syndicated programming; and digital properties consist of CBS News Streaming and CBS Sports HQ. The Direct-to-Consumer segment offers a portfolio of domestic and international pay and free streaming services, including Paramount+, Pluto TV, and BET+. The Filmed Entertainment segment produces and acquires films, series, and short-form content for release and licensing around the world, including in theaters, on streaming services, on television, through digital home entertainment, and DVDs/Blu-rays; and operates a portfolio consist of Paramount Pictures, Paramount Players, Paramount Animation, Nickelodeon Studio, Awesomeness, and Miramax. It provides production, distribution, and advertising solutions. The company was formerly known as ViacomCBS Inc. and changed its name to Paramount Global in February 2022. The company was founded in 1914 and is headquartered in New York, New York. Paramount Global is a subsidiary of National Amusements, Inc.",,7.67,5.79,2.0,13.64,137.0,Media,2025.0,6.0,False,False,False,False,False,False,False,False
PH,652.73,0.27146998,0.08821,69.948,1.207,0.645,19793741824,5036259840.0,2980823296.0,652.29,658.1,659.935,649.36,718.44,488.45,,817308,799025,83404529664,1.339,0.011,7.2,2025-05-09 01:00:00,Parker-Hannifin Corporation,"Parker-Hannifin Corporation manufactures and sells motion and control technologies and systems for various mobile, industrial, and aerospace markets worldwide. The company operates through two segments: Diversified Industrial and Aerospace Systems. The Diversified Industrial segment offers various motion-control systems and components, such as active and passive vibration control, high purity sealing, coatings, high temperature sealing, cryogenic valves and fittings, HVAC/R controls and monitoring, elastomeric, fabric reinforced, metal, precision cut seals, hydrogen and natural gas filters, electric and hydraulic pumps and motors, industrial air, gas filtration, electric and hydraulic valves, miniature pumps and valves, electromagnetic interface shielding, pneumatic actuators, regulators and valves, electromechanical and hydraulic actuators, power take offs, electronics, drives and controllers, process filtration solutions, engine filtration solutions, rubber to substrate adhesives, fluid condition monitoring, sensors and diagnostics, fluid conveyance hose and tubing, structural adhesives, high pressure connectors, fittings, valves and regulators, thermal management, high purity fittings. The Aerospace Systems segment offers products for use in commercial and defense airframe and engine programs, such as avionics, electric & hydraulic braking systems, electric power, electromechanical actuators, engine exhaust systems and components, fire detection and suppression, flight control systems, fluid conveyance, fuel systems & components, fuel tank inerting systems, hydraulic pumps & motors, hydraulic valves & actuators, pneumatics, seals, sensors, and thermal management products. The company sells its products to original equipment manufacturers, distributors, direct-sales employees, and sales representatives. Parker-Hannifin Corporation was founded in 1917 and is headquartered in Cleveland, Ohio.",,11.91,5.85,2.0,29.36,275.0,Machinery,2025.0,6.0,False,False,False,False,False,False,False,False
PAYX,149.12,0.44254002,0.11643,20.981,1.393,0.598,5439499776,2427800064.0,1158000000.0,150.32,150.32,150.73,148.67,161.24,115.4,,3483540,2036774,53711679488,0.911,0.029000001,4.32,2025-05-12 01:00:00,"Paychex, Inc.","Paychex, Inc., together with its subsidiaries, provides integrated human capital management solutions (HCM) for payroll, benefits, human resources (HR), and insurance services for small to medium-sized businesses in the United States, Europe, and India. It offers payroll processing services; payroll tax administration services; employee payment services; and regulatory compliance services, such as new-hire reporting and garnishment processing. The company also provides HR solutions, including integrated HCM technology solutions and HR advisory services through both virtual and on-site availability of a professionally trained HR representative, as well as HR support to non-payroll clients through its HR Partner Plus solution; and retirement services administration, such as plan implementation, ongoing compliance with government regulations, employee and employer reporting, participant and employer online access, electronic funds transfer, and other administrative services. In addition, it offers cloud-based HR administration software products for employee benefits management and administration, time and attendance, digital communication solutions, recruiting, and onboarding solutions; plan administration outsourcing and state unemployment insurance services; various business services to small to medium-sized businesses comprising payroll funding and outsourcing services, which include payroll processing, invoicing, and tax preparation; and payment processing services, financial fitness programs, and a small-business loan resource center. Further, the company provides insurance services for property and casualty coverage, such as workers' compensation, business-owner policies, cyber security protection, and commercial auto, as well as health and benefits coverage, including health, dental, vision, and life. It markets and sells its services primarily through its direct sales force. The company was founded in 1971 and is headquartered in Rochester, New York.",,8.54,5.12,1.0,18.01,585.0,Software & Services,2025.0,6.0,False,False,False,False,False,False,False,False
PAYC,232.15,0.24987,0.05589,4.746,1.204,0.222,1913799936,486300000.0,296926496.0,232.82,233.8,234.8899,229.6,267.76,139.5,,1410438,602608,13004462080,0.818,0.0064999997,1.5,2025-05-27 01:00:00,"Paycom Software, Inc.","Paycom Software, Inc. provides cloud-based human capital management (HCM) solution delivered as software-as-a-service for small to mid-sized companies in the United States. The company offers functionality and data analytics that businesses need to manage the employment life cycle from recruitment to retirement. Its HCM solution provides a suite of applications in the areas of talent acquisition, including applicant tracking, background checks, on-boarding, e-verify, and tax credit services; and time and labor management, such as time and attendance, scheduling, time-off requests, and labor allocation solutions. The company's HCM solution also offers payroll applications comprising better employee transaction interface, payroll and payroll tax management, payroll card, Everyday, Paycom pay, Client Action Center, expense management, garnishment administration, and GL concierge applications; and talent management applications that include employee self-service, compensation budgeting, performance management, position management, and Paycom learning. Its HCM solution provides manager on-the-go that gives supervisors and managers the ability to perform a variety of tasks, such as approving time-off requests and expense reimbursements; direct data exchange; ask here, a tool for direct line of communication to ask work-related questions; document and checklist; government and compliance; benefits administration; COBRA administration; personnel action and performance discussion forms; Paycom surveys; retirement reporting; report center; and affordable care act applications, as well as Clue, which securely collects, tracks, and manages the vaccination and testing data of the workforce. Paycom Software, Inc. was founded in 1998 and is based in Oklahoma City, Oklahoma.",,8.52,4.49,1.0,18.87,585.0,Software & Services,2025.0,6.0,False,False,False,False,False,False,False,False
PYPL,70.05,0.22198999,0.04448,66.041,1.3,0.266,31889000448,6371999744.0,1741874944.0,68.57,69.0,70.55,68.55,93.66,55.85,,18497852,10590422,68125937664,1.449,,,,"PayPal Holdings, Inc.","PayPal Holdings, Inc. operates a technology platform that enables digital payments for merchants and consumers worldwide. It operates a two-sided network at scale that connects merchants and consumers that enables its customers to connect, transact, and send and receive payments through online and in person, as well as transfer and withdraw funds using various funding sources, such as bank accounts, PayPal or Venmo account balance, consumer credit products, credit and debit cards, and cryptocurrencies, as well as other stored value products, including gift cards and eligible rewards. The company provides payment solutions under the PayPal, PayPal Credit, Braintree, Venmo, Xoom, Zettle, Hyperwallet, Honey, and Paidy names. The company was founded in 1998 and is headquartered in San Jose, California.",,10.65,4.08,2.0,19.03,585.0,Software & Services,2025.0,6.0,False,False,False,False,False,False,False,False
PNR,97.27,0.1859,0.08545999,53.77,1.892,1.117,4076000000,1037200000.0,658825024.0,96.94,97.72,98.27,96.6,110.71,72.63,,2422324,1481150,16003542016,1.101,0.010299999,1.0,2025-07-18 01:00:00,Pentair plc,"Pentair plc provides various water solutions in the United States, Western Europe, China, Eastern Europe, Latin America, the Middle East, Southeast Asia, Australia, Canada, and Japan. The company operates through three segments: Flow, Water Solutions, and Pool. The Flow segment designs, manufactures, and sells fluid treatment and pump products and systems, including pressure vessels, gas recovery solutions, membrane bioreactors, wastewater reuse systems and advanced membrane filtration, separation systems, water disposal pumps, water supply pumps, fluid transfer pumps, turbine pumps, solid handling pumps, and agricultural spray nozzles. This segment provides products under Pentair Flow, Aurora, Berkeley, Codeline, Fairbanks-Nijhuis, Haffmans, Hydromatic, Hypro, Jung Pumpen, Myers, Sta-Rite, Shurflo, Südmo, and X-Flow brand names. The Water Solutions segment offers commercial and residential water treatment products and systems, such as pressure tanks, control valves, activated carbon products, commercial ice machines, conventional filtration products, and point-of-entry and point-of-use water treatment systems for use in water filtration and water softening solutions, as well as commercial water management and filtration solutions in foodservice operations; and installation and preventative services for water management solutions for commercial operators under the Pentair Water Solutions, Everpure, Fleck, KBI, Manitowoc Ice, Pentek, and RainSoft brand names. The Pool segment provides residential and commercial pool equipment and accessories, including pumps, filters, heaters, lights, automatic controls, automatic cleaners, maintenance equipment, and pool accessories for residential and commercial pool maintenance, pool repair, renovation, service, construction, and aquaculture solutions. This segment offers products under the Pentair Pool, Kreepy Krauly, Pleatco, and Sta-Rite brand. Pentair plc was founded in 1966 and is headquartered in London, the United Kingdom.",,10.73,5.15,1.0,22.0,275.0,Machinery,2025.0,6.0,False,False,False,False,False,False,False,False
PEP,129.07,0.49927,0.08858,261.849,0.834,0.615,91522998272,17302999040.0,7581499904.0,129.07,129.495,130.42,128.9,180.91,127.75,,23000967,8832575,176965304320,0.466,0.044099998,5.69,2025-06-06 01:00:00,"PepsiCo, Inc.","PepsiCo, Inc. engages in the manufacture, marketing, distribution, and sale of various beverages and convenient foods worldwide. The company operates through seven segments: Frito-Lay North America; Quaker Foods North America; PepsiCo Beverages North America; Latin America; Europe; Africa, Middle East and South Asia; and Asia Pacific, Australia and New Zealand and China Region. It provides dips, cheese-flavored snacks, and spreads, as well as corn, potato, and tortilla chips; cereals, rice, pasta, mixes and syrups, granola bars, grits, oatmeal, rice cakes, and side dishes; beverage concentrates, fountain syrups, and finished goods; ready-to-drink tea, coffee, and juices; dairy products; and sparkling water makers and related products, as well as distributes alcoholic beverages under Hard MTN Dew brand. The company offers its products primarily under the Lay's, Doritos, Fritos, Tostitos, BaiCaoWei, Cheetos, Cap'n Crunch, Life, Pearl Milling Company, Gatorade, Pepsi-Cola, Mountain Dew, Quaker, Rice-A-Roni, Aquafina, Bubly, Emperador, Diet Mountain Dew, Diet Pepsi, Gatorade Zero, Crush, Propel, Dr Pepper, Schweppes, Marias Gamesa, Ruffles, Sabritas, Saladitas, Tostitos, 7UP, Diet 7UP, H2oh!, Manzanita Sol, Mirinda, Pepsi Black, Pepsi Max, San Carlos, Toddy, Walkers, Chipsy, Kurkure, Sasko, Spekko, White Star, Smith's, Sting, SodaStream, Lubimyj Sad, Agusha, Chudo, Domik v Derevne, Lipton, and other brands. It serves wholesale and other distributors, foodservice customers, grocery stores, drug stores, convenience stores, discount/dollar stores, mass merchandisers, membership stores, hard discounters, e-commerce retailers and authorized independent bottlers, and others through a network of direct-store-delivery, customer warehouse, and distributor networks, as well as directly to consumers through e-commerce platforms and retailers. The company was founded in 1898 and is based in Purchase, New York.",,7.28,3.64,2.0,19.89,227.0,Food Products,2025.0,6.0,False,False,False,False,False,False,False,False
PFE,23.97,0.0862,0.0479,68.843,1.258,0.88,62464000000,23320999936.0,15049249792.0,23.88,24.0,24.09,23.77,31.54,20.92,,34076067,48264414,136278310912,0.491,0.0718,1.72,2025-05-09 01:00:00,Pfizer Inc.,"Pfizer Inc. discovers, develops, manufactures, markets, distributes, and sells biopharmaceutical products in the United States and internationally. The company offers medicines and vaccines in various therapeutic areas, including cardiovascular and migraine under the Eliquis, Nurtec ODT/Vydura, Zavzpret, and the Premarin family brands; infectious diseases with unmet medical needs under the Prevnar family, Abrysvo, Nimenrix, FSME/IMMUN-TicoVac, and Trumenba brands; and COVID-19 prevention and treatment, and potential future mRNA and antiviral products under the Comirnaty and Paxlovid brands. It also provides medicines and vaccines in various therapeutic areas, such as biosimilars for chronic immune and inflammatory diseases under the Xeljanz, Enbrel, Inflectra, Litfulo, Velsipity, and Cibinqo brands; amyloidosis, hemophilia, endocrine diseases, and sickle cell disease under the Vyndaqel family, Oxbryta, BeneFIX, Somavert, Ngenla, and Genotropin brands; sterile injectable and anti-infective medicines under the Sulperazon, Medrol, Zavicefta, Zithromax, Octagam, and Panzyga brands; and biologics, small molecules, immunotherapies, and biosimilars under the Ibrance, Xtandi, Padcev, Adcetris, Inlyta, Lorbrena, Bosulif, Tukysa, Braftovi, Mektovi, Orgovyx, Elrexfio, Tivdak, and Talzenna brands. In addition, the company involved in the contract manufacturing business. It serves wholesalers, retailers, hospitals, clinics, government agencies, pharmacies, individual provider offices, retail pharmacies, and integrated delivery systems. The company has collaboration agreements with Bristol-Myers Squibb Company; Astellas Pharma US, Inc.; Merck KGaA; and BioNTech SE. Pfizer Inc. was founded in 1849 and is headquartered in New York, New York.",,9.53,6.37,2.0,18.64,501.0,Pharmaceuticals,2025.0,6.0,False,True,False,False,False,False,False,False
PCG,13.87,0.08257,0.024260001,193.839,0.948,0.746,24540999680,9368999936.0,-5102249984.0,14.07,14.24,14.335,13.78,21.72,13.34,,42951267,20869490,30481823744,0.612,0.0072000003,0.1,2025-06-30 01:00:00,PG&E Corporation,"PG&E Corporation, through its subsidiary, Pacific Gas and Electric Company, engages in the sale and delivery of electricity and natural gas to customers in northern and central California, the United States. It generates electricity using nuclear, hydroelectric, fossil fuel-fired, fuel cell, and photovoltaic sources. The company owns and operates interconnected transmission lines; electric transmission substations, distribution lines, switching and distribution substations; and natural gas transmission, storage, and distribution system consisting of distribution pipelines, backbone and local transmission pipelines, and various storage facilities. It serves residential, commercial, industrial, and agricultural customers, as well as natural gas-fired electric generation facilities. PG&E Corporation was incorporated in 1905 and is based in Oakland, California.",,17.71,2.92,4.0,30.51,234.0,Utilities,2025.0,6.0,False,False,False,False,False,False,False,False
PM,183.29,,0.13748,,0.79,0.364,38385999872,16241000448.0,8564250112.0,182.61,182.22,183.5,181.73,186.69,99.86,,3956738,6109662,285294526464,0.544,0.0295,5.4,2025-06-27 01:00:00,Philip Morris International Inc.,"Philip Morris International Inc. operates as a tobacco company. The company offers cigarettes and smoke-free products, including heat-not-burn, vapor, and oral nicotine products under the IQOS and ZYN brands; and consumer accessories, such as lighters and matches. It also offers wellness and healthcare products. Philip Morris International Inc. was incorporated in 1987 and is headquartered in Stamford, Connecticut.",,13.63,7.3,3.0,27.31,227.0,Food Products,2025.0,6.0,False,False,False,False,False,False,False,True
PSX,124.78,0.0656,0.009509999,66.317,1.228,0.787,137772007424,3279000064.0,1671624960.0,124.82,125.34,126.305,123.94,150.12,91.01,,8481941,3495930,50839986176,0.998,0.0385,4.8,2025-05-19 01:00:00,Phillips 66,"Phillips 66 operates as an energy manufacturing and logistics company in the United States, the United Kingdom, Germany, and internationally. It operates through five segments: Midstream, Chemicals, Refining, Marketing and Specialties (M&S), and Renewable Fuels. The Midstream segment transports crude oil and other feedstocks; delivers refined petroleum products to market; provides terminaling and storage services for crude oil and refined petroleum products; gathers, processes, transports, and markets natural gas; transports, fractionates, markets, and exports natural gas liquids. The Chemicals segment produces and markets ethylene and other olefin products; aromatics and styrenics products, such as benzene, cyclohexane, styrene, and polystyrene; and various specialty chemical products, including organosulfur chemicals, solvents, catalysts, and chemicals used in drilling and mining. The Refining segment refines crude oil and other feedstocks into petroleum products, such as gasolines, distillates, and aviation fuels. The M&S segment purchases for resale and markets refined petroleum products, including gasolines, distillates, and aviation fuels. This segment also manufactures and markets specialty products, such as automotive, commercial, industrial, and specialty lubricants, as well as base oils. The Renewable Fuels segment processes renewable feedstocks into renewable products. This segment also procures renewable feedstocks, manage certain regulatory credits, and market renewable diesel, renewable jet fuel and other renewable fuels. The company markets its products through Phillips 66, Conoco and 76, JET, Kendall, Red Line, and other private label brands. Phillips 66 was founded in 1875 and is headquartered in Houston, Texas.",,9.65,3.63,2.0,33.27,81.0,Refiners & Pipelines,2025.0,6.0,False,False,False,False,False,False,False,False
PNW,88.57,0.0919,0.02503,177.219,0.502,0.188,5205483008,2023175040.0,-359840736.0,88.51,88.88,89.49,88.26,96.5,74.45,,3210960,1258969,10575169536,0.431,0.0404,3.58,2025-08-01 01:00:00,Pinnacle West Capital Corporation,"Pinnacle West Capital Corporation, through its subsidiary, provides retail and wholesale electric services primarily in the state of Arizona. The company engages in the generation, transmission, and distribution of electricity using nuclear, gas, oil, coal, and solar generating facilities. Its transmission facilities include overhead lines and underground lines; and distribution facilities consist of overhead lines and underground primary cables. The company also owns and maintains transmission and distribution substations; and owns energy storage facilities. Pinnacle West Capital Corporation was incorporated in 1985 and is headquartered in Phoenix, Arizona.",,8.14,4.8,1.0,26.08,234.0,Utilities,2025.0,6.0,False,False,False,False,False,False,False,False
PNC,177.39,0.113290004,0.0109,,,,21009000448,,,175.27,176.86,178.58,176.25,216.26,145.12,,5404451,2427779,70169632768,1.069,0.0361,6.4,2025-04-16 01:00:00,"The PNC Financial Services Group, Inc.","The PNC Financial Services Group, Inc. operates as a diversified financial services company in the United States. It operates through three segments: Retail Banking, Corporate & Institutional Banking, and Asset Management Group segments. The Retail Banking segment offers checking, savings, and money market accounts, and time deposit; residential mortgages, home equity loans and lines of credit, auto loans, credit cards, education loans, and personal and small business loans and lines of credit; and brokerage, insurance, and investment and cash management services. This segment serves consumer and small business customers through a network of branches, digital channels, ATMs, and through phone-based customer contact centers. The Corporate & Institutional Banking segment provides secured and unsecured loans, letters of credit, and equipment leases; cash and investment management, receivables and disbursement management, funds transfer, international payment, and access to online/mobile information management and reporting services; asset-backed financing, securities underwriting, loan syndications, mergers and acquisitions and equity capital markets advisory, and customer related services; and commercial loan servicing and technology solutions. It serves mid-sized and large corporations, and government and not-for-profit entities. The Asset Management Group segment offers investment and retirement planning, customized investment management, credit and cash management solutions, and trust management and administration services for high net worth and ultra high net worth individuals, and their families; and multi-generational family planning services. It also provides outsourced chief investment officer, custody, cash and fixed income client solutions, and retirement plan fiduciary investment services for institutional clients. The company was founded in 1865 and is headquartered in Pittsburgh, Pennsylvania.",,13.1,8.71,3.0,23.71,456.0,Banks,2025.0,6.0,False,False,False,False,False,False,False,False
POOL,288.52,0.31651,0.098050006,108.75,1.794,0.491,5261668864,631843968.0,402759872.0,285.0,288.82,289.08,285.935,395.6,282.22,,714021,552417,10846966784,1.123,0.0173,5.0,2025-05-15 01:00:00,Pool Corporation,"Pool Corporation distributes swimming pool supplies, equipment, related leisure, irrigation, and landscape maintenance products in the United States and internationally. The company offers maintenance products, including chemicals, supplies, and pool accessories; repair and replacement parts for pool equipment, such as cleaners, filters, heaters, pumps, and lights; and building materials, such as concrete, plumbing and electrical components, functional and decorative pool surfaces, decking materials, tiles, hardscapes, and natural stones for pool installations and remodeling. It also provides pool equipment and components for new pool construction and the remodeling of existing pools; irrigation and related products, such as irrigation system components, and professional turf care equipment and supplies; commercial products, including heaters, safety equipment, commercial decking equipment, and commercial pumps and filters. In addition, the company offers fiberglass pools, and hot tubs and packaged pool kits comprising walls, liners, braces, and coping for in-ground and above-ground pools; and other pool construction and recreational products which consist discretionary recreational and related outdoor living products, such as grills and components for outdoor kitchens. It serves swimming pool remodelers and builders; specialty retailers that sell swimming pool supplies; swimming pool repair and service businesses; irrigation construction and landscape maintenance contractors; and commercial pool operators and pool contractors. Pool Corporation was incorporated in 1993 and is headquartered in Covington, Louisiana.",,5.12,2.23,0.0,10.59,265.0,Retailing,2025.0,6.0,False,False,False,False,False,False,False,False
PPG,108.67,0.1765,0.06301,111.012,1.354,0.913,15680000000,2651000064.0,1066750016.0,108.24,109.15,109.22,107.66,137.24,90.24,,3913217,2145814,24665374720,1.156,0.025,2.72,2025-05-12 01:00:00,"PPG Industries, Inc.","PPG Industries, Inc. manufactures and distributes paints, coatings, and specialty materials in the United States, Canada, the Asia Pacific, Latin America, Europe, the Middle East, and Africa. It operates through three segments: Global Architectural Coatings, Performance Coatings, and Industrial Coatings. The Global Architectural Coatings segment offers paints, wood stains, adhesives, sealants, and purchased sundries for painting and maintenance contractors and consumers. The Performance Coatings segment offers coatings, sealants, transparencies, adhesives, engineered materials, packaging, and chemical management services for aerospace industry; coatings, solvents, adhesives, sealants, purchased sundries, digital solutions and paint films for automotive and commercial transport industries; coatings and finishes for protection of metals and structures; and paints, thermoplastics, raised pavement markers, and other pavement marking technologies for government, commercial infrastructure, painting, and maintenance contractors. The Industrial Coatings segment provides coatings, adhesives and sealants, metal pretreatments, and paint films, as well as technical services and coatings applications for automotive original equipment manufacturers, tier supplier, appliances, agricultural and construction equipment, consumer electronics, automotive parts and accessories, building products, kitchenware, and transportation vehicles and other finished products; and on-site coatings services. It also offers coatings for metal cans, closures, plastic and aluminum tubes for food, beverage and personal care, promotional, and specialty packaging; TESLIN substrates for labels, e-passports, drivers' licenses, breathable membranes, and loyalty and identification cards; and organic light emitting diode materials, displays and lighting lens materials, optical lenses, color-change products, and photochromic dyes. The company was incorporated in 1883 and is based in Pittsburgh, Pennsylvania.",,8.12,4.38,2.0,22.3,183.0,Chemicals,2025.0,6.0,False,False,False,False,False,False,False,False
PPL,33.77,0.07018,0.029719999,121.312,0.809,0.52,8661999616,3295000064.0,-481124992.0,33.59,33.64,34.07,33.57,36.7,27.24,,6187168,5605127,24964945920,0.668,0.0323,1.09,2025-06-10 01:00:00,PPL Corporation,"PPL Corporation provides electricity and natural gas to approximately 3.5 million customers in the United States. It operates through three segments: Kentucky Regulated, Pennsylvania Regulated, and Rhode Island Regulated. The company delivers electricity to customers in Pennsylvania, Kentucky, Virginia, and Rhode Island; delivers natural gas to customers in Kentucky and Rhode Island; and generates electricity from power plants in Kentucky. PPL Corporation was founded in 1920 and is headquartered in Allentown, Pennsylvania.",,7.64,4.38,2.0,26.91,234.0,Utilities,2025.0,6.0,False,False,False,False,False,False,False,False
PFG,76.61,0.09733,0.0027599998,39.589,1.448,0.303,15770300416,1622974976.0,1386312448.0,75.97,76.64,77.18,75.91,91.98,68.39,,2262650,1420580,17175273472,0.996,0.0397,3.04,2025-06-02 01:00:00,"Principal Financial Group, Inc.","Principal Financial Group, Inc. provides retirement, asset management, and insurance products and services to businesses, individuals, and institutional clients worldwide. The company operates through Retirement and Income Solutions, Principal Asset Management, and Benefits and Protection segments. The Retirement and Income Solutions segment provides retirement, and related financial products and services. This segment offers products and services for defined contribution plans, including 401(k) and 403(b) plans, defined benefit plans, nonqualified executive benefit plans, employee stock ownership plans, equity compensation, and pension risk transfer services; individual retirement accounts; investment only products; and mutual funds, individual variable annuities, registered index-linked annuities, and bank products, as well as trust and custody services. The Principal Asset Management segment provides equity, fixed income, real estate, and other alternative investments, as well as fund offerings. This segment also offers pension accumulation products and services, mutual funds, asset management, income annuities, and life insurance accumulation products, as well as voluntary savings plans. The Benefits and Protection segment provides specialty benefits, such as group dental and vision insurance, group life and other insurance, and group and individual disability insurance, as well as administers group dental, disability, and vision benefits; and individual life insurance products comprising universal, variable universal, indexed universal, and term life insurance products. This segment also offers insurance solutions for small and medium-sized businesses and their owners, as well as employees. The company was founded in 1879 and is based in Des Moines, Iowa.",,5.16,4.82,1.0,10.42,186.0,Insurance,2025.0,6.0,False,False,False,False,False,False,False,False
PG,159.08,0.30294,0.10977,64.975,0.713,0.445,83926999040,24187000832.0,12618874880.0,158.02,158.03,159.33,157.85,180.43,156.58,,15700826,8281064,372969406464,0.427,0.026600001,4.23,2025-04-21 01:00:00,The Procter & Gamble Company,"The Procter & Gamble Company engages in the provision of branded consumer packaged goods worldwide. The company operates through five segments: Beauty; Grooming; Health Care; Fabric & Home Care; and Baby, Feminine & Family Care. The Beauty segment offers conditioners, shampoos, styling aids, and treatments under the Head & Shoulders, Herbal Essences, Pantene, and Rejoice brands; and antiperspirants and deodorants, personal cleansing, and skin care products under the Olay, Old Spice, Safeguard, Secret, SK-II, and Native brands. The Grooming segment provides blades and razors, shave products, appliances, and other grooming products under the Braun, Gillette, and Venus brand names. The Health Care segment offers toothbrushes, toothpastes, and other oral care products under the Crest and Oral-B brand names; and gastrointestinal, pain relief, rapid diagnostics, respiratory, vitamins/minerals/supplements, and other personal health care products under Metamucil, Neurobion, Pepto-Bismol, and Vicks brands. The Fabric & Home Care segment provides fabric enhancers, laundry additives, and laundry detergents under the Ariel, Downy, Gain, and Tide brands; and air care, dish care, P&G professional, and surface care products under the Cascade, Dawn, Fairy, Febreze, Mr. Clean, and Swiffer brands. The Baby, Feminine & Family Care segment offers baby wipes, and taped diapers and pants under the Luvs and Pampers brands; adult incontinence and feminine care products under the Always, Always Discreet, and Tampax brands; and paper towels, tissues, and toilet papers under the Bounty, Charmin, and Puffs brands. It sells its products primarily through mass merchandisers, e-commerce, grocery stores, membership club stores, drug stores, department stores, distributors, wholesalers, specialty beauty stores, high-frequency stores, pharmacies, electronics stores, and professional channels, as well as directly to consumers. The company was founded in 1837 and is headquartered in Cincinnati, Ohio.",,10.52,5.61,2.0,25.92,51.0,Household Products,2025.0,6.0,False,False,False,False,False,False,False,False
PGR,262.01,0.34338,0.06865,23.81,0.333,0.26,78507999232,11571999744.0,13350724608.0,260.33,260.505,264.2389,259.16,292.99,204.88,,4637946,3281827,153596559360,0.4,0.0187,4.9,2025-07-03 01:00:00,The Progressive Corporation,"The Progressive Corporation operates as an insurance company in the United States. The company writes insurance for personal autos and special lines products, including motorcycles, RVs, and watercraft; and personal residential property insurance for homeowners and renters. It also writes auto-related liability and physical damage insurance for comprising dump trucks, log trucks, garbage trucks, tractors, trailers, straight trucks, tow trucks and wreckers, vans, pick-up trucks, and autos; business-related general liability and commercial property insurance for small businesses; and workers' compensation insurance for the transportation industry. In addition, the company offers other specialty property-casualty insurance and provide related services; personal property reinsurance products; and involved in investment activities. It sells its products through independent insurance agencies, as well as online and over the phone. The Progressive Corporation was founded in 1937 and is headquartered in Mayfield Village, Ohio.",,9.36,9.37,2.0,19.75,186.0,Insurance,2025.0,6.0,False,False,False,False,False,False,False,False
PLD,105.69,0.06829,0.023759998,56.643,0.62,0.321,8733704192,6193812992.0,4307161088.0,105.08,105.53,106.269,105.12,132.57,85.35,,6744669,5202914,98072502272,1.268,0.0382,4.04,2025-06-17 01:00:00,"Prologis, Inc.","Prologis, Inc., is the global leader in logistics real estate with a focus on high-barrier, high-growth markets. At March 31, 2025, the company owned or had investments in, on a wholly owned basis or through co-investment ventures, properties and development projects expected to total approximately 1.3 billion square feet (120 million square meters) in 20 countries. Prologis leases modern logistics facilities to a diverse base of approximately 6,500 customers principally across two major categories: business-to-business and retail/online fulfillment.",,3.88,3.92,1.0,10.93,509.0,Real Estate,2025.0,6.0,False,False,False,False,False,False,False,False
PRU,104.33,0.07908,0.00234,148.073,0.999,0.881,60366000128,2821750016.0,-16394500096.0,104.11,104.56,105.68,104.04,130.55,90.38,,1286720,1882312,36933550080,1.047,0.051799998,5.4,2025-05-20 01:00:00,"Prudential Financial, Inc.","Prudential Financial, Inc., together with its subsidiaries, provides insurance, investment management, and other financial products and services in the United States, Japan and internationally. It operates through PGIM, Retirement Strategies, Group Insurance, Individual Life, and International Businesses segments. The PGIM segment offers investment management services and solutions related to public fixed income, public equity, real estate debt and equity, private credit and other alternatives, and multi-asset class strategies to institutional and retail clients, as well as its insurance and retirement businesses. The Retirement Strategies segment provides a range of retirement investment, and income products and services to retirement plan sponsors in the public, private, and not-for-profit sectors; develops and distributes individual variable and fixed annuity products. The Group Insurance segment offers various group life, and long-term and short-term group disability, as well as group corporate-, bank-, and trust-owned life insurance in the United States primarily for institutional clients for use in connection with employee and membership benefits plans; sells accidental death and dismemberment, and other supplemental health solutions; and plan administration services in connection with its insurance coverages. The Individual Life segment develops and distributes variable life, universal life, and term life insurance products. The International Businesses segment develops and distributes life insurance, retirement products, investment products, and certain accident and health products; and advisory and administration services . The company provides its products and services to individual and institutional customers through its proprietary and third-party distribution networks. Prudential Financial, Inc. was founded in 1875 and is headquartered in Newark, New Jersey.",,8.62,9.51,1.0,18.63,186.0,Insurance,2025.0,6.0,False,False,False,False,False,False,False,False
PEG,82.1,0.11399999,0.02942,143.849,0.825,0.552,10752000000,3940999936.0,-973625024.0,82.1,82.22,82.54,81.72,95.22,72.82,,5286113,3168717,40967737344,0.497,0.0307,2.52,2025-06-09 01:00:00,Public Service Enterprise Group Incorporated,"Public Service Enterprise Group Incorporated, through its subsidiaries, operates in electric and gas utility, and nuclear generation businesses in the United States. It operates through PSE&G and PSEG Power segments. The PSE&G segment transmits electricity; distributes electricity and natural gas to residential, commercial, and industrial customers; and appliance services and repairs to customers through its service territory, as well as invests in solar generation projects, and energy efficiency and related programs. The PSEG Power segment engages in nuclear generation businesses; and supplies power and natural gas to nuclear power plants and gas storage facilities activities. As of December 31, 2024, it had electric transmission and distribution system of 25,000 circuit miles and 869,000 poles; 57 switching stations with an installed capacity of 40,000 megavolt-amperes (MVA), and 234 substations with an installed capacity of 10,750 MVA; four electric distribution headquarters and five electric sub-headquarters; 18,000 miles of gas mains, 12 gas distribution headquarters, two sub-headquarters, and two meter shop, as well as 54 natural gas metering and regulating stations; and 158 MegaWatts defined conditions of installed PV solar capacity. Public Service Enterprise Group Incorporated was founded in 1903 and is based in Newark, New Jersey.",,10.32,4.2,2.0,25.34,234.0,Utilities,2025.0,6.0,False,False,False,False,False,False,False,False
PTC,166.97,0.13915,0.06415,46.287,0.988,0.83,2346680064,739947008.0,804437248.0,166.57,166.57,168.58,165.8,203.09,133.38,,1617047,917454,20027717632,1.183,,,,PTC Inc.,"PTC Inc. operates as software company in the Americas, Europe, and the Asia Pacific. The company provides Windchill, a suite that manages all aspects of the product development lifecycle(PLM) that provides real-time information sharing, dynamic data visualization, collaborate across geographically distributed teams, and enabling manufacturers to elevate product development, manufacturing, field service, and end-of-life processes; ThingWorx, an Industrial Internet of Things software; ServiceMax, a service lifecycle management solutions enable companies to asset uptime with optimized in-person and remote service and technician productivity with mobile tools, and deliver metrics; and Arena, a SaaS PLM solution enables product teams to collaborate virtually to share product and quality information with internal teams and supply chain partners and deliver products to customers. It offers Codebeamer, an application lifecycle management for products and software development; Servigistics, a service parts management solution; and FlexPLM, a platform for merchandising and line planning, materials management, sampling, and others. In addition, it offers Kepware, an enterprise industrial connectivity solution; Creo, a 3D CAD technology enables the digital design, testing, and modification of product models; and Onshape, a SaaS product development platform that delivers computer-aided design with data management, collaboration tools, and real-time analytics. Further, it offers Vuforia, an augmented reality (AR) software; and Arbortext, a dynamic publishing solution streamlines how organizations create, manage, and publish technical documentation. PTC Inc. was incorporated in 1985 and is headquartered in Boston, Massachusetts.",,8.38,5.21,1.0,18.48,585.0,Software & Services,2025.0,6.0,False,False,False,False,False,False,False,False
PSA,290.08,0.20121,0.07062,97.458,0.552,0.552,4738937856,3343835904.0,2434415872.0,290.81,290.85,293.44,288.61,369.99,256.6,,1413187,818895,50889023488,0.879,0.0414,12.0,2025-06-12 01:00:00,Public Storage,"Public Storage, a member of the S&P 500, is a REIT that primarily acquires, develops, owns, and operates self-storage facilities. At March 31, 2025, we: (i) owned and/or operated 3,399 self-storage facilities located in 40 states with approximately 247 million net rentable square feet in the United States and (ii) owned a 35% common equity interest in Shurgard Self Storage Limited (Euronext Brussels: SHUR), which owned 318 self-storage facilities located in seven Western European nations with approximately 18 million net rentable square feet operated under the Shurgard brand. Our headquarters are located in Glendale, California.",,2.42,5.45,1.0,13.08,509.0,Real Estate,2025.0,6.0,False,False,False,False,False,False,False,False
PHM,101.47,0.25522,0.13892001,17.795,6.989,0.578,17890439168,3852910080.0,761504256.0,99.14,99.6,101.99,99.45,149.47,88.07,,3041892,1958441,20337328128,1.297,0.0087,0.88,2025-06-17 01:00:00,"PulteGroup, Inc.","PulteGroup, Inc., through its subsidiaries, engages in the homebuilding business in the United States. It acquires and develops land primarily for residential purposes; and constructs housing on such land. The company also offers various home designs, including single-family detached, townhomes, condominiums, and duplexes under the Centex, Pulte Homes, Del Webb, DiVosta Homes, John Wieland Homes and Neighborhoods, and American West brand names. In addition, the company arranges financing through the origination of mortgage loans for homebuyers; sells the servicing rights for the originated loans; and provides title insurance policies, and examination and closing services to homebuyers. PulteGroup, Inc. was founded in 1950 and is headquartered in Atlanta, Georgia.",,5.32,4.29,2.0,19.87,41.0,Homebuilders,2025.0,6.0,False,False,False,False,False,False,False,False
PWR,360.78,0.13731,0.050100002,63.537,1.308,1.181,24874309632,2173506048.0,1378591872.0,360.43,363.67,365.86,358.9164,367.0,227.08,,1562871,1257214,53467238400,1.072,0.0011,0.4,2025-07-01 01:00:00,"Quanta Services, Inc.","Quanta Services, Inc. offers infrastructure solutions for the electric and gas utility, renewable energy, communications, pipeline, and energy industries in the United States, Canada, Australia, and internationally. The company's Electric Power Infrastructure Solutions segment engages in the design, procurement, construction, upgrade, repair, and maintenance of electric power transmission and distribution infrastructure and substation facilities; installation, maintenance, and upgrade of electric power infrastructure projects; installation of smart grid technologies on electric power networks; and design, installation, maintenance, and repair of commercial and industrial wirings. This segment offers aviation; emergency restoration; and other engineering and technical services; design and construction solutions to wireline and wireless communications, cable multi-system operators, and other customers; and training for electric workers, as well as training for the gas distribution and communications industries. Its Renewable Energy Infrastructure Solutions segment is involved in engineering, procurement, construction, repair, and maintenance of wind, solar, and hydropower generation facilities, as well as battery storage facilities; and engineering and construction services for substations and switchyards, transmission, and other electrical infrastructures. The company's Underground Utility and Infrastructure Solutions segment offers design, engineering, procurement, construction, upgrade, repair, and maintenance services for natural gas systems for gas utility customers; fabrication services for pipeline support systems and structures and facilities; and engineering and construction services for pipeline and storage systems, and compressor and pump stations. The company was formerly known as Fabal Construction, Inc. and changed its name to Quanta Services, Inc. in November 1997. The company was incorporated in 1997 and is headquartered in Houston, Texas.",,15.26,4.61,2.0,33.83,135.0,Construction & Engineering,2025.0,6.0,False,False,False,False,False,False,False,False
QCOM,151.32,0.42205003,0.13428001,52.737,2.733,1.838,42285998080,13351000064.0,8322874880.0,153.63,154.55,155.12,150.66,211.09,120.8,,15501852,9128137,166149373952,1.256,0.0235,3.56,2025-06-05 01:00:00,QUALCOMM Incorporated,"QUALCOMM Incorporated engages in the development and commercialization of foundational technologies for the wireless industry worldwide. It operates through three segments: Qualcomm CDMA Technologies (QCT); Qualcomm Technology Licensing (QTL); and Qualcomm Strategic Initiatives (QSI). The QCT segment develops and supplies integrated circuits and system software with advanced connectivity and high-performance, and low-power computing technologies for use in mobile devices; automotive systems for connectivity, digital cockpit, and ADAS/AD; and IoT, including consumer electronic devices, industrial devices, and edge networking products. The QTL segment grants licenses or provides rights to use portions of its intellectual property portfolio, which include various patent rights useful in the manufacture and sale of wireless products comprising products implementing CDMA2000, WCDMA, LTE and/or OFDMA-based 5G products. The QSI segment invests in early-stage companies in various industries, including 5G, artificial intelligence, automotive, consumer, enterprise, cloud, IoT, and extended reality, and investments, including non-marketable equity securities and, to a lesser extent, marketable equity securities, and convertible debt instruments. It also provides development, and other services and sells related products to the United States government agencies and their contractors. The company was incorporated in 1985 and is headquartered in San Diego, California.",,4.14,3.39,2.0,13.62,122.0,Semiconductors,2025.0,6.0,False,False,False,False,False,False,False,False
DGX,179.43,0.13951999,0.06126,93.369,1.44,1.105,10158000128,1975000064.0,817625024.0,179.78,180.0,180.99,178.745,182.38,135.47,,1016324,1229874,20030666752,0.491,0.0178,3.2,2025-07-07 01:00:00,Quest Diagnostics Incorporated,"Quest Diagnostics Incorporated provides diagnostic testing and services in the United States and internationally. The company develops and delivers diagnostic information services, such as routine, non-routine and advanced clinical testing, anatomic pathology testing, and other diagnostic information services. It also provides diagnostic information services primarily under the Quest Diagnostics brand, as well as under the AmeriPath, Dermpath Diagnostics, ExamOne, and Quanum brands to physicians, hospitals, patients and consumers, health plans, government agencies, employers, emerging retail healthcare providers, pharmaceutical companies and insurers, commercial clinical laboratories, and accountable care organizations through a network of laboratories, patient service centers, phlebotomists in physician offices, call centers and mobile phlebotomists, nurses, and other health and wellness professionals. In addition, the company offers risk assessment services for the life insurance industry; and healthcare organizations and clinicians information technology solutions. Quest Diagnostics Incorporated was founded in 1967 and is headquartered in Secaucus, New Jersey.",,14.39,6.94,3.0,21.65,309.0,Healthcare,2025.0,6.0,False,False,False,False,False,False,False,False
RL,264.16,0.29487,0.08456001,103.075,1.776,1.263,7079000064,1143000064.0,816062528.0,267.81,269.19,270.02,260.885,289.33,155.96,,1202500,987308,15935134720,1.531,0.0138,3.65,2025-06-27 01:00:00,Ralph Lauren Corporation,"Ralph Lauren Corporation designs, markets, and distributes lifestyle products in North America, Europe, Asia, and internationally. It offers apparel, including a range of men's, women's, and children's clothing; footwear and accessories, which comprise casual shoes, dress shoes, boots, sneakers, sandals, eyewear, watches, fashion and fine jewelry, scarves, hats, gloves, and umbrellas, as well as leather goods comprising handbags, luggage, small leather goods, and belts; home products, such as bed and bath lines, furniture, fabric and wall coverings, lighting, dining, floor coverings, decorative accessories, and giftware; and fragrances. The company sells apparel and accessories under the Ralph Lauren Collection, Ralph Lauren Purple Label, Polo Ralph Lauren, Double RL, Lauren Ralph Lauren, Polo Golf Ralph Lauren, Ralph Lauren Golf, RLX Ralph Lauren, Polo Ralph Lauren Children, and Chaps brands; women's fragrances under the Ralph Lauren Collection, Woman by Ralph Lauren, Romance Collection, and Ralph Collection brand names; and men's fragrances under the Ralph's Club, Purple Label, Polo Blue, Polo Red, Polo Green, Polo Black, Polo 67, Safari, Polo Sport, and Big Pony Men's brand names. Its restaurant collection includes The Polo Bar in New York City; RL Restaurant in Chicago; Ralph's in Paris; The Bar at Ralph Lauren located in Milan; Ralph's Bar located in Chengdu, China; and Ralph's Coffee concept. The company sells its products to department stores, specialty stores, and golf and pro shops, as well as directly to consumers through its retail stores, concession-based shop-within-shops, and its digital commerce sites. It directly operates retail stores and concession-based shop-within-shops; and operates Ralph Lauren stores and shops through licensing partners. Ralph Lauren Corporation was founded in 1967 and is based in New York, New York.",,6.94,5.15,2.0,13.22,78.0,Textiles & Apparel,2025.0,6.0,False,False,False,False,False,False,False,False
RJF,148.95,0.18866,0.02664,36.485,6.225,6.184,13566999552,,,148.34,149.26,149.8,148.37,174.32,104.24,,2120169,1387224,30051407872,1.043,0.0134000005,2.0,2025-07-01 01:00:00,"Raymond James Financial, Inc.","Raymond James Financial, Inc., a diversified financial services company, provides private client group, capital markets, asset management, banking, and other services to individuals, corporations, and municipalities in the United States, Canada, and Europe. The Private Client Group segment offers investment services, portfolio management services, insurance and annuity products, and mutual funds; support to third-party mutual fund and annuity companies, including sales and marketing support, as well as distribution and accounting, and administrative services; margin loans; securities borrowing and lending services; diversification strategies and alternative investment products; and custodial, trade execution, research, and other support and services. The Capital Markets segment provides investment banking services, such as equity and debt underwriting, and merger and acquisition advisory services; and fixed income and equity brokerage services. This segment also offers institutional sales, securities trading, equity research, and the syndication and management of investments in low-income housing funds and funds of a similar nature. The Asset Management segment provides asset management, portfolio management, and related administrative services to retail and institutional clients; and administrative support services, such as record-keeping. The Bank segment offers various types of loans, including securities-based, commercial and industrial, commercial real estate and construction, real estate investment trust, residential mortgage, and tax-exempt loans; insured deposit accounts; retail and corporate deposit; and liquidity management products and services. The Other segment engages in the private equity investments comprising invests in third-party funds. Raymond James Financial, Inc. was founded in 1962 and is headquartered in Saint Petersburg, Florida.",,12.4,14.06,2.0,29.58,357.0,Diversified Financials,2025.0,6.0,False,False,False,False,False,False,False,False
RTX,146.64,0.07802,0.03471,67.798,1.006,0.605,81738997760,13381999616.0,5729124864.0,145.87,145.86,148.15,143.9,149.26,99.07,,9194984,5679403,195903700992,0.617,0.0185,2.72,2025-05-23 01:00:00,RTX Corporation,"RTX Corporation, an aerospace and defense company, provides systems and services for the commercial, military, and government customers in the United States and internationally. It operates through three segments: Collins Aerospace, Pratt & Whitney, and Raytheon. The Collins Aerospace Systems segment offers aerospace and defense products, and aftermarket service solutions for civil and military aircraft manufacturers and commercial airlines, as well as regional, business, and general aviation, defense, and commercial space operations. This segment also designs, produces, and supports cabin interior, including seating, oxygen systems, food and beverage preparation, storage and galley systems, and lavatory and wastewater management systems; battlespace, test and training range systems, crew escape systems, and simulation and training solutions; information management services; and aftermarket services that include spare parts, overhaul and repair, engineering and technical support, training and fleet management solutions, and asset and information management services. The Pratt & Whitney segment supplies aircraft engines for commercial, military, business jet, and general aviation customers; and produces, sells, and services military and commercial auxiliary power units. The Raytheon segment provides defensive and offensive threat detection, tracking, and mitigation capabilities for government, and commercial customers. The company was formerly known as Raytheon Technologies Corporation and changed its name to RTX Corporation in July 2023. RTX Corporation was incorporated in 1934 and is headquartered in Arlington, Virginia.",,13.44,6.97,2.0,28.1,62.0,Aerospace & Defense,2025.0,6.0,False,False,False,False,False,False,True,False
O,57.18,0.02507,0.02178,69.956,1.282,0.892,5404987904,4864595968.0,2469820160.0,57.58,57.555,57.99,57.14,64.88,50.71,,16932798,5823517,51638116352,0.766,0.056500003,3.23,2025-07-01 01:00:00,Realty Income Corporation,"Realty Income (NYSE: O), an S&P 500 company, is real estate partner to the world's leading companies. Founded in 1969, we invest in diversified commercial real estate and, as of March 31, 2025, have a portfolio of over 15,600 properties in all 50 U.S. states, the U.K., and six other countries in Europe. We are known as ""The Monthly Dividend Company"" and have a mission to invest in people and places to deliver dependable monthly dividends that increase over time. Since our founding, we have declared 658 consecutive monthly dividends and are a member of the S&P 500 Dividend Aristocrats index for having increased our dividend for over 30 consecutive years.",,5.19,5.7,0.0,15.53,509.0,Real Estate,2025.0,6.0,False,False,False,False,False,False,False,False
REG,71.14,0.05821,0.029070001,71.062,0.702,0.574,1522884992,956665984.0,638198656.0,70.72,70.95,71.65,70.83,78.18,60.64,,1948954,1134120,12991800320,1.023,0.0396,2.82,2025-06-11 01:00:00,Regency Centers Corporation,"Regency Centers is a preeminent national owner, operator, and developer of shopping centers located in suburban trade areas with compelling demographics. Our portfolio includes thriving properties merchandised with highly productive grocers, restaurants, service providers, and best-in-class retailers that connect to their neighborhoods, communities, and customers. Operating as a fully integrated real estate company, Regency Centers is a qualified real estate investment trust (REIT) that is self-administered, self-managed, and an S&P 500 Index member.",,3.38,3.96,0.0,11.31,509.0,Real Estate,2025.0,6.0,False,False,False,False,False,False,False,False
REGN,509.72,0.15961,0.0691,9.204,4.927,3.9,14085699584,4471000064.0,2082887552.0,513.58,521.05,521.05,506.38,1211.2,476.49,,2259498,1354679,55031918592,0.307,0.0069,3.52,2025-05-20 01:00:00,"Regeneron Pharmaceuticals, Inc.","Regeneron Pharmaceuticals, Inc. discovers, invents, develops, manufactures, and commercializes medicines for treating various diseases worldwide. The company's products include EYLEA injection to treat wet age-related macular degeneration and diabetic macular edema; myopic choroidal neovascularization; diabetic retinopathy; neovascular glaucoma; and retinopathy of prematurity. It also provides Dupixent injection to treat atopic dermatitis and asthma in adults and pediatrics; Libtayo injection to treat metastatic or locally advanced cutaneous squamous cell carcinoma; Praluent injection for heterozygous familial hypercholesterolemia (HoFH) or clinical atherosclerotic cardiovascular disease in adults; REGEN-COV for covid-19; and Kevzara solution for treating rheumatoid arthritis in adults. In addition, the company offers Inmazeb injection for infection caused by Zaire ebolavirus; ARCALYST injection for cryopyrin-associated periodic syndromes, including familial cold auto-inflammatory syndrome and muckle-wells syndrome; and ZALTRAP injection for intravenous infusion to treat metastatic colorectal cancer; Evkeeza for treatment of HoFH; Ordspono for Follicular lymphoma and Diffuse large B-cell lymphoma; and Veopoz for CD55-deficient protein-losing enteropathy. Further, it develops product candidates for treating patients with eye, allergic and inflammatory, cardiovascular and metabolic, infectious, and rare diseases; and cancer, pain, and hematologic conditions. It has collaboration with Mammoth Biosciences, Inc. to research, develop and commercialize in vivo CRISPR-based gene editing therapies for multiple tissues and cell types; and with Sonoma Biotherapeutics, Inc. to discover, develop, and commercialize engineered regulatory T cell therapies. The company was incorporated in 1988 and is headquartered in Tarrytown, New York.",,10.93,5.86,1.0,18.39,501.0,Pharmaceuticals,2025.0,6.0,False,True,False,False,False,False,False,False
RF,22.2,0.11306,0.0128,,,,6661000192,,,21.96,22.17,22.235,21.99,27.96,17.74,,21164863,9030959,19956246528,0.978,0.045,1.0,2025-06-02 01:00:00,Regions Financial Corporation,"Regions Financial Corporation, a financial holding company, provides various banking and related products and services to individual and corporate customers. It operates through three segments: Corporate Bank, Consumer Bank, and Wealth Management. The Corporate Bank segment offers commercial banking services, such as commercial and industrial, commercial real estate, and investor real estate lending; equipment lease financing; deposit products; capital markets activities, such as securities underwriting and placement; and loan syndication and placement, foreign exchange, derivatives, merger and acquisition, and other advisory services to corporate, middle market, and commercial real estate developers and investors. The Consumer Bank segment provides consumer banking products and services related to residential first mortgages, home equity lines and loans, consumer credit cards, and other consumer loans, as well as the corresponding deposit relationships. The Wealth Management segment offers credit related products, and retirement and savings solutions; and trust and investment management, asset management, and estate planning to individuals, businesses, governmental institutions, and non-profit entities. It also provides investment and insurance products; home improvement lending, investment advisory services, equipment financing for commercial clients, small business customers, low-income housing tax credit corporate fund syndication services, financing to CRA-qualified customers, and broker-dealer services to commercial clients; and other specialty financing services. The company was founded in 1971 and is headquartered in Birmingham, Alabama.",,8.04,6.87,2.0,16.34,456.0,Banks,2025.0,6.0,False,False,False,False,False,False,False,False
RSG,248.19,0.18545,0.06395,115.988,0.665,0.59,16179000320,5038000128.0,1919374976.0,248.28,249.29,250.68,247.11,258.75,188.82,,1294129,1438074,77558628352,0.644,0.0093,2.32,2025-07-02 01:00:00,"Republic Services, Inc.","Republic Services, Inc., together with its subsidiaries, offers environmental services in the United States and Canada. It is involved in the collection and processing of recyclable, solid waste, and industrial waste materials; transportation and disposal of non-hazardous and hazardous waste streams; and other environmental solutions. Its residential collection services include curbside collection of material for transport to transfer stations, landfills, recycling centers, and organics processing facilities; supply of recycling and waste containers; and renting of compactors. The company also engages in the processing and sale of old corrugated containers, old newsprint, aluminum, glass, and other materials; and provision of landfill services. It serves small-container, large-container, and residential customers. The company was incorporated in 1996 and is based in Phoenix, Arizona.",,6.18,2.16,3.0,17.04,207.0,Commercial Services,2025.0,6.0,False,False,False,False,False,False,False,False
RMD,253.68,0.25811002,0.14012,15.142,3.411,2.058,5021529088,1764669952.0,1202870656.0,250.88,251.92,254.06,251.855,263.05,179.42,,960544,1018212,37196337152,0.769,0.0084,2.12,2025-05-08 01:00:00,ResMed Inc.,"ResMed Inc. develops, manufactures, distributes, and markets medical devices and cloud-based software applications for the healthcare markets. The company operates in two segments, Sleep and Respiratory Care, and Software as a Service. It offers various products and solutions for a range of respiratory disorders, including ApneaLink Air, a portable diagnostic device that measures oximetry, respiratory effort, pulse, nasal flow, and snoring; and NightOwl, a portable, cloud-connected, and disposable diagnostic device that measures AHI based on derived peripheral arterial tone, actigraphy, and oximetry over several nights. The company also provides AirView, a cloud-based system that enables remote monitoring and changing of patients' device settings; myAir, a personalized therapy management application for patients with sleep apnea that provides support, education, and troubleshooting tools for increased patient engagement and improved compliance; U-Sleep, a compliance monitoring solution that enables home medical equipment (HME) to streamline their sleep programs; connectivity module and propeller solutions; and Propeller portal. It offers out-of-hospital software solution, such as Brightree business management software and service solutions to providers of HME, pharmacy, home infusion, orthotics, and prosthetics services; MatrixCare care management and related ancillary solutions to senior living, skilled nursing, life plan communities, home health, home care, and hospice organizations, as well as related accountable care organizations; HEALTHCAREfirst that offers electronic health record, software, billing and coding services, and analytics for home health and hospice agencies; and MEDIFOX DAN's software solutions. The company markets its products to sleep clinics, home healthcare dealers, and hospitals through a network of distributors and direct sales force. ResMed Inc. was founded in 1989 and is headquartered in San Diego, California.",,11.19,6.22,2.0,21.1,309.0,Healthcare,2025.0,6.0,False,True,False,False,False,False,False,False
RVTY,94.99,0.03824,0.02025,43.542,3.576,2.708,2769868032,835348992.0,742646848.0,94.41,95.05,95.515,94.14,129.5,87.7,,2073084,1292854,11196471296,0.972,0.0029,0.28,2025-07-18 01:00:00,"Revvity, Inc.","Revvity, Inc. provides health sciences solutions, technologies, and services worldwide. The company's Life Sciences segment provides instruments, reagents, informatics, software, subscriptions, detection, imaging technologies, warranties, training, and DNA sequencing services. Its Diagnostics segment offers instruments, reagents, assay platforms, and software products for the early detection of genetic disorders, such as pregnancy and early childhood, as well as infectious disease testing in the diagnostics market. Its products are used for testing and screening genetic abnormalities, disorders, and diseases, including down syndrome, hypothyroidism, muscular dystrophy, infertility, and various metabolic conditions. It also develops technologies that enable and support genomic workflows using protein coupled receptor and next-generation DNA sequencing for use in oncology, screening newborns for rare genetic conditions, immunodiagnostics, and drug discovery. It serves pharmaceutical and biotechnology companies, laboratories, academic and research institutions, public health authorities, private healthcare organizations, doctors, and government agencies under the AutoDELFIA, BACS-on-Beads, BIOCHIPs, Bioo Scientific, BioQule, BoBs, chemagic, Chitas, DELFIA, DELFIA Xpress, DOPlify, EONIS, EUROArray, EUROIMMUN, EUROLabWorkstation, EUROLINE, EUROPatternTM, Evolution Evoya, explorer, Fontus, GSP, Haoyuan, IDS Immunodiagnosticsystems, IDS-i10, IDS-i10T, IDS-iSYS, iLab, iQ, JANUS, LabChip, LifeCycle, LimsLink, Migele, MultiPROBE, NEXTFLEX, NextPrep, Omni Bead Ruptor, Omni Bead Ruptor Elite, Omni Tip, Pannoramic, Panthera Puncher, PG-Seq, PG-Find, PreNAT II, Prime, Protein Clear, ProteinEXact, QuantiVac, RONIA, Sciclone, SimplicityChrom, Specimen Gate, Superflex, Symbio, T-SPOT, Touch, Twister, Vanadis, VariSpec, ViaCord, VICTOR2D, and Zephyr brands. The company was formerly known as PerkinElmer, Inc. and changed its name to Revvity, Inc. in April 2023. Revvity, Inc. was founded in 1937 and is headquartered in Waltham, Massachusetts.",,9.87,4.38,1.0,15.58,501.0,Pharmaceuticals,2025.0,6.0,False,True,False,False,False,False,False,False
ROK,321.39,0.24438,0.071100004,113.537,1.052,0.635,7968200192,1578700032.0,1083287552.0,321.8,324.72,326.0,318.69,328.9,215.0,,1075581,1038232,36225798144,1.373,0.0163,5.24,2025-08-18 01:00:00,"Rockwell Automation, Inc.","Rockwell Automation, Inc. provides industrial automation and digital transformation solutions in North America, Europe, the Middle East, Africa, the Asia Pacific, and Latin America. The company operates through three segments, Intelligent Devices, Software & Control, and Lifecycle Services. Its solutions include hardware and software products and services. The Intelligent Devices segment offers drives, motion, safety, sensing, industrial components, and configured-to-order products. The Software & Control segment provides control and visualization software and hardware, information software, and network and security infrastructure solutions. The Lifecycle Services segment provides consulting, professional services and solutions, and connected and maintenance services. It sells its solutions primarily through independent distributors in relation with its direct sales force. It serves discrete end markets, including automotive, semiconductor, and warehousing and logistics, as well as general industries comprising printing and publishing, marine, glass, fiber and textiles, airports, and aerospace; hybrid end markets, such as food and beverage, life sciences, household and personal care, and tire, as well as eco industrial, including water/wastewater, waste management, mass transit, and renewable energy; and process end markets comprising oil and gas, mining, metals, chemicals, pulp and paper, and others. The company was founded in 1903 and is headquartered in Milwaukee, Wisconsin.",,6.33,4.47,2.0,20.36,111.0,Electrical Equipment,2025.0,6.0,False,False,False,False,False,False,False,False
ROL,56.48,0.37827,0.14879,67.198,0.873,0.682,3462863104,782566976.0,492010496.0,56.08,56.24,56.62,55.93,58.65,45.34,,3411745,2114324,27372806144,0.768,0.0117,0.66,2025-05-12 01:00:00,"Rollins, Inc.","Rollins, Inc., through its subsidiaries, provides pest and wildlife control services to residential and commercial customers in the United States and internationally. The company offers pest control services to residential properties protecting from common pests, including rodents, insects, and wildlife. It also provides workplace pest control solutions for customers across various end markets, such as healthcare, foodservice, and logistics. In addition, the company offers termite protection and ancillary services. It serves clients directly, as well as through franchisee operations. The company was formerly known as Rollins Broadcasting, Inc and changed its name to Rollins, Inc. in 1965. Rollins, Inc. was founded in 1901 and is headquartered in Atlanta, Georgia.",,10.86,4.6,1.0,17.05,207.0,Commercial Services,2025.0,6.0,False,False,False,False,False,False,False,False
ROP,561.99,0.08095,0.04156,38.788,0.462,0.364,7241299968,2872999936.0,2161250048.0,555.75,558.98,564.36,557.775,595.17,499.47,,1124299,595772,60422352896,1.036,0.0058999998,3.3,2025-07-08 01:00:00,"Roper Technologies, Inc.","Roper Technologies, Inc. designs and develops vertical software and technology enabled products in the United States, Canada, Europe, Asia, and internationally. It operates through three segments: Application Software, Network Software, and Technology Enabled Products. The Application Software segment offers comprehensive management, diagnostic and laboratory information management, enterprise software and information solutions, K-12 school administration, transportation management, financial and compliance management, cloud-based and integrated payment processing, campus technology and payment, and cloud-based financial analytics and performance management software; cloud-based software for the property and casualty insurance industry; and foodservice technologies. The Network Software segment provides cloud-based data, collaboration, and estimating automation software; electronic marketplace; visual effects and 3D content software; cloud-based software for the life insurance and financial services industries; supply chain software; health care services and software; data analytics and information; and pharmacy software solutions. The Technology Enabled Products segment offers r ultrasound procedures accessories; dispensers and metering pumps; wireless sensor network and solutions; automated surgical scrub and linen dispensing equipment; water meters; optical and electromagnetic precision measurement systems; RFID card and credential readers; and medical devices. The company also provides autism and IDD care software, a software and services platform that helps therapists who serve children and adults diagnosed with autism spectrum disorder and related intellectual and developmental disabilities (IDD). The company distributes and sells its products through direct sales offices, manufacturers' representatives, resellers, and distributors. The company was formerly known as Roper Industries, Inc. and changed its name to Roper Technologies, Inc. in April 2015. The company was incorporated in 1981 and is based in Sarasota, Florida.",,11.48,5.06,1.0,21.74,585.0,Software & Services,2025.0,6.0,False,False,False,False,False,False,False,False
ROST,127.67,0.39566,0.1129,89.95,1.55,0.894,21256122368,3054482944.0,1145347072.0,128.05,128.575,129.355,127.1,163.6,122.36,,7112841,3418220,41757155328,1.157,0.0127,1.62,2025-06-10 01:00:00,"Ross Stores, Inc.","Ross Stores, Inc., together with its subsidiaries, operates off-price retail apparel and home fashion stores under the Ross Dress for Less and dd's DISCOUNTS brands in the United States. The company offers apparel, accessories, footwear, and home fashions products. It sells its products to middle income households and households with lower to more moderate incomes. Ross Stores, Inc. was incorporated in 1957 and is headquartered in Dublin, California.",,10.69,4.65,1.0,19.96,265.0,Retailing,2025.0,6.0,False,False,False,False,False,False,False,False
RCL,272.39,0.48519,0.07429,247.101,0.177,0.077,16755999744,5942000128.0,1198875008.0,267.78,269.52,273.66,268.765,279.89,130.08,,1746562,2306559,73970229248,2.15,0.011,3.0,2025-06-04 01:00:00,Royal Caribbean Cruises Ltd.,"Royal Caribbean Cruises Ltd. operates as a cruise company worldwide. The company operates cruises under the Royal Caribbean International, Celebrity Cruises, and Silversea Cruises brands, which comprise a range of itineraries. As of February 12, 2025, it operated 67 ships. Royal Caribbean Cruises Ltd. was founded in 1968 and is headquartered in Miami, Florida.",,6.96,3.64,2.0,18.57,209.0,Consumer Services,2025.0,6.0,False,False,False,False,False,False,False,False
SPGI,504.2,0.11241,0.061950002,31.875,0.902,0.769,14494000128,7144000000.0,5187999744.0,502.63,504.53,510.43,500.96,545.39,427.14,,2078045,1255658,154629570560,1.195,0.0076,3.84,2025-05-28 01:00:00,S&P Global Inc.,"S&P Global Inc., together with its subsidiaries, provides credit ratings, benchmarks, analytics, and workflow solutions in the global capital, commodity, and automotive markets. It operates through five segments: S&P Global Market Intelligence, S&P Global Ratings, S&P Global Commodity Insights, S&P Global Mobility, and S&P Dow Jones Indices. The S&P Global Market Intelligence segment provides multi-asset-class data and analytics integrated with purpose-built workflow solutions. This segment offers Desktop, a product suite that provides data, analytics, and third-party research for global finance and corporate professionals; data and advisory solutions for research, reference data, market data, derived analytics, and valuation services; enterprise solutions, such as software and workflow solutions; and credit and risk solutions for selling ratings' credit ratings and related data and research, analytics, and financial risk solutions. The S&P Global Ratings segment operates as an independent provider of credit ratings, research, and analytics offering investors and other market participants information, ratings, and benchmarks. The S&P Global Commodity Insights segment provides information and benchmark prices for the commodity and energy markets. The S&P Global Mobility segment offers solutions serving the full automotive value chain, including vehicle manufacturers (original equipment manufacturers), automotive suppliers, mobility service providers, retailers, consumers, and finance and insurance companies. The S&P Dow Jones Indices segment operates as an index provider that maintains various valuation and index benchmarks for investment advisors, wealth managers, and institutional investors. It has operations in the United States, European region, Asia, and internationally. S&P Global Inc. was founded in 1860 and is headquartered in New York, New York.",,6.62,6.43,1.0,15.05,357.0,Diversified Financials,2025.0,6.0,False,False,False,False,False,False,False,False
CRM,260.63,0.10312,0.050869998,19.813,1.069,0.899,38591000576,11205999616.0,14429875200.0,259.5,260.69,262.87,259.2601,369.0,230.0,,12143276,7270635,249162285056,1.377,0.0064,1.66,2025-06-18 01:00:00,"Salesforce, Inc.","Salesforce, Inc. provides customer relationship management (CRM) technology that connects companies and customers together worldwide. The company offers Agentforce, an agentic layer of the salesforce platform; Data Cloud, a data engine; Industries AI for creating industry-specific AI agents with Agentforce ; Salesforce Starter, a suite of solution for small and medium-size business; Slack, a workplace communication and productivity platform; Tableau, an end-to-end analytics solution for range of enterprise use cases and intelligent analytics with AI models, spot trends, predict outcomes, timely recommendations, and take action from any device; and integration and analytics solutions. It also provides marketing platform; commerce services, which empowers shopping experience across various customer touchpoint; and field service solution that enables companies to connect service agents, dispatchers, and mobile employees through one centralized platform to schedule and dispatch work, as well as track and manage jobs. Salesforce, Inc. was incorporated in 1999 and is headquartered in San Francisco, California.",,10.33,4.09,2.0,18.48,585.0,Software & Services,2025.0,6.0,False,False,False,False,False,False,False,False
SBAC,229.31,,0.09364,,0.646,0.591,2686020096,1788802944.0,455928512.0,228.32,229.81,230.56,226.74,252.64,187.06,,855263,937041,24638212096,0.78,0.0194,4.44,2025-05-22 01:00:00,SBA Communications Corporation,"SBA Communications Corporation is a leading independent owner and operator of wireless communications infrastructure including towers, buildings, rooftops, distributed antenna systems (DAS) and small cells. With a portfolio of more than 39,000 communications sites throughout the Americas and in Africa, SBA is listed on NASDAQ under the symbol SBAC. Our organization is part of the S&P 500 and one of the top Real Estate Investment Trusts (REITs) by market capitalization.",,2.3,4.55,0.0,11.78,509.0,Real Estate,2025.0,6.0,False,False,False,False,False,False,False,False
SLB,35.84,0.20201,0.08125,68.142,1.237,0.834,36072001536,8221000192.0,3030749952.0,35.85,35.94,36.0654,35.49,50.94,31.11,,11541506,17000388,48418406400,1.026,0.0318,1.14,2025-06-04 01:00:00,Schlumberger Limited,"Schlumberger Limited engages in the provision of technology for the energy industry worldwide. The company operates through four divisions: Digital & Integration, Reservoir Performance, Well Construction, and Production Systems. The company provides field development and hydrocarbon production, carbon management, and integration of adjacent energy systems; reservoir interpretation and data processing services for exploration data; and well construction and production improvement services and products. It also offers subsurface geology and fluids evaluation information; stimulation services to restore or enhance well productivity through hydraulic fracturing, matrix stimulation, and water treatment; and intervention services to oil and gas operators. In addition, the company offers mud logging, directional drilling, measurement-while-drilling, and logging-while-drilling services, as well as engineering support services; supplies drilling fluid systems; designs, manufactures, and markets roller cone and fixed cutter drill bits; bottom-hole-assembly and borehole enlargement technologies; well planning, well drilling, engineering, supervision, logistics, procurement, and contracting of third parties, as well as drilling rig management solutions; and drilling equipment and services, as well as land drilling rigs and related services. Further, it provides artificial lift; supplies packers, safety valves, sand control technology, and various intelligent systems; midstream production systems; valves, chokes, actuators, and surface trees; and OneSubsea, an integrated solutions, products, systems, and services, including wellheads, subsea trees, manifolds and flowline connectors, control systems, connectors, and services. The company was formerly known as Socie´te´ de Prospection E´lectrique. Schlumberger Limited was founded in 1926 and is based in Houston, Texas.",,7.66,4.55,1.0,18.48,73.0,Energy Services,2025.0,6.0,False,False,False,False,False,False,False,False
STX,130.96,,0.14077,,1.361,0.651,8540000256,1891000064.0,190875008.0,131.3,132.17,132.61,130.325,133.76,63.19,,6027515,4497416,27791939584,1.428,0.022,2.88,2025-06-25 01:00:00,Seagate Technology Holdings plc,"Seagate Technology Holdings plc engages in the provision of data storage technology and infrastructure solutions in Singapore, the United States, the Netherlands, and internationally. The company offers mass capacity storage products, including enterprise nearline hard disk drives (HDDs), enterprise nearline solid state drives (SSDs), enterprise nearline systems, video and image HDDs, and network-attached storage drives. It also offers legacy applications comprising Mission Critical HDDs and SSDs; external storage solutions under the Seagate Ultra Touch, One Touch, Expansion, and Basics product lines, as well as under the LaCie brand name; desktop drives for personal computers and workstation applications; notebook drives traditional notebooks, convertible systems, and external storage applications, DVR HDDs for video streaming applications, and gaming SSDs for gaming rigs. In addition, the company provides Lyve edge-to-cloud mass capacity platform, that includes modular hardware and software to support enterprises' on-premise and cloud storage infrastructure needs. It sells its products primarily to original equipment manufacturers, distributors, and retailers. The company was founded in 1978 and is based in Singapore.",,6.54,4.17,2.0,11.55,238.0,Technology Hardware,2025.0,6.0,False,False,False,False,False,False,False,False
SRE,74.06,0.09709,0.01933,99.694,0.57,0.441,13347000320,5400000000.0,-5204125184.0,74.39,74.6,75.36,73.92,95.77,61.9,,9573293,4281480,48299708416,0.656,0.0348,2.58,2025-06-26 01:00:00,Sempra,"Sempra operates as an energy infrastructure company in the United States and internationally. It operates through three segments: Sempra California, Sempra Texas Utilities, and Sempra Infrastructure. The Sempra California segment provides natural gas and electric services to Southern California and part of central California. As of December 31, 2024, it offered electric services to approximately 3.6 million population and natural gas services to approximately 3.3 million population that covers 4,100 square miles. This segment owns and operates a natural gas distribution, transmission, and storage system that supplies natural gas. As of December 31, 2024, it served a population of 21.1 million covering an area of 24,000 square miles. The Sempra Texas Utilities segment engages in the regulated electricity transmission and distribution business. As of December 31, 2024, its transmission system included 18,324 circuit miles of transmission lines; 1,288 transmission and distribution substations; interconnection to 192 third-party generation facilities totaling 58,597 MW; and distribution system included approximately 4 million points of delivery and consisted of 125,975 miles of overhead and underground lines. The Sempra Infrastructure segment develops, builds, operates, and invests in energy infrastructure to help enable the access to cleaner energy in markets in the United States, Mexico, and internationally. The company was formerly known as Sempra Energy and changed its name to Sempra in May 2023. Sempra was incorporated in 1996 and is based in San Diego, California.",,7.88,4.02,2.0,23.22,234.0,Utilities,2025.0,6.0,False,False,False,False,False,False,False,False
NOW,971.41,0.16858,0.049200002,23.661,1.123,0.963,11468999680,2110000000.0,3713125120.0,982.08,985.59,986.005,965.45,1198.09,678.66,,2004278,1661675,201229516800,0.956,,,,"ServiceNow, Inc.","ServiceNow, Inc. provides cloud-based solution for digital workflows in the North America, Europe, the Middle East and Africa, Asia Pacific, and internationally. The company operates the Now platform, an AI platform for digital transformation machine learning, robotic process automation, process mining, analytics, and low-code/no-code development tools. It also provides asset management, integrated risk management, IT service management, Operational Technology management, Security Operations, strategic portfolio management, IT operations management products; customer service management product; and field service management applications. In addition, the company offers human resources, legal, and workplace service delivery products; app engine product; automation engine; platform privacy and security product; and source-to-pay operations. Further, ServiceNow, Inc. develops and operates a mobile-enabled manufacturing application. It serves government, financial services, healthcare and life science, manufacturing, Public Sector, retail, IT services, technology, and Telecom sectors through service providers and resale partners. The company was formerly known as Service-now.com and changed its name to ServiceNow, Inc. in May 2012. ServiceNow, Inc. was founded in 2004 and is headquartered in Santa Clara, California.",,8.46,3.63,0.0,16.33,585.0,Software & Services,2025.0,6.0,False,False,False,False,False,False,False,False
SHW,333.5,0.70217,0.09887999,329.968,0.767,0.393,23036899328,4433699840.0,1882837504.0,331.47,334.0,337.18,330.22,400.42,292.27,,2695440,1675477,83575431168,1.212,0.0095,3.16,2025-05-16 01:00:00,The Sherwin-Williams Company,"The Sherwin-Williams Company engages in the development, manufacture, distribution, and sale of paint, coatings, and related products to professional, industrial, commercial and retail customers. It operates through three segments: Paint Stores Group, Consumer Brands Group, and Performance Coatings Group. The Paint Stores Group segment offers architectural paint and coatings; protective and marine products; and OEM product finishes and related products for architectural and industrial paint contractors, and do-it-yourself homeowners under the Sherwin-Williams brand. The Consumer Brands Group segment supplies a portfolio of branded and private-label architectural paints, stains, varnishes, industrial products, wood finishes products, wood preservatives, applicators, corrosion inhibitors, aerosols, caulks, and adhesives to retailers, including home centers and hardware stores, and dedicated dealers and distributors. The Performance Coatings Group segment develops and sells industrial coatings for wood finishing and general industrial applications; automotive refinish products; protective and marine coatings; coil coatings; packaging coatings; and performance-based resins and colorants. This segment serves retailers, dealers, jobbers, licensees, and other third-party distributors. The company has operations in the North and South America, the Caribbean, Europe, Asia, and Australia. The Sherwin-Williams Company was founded in 1866 and is headquartered in Cleveland, Ohio.",,9.9,5.24,2.0,33.85,183.0,Chemicals,2025.0,6.0,False,False,False,False,False,False,False,False
SPG,157.27,0.67307,0.05826,773.472,0.372,0.372,5994220032,4446823936.0,1983254400.0,157.1,157.83,158.87,156.65,190.14,136.34,,2806481,1815298,59312652288,1.486,0.053400002,8.4,2025-06-09 01:00:00,"Simon Property Group, Inc.","Simon Property Group, Inc. (NYSE:SPG) is a self-administered and self-managed real estate investment trust (REIT). Simon Property Group, L.P., or the Operating Partnership, is our majority-owned partnership subsidiary that owns all of our real estate properties and other assets. In this package, the terms Simon, we, our, or the Company refer to Simon Property Group, Inc., the Operating Partnership, and its subsidiaries. We own, develop and manage premier shopping, dining, entertainment and mixed-use destinations, which consist primarily of malls, Premium Outlets, The Mills, and International Properties. At December 31, 2024, we owned or had an interest in 229 properties comprising 183 million square feet in North America, Asia and Europe. We also owned an 88% interest in The Taubman Realty Group, or TRG, which owns 22 regional, super-regional, and outlet malls in the U.S. and Asia. Additionally, at December 31, 2024, we had a 22.4% ownership interest in Klepierre, a publicly traded, Paris-based real estate company, which owns shopping centers in 14 European countries.",,3.96,5.0,1.0,12.49,509.0,Real Estate,2025.0,6.0,False,False,False,False,False,False,False,False
SWKS,72.13,0.06701,0.04812,20.363,4.95,3.063,3952199936,895699968.0,1029425024.0,71.62,72.03,72.23,70.745,120.86,47.93,,6353912,3979867,10828804096,1.155,0.0388,2.8,2025-05-27 01:00:00,"Skyworks Solutions, Inc.","Skyworks Solutions, Inc., together with its subsidiaries, designs, develops, manufactures, and markets proprietary semiconductor products in the United States, China, South Korea, Taiwan, Europe, the Middle East, Africa, and the rest of Asia-Pacific. Its product portfolio includes amplifiers, antenna tuners, attenuators, automotive tuners and digital radios, DC/DC converters, demodulators, detectors, digital power isolators, diodes, directional couplers, diversity receive modules, filters, front-end modules, hybrids, light emitting diode drivers, low noise amplifiers, mixers, modulators, optocouplers/optoisolators, phase locked loops, phase shifters, power dividers/combiners, power over ethernet, power isolators, interface circuits, receivers, switches, synthesizers, timing devices, voltage controlled oscillators/synthesizers, and voltage regulators. The company products are the used in aerospace, automotive, broadband, cellular infrastructure, connected home, defense, entertainment and gaming, industrial, medical, smartphone, tablet, and wearable markets. It sells its products through direct sales force, electronic component distributors, and independent sales representatives. Skyworks Solutions, Inc. was founded in 1962 and is based in Irvine, California.",,7.92,6.25,1.0,24.11,122.0,Semiconductors,2025.0,6.0,False,False,False,False,False,False,False,False
SJM,96.93,-0.17868,0.054629996,128.427,0.809,0.26,8726099968,2156199936.0,600324992.0,95.96,95.9,97.655,95.672,125.42,93.3,,3506084,1602577,10323820544,0.333,0.0446,4.32,2025-05-16 01:00:00,The J. M. Smucker Company,"The J. M. Smucker Company manufactures and markets branded food and beverage products worldwide. The company operates through four segments: U.S. Retail Coffee, U.S. Retail Frozen Handheld and Spreads, U.S. Retail Pet Foods, and Sweet Baked Snacks. It offers coffee, sweet baked goods, pet snacks, frozen handheld products, peanut butter, cat and dog food, fruit and specialty spreads, cookies, frozen sandwiches and snacks, hot beverages, portion control products, toppings and syrups, baking mixes and ingredients, and flour. The company provides its products under the Folgers, Café Bustelo, Dunkin', Jif, Smucker's, Smucker's Uncrustables, Meow Mix, Milk-Bone, Pup-Peroni, Canine Carry Outs, Hostess, 1850, Robin Hood, and Five Roses brands. The company sells its products through direct sales and brokers to food retailers, club stores, discount and dollar stores, online retailers, pet specialty stores, distributors, drug stores, military commissaries, mass merchandisers, supermarket chains, national mass retailers, convenience stores, vending channels, and foodservice distributors and operators. The J. M. Smucker Company was founded in 1897 and is headquartered in Orrville, Ohio.",,11.36,3.02,2.0,28.7,227.0,Food Products,2025.0,6.0,False,False,False,False,False,False,False,False
SW,42.35,0.04226,0.0354,79.485,1.428,0.744,25834999808,3575000064.0,-1627874944.0,42.39,43.24,43.28,42.33,56.986,37.01,,11148533,3716275,22107248640,1.017,0.040700004,1.72,2025-05-16 01:00:00,Smurfit Westrock Plc,"Smurfit Westrock Plc, together with its subsidiaries, manufactures, distributes, and sells containerboard, corrugated containers, and other paper-based packaging products. The company produces containerboard; packaging of corrugated containers; consumer packaging; and offers solid board, kraft paper, and graphic board, as well as other packaging products, such as solidboard packaging, paper sacks and bag-in-box. It produces linerboard and corrugated medium, paperboard, and non-packaging grades of paper, as well as converted products, such as folding cartons and corrugated boxes, and other products; recycled paper-based packaging products; and packaging machinery. The company primarily serves food and beverage, e-commerce, retail, consumer goods, industrial, and foodservice markets in 40 countries. Smurfit Westrock Plc was founded in 1934 and is headquartered in Dublin, Ireland.",,,,,,,,,,,,,,,,,
SNA,305.79,0.19538,0.10828,23.477,4.142,3.025,5069700096,1449900032.0,811500032.0,306.82,308.69,309.625,304.9,373.9,252.98,,937055,390095,15990065152,0.766,0.027999999,8.56,2025-05-20 01:00:00,Snap-on Incorporated,"Snap-on Incorporated manufactures and markets tools, equipment, diagnostics, and repair information and systems solutions for professional users worldwide. It operates through Commercial & Industrial Group, Snap-on Tools Group, Repair Systems & Information Group, and Financial Services segments. The company provides hand tools, including wrenches, sockets, ratchet wrenches, pliers, screwdrivers, punches and chisels, saws and cutting tools, pruning tools, torque measuring instruments, and other related products; power tools, such as cordless, pneumatic, and hydraulic and corded tools; and tool storage products comprising tool chests, roll cabinets, and other products. It also offers handheld and computer-based diagnostic products, service and repair information products, diagnostic software solutions, electronic parts catalogs, business management systems and services, point-of-sale systems, integrated systems for vehicle service shops, original equipment manufacturer purchasing facilitation services, and warranty management systems and analytics; and engineered solutions. In addition, the company provides solutions for the service of vehicles and industrial equipment that include wheel alignment equipment, wheel balancers, tire changers, vehicle lifts, test lane equipment, collision repair equipment, vehicle air conditioning service equipment, brake service equipment, fluid exchange equipment, transmission troubleshooting equipment, safety testing equipment, battery chargers, and hoists, as well as after-sales support services and training programs. Further, it offers financing programs to facilitate the sales of its products and support its franchise business. It serves the aviation and aerospace, natural resources, agriculture, infrastructure construction, government and military, mining, power generation, and technical education industries. Snap-on Incorporated was incorporated in 1920 and is headquartered in Kenosha, Wisconsin.",,11.85,6.63,2.0,30.88,275.0,Machinery,2025.0,6.0,False,False,False,False,False,False,False,False
SOLV,73.57,0.10657,0.03724,242.581,1.19,0.641,8307999744,1416000000.0,1045374976.0,72.63,73.1,73.8,72.86,85.92,47.16,,1157440,1188470,12728565760,,,,,Solventum Corporation,"Solventum Corporation, a healthcare company, develops, manufactures, and commercializes a portfolio of solutions to address critical customer and patient needs in the United States and internationally. It operates in four segments: Medsurg, Dental Solutions, Health Information Systems, and Purification and Filtration. The Medsurg segment offers solutions for negative pressure wound therapy, advanced wound dressings, advanced skin care, I.V. site management, sterilization assurance, temperature management, surgical supplies, medical tapes and wrap, stethoscopes, medical electrodes, and medical technologies for original equipment manufacturers. Its Dental Solutions segment provides a suite of dental and orthodontic products, including brackets, aligners, restorative cements, and bonding agents. The Health Information Systems provides software solutions and services for health care systems, such as computer-assisted, physician documentation, direct-to-bill and coding automation, classification methodologies, speech recognition, and data visualization platforms. Its Purification and Filtration segment provides purification and filtration technologies comprising filters, purifiers, cartridges, and membranes. The company sells its products and services through direct-to-consumer, distribution, key account management, inside sales, and e-commerce. Solventum Corporation was incorporated in 2023 and is based in Maplewood, Minnesota.",,10.14,6.58,2.0,19.24,309.0,Healthcare,2025.0,6.0,False,True,False,False,False,False,False,False
SO,89.3,0.12244,0.03463,188.378,0.858,0.479,27853000704,13374999552.0,407249984.0,88.63,88.6,89.96,88.4701,94.45,76.96,,10665153,5122258,98246967296,0.367,0.033099998,2.96,2025-05-19 01:00:00,The Southern Company,"The Southern Company, through its subsidiaries, engages in the generation, transmission, and distribution of electricity. The company develops, constructs, acquires, owns, and manages power generation assets, including renewable energy projects and sells electricity in the wholesale market; distributes natural gas in Illinois, Georgia, Virginia, and Tennessee; operates, constructs, and maintains approximately 78,500 miles of natural gas pipelines and 14 storage facilities; and provides gas marketing services, as well as electric services to retail customers. It also offers distributed energy and resilience solutions, and digital wireless communications and fiber optics services, as well as deploys microgrids for commercial, industrial, governmental, utility customers. The Southern Company was incorporated in 1946 and is headquartered in Atlanta, Georgia.",,10.0,6.98,2.0,28.24,234.0,Utilities,2025.0,6.0,False,False,False,False,False,False,False,False
LUV,31.39,0.05593,0.009330001,85.371,0.772,0.671,27581999104,1891000064.0,-837249984.0,31.16,31.3,31.78,31.14,36.12,23.58,,7591367,12915812,17888092160,1.227,0.0229,0.72,2025-06-18 01:00:00,Southwest Airlines Co.,"Southwest Airlines Co. operates as a passenger airline company that provides scheduled air transportation services in the United States and near-international markets. As of December 31, 2024, the company operated a total fleet of 803 Boeing 737 aircraft; and served 117 destinations in 42 states, the District of Columbia, and the Commonwealth of Puerto Rico, as well as ten near-international countries, including Mexico, Jamaica, the Bahamas, Aruba, the Dominican Republic, Costa Rica, Belize, Cuba, the Cayman Islands, and Turks and Caicos. It also provides inflight entertainment and connectivity services; and Rapid Rewards loyalty program that enables program members to earn points for dollars spent on Southwest base fares. In addition, the company offers a suite of digital platforms to support customers' travel needs, including websites and apps; and SWABIZ, an online booking tool. Further, it provides ancillary services, such as Southwest's EarlyBird Check-In, upgraded boarding, and transportation of pets and unaccompanied minors. Southwest Airlines Co. was incorporated in 1967 and is headquartered in Dallas, Texas.",,17.22,5.07,2.0,28.41,169.0,Transportation,2025.0,6.0,False,False,False,False,False,False,False,False
SWK,64.55,0.04032,0.02797,81.597,1.104,0.301,15240800256,1566099968.0,738774976.0,64.59,64.9,65.595,64.36,110.88,53.91,,3615205,3157425,9986723840,1.172,0.0508,3.28,2025-06-03 01:00:00,"Stanley Black & Decker, Inc.","Stanley Black & Decker, Inc. provides hand tools, power tools, outdoor products, and related accessories in the United States, Canada, Other Americas, Europe, and Asia. The company's Tools & Outdoor segment offers professional grade corded and cordless electric power tools and equipment, including drills, impact wrenches and drivers, grinders, saws, routers, concrete prep and placement tools, and sanders; pneumatic tools and fasteners, such as nail guns, nails, staplers and staples, and concrete and masonry anchors; corded and cordless electric power tools; hand-held vacuums, paint tools, and cleaning appliances; leveling and layout tools, planes, hammers, demolition tools, clamps, vises, knives, saws, chisels, and industrial and automotive tools; drill, screwdriver, router bits, abrasives, saw blades, and threading products; tool boxes, sawhorses, medical cabinets, and engineered storage solutions; and electric and gas-powered lawn and garden products. This segment sells its products under the DEWALT, CRAFTSMAN, CUB ADET, BLACK+DECKER, and HUSTLER brands through retailers, third-party distributors, independent dealers, and a direct sales force. Its Industrial segment provides threaded fasteners, blind rivets and tools, blind inserts and tools, drawn arc weld studs and systems, engineered plastic and mechanical fasteners, self-piercing riveting systems, precision nut running systems, micro fasteners, high-strength structural fasteners, axel swage, latches, heat shields, pins, couplings, fitting, and other engineered products; and attachments used on excavators and handheld tools. This segment sells its products through direct sales force and third-party distributors to the automotive, manufacturing, electronics, construction, aerospace, and other industries. The company was formerly known as The Stanley Works and changed its name to Stanley Black & Decker, Inc. in March 2010. The company was founded in 1843 and is headquartered in New Britain, Connecticut.",,13.61,5.81,2.0,26.16,275.0,Machinery,2025.0,6.0,False,False,False,False,False,False,False,False
SBUX,93.12,,0.08979999,,0.644,0.399,36347301888,6058200064.0,1848912512.0,92.28,93.08,93.8,92.4,117.46,71.55,,9197029,11326361,105821569024,0.99,0.026199998,2.44,2025-05-16 01:00:00,Starbucks Corporation,"Starbucks Corporation, together with its subsidiaries, operates as a roaster, marketer, and retailer of coffee worldwide. The company operates through three segments: North America, International, and Channel Development. Its stores offer coffee, tea, and other beverages, roasted whole beans and ground coffees, single serve products, and ready-to-drink beverages; and various food products, such as pastries, breakfast sandwiches, and lunch items. The company also licenses its trademarks through licensed stores, and grocery and foodservice accounts. The company offers its products under the Starbucks Coffee, Teavana, Seattle's Best Coffee, Ethos, and Starbucks Reserve brands. It partners with Global Food Banking Network support food security and reduce food waste. Starbucks Corporation was founded in 1971 and is based in Seattle, Washington.",,10.95,2.95,3.0,23.0,209.0,Consumer Services,2025.0,6.0,False,False,False,False,False,False,False,False
STT,99.62,0.1122,0.0080699995,,,,13086000128,,,99.3,99.98,100.65,99.41,103.0,71.96,,1694281,2046074,28409833472,1.463,0.0305,3.04,2025-07-01 01:00:00,State Street Corporation,"State Street Corporation, through its subsidiaries, provides a range of financial products and services to institutional investors worldwide. The company offers investment servicing products and services, including custody, accounting and fund administration services for traditional and alternative assets, as well as multi-asset class investments; recordkeeping, client reporting, and investment book of record, transaction management, loans, cash, derivatives and collateral services; investor services operations outsourcing; performance, risk, and compliance analytics; financial data management to support institutional investors; foreign exchange, brokerage and other trading services; securities finance, including prime services products; and deposit and short-term investment facilities. It also provides State Street Alpha platform that combines portfolio management, trading and execution, analytics and compliance tools, and advanced data aggregation and integration with other industry platforms and providers; front-office technology that automates and simplifies the institutional investment process comprising from portfolio management and risk analytics, trading, and post-trade settlement with integrated compliance and managed data; investment management solutions; and portfolio management, trading compliance, and manager/sponsor communication. In addition, the company offers investment management solutions, including strategies across equity, fixed income, cash, multi-asset, and alternatives; products, such as SPDR ETFs and index funds; and services comprising defined benefit, defined contribution, and outsourced chief investment officer. The company provides its products and services mutual funds, collective investment funds and other investment pools, corporate and public retirement plans, insurance companies, investment managers, foundations, and endowments. State Street Corporation was founded in 1792 and is headquartered in Boston, Massachusetts.",,10.29,9.46,1.0,21.17,357.0,Diversified Financials,2025.0,6.0,False,False,False,False,False,False,False,False
STLD,125.9,0.13199,0.05924,47.5,2.743,1.292,17215582208,1964616960.0,-482931744.0,130.11,131.67,131.67,124.56,155.56,103.17,,4349290,1584940,18690359296,1.394,0.0159,2.0,2025-06-30 01:00:00,"Steel Dynamics, Inc.","Steel Dynamics, Inc., together with its subsidiaries, operates as a steel producer and metal recycler in the United States. It operates through four segments: Steel Operations, Metals Recycling Operations, Steel Fabrication Operations, and Aluminum Operations. The Steel Operations segment offers hot rolled, cold rolled, and coated steel products; parallel flange beams and channel sections, large unequal leg angles, and reinforcing steel bars, as well as standard strength carbon, intermediate alloy hardness, and premium grade rail products; engineered special-bar-quality products, merchant-bar-quality products, and other engineered round steel bars; channels, angles, flats, merchant rounds, and reinforcing steel bars; and specialty shapes and light structural steel products. This segment also engages in turning, polishing, straightening, chamfering, precision saw-cutting, and heat treating of bar products. Its products are used in construction, automotive, manufacturing, transportation, heavy and agriculture equipment, energy, and pipe and tube markets. The Metals Recycling Operations segment is involved in the ferrous and nonferrous scrap metal processing, transportation, marketing, brokerage, and scrap management services. Its ferrous products include heavy melting steel, busheling, bundled scrap, shredded scrap, steel turnings, and cast-iron products; and nonferrous products comprise aluminum, brass, copper, stainless steel, and other nonferrous metals. The Steel Fabrication Operations segment produces steel non-residential building components, such as steel joists, girders, and steel deck products for non-residential steel fabricators, metal building companies, general construction contractors, developers, owners, brokers, and governmental entities. The Aluminum Operations segment offers recycled aluminum flat rolled products. The company also exports its products. Steel Dynamics, Inc. was incorporated in 1993 and is headquartered in Fort Wayne, Indiana.",,14.63,7.57,1.0,31.41,50.0,Steel,2025.0,6.0,False,False,False,False,False,False,False,False
STE,235.67,0.09458999,0.05824,33.292,1.957,1.189,5459514880,1464445952.0,1609312256.0,236.23,236.96,237.74,234.53,252.79,200.98,,665839,642819,23183093760,0.943,0.0097,2.28,2025-06-10 01:00:00,STERIS plc,"STERIS plc provides infection prevention products and services worldwide. It operates through three segments: Healthcare, Applied Sterilization Technologies (AST), and Life Sciences. The Healthcare segment offers cleaning chemistries and sterility assurance products; automated endoscope reprocessing system and tracking products; endoscopy accessories, washers, sterilizers, and other pieces of capital equipment for the operation of a sterile processing department; and equipment used directly in procedure rooms, including surgical tables, lights, and connectivity solutions, as well as equipment management services. It also provides capital equipment installation, maintenance, upgradation, repair, and troubleshooting services; preventive maintenance programs and repair services; instrument, devices, and endoscope repair and maintenance services; and custom process improvement consulting and outsourced instrument sterile processing services. The AST segment provides contract sterilization and testing services for medical device and pharmaceutical manufacturers through a network of contract sterilization and laboratory facilities, as well as integrated sterilization equipment and control systems to medical device manufacturers and research institutions. The Life Sciences segment designs, manufactures, and sells consumable products, such as pharmaceutical detergents, cleanroom disinfectants and sterilants, pharmaceutical grade and research sterilizers and washers, sterility assurance and maintenance products, vaporized hydrogen peroxide room decontamination systems and sterilizers, and high purity water and pure steam generators. It also offers equipment installation, maintenance, upgradation, repair, and troubleshooting services; and preventive maintenance programs and repair services. It serves its products and services to hospitals, other healthcare providers, and pharmaceutical manufacturers. The company was founded in 1985 and is headquartered in Mentor, Ohio.",,12.09,6.22,2.0,23.17,309.0,Healthcare,2025.0,6.0,False,True,False,False,False,False,False,False
SYK,375.56,0.14259,0.07486,82.924,1.642,0.803,23217999872,6176999936.0,3028375040.0,373.26,374.89,377.9,373.775,406.19,314.93,,2011717,1487701,143525888000,0.927,0.0089,3.36,2025-06-30 01:00:00,Stryker Corporation,"Stryker Corporation operates as a medical technology company. It operates through two segments, MedSurg and Neurotechnology, and Orthopaedics. The MedSurg and Neurotechnology segment offers surgical equipment, and surgical navigation systems, endoscopic and communications systems, patient handling, emergency medical equipment and intensive care disposable products, clinical communication and  artificial intelligence-assisted virtual care platform technology, minimally invasive products for the treatment of acute ischemic and hemorrhagic stroke, cranial, and maxillofacial and chest wall devices, as well as dural substitutes and sealants; traditional brain and open skull based surgical procedures products; and orthobiologic and biosurgery products, including synthetic bone grafts and vertebral augmentation products. The Orthopaedics segment provides implants for use in total joint replacements, such as hip, knee and shoulder, and trauma and extremities surgeries; thoracolumbar systems that include fixation, minimally invasive and interbody systems used in spinal injury, complex spine and degenerative therapies. The company sells its products to doctors, hospitals, and other healthcare facilities through company-owned subsidiaries and branches, as well as third-party dealers and distributors in approximately 75 countries. Stryker Corporation was founded in 1941 and is headquartered in Portage, Michigan.",,11.77,5.63,2.0,21.21,309.0,Healthcare,2025.0,6.0,False,True,False,False,False,False,False,False
SMCI,45.32,0.20062,0.083739996,41.506,6.662,3.639,21569720320,1364608000.0,-272670496.0,44.47,45.64,46.1799,44.14,96.33,17.25,,51588528,47550111,27047790592,1.397,,,,"Super Micro Computer, Inc.","Super Micro Computer, Inc., together with its subsidiaries, develops and sells high performance server and storage solutions based on modular and open architecture in the United States, Europe, Asia, and internationally. It offers various IT solutions, including complete servers, storage systems, modular blade servers, blades, workstations, full-rack scale solutions, networking devices, server sub-systems, and server management and security software. The company also provides application-optimized server solutions, rackmount and blade servers, storage, and subsystems and accessories; and server software management solutions, such as Server Management Suite, including Supermicro Server Manager, Supermicro Power Management software, Supermicro Update Manager, SuperCloud Composer, and SuperDoctor 5. In addition, it offers server subsystems and accessories comprising server boards, chassis, power supplies, and other accessories. Further, the company identifies service requirements, creates and executes project plans, conducts verification testing and training activities, and provides technical documentation services. Additionally, it offers help desk and on-site support services for its server and storage systems; and customer support services, including ongoing maintenance and technical support for its products. The company provides its products to enterprise data centers, cloud computing, artificial intelligence, 5G, and edge computing markets. It sells its products through direct and indirect sales force, distributors, value-added resellers, system integrators, and original equipment manufacturers. The company was incorporated in 1993 and is headquartered in San Jose, California.",,9.2,5.72,3.0,19.33,238.0,Technology Hardware,2025.0,6.0,False,False,False,False,False,False,False,False
SYF,62.34,0.18597999,0.02437,,,,8705000448,,,61.45,61.98,62.595,61.55,70.93,40.545,,8718829,4360409,23730157568,1.428,0.019199999,1.2,2025-05-05 01:00:00,Synchrony Financial,"Synchrony Financial, together with its subsidiaries, operates as a consumer financial services company in the United States. It provides credit products, such as credit cards, commercial credit products, and consumer installment loans. The company also offers private label credit cards, dual and general purpose co-branded cards, short- and long-term installment loans, and consumer banking products; and deposit products, including certificates of deposit, individual retirement accounts, money market accounts, savings accounts, and sweep and affinity deposits, as well as accepts deposits through third-party securities brokerage firms. In addition, it provides debt cancellation products to its credit card customers through online and mobile channels; and healthcare payments and financing solutions under the CareCredit and Walgreens brands; payments and financing solutions in the apparel, specialty retail, outdoor, music, and luxury industries, such as American Eagle, Dick's Sporting Goods, Guitar Center, Kawasaki, Pandora, Polaris, Suzuki, and Sweetwater. The company offers its credit products through programs established with a group of national and regional retailers, local merchants, manufacturers, buying groups, industry associations, and healthcare service providers; and deposit products through various channels, such as digital and print. It serves digital, health and wellness, retail, home, auto, telecommunications, pet, outdoor, and other industries. The company was founded in 1932 and is headquartered in Stamford, Connecticut.",,10.79,5.52,2.0,16.46,357.0,Diversified Financials,2025.0,6.0,False,False,False,False,False,False,False,False
SNPS,470.53,0.15551,0.04671,108.337,7.015,6.718,6221316096,1471897984.0,1938772352.0,473.62,480.01,482.53,468.54,624.8,365.74,,1511213,1318172,73007898624,1.11,,,,"Synopsys, Inc.","Synopsys, Inc. provides electronic design automation software products used to design and test integrated circuits. It operates in two segments, Design Automation and Design IP. The company offers Digital and Custom IC Design solution that provides digital design implementation solutions; Verification solution that offers virtual prototyping, static and formal verification, simulation, emulation, field programmable gate array (FPGA)-based prototyping, and debug solutions; FPGA design products that are programmed to perform specific functions; synopsys technology computer-aided design (TCAD), mask synthesis, and manufacturing analytic solutions; and AI-driven EDA solutions. It also provides intellectual property (IP) solutions for UCIe, USB, PCI Express, DDR, Ethernet, MIPI, and HDMI; logic libraries and embedded memories; processor cores, software, and application-specific instruction-set processor tools for embedded applications; security IP solutions; IP solutions for automotive market; and system-on-chip (SoC) infrastructure IP, datapath and building block IP, and verification IP products, as well as mathematical and floating-point components, and Arm AMBA interconnect fabric and peripherals. The company was incorporated in 1986 and is headquartered in Sunnyvale, California.",,9.28,3.58,1.0,17.39,585.0,Software & Services,2025.0,6.0,False,False,False,False,False,False,False,False
SYY,74.68,0.93613,0.085710004,751.105,1.262,0.72,80787996672,4435999744.0,2215365888.0,73.97,74.15,75.08,74.0049,82.23,67.12,,4897680,3153290,36201279488,0.817,0.028900001,2.16,2025-07-03 01:00:00,Sysco Corporation,"Sysco Corporation, through its subsidiaries, engages in the marketing and distribution of various food and related products to the foodservice or food-away-from-home industry in the United States, Canada, the United Kingdom, France, and internationally. The company operates through U.S. Foodservice Operations, International Foodservice Operations, SYGMA, and Other segments. It distributes frozen food, such as meat, seafood, fully prepared entrées, fruits, vegetables, and desserts; canned and dry food products; fresh meat and seafood products; dairy products; beverages; imported specialties; and fresh produce products. The company also supplies various non-food items, including paper products comprising disposable napkins, plates, and cups; tableware consisting of glassware and silverware; cookware, such as pots, pans, and utensils; restaurant and kitchen equipment and supplies; and cleaning supplies. It serves restaurants, hospitals and nursing facilities, schools and colleges, hotels and motels, industrial caterers, and other foodservice venues. The company was incorporated in 1969 and is headquartered in Houston, Texas.",,6.39,2.47,2.0,15.93,70.0,Food Retailers,2025.0,6.0,False,False,False,False,False,False,False,False
TMUS,221.52,0.19351,0.055999998,199.152,1.161,0.899,82691997696,31601999872.0,9022624768.0,220.99,222.0,223.2,220.9,276.49,173.74,,8936710,4643767,251524890624,0.628,0.0159,3.52,2025-08-29 01:00:00,"T-Mobile US, Inc.","T-Mobile US, Inc., together with its subsidiaries, provides wireless communications services in the United States, Puerto Rico, and the United States Virgin Islands. The company offers voice, messaging, and data services to postpaid, prepaid, and wholesale and other services customers. It also provides wireless devices, including smartphones, wearables, tablets, home broadband routers, and other mobile communication devices, as well as accessories; financing through equipment installment plans; reinsurance for device insurance policies and extended warranty contracts; and high-speed internet services. The company offers services, devices, and accessories under the T-Mobile, Metro by T-Mobile, and Mint Mobile brands through its owned and operated retail stores, customer care channels, national retailers, and its websites, as well as through T-Mobile, Metro by T-Mobile, and Mint Mobile apps. It also sells devices to dealers and other third-party distributors for resale through independent third-party retail outlets and various third-party websites. The company was founded in 1994 and is headquartered in Bellevue, Washington. T-Mobile US, Inc. is a subsidiary of Deutsche Telekom AG.",,13.08,6.02,3.0,22.97,100.0,Telecommunication Services,2025.0,6.0,False,False,False,False,False,False,False,False
TROW,93.21,0.18447,0.109910004,4.48,3.886,3.886,7107299840,2832999936.0,935237504.0,92.14,93.02,93.43,92.2901,125.81,77.85,,2605904,1953000,20535654400,1.513,0.0545,5.08,2025-06-13 01:00:00,"T. Rowe Price Group, Inc.","T. Rowe Price Group, Inc. is a publicly owned investment manager. The firm provides its services to individuals, institutional investors, retirement plans, financial intermediaries, and institutions. It launches and manages equity and fixed income mutual funds. The firm invests in the public equity and fixed income markets across the globe. It employs fundamental and quantitative analysis with a bottom-up approach. The firm utilizes in-house and external research to make its investments. It employs socially responsible investing with a focus on environmental, social, and governance issues. It makes investment in late-stage venture capital transactions and usually invests between $3 million and $5 million. The firm was previously known as T. Rowe Group, Inc. and T. Rowe Price Associates, Inc. T. Rowe Price Group, Inc. was founded in 1937 and is based in Baltimore, Maryland, with additional offices in Colorado Springs, Colorado; Owings Mills, Maryland; San Francisco, California; New York, New York; Philadelphia, Pennsylvania; Tampa, Florida; Toronto, Ontario; Hellerup, Denmark; Amsterdam, The Netherlands; Luxembourg, Grand Duchy of Luxembourg; Zurich, Switzerland; Dubai, United Arab Emirates; London, United Kingdom; Sydney, New South Wales; Hong Kong; Tokyo, Japan; Singapore; Frankfurt, Shanghai, China; Germany, Madrid, Spain, Milan, Italy, Stockholm, Sweden, Melbourne, Australia, Amsterdam, Netherlands and Washington, DC.",,7.91,8.15,1.0,17.43,357.0,Diversified Financials,2025.0,6.0,False,False,False,False,False,False,False,False
TTWO,238.37,-1.1476101,-0.02636,192.071,0.779,0.676,5633600000,448900000.0,1150724992.0,238.5,240.09,242.275,237.05,242.28,135.24,,3448507,2323753,43594776576,1.029,,,,"Take-Two Interactive Software, Inc.","Take-Two Interactive Software, Inc. develops, publishes, and markets interactive entertainment solutions for consumers worldwide. The company develops and publishes action/adventure products under the Grand Theft Auto, LA Noire, Max Payne, Midnight Club, and Red Dead Redemption names, as well as other franchises. It also publishes various entertainment properties across various platforms and a range of genres, such as shooter, action, role-playing, strategy, sports, and family/casual entertainment under the BioShock, Mafia, Sid Meier's Civilization, XCOM series, Borderlands, and Tiny Tina's Wonderland names. In addition, the company publishes sports simulation titles comprising NBA 2K series, a basketball video game; the WWE 2K professional wrestling series; mobile titles, including WWE SuperCard; and PGA TOUR 2K. Further, it offers Kerbal Space Program; free-to-play mobile games, such as CSR Racing, Dragon City, Empires & Puzzles, FarmVille, Game of Thrones: Legends, Golf Rival, Harry Potter: Puzzles & Spells, Match Factory!, Merge Dragons!, Merge Magic!, Monster Legends, Toon Blast, Top Eleven, Top Troops, Toy Blast, Two Dots, Words With Friends, and Zynga Poker; and hyper-casual mobile titles, including Color Block Jam, Fill the Fridge!, Parking Jam 3D, Power Slap, Pull the Pin, Screw Jam, Twisted Tangle, and Tangled Snakes. The company's products are designed for console gaming systems; personal computers; and mobiles comprising smartphones and tablets. It provides its products through physical retail, digital download, online platforms, and cloud streaming services. Take-Two Interactive Software, Inc. was incorporated in 1993 and is based in New York, New York.",,9.76,4.79,2.0,14.88,585.0,Software & Services,2025.0,6.0,False,False,False,False,False,False,False,False
TPR,84.33,0.40273,0.08167,274.983,1.758,0.976,6878600192,1542200064.0,575350016.0,84.24,84.94,85.31,83.95,90.85,35.23,,4321769,4683982,17514498048,1.478,0.0166,1.4,2025-06-06 01:00:00,"Tapestry, Inc.","Tapestry, Inc. provides luxury accessories and branded lifestyle products in North America, Greater China, rest of Asia, and internationally. The company operates in three segments: Coach, Kate Spade, and Stuart Weitzman. It offers women's handbags; and women's accessories, such as small leather goods which includes mini and micro handbags, money pieces, wristlets, pouches, and cosmetic cases, as well as novelty accessories including address books, time management and travel accessories, sketchbooks, and portfolios; and belts, key rings, and charms. The company also provides men products, which includes bag collections, such as business cases, computer bags, messenger-style bags, backpacks, and totes; small leather goods including wallets, card cases, travel organizers, and belts; and footwear, watches, fragrances, sunglasses, novelty accessories, and ready-to-wear items. In addition, it offers other products including women's footwear and fragrances; eyewear and sunglasses; and jewelry, such as bracelets, necklaces, rings, and earrings, watches, and other women's seasonal lifestyle apparel collections, including outerwear, ready-to-wear and cold weather accessories, such as gloves, scarves, and hats. Further, the company provides kids items, housewares, and home accessories, such as fashion bedding and tableware, stationery, and gifts. It offers its products through retail and outlet stores, brand e-commerce sites, and concession shop-in-shops, wholesale, and third-party distributors under the Coach, Kate Spade, and Stuart Weitzman brand names. The company was formerly known as Coach, Inc. and changed its name to Tapestry, Inc. in October 2017. Tapestry, Inc. was founded in 1941 and is headquartered in New York, New York.",,8.35,3.59,2.0,16.34,78.0,Textiles & Apparel,2025.0,6.0,False,False,False,False,False,False,False,False
TRGP,170.66,0.41976002,0.074439995,630.027,0.649,0.486,16380600320,4060000000.0,-188950000.0,169.32,169.47,171.8,169.47,218.51,122.56,,2200237,2278074,37021614080,1.071,0.0234,4.0,2025-04-30 01:00:00,Targa Resources Corp.,"Targa Resources Corp., together with its subsidiary, Targa Resources Partners LP, owns, operates, acquires, and develops a portfolio of complementary domestic infrastructure assets in North America. It operates in two segments, Gathering and Processing, and Logistics and Transportation. The company is involved in gathering, compressing, treating, processing, transporting, and selling natural gas; storing, fractionating, treating, transporting, and selling natural gas liquids (NGL) and NGL products, including services to liquefied petroleum gas exporters; and gathering, storing, terminaling, purchasing, and selling crude oil. It is also involved in the purchase and resale of NGL products; and sale of propane, as well as provision of related logistics services to multi-state retailers, independent retailers, and other end-users. In addition, the company offers NGL balancing services; and transportation services to refineries and petrochemical companies in the Gulf Coast area, as well as purchases, markets, and resells natural gas. As of December 31, 2024, it leased and managed approximately 531 railcars; 131 tractors; and 6 vacuum trucks and 2 pressurized NGL barges, as well as owns 8 tractors. Targa Resources Corp. was incorporated in 2005 and is headquartered in Houston, Texas.",,15.83,4.82,2.0,35.8,81.0,Refiners & Pipelines,2025.0,6.0,False,False,False,False,False,False,False,False
TGT,95.54,0.29076,0.06638,130.213,0.935,0.152,105881001984,8961000448.0,2960250112.0,95.12,95.69,96.58,94.4,167.4,87.35,,5194177,8079566,43410128896,1.212,0.0471,4.5,2025-08-13 01:00:00,Target Corporation,"Target Corporation operates as a general merchandise retailer in the United States. The company offers apparel for women, men, young adults, kids, toddlers, and babies, as well as jewelry, accessories, and shoes; and beauty products, such as skin and bath care, cosmetics, hair care, oral care, deodorant, and shaving products. It also provides food and beverage products comprising dry and perishable grocery, including snacks, candy, beverages, deli, bakery, meat, produce, and food service; electronics which includes video games and consoles, toys, sporting goods, entertainment, and luggage; bed and bath, home décor, school/office supplies, storage, small appliances, kitchenware, greeting cards, party supplies, furniture, lighting, home improvement, and seasonal merchandise; and household essentials, such as household cleaning, paper products, over-the-counter healthcare, vitamins and supplements, baby gear, and pet supplies. In addition, the company sells merchandise through periodic design and creative partnerships, and shop-in-shop experience; and in-store amenities. It sells its products through its stores; and digital channels, including Target.com. Target Corporation was incorporated in 1902 and is headquartered in Minneapolis, Minnesota.",,12.7,3.53,3.0,18.24,265.0,Retailing,2025.0,6.0,False,False,False,False,False,False,False,False
TEL,163.2,0.1122,0.08149,46.476,1.513,0.958,16026000384,3848000000.0,1521624960.0,163.78,164.64,165.22,162.34,167.94,116.3,,2765138,1941990,48396472320,1.222,0.0174,2.84,2025-08-22 01:00:00,TE Connectivity plc,"TE Connectivity plc, together with its subsidiaries, manufactures and sells connectivity and sensor solutions in Europe, the Middle East, Africa, the AsiaPacific, and the Americas. The company operates through three segments: Transportation Solutions, Industrial Solutions, and Communications Solutions. It provides antennas, application tooling, cable assemblies, connectors, electromagnetic compatibility/electromagnetic interference solutions, energy and power, fiber optics, heat shrink tubing, identification and labeling, medical components, passive components, relays and contactors, sensors, switches, terminals and splices, wires and cables, and wire protection and management solutions. The company also offers training and other services, including 3D printing for production, backshells prototyping, electrical installation training, HarnWare software, machine tooling service and repair, medical device design services, and microfluidic devices, as well as conducts automotive webinars. It serves 5G and wireless equipment, aerospace, appliances, automation and control, automotive, autosport, commercial and industrial vehicles, connected home, data centers and artificial intelligence, defense and military, energy solutions, e-mobility, industrial machinery, intelligent buildings, IoT connectivity, medical technologies, oil and gas/marine, personal electronics and wearable technology, rail, sensor applications, space, and other industries. The company was formerly known as Tyco Electronics Ltd. and changed its name to TE Connectivity plc in March 2011. TE Connectivity plc was founded in 1941 and is based in Ballybrit, Ireland.",,5.67,2.85,2.0,15.74,238.0,Technology Hardware,2025.0,6.0,False,False,False,False,False,False,False,False
TDY,486.59,0.086210005,0.045500003,29.853,2.185,1.294,5769800192,1393299968.0,876275008.0,488.94,491.21,492.53,484.74,522.5,380.63,,697615,332566,22801266688,1.051,,,,Teledyne Technologies Incorporated,"Teledyne Technologies Incorporated provides enabling technologies for industrial growth markets in the United States and internationally. Its Digital Imaging segment provides visible spectrum sensors and digital cameras; and infrared, ultraviolet, visible, and X-ray spectra; as well as micro electromechanical systems and semiconductors, including analog-to-digital and digital-to-analog converters. This segment offers cooled and uncooled infrared or thermal products, including sensors, camera cores, and camera systems; high-resolution, low-dose X-ray sensors, high-power microwave, and high-energy X-ray subsystems; and instruments for the measurement of physical properties and maritime products; as well as develops and manufactures multi-spectrum electro-optic/infrared imaging systems and associated products, such as lasers, optics, and radars, CBRNE (Chemical, Biological, Radiological, Nuclear and Explosive detectors), and unmanned air and ground systems. The company's Instrumentation segment offers monitoring, control, and electronic test and measurement equipment; and power and communications connectivity devices for distributed instrumentation systems and sensor networks. The company's Aerospace and Defense Electronics segment provides electronic components and subsystems, data acquisition and communications components and equipment, harsh environment interconnects, general aviation batteries, and other components; and onboard avionics systems and ground-based applications, aircraft data and connectivity solutions, hardware systems, and software applications. Its Engineered Systems segment offers systems engineering and integration, technology development, and manufacturing solutions for defense, space, environmental, and energy applications; and designs and manufactures electrochemical energy systems and electronics for military applications. The company was founded in 1960 and is headquartered in Thousand Oaks, California.",,16.92,6.56,1.0,34.28,62.0,Aerospace & Defense,2025.0,6.0,False,False,False,False,False,False,False,False
TER,86.29,0.21551001,0.105579995,2.458,2.705,1.492,2905741056,723016000.0,499388512.0,86.26,87.47,87.83,84.2401,163.21,65.77,,6559905,3322312,13842641920,1.673,0.0056,0.48,2025-05-22 01:00:00,"Teradyne, Inc.","Teradyne, Inc. designs, develops, manufactures, and sells automated test systems and robotics products in the United States, Asia Pacific, Europe, the Middle East, and Africa. It operates through Semiconductor Test, Robotics, and Other segments. The Semiconductor Test segment offers products and services for wafer level and device package testing, and system level testing of semiconductor devices in automotive, industrial, communications, consumer, smartphones, cloud, computer and electronic game, and other applications. This segment also provides FLEX test platform systems; J750 test system to address the volume semiconductor devices, including microcontrollers; Magnum platform that tests memory devices, such as flash memory and DRAM; and ETS platform for semiconductor manufacturers, and assembly and test subcontractors in the analog/mixed signal markets. It serves integrated device manufacturers that integrate the fabrication of silicon wafers into their business; fabless companies that outsource the manufacturing of silicon wafers; foundries; and semiconductor assembly and test providers. The Robotics segment provides collaborative robotic arms, autonomous mobile robots, and advanced robotic control software for manufacturing, logistics, and industrial customers. It also provides semiconductor test systems and instruments, defense/aerospace test instrumentation and systems, storage and system level test systems, wireless test systems and robotics products, and circuit-board test and inspection systems; production board test; and wireless test solutions for silicon validation, wireless module manufacturing, and wireless end device manufacturing under the LitePoint brand. Teradyne, Inc. was incorporated in 1960 and is headquartered in North Reading, Massachusetts.",,5.49,3.85,1.0,16.07,122.0,Semiconductors,2025.0,6.0,False,False,False,False,False,False,False,False
TSLA,322.16,0.087740004,0.03724,17.407,1.996,1.376,95724003328,12549999616.0,3360000000.0,322.05,327.81,332.36,317.78,488.54,182.0,,108688008,125873175,1037664518144,2.461,,,,"Tesla, Inc.","Tesla, Inc. designs, develops, manufactures, leases, and sells electric vehicles, and energy generation and storage systems in the United States, China, and internationally. The company operates in two segments, Automotive; and Energy Generation and Storage. The Automotive segment offers electric vehicles, as well as sells automotive regulatory credits; and non-warranty after-sales vehicle, used vehicles, body shop and parts, supercharging, retail merchandise, and vehicle insurance services. This segment also provides sedans and sport utility vehicles through direct and used vehicle sales, a network of Tesla Superchargers, and in-app upgrades; purchase financing and leasing services; services for electric vehicles through its company-owned service locations and Tesla mobile service technicians; and vehicle limited warranties and extended service plans. The Energy Generation and Storage segment engages in the design, manufacture, installation, sale, and leasing of solar energy generation and energy storage products, and related services to residential, commercial, and industrial customers and utilities through its website, stores, and galleries, as well as through a network of channel partners. This segment also provides services and repairs to its energy product customers, including under warranty; and various financing options to its residential customers. The company was formerly known as Tesla Motors, Inc. and changed its name to Tesla, Inc. in February 2017. Tesla, Inc. was incorporated in 2003 and is headquartered in Austin, Texas.",,14.13,7.6,3.0,24.76,48.0,Automobiles,2025.0,6.0,False,False,False,False,False,False,False,False
TXN,198.2,0.29189,0.10038,78.313,5.258,3.238,16049000448,7097999872.0,-257000000.0,198.35,200.405,200.93,196.575,220.39,139.95,,12910017,8238274,180059144192,0.99,0.0274,5.44,2025-04-30 01:00:00,Texas Instruments Incorporated,"Texas Instruments Incorporated designs, manufactures, and sells semiconductors to electronics designers and manufacturers in the United States, China, rest of Asia, Europe, Middle East, Africa, Japan, and internationally. The company operates through Analog and Embedded Processing segments. The Analog segment offers power products to manage power requirements across various voltage levels, including battery-management solutions, DC/DC switching regulators, AC/DC and isolated controllers and converters, power switches, linear regulators, voltage references, and lighting products. This segment provides signal chain products that sense, condition, and measure signals to allow information to be transferred or converted for further processing and control, including amplifiers, data converters, interface products, motor drives, clocks, and logic and sensing products. The Embedded Processing segment offers microcontrollers, processors, wireless connectivity and radar products; and applications processors for specific computing activity. This segment offers products for use in various markets, such as industrial, automotive, personal electronics, communications equipment, enterprise systems, and calculators and other. It provides DLP products primarily for use in project high-definition images; calculators; and application-specific integrated circuits. The company markets and sells its semiconductor products through direct sales and distributors, as well as through its website. The company was founded in 1930 and is headquartered in Dallas, Texas.",,4.79,4.92,2.0,20.43,122.0,Semiconductors,2025.0,6.0,False,False,False,False,False,False,False,False
TPL,1084.21,0.39523998,0.2672,,7.795,7.689,727664000,591700992.0,-52545248.0,1079.74,1081.81,1094.1486,1069.4,1769.14,724.75,,314449,134622,24923060224,1.13,0.0058999998,6.4,2025-06-02 01:00:00,Texas Pacific Land Corporation,"Texas Pacific Land Corporation engages in the land and resource management, and water services and operations businesses. The Land and Resource Management segment manages surface acres of land, and oil and gas royalty interest in Permian Basin. This segment also engages in easements, such as transporting oil, gas and related hydrocarbons, power line and utility, and subsurface wellbore easements. In addition, this segment leases its land for processing, storage, and compression facilities and roads; and is involved in sale of materials, such as caliche, sand, and other material, as well as sells land. The Water Services and Operations segment provides full-service water offerings, including water sourcing, produced-water treatment, infrastructure development, and disposal solutions to operators in the Permian Basin. This segment also holds produced water royalties. The company owns a 1/128th nonparticipating perpetual oil and gas royalty interest (NPRI) under approximately 85,000 acres of land; a 1/16th NPRI under approximately 371,000 acres of land; and approximately 16,000 additional net royalty acres, total of approximately 207,000 NRA located in the Permian Basin. Texas Pacific Land Corporation was founded in 1888 and is headquartered in Dallas, Texas.",,1.85,11.97,0.0,14.11,163.0,Oil & Gas Producers,2025.0,6.0,False,False,False,False,False,False,False,False
TXT,76.98,0.11699,0.04261,56.371,1.799,0.637,13873000448,1523000064.0,584625024.0,76.61,77.13,77.54,76.27,94.57,57.7,,3143954,1515480,13897893888,1.163,0.001,0.08,2025-06-13 01:00:00,Textron Inc.,"Textron Inc. operates in the aircraft, defense, industrial, and finance businesses worldwide. It operates in six segments: Textron Aviation, Bell, Textron Systems, Industrial, Textron eAviation, and Finance. The Textron Aviation segment manufactures, sells, and services business jets, turboprop and piston engine aircraft, and military trainer and defense aircraft; and offers maintenance, inspection, and repair services, as well as sells commercial parts. The Bell segment supplies military and commercial helicopters, tiltrotor aircrafts, and related spare parts and services. The Textron Systems segment offers unmanned aircraft systems, electronic systems and solutions, advanced marine crafts, piston aircraft engines, live military air-to-air and air-to-ship training, weapons and related components, and armored and specialty vehicles. The Industrial segment offers blow-molded solutions, including conventional plastic fuel tanks and pressurized fuel tanks for hybrid vehicle applications, clear-vision systems, plastic tanks for catalytic reduction systems, and battery housing systems for use in electric vehicles primarily to automobile original equipment manufacturers (OEMs); and golf cars, off-road utility vehicles, powersports products, light transportation vehicles, aviation ground support equipment, professional turf-maintenance equipment, and turf-care vehicles to golf courses and resorts, government agencies and municipalities, consumers, outdoor enthusiasts, and commercial and industrial users. The Textron eAviation segment manufactures and sells light aircraft and gliders with electric and combustion engines; and provides other research and development initiatives related to sustainable aviation solutions. The Finance segment offers financing services to purchase new and pre-owned aviation aircraft and Bell helicopters. Textron Inc. was founded in 1923 and is headquartered in Providence, Rhode Island.",,16.51,4.97,2.0,33.13,62.0,Aerospace & Defense,2025.0,6.0,False,False,False,False,False,False,True,False
TMO,397.88,0.13704,0.050019998,69.231,1.775,1.197,42898001920,10826000384.0,5770375168.0,392.56,392.89,397.9,390.5,627.88,385.46,,3753579,2710377,150197321728,0.78,0.0043,1.72,2025-06-13 01:00:00,Thermo Fisher Scientific Inc.,"Thermo Fisher Scientific Inc. provides life sciences solutions, analytical instruments, specialty diagnostics, and laboratory products and biopharma services in the North America, Europe, Asia-Pacific, and internationally. The company's Life Sciences Solutions segment offers reagents, instruments, and consumables for biological and medical research, discovery and production of drugs and vaccines, as well as diagnosis of infections and diseases. Its Analytical Instruments segment provides instruments, consumables, software, and services for pharmaceutical, biotechnology, academic, government, environmental, and other research and industrial markets, as well as clinical laboratories. The company's Specialty Diagnostics segment includes clinical diagnostics offering liquid, ready-to-use, and lyophilized immunodiagnostic reagent kits, as well as calibrators, controls, protein detection assays, and instruments; immunodiagnostics offers develops, manufactures, and markets complete blood test systems to support the clinical diagnosis and monitoring of allergy, asthma, and autoimmune diseases; microbiology offers dehydrated and prepared culture media, collection and transport systems, instrumentation, and consumables; transplant diagnostics products include human leukocyte antigen typing and testing for organ transplant market; and healthcare market channel offers consumables, diagnostic kits and reagents, equipment, instruments, solutions, and services. Its Laboratory Products and Biopharma Services segment provides laboratory products, research and safety market channel, and pharma services and clinical research. It offers products and services through a direct sales force, customer-service professionals, electronic commerce, and third-party distributors under Thermo Scientific; Applied Biosystems; Invitrogen; Fisher Scientific; Unity Lab Services; and Patheon and PPD. Thermo Fisher Scientific Inc. was founded in 1956 and is headquartered in Waltham, Massachusetts.",,4.92,5.58,2.0,11.86,501.0,Pharmaceuticals,2025.0,6.0,False,True,False,False,False,False,False,False
TJX,123.5,0.60356,0.12752,153.616,1.163,0.452,56991997952,7414000128.0,2886874880.0,122.54,123.05,123.78,122.5,135.85,107.71,,6684819,5846332,137779068928,0.903,0.0138,1.7,2025-08-14 01:00:00,"The TJX Companies, Inc.","The TJX Companies, Inc., together with its subsidiaries, operates as an off-price apparel and home fashions retailer worldwide. The company operates through four segments: Marmaxx, HomeGoods, TJX Canada, and TJX International. It offers family apparel comprising footwear; accessories, such as beauty and jewelry; home fashion products, including home basics, decorative accessories and giftware, as well as furniture, rugs, lighting, soft home, decorative accessories, tabletop, and cookware; pet and gourmet food; and other merchandise. The company also provides home decor, furniture, and seasonal home merchandise. It sells its products through stores and e-commerce sites. The TJX Companies, Inc. was incorporated in 1962 and is headquartered in Framingham, Massachusetts.",,8.93,4.38,2.0,17.4,265.0,Retailing,2025.0,6.0,False,False,False,False,False,False,False,False
TKO,174.96,0.043169998,0.01617,30.107,1.246,0.814,2850693120,730153024.0,399396736.0,175.95,178.72,178.72,173.4,179.09,102.46,,1126891,1138840,14302543872,,0.0087,1.52,2025-06-13 01:00:00,"TKO Group Holdings, Inc.","TKO Group Holdings, Inc. operates as a sports and entertainment company. The company owns and manages sports and entertainment intellectual property; produces and licenses live events, programing, and long-form and short-form content, reality series, and other filmed entertainment on digital and linear channels and via pay-per-view; and offers UFC FIGHT PASS, a direct-to-consumer streaming product that provides access to live and video-on-demand events, as well as original content. It is also involved in the merchandising of video games, apparel, equipment, trading cards, memorabilia, digital goods, and toys. In addition, the company engages in the sponsorships and advertising business, which offers sale of in-venue and in-broadcast advertising assets, content product integration, and digital impressions. The company was incorporated in 2023 and is based in New York, New York. TKO Group Holdings, Inc. is a subsidiary of Endeavor Group Holdings, Inc.",,8.63,7.87,2.0,16.93,137.0,Media,2025.0,6.0,False,False,False,False,False,False,False,False
TSCO,52.52,0.49624002,0.091120005,257.388,1.406,0.089,14955348992,1916492032.0,498994112.0,52.03,52.36,52.675,51.88,61.528,46.85,,5733386,5695472,27846262784,0.734,0.0175,0.92,2025-05-28 01:00:00,Tractor Supply Company,"Tractor Supply Company operates as a rural lifestyle retailer in the United States. The company offers various merchandise, including livestock and equine feed and equipment, poultry, fencing, and sprayers and chemicals; companion animal products, such as food, treats, and equipment for dogs, cats, and other small animals, as well as dog wellness products; seasonal and recreation products comprising tractors and riders, lawn and garden, bird feeding, power equipment, and other recreational products; truck, tool, and hardware products, such as truck accessories, trailers, generators, lubricants, batteries, and hardware and tools; and clothing, gift, and décor products consist of clothing, footwear, toys, snacks, and decorative merchandise. It provides its products under the 4health, Paws & Claws, American Farmworks, Producer's Pride, Bit & Bridle, Red Shed, Blue Mountain, Redstone, C.E. Schmidt, Retriever, Country Lane, Ridgecut, Countyline, Royal Wing, Country Tuff, Strive, Dumor, Traveller, Farm Table, Treeline, Groundwork, TSC Tractor Supply Co, Huskee, Untamed, JobSmart, and Impeckable brand names. The company operates its retail stores under the Tractor Supply Company, Petsense by Tractor Supply, and Orscheln Farm and Home names; and operates websites under the TractorSupply.com and Petsense.com names. It sells its products to recreational farmers, ranchers, and others. Tractor Supply Company was founded in 1938 and is based in Brentwood, Tennessee.",,7.08,3.68,2.0,13.91,265.0,Retailing,2025.0,6.0,False,False,False,False,False,False,False,False
TT,419.7,0.38632,0.113570005,63.469,1.089,0.7,20311199744,3934000128.0,2439650048.0,419.86,422.0,426.64,417.72,436.61,298.15,,2199412,1498443,93600653312,1.172,0.009,3.76,2025-09-05 01:00:00,Trane Technologies plc,"Trane Technologies plc designs, manufactures, sells, and services of solutions for heating, ventilation, air conditioning, and custom and transport refrigeration. It offers air conditioners, exchangers, and handlers; airside and terminal devices; air sourced heat pumps; chillers; coils and condensers; auxiliary power, cold storage, cold storage, and condensing units; controls contracting and commissioning, decarbonization programs, and gensets; dehumidifiers; energy and water efficiency programs; energy recovery ventilators; energy storage; furnaces; home automation; humidifiers; HVAC performance-monitoring products; and indoor air quality assessments and related products for HVAC and transport solutions. The company also provides asset management, building management, bus air purification, bus and rail HVAC, container refrigeration, control, cryogenic refrigeration, ductless, geothermal, data center and multi-pipe HVAC, package heating and cooling, rail refrigeration, residential air filtration, self-powered truck refrigeration, temporary heating and cooling, truck refrigeration, unitary, variable refrigerant flow, and trailer refrigeration systems. In addition, it offers industrial process refrigeration, installation contracting, lighting retrofit, medical grade refrigeration, refrigerant reclamation, renewable energy and storage, residential hybrid heating, telematics, thermostats/controls and associated digital, and ventilation solutions; packaged rooftop units; rate chambers; residential air filters; thermal energy storage; transport heater products; ultra-low temperature freezers; energy infrastructure programs and management, repair and maintenance, smart and AI-enabled, and rental services; and water source heat pumps, as well as aftermarket and OEM parts and supplies. The company was formerly known as Ingersoll-Rand Plc and changed its name to Trane Technologies plc in March 2020. The company was founded in 1885 and is headquartered in Swords, Ireland.",,5.79,4.37,2.0,14.8,72.0,Building Products,2025.0,6.0,False,False,False,False,False,False,False,False
TDG,1442.44,,0.11237001,,3.09,2.003,8387999744,4256999936.0,2083124992.0,1414.48,1420.78,1443.4,1410.11,1488.54,1176.31,,476651,301609,81017667584,1.047,,,2024-10-04 01:00:00,TransDigm Group Incorporated,"TransDigm Group Incorporated designs, produces, and supplies aircraft components in the United States and internationally. The Power & Control segment offers mechanical/electro-mechanical actuators and controls, ignition systems and engine technology, specialized pumps and valves, power conditioning devices, specialized AC/DC electric motors and generators, batteries and chargers, databus and power controls, sensor products, switches and relay panels, hoists, winches and lifting devices, delivery systems and electronic components, and cargo loading and handling systems. This segment serves engine and power system and subsystem suppliers, airlines, third party maintenance suppliers, military buying agencies, and repair depots. The Airframe segment provides engineered latching and locking devices, engineered rods, engineered connectors and elastomer sealing solutions, cockpit security components and systems, cockpit displays, engineered audio, radio and antenna systems, lavatory components, seat belts and safety restraints, engineered and customized interior surfaces and related components, thermal protection and insulation products, lighting and control technology, parachutes, specialized flight, wind tunnel and jet engine testing services and equipment, and testing and instrumentation solutions. This segment serves airframe manufacturers, cabin system and subsystem suppliers, airlines, third party maintenance suppliers, military buying agencies, and repair depots. The Non-aviation segment offers seat belts and safety restraints; mechanical/electromechanical actuators and controls; hydraulic/electromechanical actuators and fuel valves; refueling systems; and turbine controls. This segment serves off-road vehicle and subsystem suppliers, child restraint system suppliers, and satellite and space system suppliers; and manufacturers of heavy equipment. TransDigm Group Incorporated was founded in 1993 and is based in Cleveland, Ohio.",,17.4,6.73,2.0,38.18,62.0,Aerospace & Defense,2025.0,6.0,False,False,False,False,False,False,False,False
TRV,264.98,0.16052,0.02691,28.495,0.321,0.186,47004999680,6377999872.0,15715749888.0,264.9,270.33,271.96,264.81,277.83,200.21,,2979217,1316025,60036255744,0.537,0.0166,4.4,2025-06-10 01:00:00,"The Travelers Companies, Inc.","The Travelers Companies, Inc., through its subsidiaries, provides a range of commercial and personal property, and casualty insurance products and services to businesses, government units, associations, and individuals in the United States and internationally. The company operates through three segments: Business Insurance, Bond & Specialty Insurance, and Personal Insurance. The Business Insurance segment offers workers' compensation, commercial automobile and property, general liability, commercial multi-peril, employers' liability, public and product liability, professional indemnity, marine, aviation, onshore and offshore energy, construction, terrorism, personal accident, and kidnap and ransom insurance products. This segment operates through select accounts, which serve small businesses; commercial accounts that serve mid-sized businesses; national accounts, which serve large companies; and national property and other that serve large and mid-sized customers, commercial trucking industry, and agricultural businesses, as well as markets and distributes its products through brokers, wholesale agents, and program managers. The Bond & Specialty Insurance segment provides surety, fidelity, management and professional liability, and other property and casualty coverages and related risk management services through independent agencies and brokers. The Personal Insurance segment offers property and casualty insurance covering personal risks, primarily automobile and homeowners' insurance to individuals through independent agencies and brokers. The Travelers Companies, Inc. was founded in 1853 and is based in New York, New York.",,10.55,8.63,2.0,20.1,186.0,Insurance,2025.0,6.0,False,False,False,False,False,False,False,False
TRMB,71.81,0.30996,0.03192,25.668,0.843,0.54,3570599936,683200000.0,1418562560.0,71.7,72.05,72.21,71.11,77.78,48.65,,3786593,1441012,17132932096,1.677,,,,Trimble Inc.,"Trimble Inc. provides technology solutions that enable professionals and field mobile workers to enhance or transform their work processes in North America, Europe, the Asia Pacific, and internationally. The company offers architecture design, engineering, construction, and owner software products. It also provides field-based data collection systems and field software, and real-time communications systems, as well as back-office software for data processing, modeling, monitoring, reporting, and analysis; office-based products, including software for planning, data processing and editing, quality control, 3D modeling, intelligent data analysis and AI-based feature extraction, deformation monitoring, project reporting, and data export; field and office software for project design and visualization; software for 3D design and data sharing; systems to guide and control construction equipment; and software to facilitate the management of the construction process. In addition, the company offers positioning services comprising VRSNow; CenterPoint RTX; FieldPoint RTX; Rangepoint RTX; ViewPoint RTX; Trimble xFill; and OmniSTAR (HP, XP, G2, and VBS) services. Further, it provides transportation management system that automates business processes for shippers, carriers, and intermediaries, delivering visibility, control, and decision support, as well as truck routing, mileage, mapping, and voice navigation solutions; and transporeon solutions that offers freight sourcing and procurement, including dock and yard management, and freight auditing. It serves architecture, engineering, construction, design, asset management, operations, and maintenance; private, commercial, and government; and shippers, carriers, and intermediaries customers. The company was formerly known as Trimble Navigation Limited and changed its name to Trimble Inc. in October 2016. Trimble Inc. was founded in 1978 and is headquartered in Westminster, Colorado.",,3.24,3.4,0.0,9.55,238.0,Technology Hardware,2025.0,6.0,False,False,False,False,False,False,False,False
TFC,40.28,0.0013400001,0.00016000001,,,,11530999808,,,39.81,39.98,40.31,39.935,49.06,33.56,,10054765,9569133,52748267520,0.815,0.051599998,2.08,2025-05-09 01:00:00,Truist Financial Corporation,"Truist Financial Corporation, a financial services company, provides banking and trust services in the Southeastern and Mid-Atlantic United States. The company operates through two segments, Consumer and Small Business Banking; and Wholesale Banking. Its deposit products include noninterest-bearing checking, interest-bearing checking, savings, and money market deposit accounts, as well as certificates of deposit and individual retirement accounts. The company also provides funding; asset management; automobile lending; credit card lending; consumer finance; home equity and mortgage lending; other direct retail lending; home mortgage lending; Investment brokerage services; mobile/online banking; payment solutions; point-of-sale lending; retail and small business deposit products; and small business lending. In addition, it offers asset-based lending, commercial deposit and treasury services; commercial lending; floor plan lending; derivatives; institutional trust services; insurance premium finance; international banking; investment banking and capital markets services; leasing; merchant services; mortgage warehouse lending; real estate lending; supply chain financing; and wealth management/private banking. The company was formerly known as BB&T Corporation and changed its name to Truist Financial Corporation in December 2019. Truist Financial Corporation was founded in 1872 and is headquartered in Charlotte, North Carolina.",,11.43,10.57,2.0,23.66,456.0,Banks,2025.0,6.0,False,False,False,False,False,False,False,False
TYL,569.77,0.08871,0.04473,18.222,0.94,0.876,2190608896,430240000.0,513009984.0,568.67,569.53,572.9848,568.0,661.31,484.05,,667956,290656,24570476544,0.852,,,1990-01-31 00:00:00,"Tyler Technologies, Inc.","Tyler Technologies, Inc. provides integrated software and technology management solutions for the public sector. It operates in two segments, Enterprise Software and Platform Technologies. The company offers platform and transformative technology solutions, including cybersecurity, threat detection and response, customized employee training, and vulnerability testing; data and insights, and digital solutions; billing, presentment, merchant onboarding, collections, reconciliation, and disbursements; and outdoor recreation solutions for use in campsite reservations, activity registrations, licensing sales and renewals, and real-time data for conservation and park management. It also provides public administration solutions comprising civil services for managing permitting, enforcement, health and safety inspections, compliance, maintenance and work orders, 311 requests, and others; financial applications with human resources, revenue management, tax billing, utilities, asset management, and payment processing; property tax life cycle, including appraisal services, valuation, tax billing and collections, assessment administration, land and official records; and licensing and regulatory management solutions. In addition, the company offers courts and public safety solutions, K-12 education solutions, and health and human services solutions. Tyler Technologies, Inc. has a strategic collaboration agreement with Amazon Web Services for cloud hosting services. The company was founded in 1966 and is headquartered in Plano, Texas.",,8.76,4.95,1.0,17.93,585.0,Software & Services,2025.0,6.0,False,False,False,False,False,False,False,False
TSN,54.41,0.051149998,0.03666,48.934,1.669,0.616,53615001600,3489999872.0,1389500032.0,54.33,54.35,54.82,54.2916,66.88,54.01,,3954734,2921253,19382691840,0.585,0.0368,2.0,2025-08-29 01:00:00,"Tyson Foods, Inc.","Tyson Foods, Inc., together with its subsidiaries, operates as a food company worldwide. It operates through four segments: Beef, Pork, Chicken, and Prepared Foods. The company processes live fed cattle and hogs; fabricates dressed beef and pork carcasses into primal and sub-primal meat cuts, as well as case ready beef and pork, and fully cooked meats; raises and processes chickens into fresh, frozen, and value-added chicken products, including breaded chicken strips, nuggets, patties, and other ready-to-fix or fully cooked chicken parts; and supplies poultry breeding stock. It also manufactures and markets frozen and refrigerated food products, including ready-to-eat sandwiches, flame-grilled hamburgers, Philly steaks, pepperoni, bacon, breakfast sausage, turkey, lunchmeat, hot dogs, flour and corn tortilla products, appetizers, snacks, prepared meals, ethnic foods, side dishes, meat dishes, breadsticks, and processed meats under the Tyson, Jimmy Dean, Hillshire Farm, Ball Park, Wright, Aidells, Gallo Salame, ibp, and State Fair brands. The company sells its products through its sales staff to grocery retailers, grocery wholesalers, meat distributors, warehouse club stores, military commissaries, industrial food processing companies, chain restaurants or their distributors, live markets, international export companies, and domestic distributors who serve restaurants and food service operations, such as plant and school cafeterias, convenience stores, hospitals, and other vendors, as well as through independent brokers and trading companies. The company was founded in 1935 and is headquartered in Springdale, Arkansas.",,12.72,7.98,4.0,36.82,227.0,Food Products,2025.0,6.0,False,False,False,False,False,False,False,False
USB,43.29,0.11526,0.00988,,,,25355999232,,,43.27,43.35,43.55,43.1801,53.98,35.18,,21278482,10140387,67447119872,1.017,0.0462,2.0,2025-06-30 01:00:00,U.S. Bancorp,"U.S. Bancorp, a financial services holding company, provides various financial services to individuals, businesses, institutional organizations, governmental entities, and other financial institutions in the United States. The company operates through Wealth, Corporate, Commercial and Institutional Banking; Consumer and Business Banking; Payment Services; and Treasury and Corporate Support segments. It offers depository services, including checking accounts, savings accounts, and time certificate contracts; and lending services, such as traditional credit products and credit card services, lease financing and import/export trade, asset-backed lending, agricultural finance, and other products. The company also provides cash management, capital markets, and trust and investment management services; and ancillary services comprising capital markets, treasury management, and receivable lock-box collection services to corporate and governmental entity customers. In addition, it offers asset management and fiduciary services for individuals, estates, foundations, business corporations, and charitable organizations; and investment and insurance products to its customers principally within its domestic markets, as well as fund administration services to mutual and other funds. Further, the company provides corporate and purchasing card, and corporate trust services; and credit card services, merchant and ATM processing, mortgage banking, insurance, brokerage and leasing services. U.S. Bancorp was founded in 1863 and is headquartered in Minneapolis, Minnesota.",,12.01,11.03,2.0,24.09,456.0,Banks,2025.0,6.0,False,False,False,False,False,False,False,False
UBER,83.78,0.69382006,0.05214,48.566,1.02,0.828,45380001792,4576000000.0,5420375040.0,83.44,84.47,85.37,83.63,93.6,54.84,,15381158,21772501,175198224384,1.387,,,,"Uber Technologies, Inc.","Uber Technologies, Inc. develops and operates proprietary technology applications in the United States, Canada, Latin America, Europe, the Middle East, Africa, and the Asia Pacific. It operates through three segments: Mobility, Delivery, and Freight. The Mobility segment connects consumers with a range of transportation modalities, such as ridesharing, carsharing, micromobility, rentals, public transit, taxis, and other modalities; and offers riders in a variety of vehicle types, as well as financial partnerships products and advertising services. The Delivery segment allows consumers to search for and discover restaurants to grocery, alcohol, convenience, and other retails, as well as order a meal or other items, and either pick-up at the restaurant or have it delivered; and provides Uber direct, a white-label delivery-as-a-service for retailers and restaurants, as well as advertising services. The Freight segment manages transportation and logistics network, which connects shippers and carriers in digital marketplace, including carriers upfronts, pricing, and shipment booking; and offers on-demand platform to automate logistics end-to-end transactions for small-and medium-sized business to global enterprises. The company was formerly known as Ubercab, Inc. and changed its name to Uber Technologies, Inc. in February 2011. Uber Technologies, Inc. was founded in 2009 and is headquartered in San Francisco, California.",,12.16,5.81,3.0,21.76,585.0,Software & Services,2025.0,6.0,False,False,False,False,False,False,False,False
UDR,41.04,0.02848,0.018029999,136.541,0.541,0.004,1705219968,1002488000.0,617970624.0,41.12,41.24,41.49,40.94,47.55,36.61,,4073092,2345167,15471916032,0.833,0.0419,1.72,2025-07-10 01:00:00,"UDR, Inc.","UDR, Inc. (NYSE: UDR), an S&P 500 company, is a leading multifamily real estate investment trust with a demonstrated performance history of delivering superior and dependable returns by successfully managing, buying, selling, developing and redeveloping attractive real estate communities in targeted U.S. markets. As of March 31, 2025, UDR owned or had an ownership position in 60,047 apartment homes, including 300 apartment homes under development. For over 52 years, UDR has delivered long-term value to shareholders, the best standard of service to Residents and the highest quality experience for Associates.",,3.89,6.56,2.0,15.48,509.0,Real Estate,2025.0,6.0,False,False,False,False,False,False,False,False
ULTA,473.85,0.50435,0.16846001,81.274,1.667,0.385,11418173440,1839831040.0,875767616.0,473.46,479.21,479.21,469.37,491.98,309.01,,1231533,903717,21297473536,1.096,,,2012-03-16 00:00:00,"Ulta Beauty, Inc.","Ulta Beauty, Inc. operates as a specialty beauty retailer in the United States. The company offers branded and private label beauty products, including cosmetics, fragrance, haircare, skincare, bath and body products, professional hair products, and salon styling tools through its Ulta Beauty stores, shop-in-shops, Ulta.com website, and its mobile applications. It also provides beauty services, including hair, makeup, brow, and skin services at its stores. The company was formerly known as ULTA Salon, Cosmetics & Fragrance, Inc. and changed its name to Ulta Beauty, Inc. in January 2017. Ulta Beauty, Inc. was incorporated in 1990 and is based in Bolingbrook, Illinois.",,6.95,3.95,1.0,13.78,265.0,Retailing,2025.0,6.0,False,False,False,False,False,False,False,False
UNP,222.51,0.42468,0.08991,211.385,0.73,0.546,24245999616,12179000320.0,4643250176.0,222.01,222.61,223.78,221.205,258.07,204.66,,4267751,3292533,132944371712,1.052,0.0241,5.36,2025-05-30 01:00:00,Union Pacific Corporation,"Union Pacific Corporation, through its subsidiary, Union Pacific Railroad Company, operates in the railroad business in the United States. It offers transportation services for grain and grain products, fertilizers, food and refrigerated products, and coal and renewables to grain processors, animal feeders, and ethanol and renewable biofuel producers; and construction products, industrial chemicals, plastics, forest products, specialized products, metals and ores, petroleum, liquid petroleum gases, soda ash, and sand, as well as finished automobiles, automotive parts, and merchandise in intermodal containers. The company was founded in 1862 and is headquartered in Omaha, Nebraska.",,13.29,3.67,2.0,25.37,169.0,Transportation,2025.0,6.0,False,False,False,False,False,False,False,False
UAL,74.27,0.33571997,0.04824,260.978,0.781,0.683,57736998912,8504000000.0,2363875072.0,74.3,74.68,75.2119,73.71,116.0,37.02,,8660228,8998659,24256655360,1.442,,,2008-01-07 00:00:00,"United Airlines Holdings, Inc.","United Airlines Holdings, Inc., through its subsidiaries, provides air transportation services in the United States, Canada, Atlantic, the Pacific, and Latin America. The company transports people and cargo through its mainline and regional fleets. It also offers ground handling, flight academy, frequent flyer award non-travel redemptions, and maintenance services for third parties. The company was formerly known as United Continental Holdings, Inc. and changed its name to United Airlines Holdings, Inc. in June 2019. United Airlines Holdings, Inc. was incorporated in 1968 and is based in Chicago, Illinois.",,15.78,2.73,2.0,27.04,169.0,Transportation,2025.0,6.0,False,False,False,False,False,False,False,False
UPS,99.27,0.35908002,0.07339,163.185,1.091,0.972,90909999104,11612999680.0,4268624896.0,99.21,99.73,100.5,99.11,148.15,90.55,,11061291,5923551,84061634560,1.189,0.0661,6.56,2025-05-19 01:00:00,"United Parcel Service, Inc.","United Parcel Service, Inc., a package delivery and logistics provider, offers transportation and delivery services. It operates through two segments, U.S. Domestic Package and International Package. The U.S. Domestic Package segment offers time-definite delivery services for express letters, documents, packages and palletized freight through air and ground services in the United States. The International Package segment provides small package operations in Europe, the Indian sub-continent, the Middle East and Africa, Canada and Latin America, and Asia. The company offers a range of guaranteed day- and time-definite international shipping services; day-definite services; cross-border ground package delivery; contract-only, e-commerce solutions for non-urgent, and cross-border shipments; and international service for urgent and palletized shipments. It also provides international air and ocean freight forwarding, contract logistics, custom brokerage and insurance, mail services, healthcare logistics, distribution, and post-sales services. United Parcel Service, Inc. was founded in 1907 and is headquartered in Atlanta, Georgia.",,9.65,4.8,2.0,20.79,169.0,Transportation,2025.0,6.0,False,False,False,False,False,False,False,False
URI,705.4,0.30173,0.09315,159.21,0.854,0.749,15578999808,4524000256.0,2394249984.0,698.67,704.29,712.03,701.59,896.98,525.91,,712397,631067,45850296320,1.705,0.010199999,7.16,2025-05-14 01:00:00,"United Rentals, Inc.","United Rentals, Inc., through its subsidiaries, operates as an equipment rental company. It operates in two segments, General Rentals and Specialty. The General Rentals segment rents general construction and industrial equipment includes backhoes, skid-steer loaders, forklifts, earthmoving equipment, and material handling equipment; aerial work platforms, such as boom and scissor lifts; and general tools and light equipment comprising pressure washers, water pumps, and power tools for construction and industrial companies, manufacturers, utilities, municipalities, homeowners, and government entities. The specialty segment rents trench safety equipment consists of trench shields, aluminum hydraulic shoring systems, slide rails, crossing plates, construction lasers, and line testing equipment for underground work; power and heating, ventilating, and air conditioning equipment, such as portable diesel generators, electrical distribution equipment, and temperature control equipment; fluid solutions equipment for fluid containment, transfer, and treatment; surface protection mats; and mobile storage equipment and modular office space. This segment serves construction companies involved in infrastructure projects, and municipalities and industrial companies. It also sells aerial lifts, reach forklifts, telehandlers, compressors, and generators; construction consumables, tools, small equipment, and safety supplies; and parts for equipment that is owned by its customers, as well as provides repair and maintenance services. The company sells used equipment through its sales force, brokers, website, at auctions, and directly to manufacturers. The company operates in the United States, Canada, Europe, Australia, and New Zealand. United Rentals, Inc. was incorporated in 1997 and is headquartered in Stamford, Connecticut.",,6.07,4.32,2.0,14.62,94.0,Traders & Distributors,2025.0,6.0,False,False,False,False,False,False,False,False
UNH,302.01,0.22700001,0.07044,77.277,0.849,0.769,410057015296,36238000128.0,20096374784.0,307.2,309.5,309.59,301.5907,630.73,248.88,,10674176,16498385,273965350912,0.453,0.0293,8.84,2025-06-16 01:00:00,UnitedHealth Group Incorporated,"UnitedHealth Group Incorporated operates as a health care company in the United States and internationally. The company operates through four segments: UnitedHealthcare, Optum Health, Optum Insight, and Optum Rx. The UnitedHealthcare segment offers consumer-oriented health benefit plans and services for national employers, public sector employers, mid-sized employers, small businesses, and individuals; health care coverage, and health and well-being services to individuals age 50 and older; Medicaid plans, children's health insurance and health care programs; and health care benefits products and services to state programs caring for the economically disadvantaged, medically underserved, and those without the benefit of employer-funded health care coverage. The Optum Health segment provides care delivery, care management, wellness and consumer engagement, and health financial services patients, consumers, care delivery systems, providers, employers, payers, and public-sector entities. The Optum Insight segment offers software and information products, advisory consulting arrangements, and managed services outsourcing contracts to hospital systems, physicians, health plans, governments, life sciences companies, and other organizations. The Optum Rx segment provides pharmacy care services and programs, including retail network contracting, home delivery, specialty and community health pharmacy services, infusion, and purchasing and clinical capabilities, as well as develops programs in the areas of step therapy, formulary management, drug adherence, and disease and drug therapy management. UnitedHealth Group Incorporated was founded in 1974 and is based in Eden Prairie, Minnesota.",,11.89,4.86,4.0,16.87,309.0,Healthcare,2025.0,6.0,False,False,False,False,False,False,False,False
UHS,171.7,0.18473,0.075679995,73.981,1.321,1.089,16084073472,2343207936.0,849583872.0,171.24,171.35,175.89,171.35,243.25,153.99,,1572510,851212,11064416256,1.318,0.0047,0.8,2025-06-02 01:00:00,"Universal Health Services, Inc.","Universal Health Services, Inc., through its subsidiaries, owns and operates acute care hospitals, and outpatient and behavioral health care facilities. It operates through Acute Care Hospital Services and Behavioral Health Care Services segments. The company's hospitals offer general and specialty surgery, internal medicine, obstetrics, emergency room care, radiology, oncology, diagnostic and coronary care, pediatric, pharmacy, and/or behavioral health services. It also provides commercial health insurance services; and various management services, including central purchasing, information services, finance and control systems, facilities planning, physician recruitment, administrative personnel management, marketing, and public relations services. The company was founded in 1978 and is headquartered in King of Prussia, Pennsylvania.",,14.82,6.86,2.0,26.72,309.0,Healthcare,2025.0,6.0,False,False,False,False,False,False,False,False
VLO,141.1,0.03714,0.02456,41.246,1.558,1.046,122355998720,5161999872.0,4169374976.0,139.42,140.09,141.98,139.09,167.78,99.0,,5436452,3391511,44193370112,0.972,0.032,4.52,2025-05-20 01:00:00,Valero Energy Corporation,"Valero Energy Corporation manufactures, markets, and sells petroleum-based and low-carbon liquid transportation fuels and petrochemical products in the United States, Canada, the United Kingdom, Ireland, Latin America, Mexico, Peru, and internationally. It operates through three segments: Refining, Renewable Diesel, and Ethanol. The company produces California Reformulated Gasoline Blendstock for Oxygenate Blending (CARBOB) and Conventional Blendstock for Oxygenate Blending (CBOB) gasolines, CARB diesel, diesel, jet fuel, heating oil, and asphalt; feedstocks; aromatics; sulfur and residual fuel oil; intermediate oils; and sulfur, sweet, and sour crude oils. It sells its refined products through wholesale rack and bulk markets; and through outlets under the Valero, Beacon, Diamond Shamrock, Shamrock, Ultramar, and Texaco brand names. The company owns and operates renewable diesel and ethanol plants, as well as produces renewable diesel and naphtha under the Diamond Green Diesel brand name. In addition, it offers ethanol and various co-products, including dry distiller grains, syrup, and inedible distillers corn oil to animal feed customers. The company was formerly known as Valero Refining and Marketing Company and changed its name to Valero Energy Corporation in August 1997. Valero Energy Corporation was founded in 1980 and is headquartered in San Antonio, Texas.",,9.02,3.98,2.0,31.33,81.0,Refiners & Pipelines,2025.0,6.0,False,False,False,False,False,False,False,False
VTR,62.45,0.01381,0.01915,108.897,0.629,0.412,5055948800,1928465024.0,869675776.0,62.7,62.91,63.03,62.27,71.36,49.48,,11162950,3326614,28188432384,0.908,0.0307,1.92,2025-06-30 01:00:00,"Ventas, Inc.","Ventas, Inc. (NYSE: VTR) is a leading S&P 500 real estate investment trust enabling exceptional environments that benefit a large and growing aging population. With approximately 1,400 properties in North America and the United Kingdom, Ventas occupies an essential role in the longevity economy. The Company's growth is fueled by its approximately 850 senior housing communities, which provide valuable services to residents and enable them to thrive in supported environments. Ventas aims to deliver outsized performance by leveraging its operational expertise, data-driven insights from its Ventas OI platform, extensive relationships and strong financial position. The Ventas portfolio also includes outpatient medical buildings, research centers and healthcare facilities. Ventas's seasoned team of talented professionals shares a commitment to excellence, integrity and a common purpose of helping people live longer, healthier, happier lives.",,4.22,3.95,1.0,11.16,509.0,Real Estate,2025.0,6.0,False,False,False,False,False,False,False,False
VLTO,96.73,0.46036,0.12527001,121.871,2.186,1.77,5279000064,1314000000.0,773750016.0,97.03,97.35,98.0,96.58,115.0,83.865,,2589282,1362419,23975593984,,0.0045,0.44,2025-06-30 01:00:00,Veralto Corporation,"Veralto Corporation provides water analytics, water treatment, marking and coding, and packaging and color solutions worldwide. It operates through two segments, Water Quality (WQ) and Product Quality & Innovation (PQI). The WQ segment offers precision instrumentation and water treatment technologies to measure, analyze, and treat water in residential, commercial, municipal, industrial, research, and natural resource applications under the Hach, Trojan Technologies, ChemTreat, and other brands. This segment also provides water solutions, including chemical reagents, services, and digital solutions. The PQI segment offers marking and coding for packaged goods and related consumables; a software solution that provides digital asset management, marketing resource management, and product information management; inline printing solutions for products and packaging with marking and coding systems; design software and imaging systems for the creation of new packaging designs; color management solutions for printed packages and consumer and industrial products; and color standard services for the design industry. This segment sells its products and services through the Videojet, Linx, Esko, X-Rite, and Pantone brands. The company serves industries, such as municipal utilities, food and beverage, pharmaceutical, and industrials. The company was formerly known as DH EAS Holding Corp. and changed its name to Veralto Corporation in February 2023. Veralto Corporation was incorporated in 2022 and is headquartered in Waltham, Massachusetts.",,14.08,3.68,0.0,23.93,275.0,Machinery,2025.0,6.0,False,False,False,False,False,False,False,False
VRSN,280.73,,0.42139,,0.555,0.504,1575399936,1106499968.0,760762496.0,281.16,282.0,283.04,278.36,288.95,172.49,,1026545,907880,26360547328,0.771,0.011,3.08,2025-05-19 01:00:00,"VeriSign, Inc.","VeriSign, Inc., together with its subsidiaries, provides internet infrastructure and domain name registry services that enables internet navigation for various recognized domain names worldwide. The company enables the security, stability, and resiliency of internet infrastructure and services, including providing root zone maintainer services, operating two of thirteen internet root servers; and offering registration services and authoritative resolution for the .com and .net domains, which supports global e-commerce. It operates directory for .name and .cc; and back-end systems for .edu, domain names. The company was incorporated in 1995 and is headquartered in Reston, Virginia.",,10.63,5.29,0.0,20.77,585.0,Software & Services,2025.0,6.0,False,False,False,False,False,False,False,False
VRSK,306.02,4.68222,0.16698,3178.837,1.268,1.2,2930700032,1404899968.0,833550016.0,306.27,308.68,308.68,303.42,322.92,257.59,,1898165,878988,42807300096,0.878,0.0058999998,1.8,2025-06-13 01:00:00,"Verisk Analytics, Inc.","Verisk Analytics, Inc. engages in the provision of data analytics and technology solutions to the insurance industry in the United States and internationally. The company offers underwriting solutions, including forms, rules, and loss costs services that provides policy language, prospective loss costs, policy writing and rating rules, and underwriting solutions for risk selection and segmentation, pricing, and workflow optimization; underwriting data and analytics solutions, which provides property and auto specific rating, and underwriting information solutions; extreme event solutions, including catastrophe modeling solutions; life insurance solutions for transforming current workflows in life insurance underwriting, claim insights, policy administration, unclaimed property/equity, compliance and fraud detection, and actuarial and portfolio modeling; specialty business solutions, which provides full end-to-end management of insurance and reinsurance business; marketing solutions, such as compliant, real-time decisioning, profitability, and risk assessment for inbound consumer interactions; and international underwriting solutions. It also provides claims insurance solutions, including property estimating solutions, provide data, analytics, and networking solutions for professionals involved in estimating all phases of building repair and reconstruction; anti-fraud solutions that provide fraud-detection tools for the property and casualty insurance industry; casualty solutions, which focus on compliance, casualty claims decision, and workflow automation; and international claims solutions, which focus on personal injury and motor franchises with complementary offerings to the property claims sector. The company was founded in 1971 and is headquartered in Jersey City, New Jersey.",,13.56,3.86,1.0,17.65,207.0,Commercial Services,2025.0,6.0,False,False,False,False,False,False,False,False
VZ,41.7,0.18416001,0.051469997,169.089,0.612,0.471,135292002304,49336999936.0,17040874496.0,41.67,41.81,42.095,41.65,47.36,37.59,,17433813,20177053,175817637888,0.38,0.065,2.71,2025-07-10 01:00:00,Verizon Communications Inc.,"Verizon Communications Inc., through its subsidiaries, engages in the provision of communications, technology, information, and entertainment products and services to consumers, businesses, and governmental entities worldwide. It operates in two segments, Verizon Consumer Group (Consumer) and Verizon Business Group (Business). The Consumer segment provides wireless services across the wireless networks in the United States under the Verizon and TracFone brands and through wholesale and other arrangements; and fixed wireless access (FWA) broadband through its wireless networks, as well as related equipment and devices, such as smartphones, tablets, smart watches, and other wireless-enabled connected devices. The segment also offers wireline services in the Mid-Atlantic and Northeastern United States, as well as Washington D.C. through its fiber-optic network, Verizon Fios product portfolio, and a copper-based network. The Business segment provides wireless and wireline communications services and products, including FWA broadband, data, video and conferencing, corporate networking, security and managed network, local and long-distance voice, and network access services to deliver various IoT services and products to businesses, government customers, and wireless and wireline carriers in the United States and internationally. The company was formerly known as Bell Atlantic Corporation and changed its name to Verizon Communications Inc. in June 2000. Verizon Communications Inc. was incorporated in 1983 and is headquartered in New York, New York.",,10.13,5.07,3.0,19.69,100.0,Telecommunication Services,2025.0,6.0,False,False,False,False,False,False,False,False
VRTX,440.87,-0.05644,0.11773,9.997,2.646,2.116,11099700224,4584399872.0,2634387456.0,448.4,451.26,451.81,436.805,519.88,377.85,,2167405,1711058,113214087168,0.418,,,,Vertex Pharmaceuticals Incorporated,"Vertex Pharmaceuticals Incorporated, a biotechnology company, engages in developing and commercializing therapies for treating cystic fibrosis (CF). It markets TRIKAFTA/KAFTRIO for people with CF with at least one F508del mutation for 2 years of age and older; ALYFTREK for the treatment for people with CF 6 years of age and older; SYMDEKO/SYMKEVI for treatment of patients with CF 6 years of age and older; ORKAMBI for CF patients 1 year or older; and KALYDECO for the treatment of patients with 1 month or older who have CF with ivacaftor. The company also develops CASGEVY for the treatment of sickle cell disease and transfusion-dependent beta thalassemia; JOURNAVX for the treatment of acute pain in adults; VX-522, a CFTR mRNA therapeutic designed to treat the underlying cause of CF, which is in Phase 1/2 clinical trial; inaxaplin for the treatment of APOL1-mediated kidney disease which is in single Phase 2; VX-880 and VX-264, treatment for Type 1 Diabetes; VX-670 for the treatment of myotonic dystrophy type 1; and VX-407, a small molecule corrector for the treatment of autosomal dominant polycystic kidney disease. Further, it sells the products to specialty pharmacy and specialty distributors in the United States, as well as retail pharmacies, hospitals, and clinics. Additionally, the company has collaborations with CRISPR Therapeutics AG.; Moderna, Inc.; and Entrada Therapeutics, Inc. Vertex Pharmaceuticals Incorporated was founded in 1989 and is headquartered in Boston, Massachusetts.",,13.66,4.97,2.0,19.56,501.0,Pharmaceuticals,2025.0,6.0,False,True,False,False,False,False,False,False
VTRS,8.87,-0.21254,0.022349998,92.384,1.682,0.768,14330200064,4216499968.0,6115174912.0,8.77,8.81,8.91,8.685,13.55,6.85,,18664291,14818877,10410541056,0.892,0.0541,0.48,2025-05-23 01:00:00,Viatris Inc.,"Viatris Inc., together with its subsidiaries, operates as a healthcare company in North America, Europe, China, Taiwan, Hong Kong, Japan, Australia, New Zealand, rest of Asia, Africa, Latin America, and the Middle East. It operates in four segments: Developed Markets, Greater China, JANZ, and Emerging Markets. The company offers prescription brand drugs, generic drugs, complex generic drugs, and biosimilars. It also provides drugs in various therapeutic areas covering various noncommunicable and infectious diseases, including cardiovascular, CNS and anesthesia, dermatology, diabetes and metabolism, eye care, gastroenterology, immunology, oncology, and respiratory and allergy, as well as support services, such as diagnostic clinics, educational seminars, and digital tools to help patients better manage their health. In addition, the company offers medicines in the form of oral solid doses, injectables, and complex dosage forms to retail and pharmacy establishments, wholesalers and distributors, payers, insurers and governments, and institutions. It distributes its products through pharmaceutical wholesalers/distributors, pharmaceutical retailers, institutional pharmacies, mail-order and e-commerce pharmacies, and specialty pharmacies. The company sells its products under the Lyrica, Lipitor, Celebrex, Viagra, Creon, Influvac, Wixela Inhub, EpiPen Auto-Injector, Fraxiparine, Yupelri, Norvasc, Amitiza, Effexor, Lipacreon, Zoloft, Xalabrands, Dymista, Xanax, and Breyna brands. It has collaboration agreements with Mapi Pharma Ltd. to develop and commercialize long-acting glatiramer acetate depot products and additional products; Revance Therapeutics, Inc. to develop, manufacture, and commercialize a biosimilar to the branded biologic product, BOTOX; and Theravance Biopharma, Inc. to develop and commercialize revefenacin. Viatris Inc. was founded in 1961 and is headquartered in Canonsburg, Pennsylvania.",,13.75,9.08,4.0,25.93,501.0,Pharmaceuticals,2025.0,6.0,False,True,False,False,False,False,False,False
VICI,32.27,0.1012,0.04871,65.738,21.505,21.502,3881927936,3498725888.0,1063830016.0,32.33,32.4,32.6799,32.26,34.29,27.53,,13643209,6757180,34100033536,0.724,0.053600002,1.73,2025-06-18 01:00:00,VICI Properties Inc.,"VICI Properties Inc. is an S&P 500 experiential real estate investment trust that owns one of the largest portfolios of market-leading gaming, hospitality, wellness, entertainment and leisure destinations, including Caesars Palace Las Vegas, MGM Grand and the Venetian Resort Las Vegas, three of the most iconic entertainment facilities on the Las Vegas Strip. VICI Properties owns 93 experiential assets across a geographically diverse portfolio consisting of 54 gaming properties and 39 other experiential properties across the United States and Canada. The portfolio is comprised of approximately 127 million square feet and features approximately 60,300 hotel rooms and over 500 restaurants, bars, nightclubs and sportsbooks. Its properties are occupied by industry-leading gaming, leisure and hospitality operators under long-term, triple-net lease agreements. VICI Properties has a growing array of real estate and financing partnerships with leading developers and operators in other experiential sectors, including Cabot, Cain International, Canyon Ranch, Chelsea Piers, Great Wolf Resorts, Homefield, Kalahari Resorts and Lucky Strike Entertainment. VICI Properties also owns four championship golf courses and approximately 33 acres of undeveloped and underdeveloped land adjacent to the Las Vegas Strip. VICI Properties' goal is to create the highest quality and most productive experiential real estate portfolio through a strategy of partnering with the highest quality experiential place makers and operators.",,3.85,3.95,1.0,11.33,509.0,Real Estate,2025.0,6.0,False,False,True,False,False,False,False,False
V,338.57,0.50655,0.16936001,54.594,1.084,0.682,37620998144,26225000448.0,14747499520.0,340.38,338.95,340.0,334.92,375.51,252.7,,19326569,6709370,661396520960,0.943,0.0069999998,2.36,2025-05-13 01:00:00,Visa Inc.,"Visa Inc. operates as a payment technology company in the United States and internationally. The company operates VisaNet, a transaction processing network that enables authorization, clearing, and settlement of payment transactions. It also offers credit, debit, and prepaid card products; tap to pay, tokenization, and click to pay services; Visa Direct, a solution that facilitates the delivery of funds to eligible cards, bank accounts, and digital wallets; Visa B2B Connect, a multilateral business-to-business cross-border payments network; Visa Cross-Border Solution, a cross-border consumer payments solution; and Visa DPS that provides a range of value-added services, including fraud mitigation, dispute management, data analytics, campaign management, a suite of digital solutions, and contact center services. The company also provides acceptance solutions, which include Cybersource and Authorize.net that provides new and enhanced payment integrations with ecommerce platforms, enabling sellers and acquirers to offer tailored commerce experiences; risk and identity solutions, such as Visa Advanced Authorization, Visa Secure, Visa Consumer Authentication Service, Visa Protect Authentication Intelligence, and Visa Provisioning Intelligence; and Visa Consulting and Analytics, a payment consulting advisory services. It provides its services under the Visa, Visa Electron, Interlink, V PAY, and PLUS brands. The company serves merchants, financial institutions, and government entities. Visa Inc. was founded in 1958 and is headquartered in San Francisco, California.",,7.31,4.42,3.0,14.46,585.0,Software & Services,2025.0,6.0,False,False,False,False,False,False,False,False
VST,185.1,0.41676,0.063,366.143,0.864,0.258,18102999040,6762999808.0,2785625088.0,181.13,180.9,185.5,178.76,199.84,66.5,,6185668,6677972,62810353664,1.246,0.0049,0.9,2025-06-18 01:00:00,Vistra Corp.,"Vistra Corp., together with its subsidiaries, operates as an integrated retail electricity and power generation company in the United States. It operates through five segments: Retail, Texas, East, West, and Asset Closure. The company retails electricity and natural gas to residential, commercial, and industrial customers across states in the United States and the District of Columbia. It also involved in the electricity generation, wholesale energy purchases and sales, commodity risk management, fuel production, and fuel logistics management activities. It serves approximately 5 million customers with a generation capacity of approximately 41,000 megawatts with a portfolio of natural gas, nuclear, coal, solar, and battery energy storage facilities. The company was formerly known as Vistra Energy Corp. and changed its name to Vistra Corp. in July 2020. Vistra Corp. was founded in 1882 and is based in Irving, Texas.",,7.41,3.19,2.0,29.52,234.0,Utilities,2025.0,6.0,False,False,False,False,False,False,False,False
VMC,255.94,0.120749995,0.059809998,67.823,2.417,1.393,7506599936,2132999936.0,859037504.0,258.14,259.81,259.81,253.91,298.31,215.08,,1952314,1124596,33810698240,0.836,0.0077,1.96,2025-05-23 01:00:00,Vulcan Materials Company,"Vulcan Materials Company produces and supplies construction aggregates in the United States. It operates through three segments: Aggregates, Asphalt, and Concrete. The company provides crushed stone, sand and gravel, sand, riprap and jetty stones, and other aggregates for use in construction and maintenance of highways, streets, and other public works, as well as in the construction of housing and commercial, industrial, and other nonresidential facilities; asphalt mix; asphalt construction paving services; and ready-mixed concrete products. The company was formerly known as Virginia Holdco, Inc. and changed its name to Vulcan Materials Company. Vulcan Materials Company was founded in 1909 and is headquartered in Birmingham, Alabama.",,6.83,8.28,2.0,28.18,40.0,Construction Materials,2025.0,6.0,False,False,False,False,False,False,False,False
WRB,73.75,0.20686,0.03687,34.344,0.385,0.22,13929377792,2400033024.0,3696998400.0,72.78,72.94,73.85,72.75,76.38,51.41,,3887055,1877943,27977504768,0.432,0.0049,0.36,2025-06-23 01:00:00,W. R. Berkley Corporation,"W. R. Berkley Corporation, an insurance holding company, operates as a commercial line writer worldwide. The company operates in two segments, Insurance, and Reinsurance & Monoline Excess. The Insurance segment underwrites commercial insurance business, including excess and surplus lines, admitted lines, and specialty personal lines. This segment also provides accident and health insurance and reinsurance products; insurance for commercial risks; casualty and specialty environmental products; insurance coverages for fine arts and jewelry exposures; excess liability and inland marine coverage for small to medium-sized insureds; and commercial general liability, umbrella, professional liability, directors and officers, commercial property, and surety products, as well as products for technology, and life sciences and travel industries. In addition, it offers cyber risk solutions; crime and fidelity insurance products; medical professional coverages; workers' compensation insurance products; management liability and general insurance products; personal lines insurance solutions, including home, condo/co-op, auto, fine arts and collectibles, liability, collector vehicle, and recreational marine; law enforcement, public officials and educator's legal, and employment practices liability, as well as incidental medical, property, and crime insurance products; at-risk and alternative risk insurance program management services; professional liability; energy and marine risks; and insurance products to the Lloyd's marketplace. The Reinsurance & Monoline Excess segment provides treaty and facultative reinsurance solutions; property and casualty reinsurance products; facultative reinsurance products include automatic, semi-automatic, and individual risk assumed reinsurance; and turnkey products, such as cyber, employment practices liability insurance, liquor liability insurance and violent events. The company was founded in 1967 and is headquartered in Greenwich, Connecticut.",,9.84,10.57,1.0,21.6,186.0,Insurance,2025.0,6.0,False,False,False,False,False,False,False,False
GWW,1037.22,0.5416,0.19601999,69.639,2.742,1.505,17238999040,2916999936.0,1247750016.0,1042.67,1049.95,1049.95,1030.835,1227.66,888.75,,392275,247882,49827217408,1.212,0.0087,9.04,2025-05-12 01:00:00,"W.W. Grainger, Inc.","W.W. Grainger, Inc., together with its subsidiaries, distributes maintenance, repair, and operating products and services primarily in North America, Japan, and the United Kingdom. It operates through two segments, High-Touch Solutions North America and Endless Assortment. The company provides safety, security, material handling and storage equipment, pumps and plumbing equipment, cleaning and maintenance, and metalworking and hand tools. It also offers technical support and inventory management services. The company provides safety, security, material handling and storage equipment, pumps and plumbing equipment, cleaning and maintenance, and metalworking and hand tools. It also offers technical support and inventory management services. The company serves smaller businesses to large corporations, government entities, and other institutions, as well as commercial, healthcare, and manufacturing industries through sales and service representatives, and electronic and ecommerce channels. W.W. Grainger, Inc. was founded in 1927 and is headquartered in Lake Forest, Illinois.",,6.54,4.91,2.0,14.98,94.0,Traders & Distributors,2025.0,6.0,False,False,False,False,False,False,False,False
WAB,199.98,0.106800005,0.05728,41.406,1.338,0.668,10499999744,2184999936.0,1158499968.0,200.81,201.2,201.58,198.46,210.88,147.66,,2619303,927533,34221776896,1.128,0.005,1.0,2025-05-27 01:00:00,Westinghouse Air Brake Technologies Corporation,"Westinghouse Air Brake Technologies Corporation provides technology-based locomotives, equipment, systems, and services for the freight rail and passenger transit industries worldwide. It offers diesel-electric and liquid natural gas-powered locomotives; engines, electric motors, and propulsion systems; and marine and mining products. The company also offers positive train control equipment; electronically controlled pneumatic braking products; railway electronics; signal design and engineering services; distributed locomotive power, train cruise controls, and train remote controls; industrial/mobile Internet of Things hardware and software, edge-to-cloud, on and off-board analytics and rules, and asset performance management solutions; rail and shipper transportation management, and port visibility and optimization solutions; and network optimization solutions. It provides freight car trucks, braking equipment, and related components; air compressors and dryers, as well as heating, ventilation, and air conditioning (HVAC) systems; heat transfer components and systems; custom engineered burners and combustion systems; rail gear, signaling, and switch products; and turbochargers. The company also offers various services, such as freight locomotive overhauls, modernizations, and refurbishment; locomotive and car maintenance; transit locomotive and car overhaul; unit exchange of locomotive components; long term parts arrangements; and maintenance of way equipment and services. It provides railway and freight braking equipment and related components; brake shoes, discs, and pads; HVAC equipment; access and platform screen doors; pantographs; auxiliary power converters and battery chargers; passenger information systems and closed-circuit television; signaling and railway electric relays; and doors, window assemblies, accessibility lifts, ramps, and electric charging solutions for buses. The company was founded in 1869 and is headquartered in Pittsburgh, Pennsylvania.",,11.28,5.05,2.0,28.34,275.0,Machinery,2025.0,6.0,False,False,False,False,False,False,False,False
WBA,11.31,-0.66207004,-0.00587,428.707,0.611,0.266,151946002432,1326000000.0,3674125056.0,11.39,11.4,11.41,11.27,16.25,8.08,,13458833,10914012,9780187136,0.746,0.0884,1.0,2024-11-18 00:00:00,"Walgreens Boots Alliance, Inc.","Walgreens Boots Alliance, Inc. operates as a healthcare, pharmacy, and retail company in the United States, Germany, the United Kingdom, and internationally. It operates through three segments: U.S. Retail Pharmacy, International, and U.S. Healthcare. The U.S. Retail Pharmacy segment engages in operation of the retail drugstores, health and wellness services, specialty, and home delivery pharmacy services, which offers health and wellness, beauty, personal care and consumables, and general merchandise. The International segment offers sale of prescription drugs and health and wellness, beauty, personal care, and other consumer products outside the United States; and operates pharmacy-led health and beauty retail businesses under the Boots brand stores in the United Kingdom, the Republic of Ireland, and Thailand, as well as the Benavides brand in Mexico and the Ahumada brand in Chile. The U.S. Healthcare segment provides VillageMD, a national provider of value-based care with primary, multi-specialty, and urgent care providers serving patients in traditional clinic settings, in patients' homes and online appointments; Shields, a specialty pharmacy integrator and accelerator for hospitals; and CareCentrix, a participant in the post-acute and home care management sectors. Walgreens Boots Alliance, Inc. was founded in 1909 and is headquartered in Deerfield, Illinois.",,8.48,5.11,2.0,15.52,70.0,Food Retailers,2025.0,6.0,False,False,False,False,False,False,False,False
WMT,96.12,0.21783,0.07151,75.78,0.78,0.185,685086015488,42757001216.0,9960500224.0,95.09,95.24,96.31,95.2,105.3,66.55,,12549243,20297616,767077974016,0.693,0.0098,0.94,2025-08-15 01:00:00,Walmart Inc.,"Walmart Inc. engages in the operation of retail and wholesale stores and clubs, eCommerce websites, and mobile applications worldwide. The company operates through three segments: Walmart U.S., Walmart International, and Sam's Club. It operates supercenters, supermarkets, warehouse clubs, cash and carry stores, and discount stores under Walmart and Walmart Neighborhood Market brands; membership-only warehouse clubs; and ecommerce websites, such as walmart.com.mx, walmart.ca, flipkart.com, PhonePe and other sites. The company also offers grocery items, including dry grocery, snacks, dairy, meat, produce, deli and bakery, frozen foods, alcoholic and nonalcoholic beverages, as well as consumables, such as health and beauty aids, pet supplies, household chemicals, paper goods, and baby products; and fuel and other categories. In addition, it is involved in the provision of health and wellness products covering pharmacy, optical and hearing services, over-the-counter drugs, and protein and nutrition products; and home, hardlines, and seasonal items, including home improvement, outdoor living, gardening, furniture, apparel, jewelry, tools and power equipment, housewares, toys, and mattresses. Further, the company offers consumer electronics and accessories, software, video games, office supplies, appliances, and third-party gift cards. Additionally, it operates digital payment platforms; offers financial services and related products, including money transfers, bill payments, money orders, check cashing, prepaid access, co-branded credit cards, installment lending, and earned wage access; and markets lines of merchandise under private and licensed brands. The company was formerly known as Wal-Mart Stores, Inc. and changed its name to Walmart Inc. in February 2018. Walmart Inc. was founded in 1945 and is based in Bentonville, Arkansas.",,11.37,6.55,3.0,25.16,70.0,Food Retailers,2025.0,6.0,False,False,False,False,False,False,False,False
DIS,117.63,0.08894,0.04481,39.432,0.668,0.541,94039998464,19120001024.0,9386999808.0,117.86,118.25,119.05,116.9,120.5,80.1,,8031890,11317582,211469336576,1.552,0.0085,1.0,2025-06-24 01:00:00,The Walt Disney Company,"The Walt Disney Company operates as an entertainment company worldwide. It operates through three segments: Entertainment, Sports, and Experiences. The company produces and distributes film and television content under the ABC Television Network, Disney, Freeform, FX, Fox, National Geographic, and Star brand television channels, as well as ABC television stations and A+E television networks; and produces original content under the Disney Branded Television, FX Productions, Lucasfilm, Marvel, National Geographic Studios, Pixar, Searchlight Pictures, Twentieth Century Studios, 20th Television, and Walt Disney Pictures banners. It also offers direct-to-consumer streaming services through Disney+, Disney+ Hotstar, and Hulu; sports-related video streaming content through ESPN, ESPN on ABC, ESPN+ DTC, and Star; sale/licensing of film and episodic content to television and video-on-demand services; theatrical, home entertainment, and music distribution services; DVD and Blu-ray discs, electronic home video licenses, and VOD rental services; staging and licensing of live entertainment events; and post-production services. In addition, the company operates theme parks and resorts comprising Walt Disney World Resort, Disneyland Resort, Disneyland Paris, Hong Kong Disneyland Resort, Shanghai Disney Resort, Disney Cruise Line, Disney Vacation Club, National Geographic Expeditions, and Adventures by Disney, as well as Aulani, a Disney resort and spa in Hawaii. Further, it licenses its intellectual property (IP) to a third party that owns and operates Tokyo Disney Resort; licenses trade names, characters, visual, literary, and other IP for use on merchandise, published materials, and games; operates a direct-to-home satellite distribution platform; sells branded merchandise through retail, online, and wholesale businesses; and develops and publishes books, comic books, and magazines. The Walt Disney Company was founded in 1923 and is based in Burbank, California.",,9.97,5.93,2.0,16.0,137.0,Media,2025.0,6.0,False,False,False,False,False,False,False,False
WBD,10.52,-0.27281,0.0050199996,106.412,0.836,0.44,38342000640,7584999936.0,19488999424.0,10.57,10.735,11.0596,10.39,12.7,6.64,,106521704,46061340,26027216896,1.517,,,,"Warner Bros. Discovery, Inc.","Warner Bros. Discovery, Inc. operates as a media and entertainment company worldwide. It operates through three segments: Studios, Network, and DTC. The Studios segment produces and releases feature films for initial exhibition in theaters; produces and licenses television programs to its networks and third parties and direct-to-consumer services; distributes films and television programs to various third parties and internal television; and offers streaming services and distribution through the home entertainment market, themed experience licensing, and interactive gaming. The Network segment comprises domestic and international television networks. The DTC segment offers premium pay-tv and streaming services. In addition, the company offers portfolio of content, brands, and franchises across television, film, streaming, and gaming under the Warner Bros. Motion Picture Group, Warner Bros. Television Group, DC, HBO, HBO Max, Max, Discovery Channel, discovery+, CNN, HGTV, Food Network, TNT Sports, TBS, TLC, OWN, Warner Bros. Games, Adult Swim, Turner Classic Movies, Television Group, Hanna-Barbera, Harry Potter, DC, Looney Tunes, Scooby-Doo, Game of Thrones, Friends, and others brands. Further, it provides content through distribution platforms, including linear network, free-to-air, and broadcast television; authenticated GO applications, digital distribution arrangements, content licensing arrangements, and direct-to-consumer subscription products. Warner Bros. Discovery, Inc. was incorporated in 2008 and is headquartered in New York, New York.",,7.11,4.63,2.0,13.57,137.0,Media,2025.0,6.0,False,False,False,False,False,False,False,False
WM,231.94,0.34013999,0.07004,275.54,0.833,0.711,22922000384,6732000256.0,1166375040.0,233.22,233.5,234.91,231.14,242.58,196.59,,2569453,1753553,93334511616,0.668,0.014199999,3.3,2025-06-06 01:00:00,"Waste Management, Inc.","Waste Management, Inc., through its subsidiaries, provides environmental solutions to residential, commercial, industrial, and municipal customers in the United States, Canada, Western Europe, and internationally. It offers collection services, including picking up and transporting waste and recyclable materials from where it was generated to a transfer station, recovery facility, or disposal site; owns and operates transfer stations; and owns, develops, and operates landfill gas-to-energy facilities that produce renewable electricity and renewable natural gas. It also operates materials processing and commodities recycling services, including cardboard, paper, glass, metals, plastics, construction and demolition materials, and other recycling commodities are recovered for resale or redirected for other purposes; recycling brokerage services, such as managing the marketing of recyclable materials for third parties; and other strategic business solutions. In addition, the company collects recyclable food and yard waste, as well as markets and sells mulch, compost, soil amendments, and renewable energy; offers remediation and construction, and industrial waste services; and manages and markets fly ash. Further, it provides Regulated Waste and Compliance Services (RWCS), which offers compliance programs, as well as collection, processing, and disposal of regulated and specialized waste, including medical, pharmaceutical, and hazardous waste; and Secure Information Destruction (SID) services that includes the collection of personal and confidential information for secure destruction and recycling of sorted office paper. The company was formerly known as USA Waste Services, Inc. and changed its name to Waste Management, Inc. in 1998. Waste Management, Inc. was founded in 1968 and is based in Houston, Texas.",,6.87,2.58,2.0,17.85,207.0,Commercial Services,2025.0,6.0,False,False,False,False,False,False,False,False
WAT,342.63,0.40822,0.11609,78.582,1.811,1.141,2983252992,1037862976.0,588827520.0,339.36,341.76,343.83,339.09,423.56,279.24,,926234,537374,20389603328,1.117,,,1996-11-26 00:00:00,Waters Corporation,"Waters Corporation provides analytical workflow solutions in Asia, the Americas, and Europe. It operates through two segments: Waters and TA. The company designs, manufactures, sells, and services high and ultra-performance liquid chromatography, as well as mass spectrometry (MS) technology systems and support products, including chromatography columns, other consumable products, and post-warranty service plans. It designs, manufactures, sells, and services thermal analysis, rheometry, and calorimetry instruments; and develops and supplies software-based products that interface with its instruments, as well as other manufacturers' instruments. In addition, the company offers MS technology are used in drug discovery and development comprising clinical trial testing, the analysis of proteins in disease processes, nutritional safety analysis, and environmental testing. Further, the company provides thermal analysis, rheometry, and calorimetry instruments for use in predicting the suitability and stability of fine chemicals, pharmaceuticals, water, polymers, metals, and viscous liquids for various industrial, consumer good, and healthcare products, as well as for life science research. Its products are used by clinical, pharmaceutical, biochemical, industrial, nutritional safety, environmental, academic, and governmental customers working in research and development, quality assurance, and other laboratory applications. The company was founded in 1958 and is headquartered in Milford, Massachusetts.",,6.29,1.9,0.0,9.56,501.0,Pharmaceuticals,2025.0,6.0,False,False,False,False,False,False,False,False
WEC,104.19,0.12579,0.02987,153.016,0.502,0.323,9069200384,3583500032.0,-755025024.0,103.83,104.0,105.01,103.81,111.0,77.47,,3167776,2208272,33250574336,0.439,0.0343,3.57,2025-05-14 01:00:00,"WEC Energy Group, Inc.","WEC Energy Group, Inc., through its subsidiaries, provides regulated natural gas and electricity, and renewable and nonregulated renewable energy services in the United States. It operates through Wisconsin, Illinois, Other States, Electric Transmission, and Non-Utility Energy Infrastructure segments. The company generates and distributes electricity from coal, natural gas, oil, and nuclear, as well as renewable energy resources, including wind, solar, hydroelectric, and biomass; and distributes and transports natural gas. It also owns, maintains, monitors, and operates electric transmission systems; and generates, distributes, and sells steam. As of December 31, 2024, the company operated approximately 35,300 miles of overhead distribution lines and 37,100 miles of underground distribution cables, as well as 420 electric distribution substations and 640,100 line transformers; approximately 47,000 miles of natural gas distribution mains; 1,300 miles of natural gas transmission mains; 2.4 million natural gas lateral services; 510 natural gas distribution and transmission gate stations; and 67.0 billion cubic feet of working gas capacities in underground natural gas storage fields. The company was formerly known as Wisconsin Energy Corporation and changed its name to WEC Energy Group, Inc. in June 2015. WEC Energy Group, Inc. was founded in 1896 and is headquartered in Milwaukee, Wisconsin.",,7.77,3.19,2.0,23.14,234.0,Utilities,2025.0,6.0,False,False,False,False,False,False,False,False
WFC,75.4,0.11021,0.01031,,,,77254000640,,,74.74,75.24,75.775,75.07,81.5,50.15,,16047190,18004654,245365178368,1.155,0.0212,1.6,2025-05-09 01:00:00,Wells Fargo & Company,"Wells Fargo & Company, a financial services company, provides diversified banking, investment, mortgage, and consumer and commercial finance products and services in the United States and internationally. It operates through four segments: Consumer Banking and Lending; Commercial Banking; Corporate and Investment Banking; and Wealth and Investment Management. The Consumer Banking and Lending segment offers diversified financial products and services for consumers and small businesses. Its financial products and services include checking and savings accounts, and credit and debit cards, as well as home, auto, personal, and small business lending services. The Commercial Banking segment provides financial solutions to private, family owned, and certain public companies. Its products and services include banking and credit products across various industry sectors and municipalities, secured lending and lease products, and treasury management services. The Corporate and Investment Banking segment offers a suite of capital markets, banking, and financial products and services, such as corporate banking, investment banking, treasury management, commercial real estate lending and servicing, equity, and fixed income solutions, as well as sales, trading, and research capabilities services to corporate, commercial real estate, government, and institutional clients. The Wealth and Investment Management segment provides personalized wealth management, brokerage, financial planning, lending, private banking, and trust and fiduciary products and services to affluent, high-net worth, and ultra-high-net worth clients. It also operates through financial advisors in brokerage and wealth offices, consumer bank branches, independent offices, and digitally through WellsTrade and Intuitive Investor. Wells Fargo & Company was founded in 1852 and is headquartered in San Francisco, California.",,13.73,18.73,5.0,33.65,456.0,Banks,2025.0,6.0,False,False,False,False,False,False,False,False
WELL,151.24,0.0348,0.01729,49.196,1.826,1.593,8554464256,3153949952.0,2852324608.0,153.18,152.91,154.2,151.14,158.55,100.13,,11336479,3103085,98903703552,0.921,0.0177,2.68,2025-05-14 01:00:00,Welltower Inc.,"Welltower Inc. (NYSE: WELL), an S&P 500 company, is one of the world's preeminent residential wellness and healthcare infrastructure companies. We seek to position our portfolio of 1,500+ seniors and wellness housing communities at the intersection of housing, healthcare, and hospitality, creating vibrant communities for mature renters and older adults in the United States, United Kingdom, and Canada. We also strive to support physicians in our outpatient medical buildings with the critical infrastructure needed to deliver quality care. We believe our real estate portfolio is unmatched, located in highly attractive micro-markets with stunning built environments. Yet, we are an unusual real estate organization as we view ourselves as a product company in a real estate wrapper, driven by relationships and an unconventional culture. Through our disciplined approach to capital allocation powered by our Data Science platform and superior operating results driven by our operating platform, the Welltower Business System, we aspire to deliver long-term compounding of per share growth and returns for our existing investors  our North Star.",,3.08,4.33,1.0,11.64,509.0,Real Estate,2025.0,6.0,False,False,False,False,False,False,False,False
WST,215.82,0.17421,0.1033,11.457,2.767,1.848,2895800064,756499968.0,233512496.0,217.95,218.42,219.83,215.29,352.33,187.43,,858025,791100,15505675264,1.09,0.0039,0.84,2025-07-30 01:00:00,"West Pharmaceutical Services, Inc.","West Pharmaceutical Services, Inc. designs, manufactures, and sells containment and delivery systems for injectable drugs and healthcare products in the Americas, Europe, the Middle East, Africa, and the Asia Pacific. It operates in two segments, Proprietary Products and Contract-Manufactured Products. The Proprietary Products segment offers stoppers and seals for injectable packaging systems; syringe and cartridge components, including custom solutions for the needs of injectable drug applications, as well as administration systems that enhance the safe delivery of drugs through advanced reconstitution, mixing, and transfer technologies; and films, coatings, washing, and vision inspection and sterilization processes and services to enhance the quality of packaging products. This segment also provides drug containment solutions, including Crystal Zenith, a cyclic olefin polymer in the form of vials, syringes, and cartridges; and self-injection devices; and a range of integrated solutions, including analytical lab services, pre-approval primary packaging support and engineering development, regulatory expertise, and after-sales technical support. This segment serves biologic, generic, and pharmaceutical drug companies. The Contract-Manufactured Products segment is involved in the design, manufacture, and automated assembly of devices used in surgical, diagnostic, ophthalmic, injectable, and other drug delivery systems, as well as consumer products. This segment primarily serves pharmaceutical, diagnostic, and medical device companies. It sells and distributes its products through its sales force and distribution network, contract sales agents, and regional distributors. West Pharmaceutical Services, Inc. was founded in 1923 and is headquartered in Exton, Pennsylvania.",,9.06,5.67,0.0,17.62,309.0,Healthcare,2025.0,6.0,False,True,False,False,False,False,False,False
WDC,59.29,0.13558,0.055609997,,1.56,0.954,15605000192,2289999872.0,1406375040.0,59.19,59.87,59.91,58.97,60.75586,28.83,,9426272,7919524,20684978176,1.543,0.0067000003,0.4,2025-06-04 01:00:00,Western Digital Corporation,"Western Digital Corporation develops, manufactures, and sells data storage devices and solutions in the United States, China, Hong Kong, Europe, the Middle East, Africa, rest of Asia, and internationally. It offers client devices, including hard disk drives (HDDs) and solid state drives (SSDs) for desktop and notebook personal computers (PCs), gaming consoles, and set top boxes; and flash-based embedded storage products for mobile phones, tablets, notebook PCs, and other portable and wearable devices, as well as automotive, Internet of Things, industrial, and connected home applications. The company also provides enterprise HDDs; enterprise SSDs consisting of flash-based SSDs and software solutions for use in enterprise servers, online transactions, artificial intelligence-related workloads, data analysis, and other enterprise applications; and data storage platforms. In addition, it offers external HDD storage products in mobile and desktop form; client portable SSDs; removable cards that are used in consumer devices comprising mobile phones, tablets, imaging systems, and cameras and smart video systems; universal serial bus flash drives for use in the computing and consumer markets; and wireless drive products used in-field backup of created content, as well as wireless streaming of high-definition movies, photos, music, documents to tablets, smartphones, and PCs. The company sells its products under the Western Digital, SanDisk, and WD brands to original equipment manufacturers, distributors, dealers, resellers, and retailers. Western Digital Corporation was founded in 1970 and is headquartered in San Jose, California.",,4.02,4.61,2.0,12.68,238.0,Technology Hardware,2025.0,6.0,False,False,False,False,False,False,False,False
WY,26.18,0.03706,0.02404,53.8,2.04,1.1,7090999808,1142000000.0,483500000.0,25.97,26.13,26.43,26.02,34.03,24.1,,6483158,3998325,18987646976,1.169,0.0321,0.84,2025-05-30 01:00:00,Weyerhaeuser Company,"Weyerhaeuser Company, one of the world's largest private owners of timberlands, began operations in 1900 and today owns or controls approximately 10.4 million acres of timberlands in the U.S., as well as additional public timberlands managed under long-term licenses in Canada. Weyerhaeuser has been a global leader in sustainability for more than a century and manages 100 percent of its timberlands on a fully sustainable basis in compliance with internationally recognized sustainable forestry standards. Weyerhaeuser is also one of the largest manufacturers of wood products in North America and operates additional business lines around product distribution, climate solutions, real estate, energy and natural resources, among others. In 2024, the company generated $7.1 billion in net sales and employed approximately 9,400 people who serve customers worldwide. Operated as a real estate investment trust, Weyerhaeuser's common stock trades on the New York Stock Exchange under the symbol WY.",,4.31,1.68,2.0,17.06,37.0,Paper & Forestry,2025.0,6.0,False,False,False,False,False,False,False,False
WSM,158.84,0.50154996,0.17055,63.334,1.508,0.679,7781305856,1636894976.0,835529152.0,160.44,160.97,162.55,158.46,219.98,125.33,,3326062,2111151,19537002496,1.477,0.0166,2.64,2025-07-18 01:00:00,"Williams-Sonoma, Inc.","Williams-Sonoma, Inc. operates as an omni-channel specialty retailer of various products for home. The company offers cooking, dining, and entertaining products, such as cookware, tools, electrics, cutlery, tabletop and bar, outdoor, furniture, and a library of cookbooks. It also provides home furnishings, home decor products and accessories, bedding, lighting, rugs, table essentials, kids accessories, made-to-order lighting, hardware, personalized products, custom gifts, and colorful and vintage-inspired heirloom products. In addition, the company operates a 3-D imaging and augmented reality platform for the home furnishings and decor industry. It offers its products under the Williams Sonoma, Pottery Barn, Pottery Barn Kids, Pottery Barn Teen, West Elm, Williams Sonoma Home, Rejuvenation, Mark and Graham, and GreenRow brand names. The company markets its products through e-commerce websites, direct-mail catalogs, and retail stores. Williams-Sonoma, Inc. was founded in 1956 and is headquartered in San Francisco, California.",,6.86,1.74,2.0,11.45,265.0,Retailing,2025.0,6.0,False,False,False,False,False,False,False,False
WMB,60.49,0.16197,0.03994,184.4,0.405,0.245,11082999808,5696000000.0,803500032.0,59.12,59.63,60.49,59.31,61.67,40.41,,13923375,7580366,73858899968,0.679,0.033099998,2.0,2025-06-13 01:00:00,"The Williams Companies, Inc.","The Williams Companies, Inc., together with its subsidiaries, operates as an energy infrastructure company primarily in the United States. It operates through Transmission & Gulf of America, Northeast G&P, West, and Gas & NGL Marketing Services segments. The Transmission & Gulf of America segment comprises Transco, NWP, and MountainWest interstate natural gas pipelines, and their related natural gas storage facilities, as well as natural gas gathering and processing; and crude oil production handling and transportation assets in the Gulf Coast region. The Northeast G&P segment engages in the midstream gathering, processing, and fractionation activities in the Marcellus Shale region primarily in Pennsylvania and New York, and the Utica Shale region of eastern Ohio. The West segment consists of gas gathering, processing, and treating operations in the Rocky Mountain region of Colorado and Wyoming, the Barnett Shale region of north-central Texas, the Eagle Ford Shale region of South Texas, the Haynesville Shale region of northwest Louisiana, the Mid-Continent region that includes the Anadarko and Permian basins, and the DJ Basin of Colorado; and operates natural gas liquid (NGL) fractionation and storage assets in central Kansas near Conway. The Gas & NGL Marketing Services segment provides wholesale marketing, trading, storage, and transportation of natural gas for natural gas utilities, municipalities, power generators, and producers; asset management services; and transports and markets NGLs. The company owns and operates approximately 33,000 miles of pipelines. The Williams Companies, Inc. was founded in 1908 and is headquartered in Tulsa, Oklahoma.",,9.34,2.22,2.0,19.61,81.0,Refiners & Pipelines,2025.0,6.0,False,False,False,False,False,False,False,False
WTW,299.0,-0.00484,0.04535,72.169,1.155,0.292,9811999744,2556000000.0,688875008.0,297.5,300.2,302.06,297.64,344.14,255.19,,944578,681754,29645789184,0.706,0.0123000005,3.68,2025-06-30 01:00:00,Willis Towers Watson Public Limited Company,"Willis Towers Watson Public Limited Company operates as an advisory, broking, and solutions company worldwide. It operates through two segments: Health, Wealth & Career and Risk & Broking. The company offers strategy and design consulting, plan management service and support, broking and administration services for health, wellbeing, and other group benefit programs, including medical, dental, disability, life, voluntary benefits, and other coverages; actuarial support, plan design, and administrative services for pension and retirement savings plans; retirement consulting services and solutions; and integrated solutions that consists of investment discretionary management, pension administration, core actuarial, and communication and change management assistance services. It also provides advice, data, software, and products to address clients' total rewards and talent issues; and risk advice, insurance brokerage, and consulting services in the areas of property and casualty, affinity, risk and analytics, aerospace, construction, global markets direct and facultative, financial, executive and professional risks, financial solutions, crisis management, surety, marine, and natural resources. In addition, the company offers software and technology, risk and capital management, products and product pricing, financial and regulatory reporting, financial and capital modeling, M&A, outsourcing, and business management services. The company was formerly known as Willis Group Holdings Public Limited Company and changed its name to Willis Towers Watson Public Limited Company in January 2016. Willis Towers Watson Public Limited Company was founded in 1828 and is based in London, the United Kingdom.",,8.77,7.43,1.0,16.48,186.0,Insurance,2025.0,6.0,False,False,False,False,False,False,False,False
WDAY,238.19,0.05702,0.023829998,38.042,2.067,1.949,8696000512,967000000.0,2373750016.0,236.88,238.66,241.33,237.26,294.0,199.81,,5155642,2285609,63500500992,1.236,,,,"Workday, Inc.","Workday, Inc. provides enterprise cloud applications in the United States and internationally. The company offers a suite of financial management applications to maintain accounting information; manage financial processes, such as payables and receivables; identify real-time financial, operational, and management insights; perform financial consolidation; reduce time-to-close; promote internal control and auditability; and achieve consistency across finance operations. It also provides spend management solutions that help organizations to streamline supplier selection and contract management, build and execute sourcing events, such as requests for proposals, and manage indirect spend; expense management solutions to submit and approve expenses; and a suite of human capital management applications that enables HR teams to hire, onboard, pay, develop, reskill, and provide employee experiences. In addition, the company offers planning applications; and applications for analytics and reporting comprising augmented analytics to surface insights to the line of business in simple-to-understand stories. Further, it provides supply chain and inventory solutions to healthcare organizations; solutions to manage the end-to-end student and faculty lifecycle; Workday Extend for customers and their developers to build custom applications; and Workday Illuminate, which helps customers accelerate manual tasks, assist employees, and transform business processes. The company serves the professional and business services, financial services, healthcare, education, government, technology, media, retail, and hospitality industries. It sells its solutions through its direct sales organization. The company was formerly known as North Tahoe Power Tools, Inc. and changed its name to Workday, Inc. in July 2005. Workday, Inc. was incorporated in 2005 and is headquartered in Pleasanton, California.",,9.32,5.73,1.0,16.19,585.0,Software & Services,2025.0,6.0,False,False,False,False,False,False,False,False
WYNN,88.49,,0.05034,,1.082,1.003,6965449216,1680557952.0,494949632.0,86.91,87.9,88.85,87.11,107.81,65.25,,2841661,2669500,9251983360,1.372,0.0113,1.0,2025-05-16 01:00:00,"Wynn Resorts, Limited","Wynn Resorts, Limited designs, develops, and operates integrated resorts. It operates through four segments: Wynn Palace, Wynn Macau, Las Vegas Operations, and Encore Boston Harbor. The Wynn Palace segment operates private gaming salons and sky casinos; a luxury hotel tower with suites, and villas, including a health club, spa, salon, and pool; food and beverage outlets; retail space; meeting and convention space; and performance lake and floral displays. The Wynn Macau segment operates casino space with private gaming salons, sky casinos, and a poker room; a luxury hotel tower, that include health clubs, spas, a salon, and a pool; food and beverage outlets; retail space; meeting and convention space; and Chinese zodiac-inspired ceiling attractions. The Las Vegas Operations segment operates casino space with private gaming salons, a sky casino, a poker room, and a race and sports book; a luxury hotel tower with suites, and villas, including swimming pools, private cabanas, full-service spas and salons, and a wedding chapel; food and beverage outlets; meeting and convention space; retail space; and theaters, nightclubs, a beach club. The Encore Boston Harbor segment operates casino space with gaming areas, and a poker room; a luxury hotel tower including a spa and salon; food and beverage outlets and a nightclub; retail space; meeting and convention space; and a waterfront park, floral displays, and water shuttle service. Wynn Resorts, Limited was incorporated in 2002 and is based in Las Vegas, Nevada.",,13.21,4.62,2.0,22.23,209.0,Consumer Services,2025.0,6.0,False,False,True,False,False,False,False,False
XEL,66.64,0.102589995,0.02172,163.558,0.796,0.516,13697999872,5358000128.0,-3678500096.0,66.28,66.5,67.1,66.32,73.38,51.97,,6825604,3839475,38435352576,0.385,0.0342,2.28,2025-06-13 01:00:00,Xcel Energy Inc.,"Xcel Energy Inc., through its subsidiaries, engages in the generation, purchasing, transmission, distribution, and sale of electricity in the United States. It operates through Regulated Electric Utility and Regulated Natural Gas Utility segments. The company generates electricity through wind, nuclear, hydroelectric, biomass, and solar energy sources, as well as coal, natural gas, oil, wood, and refuse-derived fuels. It also purchases, transports, distributes, and sells natural gas to retail customers, as well as transports customer-owned natural gas. In addition, the company develops and leases natural gas pipelines, and storage and compression facilities; and invests in rental housing projects and nonregulated assets, as well as procures equipment for the construction of renewable generation facilities. It serves residential, commercial, and industrial customers in the portions of Colorado, Michigan, Minnesota, New Mexico, North Dakota, South Dakota, Texas, and Wisconsin. Xcel Energy Inc. was formerly known as Northern States Power company. The company was incorporated in 1909 and is headquartered in Minneapolis, Minnesota.",,10.39,2.54,2.0,29.51,234.0,Utilities,2025.0,6.0,False,False,False,False,False,False,False,False
XYL,124.46,0.08505,0.04441,19.323,1.886,1.296,8597999616,1727000064.0,985500032.0,125.13,125.19,126.13,124.35,143.5,100.47,,2013530,1665304,30287466496,1.123,0.0128999995,1.6,2025-05-29 01:00:00,Xylem Inc.,"Xylem Inc., together with its subsidiaries, engages in the design, manufacture, and servicing of engineered products and solutions for utility, industrial, and residential and commercial building services settings worldwide. It operates through four segments: Water Infrastructure; Applied Water; Measurement and Control Solutions; and Water Solutions and Services. The company offers water, wastewater and storm water pumps, and controls and systems; filtration, disinfection, and biological treatment equipment under the Flygt, Ionpure, Vortisand, Wallace & Tiernan, and Wedeco brands; and pumps, valves, heat exchangers, controls and dispensing equipment used for water and focuses on the residential, commercial and industrial markets under the Rule, Bell & Gossett, Flojet, Goulds Water Technology, Jabsco, Lowara, and Standard Xchange brands. It also provides smart meters, network communication devices, data analytics, test instruments, controls, sensor devices, software and managed services, and critical infrastructure services; and software and services including cloud-based analytics, and remote monitoring and data management under the Sensus, Smith Blair, WTW, YSI, and Xylem Vue brands. In addition, the company offers preventative maintenance services, rapid response mobile services, digitally enabled/outsourced solutions, process and wastewater treatment systems, environmental remediation, odor and corrosion control, filtration, reverse osmosis, continuous deionization, and mobile dewatering equipment and rental services; and municipal services comprising odor and corrosion control services, as well as leak detection, condition assessment and asset management and pressure monitoring solutions under the AquaPro, WaterOne, Ion Pure, Flygt, Pure Technologies, and Godwin brands. The company was formerly known as ITT WCO, Inc. and changed its name to Xylem Inc. in May 2011. Xylem Inc. was incorporated in 2011 and is headquartered in Washington, District Of Columbia.",,8.01,4.36,1.0,22.86,275.0,Machinery,2025.0,6.0,False,False,False,False,False,False,False,False
YUM,139.06,,0.24858,,1.403,1.111,7737999872,2747000064.0,1278625024.0,138.36,138.76,139.76,138.625,163.3,122.13,,2956494,2176700,38653812736,0.736,0.020399999,2.84,2025-05-27 01:00:00,"Yum! Brands, Inc.","Yum! Brands, Inc., together with its subsidiaries, develops, operates, and franchises quick service restaurants worldwide. It operates through four segments: KFC Division, Taco Bell Division, Pizza Hut Division, and Habit Burger & Grill Division segments. The company also operates restaurants under the KFC, Pizza Hut, Taco Bell, and Habit Burger & Grill brands, which specialize in chicken, made-to-order chargrilled burgers, sandwiches, Mexican-style food and pizza categories, and other products. The company was formerly known as TRICON Global Restaurants, Inc. and changed its name to Yum! Brands, Inc. in May 2002. Yum! Brands, Inc. was incorporated in 1997 and is based in Louisville, Kentucky.",,10.1,3.22,2.0,20.37,209.0,Consumer Services,2025.0,6.0,False,False,False,False,False,False,False,False
ZBRA,294.04,0.16159001,0.06539,65.113,1.449,0.959,5113999872,963000000.0,888625024.0,291.73,295.1,295.735,290.61,427.76,205.73,,777904,622027,14953198592,1.754,,,,Zebra Technologies Corporation,"Zebra Technologies Corporation, together with its subsidiaries, provides enterprise asset intelligence solutions in the automatic identification and data capture solutions industry worldwide. It operates in two segments, Asset Intelligence & Tracking, and Enterprise Visibility & Mobility. The company designs, manufactures, and sells printers that produce labels, wristbands, tickets, receipts, and plastic cards; dye-sublimination thermal card printers that produce images, which are used for personal identification, access control, and financial transactions; radio frequency identification device (RFID) printers that encode data into passive RFID transponders; accessories and options for printers, including carrying cases, vehicle mounts, and battery chargers; stock and customized thermal labels, wristbands, receipts, ribbons, plastic cards, and RFID tags for printers; and electronic sensors and temperature-monitoring labels. It also provides various maintenance, technical support, repair, and managed and professional services; fixed readers, RFID enabled mobile computers, and RFID sleds; tags, sensors, exciters, middleware software, and application software; and physical inventory management solutions, and rugged and enterprise-grade mobile computing products and accessories, as well as real-time location systems and services. In addition, the company offers barcode scanners and imagers, RFID readers, industrial machine vision cameras, and fixed industrial scanners; workforce management, workflow execution and task management, and prescriptive analytics, as well as communications and collaboration solutions; and cloud-based software subscriptions, retail, and robotics automation solutions. The company serves retail and e-commerce, manufacturing, transportation and logistics, healthcare, public sector, and other industries through direct sales force and network of channel partners. The company was founded in 1969 and is headquartered in Lincolnshire, Illinois.",,3.34,4.81,0.0,9.94,238.0,Technology Hardware,2025.0,6.0,False,False,False,False,False,False,False,False
ZBH,91.22,0.07318,0.044180002,59.058,2.436,1.271,7698500096,2554400000.0,1321200000.0,90.55,90.94,91.49,90.55,116.71,89.22,,4060771,2286700,18047694848,0.72,0.0105,0.96,2025-06-26 01:00:00,"Zimmer Biomet Holdings, Inc.","Zimmer Biomet Holdings, Inc., together with its subsidiaries, operates as a medical technology company worldwide. The company designs, manufactures, and markets orthopedic reconstructive products, such as knee and hip products; S.E.T. products, including sports medicine, biologics, foot and ankle, extremities, and trauma products; craniomaxillofacial and thoracic products comprising face and skull reconstruction products, as well as products that fixate and stabilize the bones of the chest to facilitate healing or reconstruction after open heart surgery, trauma, or for deformities of the chest. It offers technology and data, bone cement, and surgical products. The company's products and solutions are used to treat patients suffering from disorders of, or injuries to, bones, joints, or supporting soft tissues. It serves orthopedic surgeons, neurosurgeons, hospitals, stocking distributors, healthcare dealers, and other specialists, as well as agents, healthcare purchasing organizations, or buying groups. The company was formerly known as Zimmer Holdings, Inc. and changed its name to Zimmer Biomet Holdings, Inc. in June 2015. Zimmer Biomet Holdings, Inc. was founded in 1927 and is headquartered in Warsaw, Indiana.",,13.99,7.31,2.0,26.19,309.0,Healthcare,2025.0,6.0,False,True,False,False,False,False,False,False
ZTS,157.17,0.52085996,0.15108,145.628,1.736,0.916,9285999616,3867000064.0,2299624960.0,155.06,155.57,157.7,155.0,200.33,139.7,,3296106,2942300,69973344256,0.944,0.0127,2.0,2025-07-18 01:00:00,Zoetis Inc.,"Zoetis Inc. engages in the discovery, development, manufacture, and commercialization of animal health medicines, vaccines, diagnostic products and services, biodevices, genetic tests, and precision animal health products in the United States and internationally. The company commercializes products primarily across species, including livestock, such as cattle, swine, poultry, fish, and sheep; and companion animals comprising dogs, cats, and horses. It also offers parasiticides, vaccines, dermatology, anti-infectives, pain and sedation, other pharmaceutical, and animal health diagnostics. In addition, the company provides animal health diagnostics, including point-of-care diagnostic products, instruments and reagents, rapid immunoassay tests, reference laboratory kits and services, and blood glucose monitors; and other non-pharmaceutical products, which include nutritionals, as well as products and services in biodevices, genetic tests, and precision animal health. It markets its products to veterinarians, livestock producers, and pet owners. The company has collaboration Blacksmith Medicines, Inc. to discover and develop novel antibiotics for animal health. Zoetis Inc. was founded in 1950 and is headquartered in Parsippany, New Jersey.",,5.8,6.6,2.0,15.08,501.0,Pharmaceuticals,2025.0,6.0,False,True,False,False,False,False,False,False
