Date,IWF,MTUM,SPY,TLT,VLUE,XLK,^VIX
2020-01-02,42.84343338012695,117.7118911743164,296.8881530761719,113.30078887939453,76.33631896972656,44.294185638427734,12.470000267028809
2020-01-03,42.53355026245117,117.69319152832031,294.64007568359375,115.04569244384766,75.5163803100586,43.79616928100586,14.020000457763672
2020-01-06,42.80499267578125,117.82400512695312,295.76422119140625,114.39241027832031,75.3980484008789,43.90052032470703,13.850000381469727
2020-01-07,42.71611785888672,117.53435516357422,294.93243408203125,113.83011627197266,75.5079345703125,43.88154983520508,13.789999961853027
2020-01-08,43.069236755371094,118.16039276123047,296.5043640136719,113.07758331298828,75.67699432373047,44.351097106933594,13.449999809265137
2020-01-09,43.422359466552734,119.18817138671875,298.5148010253906,113.4744873046875,75.81224822998047,44.85384750366211,12.539999961853027
2020-01-10,43.34550094604492,119.18817138671875,297.6558837890625,114.48336029052734,75.49102783203125,44.74950408935547,12.5600004196167
2020-01-13,43.73945999145508,120.30007934570312,299.702880859375,114.13602447509766,75.72770690917969,45.309173583984375,12.319999694824219
2020-01-14,43.58570861816406,120.06649017333984,299.2459716796875,114.72319030761719,75.9981918334961,45.095733642578125,12.390000343322754
2020-01-15,43.758670806884766,121.0849609375,299.9222106933594,115.48400115966797,75.7023696899414,45.14790725708008,12.420000076293945
2020-01-16,44.16704177856445,122.0473403930664,302.4171142578125,115.12013244628906,76.31939697265625,45.755001068115234,12.319999694824219
2020-01-17,44.33761978149414,122.75747680664062,303.3584289550781,114.13602447509766,76.38703155517578,46.06329345703125,12.100000381469727
2020-01-21,44.31357955932617,123.39283752441406,302.7642822265625,115.33514404296875,76.02355194091797,46.04431915283203,12.850000381469727
2020-01-22,44.344825744628906,123.68247985839844,302.8008728027344,115.74036407470703,76.42927551269531,46.21031951904297,12.90999984741211
2020-01-23,44.42167663574219,123.91610717773438,303.148193359375,116.55075073242188,76.47998809814453,46.428497314453125,12.979999542236328
2020-01-24,44.0205192565918,123.36482238769531,300.4523010253906,117.49351501464844,75.96440124511719,46.21031951904297,14.5600004196167
2020-01-27,43.263816833496094,122.2716293334961,295.6361999511719,119.32105255126953,74.39220428466797,45.10996627807617,18.229999542236328
2020-01-28,43.806724548339844,123.34612274169922,298.7341613769531,118.38662719726562,75.14445495605469,45.973175048828125,16.280000686645508
2020-01-29,43.902801513671875,122.96308135986328,298.4873962402344,119.5443115234375,74.34146118164062,46.09175491333008,16.389999389648438
2020-01-30,43.98688888549805,123.83201599121094,299.45611572265625,119.56087493896484,74.38374328613281,46.49015426635742,15.489999771118164
2020-01-31,43.215763092041016,121.71099090576172,294.0185852050781,120.65243530273438,72.98056030273438,45.21430587768555,18.84000015258789
2020-02-03,43.732261657714844,122.86956787109375,296.2027587890625,120.5546646118164,73.31868743896484,45.811912536621094,17.969999313354492
2020-02-04,44.599449157714844,124.39263916015625,300.7173156738281,118.93116760253906,74.63731384277344,47.01188278198242,16.049999237060547
2020-02-05,44.782020568847656,124.30853271484375,304.18994140625,117.63069152832031,76.23489379882812,47.28696060180664,15.149999618530273
2020-02-06,45.048667907714844,124.93455505371094,305.21356201171875,118.1607894897461,76.3278579711914,47.71857833862305,14.960000038146973
2020-02-07,44.85647964477539,124.45801544189453,303.5868835449219,119.63522338867188,75.71924591064453,47.28223419189453,15.470000267028809
2020-02-10,45.33932876586914,125.7287826538086,305.8531494140625,119.96654510498047,76.00663757324219,47.92251205444336,15.039999961853027
2020-02-11,45.365753173828125,125.83158111572266,306.38330078125,119.36190795898438,76.6067886352539,47.761260986328125,15.180000305175781
2020-02-12,45.75491714477539,126.15859985351562,308.35723876953125,118.7572021484375,77.26609802246094,48.278228759765625,13.739999771118164
2020-02-13,45.718894958496094,127.02754211425781,308.0281677246094,119.21285247802734,76.9533462524414,48.150177001953125,14.149999618530273
2020-02-14,45.88462829589844,127.88714599609375,308.5217590332031,119.73468017578125,76.42927551269531,48.35886001586914,13.680000305175781
2020-02-18,45.875022888183594,127.78437042236328,307.7265930175781,120.5546646118164,75.96440124511719,48.17864227294922,14.829999923706055
2020-02-19,46.19211196899414,128.08338928222656,309.1979675292969,120.54641723632812,76.3701171875,48.75252914428711,14.380000114440918
2020-02-20,45.906253814697266,127.55077362060547,307.9276428222656,121.49073028564453,76.23489379882812,48.24504089355469,15.5600004196167
2020-02-21,45.185585021972656,126.39219665527344,304.7565612792969,122.62548065185547,75.46565246582031,47.16365051269531,17.079999923706055
2020-02-24,43.5496711730957,123.25269317626953,294.64923095703125,124.45616149902344,72.76081085205078,45.21430587768555,25.030000686645508
2020-02-25,42.24768829345703,119.8329086303711,285.7207336425781,125.11876678466797,70.14046478271484,43.76771545410156,27.850000381469727
2020-02-26,42.25249481201172,119.13211059570312,284.6697082519531,124.45616149902344,69.40509796142578,43.9669189453125,27.559999465942383
2020-02-27,40.32111358642578,113.89965057373047,271.8847961425781,125.80632781982422,66.48892211914062,41.595455169677734,39.15999984741211
2020-02-28,40.34994888305664,112.96529388427734,270.7424011230469,128.64752197265625,65.94794464111328,41.91322708129883,40.11000061035156
2020-03-02,42.197235107421875,118.41266632080078,282.4673767089844,127.70099639892578,68.57672882080078,44.33686065673828,33.41999816894531
2020-03-03,40.92165756225586,116.11412048339844,274.3796081542969,129.68357849121094,66.36212158203125,42.65312957763672,36.81999969482422
2020-03-04,42.69449234008789,121.43069458007812,285.91265869140625,128.30653381347656,68.97398376464844,44.4838981628418,31.989999771118164
2020-03-05,41.28199005126953,118.0482406616211,276.4084167480469,131.5002899169922,66.56497955322266,43.07999801635742,39.619998931884766
2020-03-06,40.6478157043457,116.42245483398438,271.83905029296875,138.34410095214844,65.32244110107422,42.16935348510742,41.939998626708984
2020-03-09,37.76515579223633,108.48033142089844,250.60997009277344,142.09364318847656,59.1519660949707,38.9678840637207,54.459999084472656
2020-03-10,39.83826446533203,113.15216064453125,263.5777893066406,134.8101806640625,62.262550354003906,41.56700134277344,47.29999923706055
2020-03-11,37.97654724121094,107.50856018066406,250.72869873046875,129.84957885742188,58.84768295288086,39.603431701660156,53.900001525878906
2020-03-12,34.510162353515625,97.87522888183594,226.7396697998047,130.65415954589844,52.17850112915039,35.737953186035156,75.47000122070312
2020-03-13,37.59701156616211,105.71459197998047,246.12283325195312,127.70099639892578,57.360008239746094,39.930686950683594,57.83000183105469
2020-03-16,33.1649284362793,92.64274597167969,219.19117736816406,135.97157287597656,50.08222198486328,34.4146728515625,82.69000244140625
2020-03-17,35.09389877319336,99.09925079345703,231.0257568359375,126.90458679199219,52.795536041259766,36.75767135620117,75.91000366210938
2020-03-18,33.45799255371094,93.76397705078125,219.32821655273438,119.74557495117188,50.28507995605469,35.372737884521484,76.44999694824219
2020-03-19,33.61174011230469,93.1379623413086,219.79429626464844,123.00566864013672,50.03995895385742,35.50080108642578,72.0
2020-03-20,32.18482208251953,87.65319061279297,210.32241821289062,132.25515747070312,47.77463150024414,33.87397384643555,66.04000091552734
2020-03-23,31.62030601501465,84.42964172363281,204.9448699951172,137.70530700683594,46.76876449584961,33.564544677734375,61.59000015258789
2020-03-24,34.507755279541016,93.41828155517578,223.51351928710938,135.14199829101562,51.460025787353516,37.0020637512207,61.66999816894531
2020-03-25,34.77158737182617,95.58161926269531,226.85958862304688,134.8350372314453,52.19874954223633,36.954376220703125,63.95000076293945
2020-03-26,36.843605041503906,101.888671875,240.10581970214844,135.498779296875,55.56751251220703,39.24287414550781,61.0
2020-03-27,35.59316635131836,99.89895629882812,232.95416259765625,139.11561584472656,53.46417999267578,37.46928787231445,65.54000091552734
2020-03-30,36.81711196899414,103.08062744140625,240.51956176757812,137.97076416015625,54.9775505065918,39.04740524291992,57.08000183105469
2020-03-31,36.296695709228516,99.93647766113281,236.9344940185547,136.85089111328125,53.86602783203125,38.31793975830078,53.540000915527344
2020-04-01,34.73303985595703,95.0654296875,226.27127075195312,138.76821899414062,50.87347412109375,36.49191665649414,57.060001373291016
2020-04-02,35.38356018066406,96.58588409423828,231.49256896972656,139.64891052246094,51.5745849609375,37.345333099365234,50.90999984741211
2020-04-03,34.836639404296875,94.86832427978516,228.14651489257812,139.98118591308594,50.668270111083984,36.76845169067383,46.79999923706055
2020-04-06,37.376075744628906,101.65402221679688,243.47027587890625,139.61566162109375,54.438899993896484,39.905574798583984,45.2400016784668
2020-04-07,37.298973083496094,100.87504577636719,243.71844482421875,138.1534423828125,55.09724807739258,39.548004150390625,46.70000076293945
2020-04-08,38.45545196533203,103.72821044921875,251.8997344970703,137.14828491210938,57.33738327026367,40.61118698120117,43.349998474121094
2020-04-09,38.78554153442383,104.55414581298828,255.7330322265625,137.3974609375,58.3463134765625,40.62073516845703,41.66999816894531
2020-04-13,38.679534912109375,104.9858627319336,253.3980712890625,136.14315795898438,57.482749938964844,40.71131134033203,41.16999816894531
2020-04-14,40.17814636230469,109.07791900634766,260.87152099609375,136.10986328125,58.782379150390625,42.418148040771484,37.7599983215332
2020-04-15,39.64567947387695,107.67949676513672,255.3285675048828,139.7152862548828,56.72178649902344,41.49321365356445,40.84000015258789
2020-04-16,40.11790466308594,109.41580200195312,256.5602722167969,141.30206298828125,56.5593376159668,41.99858856201172,40.11000061035156
2020-04-17,40.83589172363281,111.20845031738281,263.4913635253906,139.40786743164062,58.542964935302734,42.55641174316406,38.150001525878906
2020-04-20,40.3106575012207,110.01649475097656,258.8491516113281,140.5294952392578,57.18349075317383,41.8746452331543,43.83000183105469
2020-04-21,38.89395523071289,105.896240234375,250.9896697998047,142.29893493652344,55.23404312133789,40.12012481689453,45.40999984741211
2020-04-22,39.95890426635742,108.72128295898438,256.5602722167969,140.84519958496094,56.251529693603516,41.66485595703125,41.97999954223633
2020-04-23,39.915523529052734,108.4303207397461,256.5419006347656,141.59280395507812,56.43107223510742,41.37880325317383,41.380001068115234
2020-04-24,40.56122589111328,110.00709533691406,260.11773681640625,141.9250946044922,57.26045227050781,42.25605392456055,35.93000030517578
2020-04-27,41.009361267089844,111.40550231933594,263.8681640625,139.28334045410156,58.679771423339844,42.6183967590332,33.290000915527344
2020-04-28,40.49617004394531,110.01649475097656,262.65484619140625,140.88665771484375,59.33814239501953,42.05104064941406,33.56999969482422
2020-04-29,41.68880081176758,112.69134521484375,269.53076171875,140.15562438964844,61.57826232910156,43.77695083618164,31.229999542236328
2020-04-30,41.62856674194336,111.63078308105469,267.0212707519531,138.51907348632812,59.83405303955078,43.58147048950195,34.150001525878906
2020-05-01,40.53712844848633,108.89962005615234,259.9522705078125,139.70518493652344,57.46565246582031,42.38478469848633,37.189998626708984
2020-05-04,40.88166046142578,110.36373901367188,260.6693115234375,139.04806518554688,57.38016128540039,42.94737243652344,35.970001220703125
2020-05-05,41.43339920043945,112.10943603515625,263.07769775390625,138.15802001953125,57.61954879760742,43.53855895996094,33.61000061035156
2020-05-06,41.47677230834961,112.0812759399414,261.2943420410156,135.9287567138672,56.9355354309082,43.87705993652344,34.119998931884766
2020-05-07,42.018863677978516,112.88844299316406,264.4474182128906,138.19961547851562,57.61098861694336,44.53500747680664,31.440000534057617
2020-05-08,42.58024978637695,114.17423248291016,268.8229064941406,136.4028778076172,59.39799880981445,45.18818283081055,27.979999542236328
2020-05-11,42.905521392822266,115.7603759765625,268.87811279296875,135.338134765625,58.85078048706055,45.48855209350586,27.56999969482422
2020-05-12,42.05018997192383,113.72373962402344,263.5189514160156,136.727294921875,57.32884979248047,44.54931640625,33.040000915527344
2020-05-13,41.42136001586914,112.61625671386719,258.8584289550781,137.6838836669922,55.49055862426758,43.781715393066406,35.279998779296875
2020-05-14,41.85986328125,113.57357788085938,261.9561767578125,139.03140258789062,56.70468521118164,44.339534759521484,32.61000061035156
2020-05-15,42.19717025756836,114.93446350097656,263.1605224609375,138.6737823486328,56.43962860107422,44.56361389160156,31.889999389648438
2020-05-18,43.15849685668945,116.05132293701172,271.17626953125,135.6292724609375,59.415077209472656,45.65541458129883,29.299999237060547
2020-05-19,42.903099060058594,115.516357421875,268.390869140625,136.1365966796875,58.637027740478516,45.48855209350586,30.530000686645508
2020-05-20,43.63795471191406,116.6520004272461,272.95037841796875,136.54429626464844,59.90245056152344,46.484989166259766,27.989999771118164
2020-05-21,43.35847091674805,115.57266235351562,271.06597900390625,136.88531494140625,59.44928741455078,45.83659362792969,29.530000686645508
2020-05-22,43.53434753417969,116.1170425415039,271.5807189941406,137.70884704589844,59.321041107177734,46.003456115722656,28.15999984741211
2020-05-26,43.61626052856445,115.24418640136719,274.9267272949219,135.8621826171875,61.355979919433594,45.955780029296875,28.010000228881836
2020-05-27,43.9776611328125,116.0794906616211,279.0173645019531,135.61264038085938,63.42511749267578,46.218013763427734,27.6200008392334
2020-05-28,44.05235290527344,116.36105346679688,278.5025939941406,135.113525390625,61.9459342956543,46.127418518066406,28.59000015258789
2020-05-29,44.408935546875,118.18183135986328,279.7435302734375,136.07843017578125,61.903175354003906,46.70907211303711,27.510000228881836
2020-06-01,44.69083023071289,118.82005310058594,280.87420654296875,135.1622772216797,62.159671783447266,46.69477081298828,28.229999542236328
2020-06-02,44.97272491455078,118.94205474853516,283.1998291015625,134.67086791992188,62.81806945800781,47.13340377807617,26.84000015258789
2020-06-03,45.363040924072266,118.79190063476562,286.96875,132.88014221191406,64.32288360595703,47.500518798828125,25.65999984741211
2020-06-04,44.88117218017578,117.44978332519531,286.2149963378906,130.9561309814453,65.21210479736328,47.10955810546875,25.809999465942383
2020-06-05,45.87862777709961,118.80128479003906,293.5506591796875,130.0233154296875,67.42658996582031,48.34915542602539,24.520000457763672
2020-06-08,46.2713623046875,119.74919891357422,297.098876953125,130.5230255126953,68.87157440185547,48.592308044433594,25.809999465942383
2020-06-09,46.317138671875,120.2091064453125,294.88348388671875,132.00555419921875,67.39239501953125,48.821170806884766,27.56999969482422
2020-06-10,46.57734680175781,121.98294830322266,293.238037109375,133.9629364013672,65.83625793457031,49.636444091796875,27.56999969482422
2020-06-11,44.047542572021484,116.31414031982422,276.33319091796875,136.4949493408203,61.01396179199219,46.79011535644531,40.790000915527344
2020-06-12,44.49567794799805,116.78340911865234,279.6424865722656,135.17897033691406,62.24519348144531,47.395626068115234,36.09000015258789
2020-06-15,44.97172927856445,118.53959655761719,282.2530822753906,135.25384521484375,62.827213287353516,47.85331344604492,34.400001525878906
2020-06-16,45.901145935058594,120.72310638427734,287.68572998046875,133.17999267578125,64.0050048828125,48.87361526489258,33.66999816894531
2020-06-17,45.927703857421875,121.07135772705078,286.4908752441406,133.72967529296875,63.19688415527344,48.86406707763672,33.470001220703125
2020-06-18,46.01220703125,121.0901870727539,286.60107421875,135.1455841064453,63.03354263305664,49.0833854675293,32.939998626708984
2020-06-19,45.910804748535156,121.9748764038086,284.9632873535156,135.25384521484375,62.663875579833984,48.74488067626953,35.119998931884766
2020-06-22,46.417762756347656,123.04779815673828,286.7912292480469,135.27056884765625,62.64667892456055,49.66327667236328,31.770000457763672
2020-06-23,46.73883056640625,123.25485229492188,288.111572265625,134.3459930419922,62.65528106689453,50.0218391418457,31.3700008392334
2020-06-24,45.61387634277344,120.90193176269531,280.76220703125,135.7869110107422,60.71233367919922,48.89356231689453,33.84000015258789
2020-06-25,46.137725830078125,122.3513412475586,283.77215576171875,136.17840576171875,61.271148681640625,49.51984786987305,32.220001220703125
2020-06-26,45.061065673828125,119.95134735107422,277.0320739746094,137.6359405517578,59.92140579223633,48.544559478759766,34.72999954223633
2020-06-29,45.51490020751953,120.78899383544922,281.1038513183594,137.20285034179688,61.159400939941406,49.07524108886719,31.780000686645508
2020-06-30,46.33809280395508,123.29251098632812,284.7046813964844,136.53651428222656,62.139442443847656,49.95491027832031,30.43000030517578
2020-07-01,46.987483978271484,124.9677505493164,286.6990051269531,136.27145385742188,61.51185989379883,50.03618621826172,28.6200008392334
2020-07-02,47.209571838378906,125.92778015136719,288.2778015136719,136.41310119628906,61.89871597290039,50.32781982421875,27.68000030517578
2020-07-06,48.20900344848633,128.56301879882812,292.7281188964844,135.85447692871094,62.78421401977539,51.20748519897461,27.940000534057617
2020-07-07,47.85654830932617,128.12066650390625,289.7088317871094,137.7639923095703,61.58063507080078,50.672035217285156,29.43000030517578
2020-07-08,48.51558303833008,129.59829711914062,291.9247741699219,137.21365356445312,61.769775390625,51.499114990234375,28.079999923706055
2020-07-09,48.720787048339844,130.47357177734375,290.26287841796875,139.39840698242188,60.49740982055664,51.685569763183594,29.260000228881836
2020-07-10,48.86320877075195,131.2924041748047,293.2265930175781,138.6979522705078,61.89013671875,51.67122268676758,27.290000915527344
2020-07-13,47.875858306884766,128.5818328857422,290.68756103515625,139.15664672851562,61.735389709472656,50.60032653808594,32.189998626708984
2020-07-14,48.41661071777344,130.32298278808594,294.45458984375,139.35662841796875,62.60367202758789,51.18357849121094,29.520000457763672
2020-07-15,48.631465911865234,130.59591674804688,297.1598205566406,138.7062530517578,63.85884094238281,51.46086120605469,27.760000228881836
2020-07-16,48.28142547607422,129.95596313476562,296.1811218261719,139.36509704589844,64.02217864990234,50.82501220703125,28.0
2020-07-17,48.443172454833984,130.7277069091797,297.0397644042969,139.07318115234375,64.08235931396484,51.07362365722656,25.68000030517578
2020-07-20,49.65744400024414,133.8523712158203,299.4403076171875,139.4150848388672,63.73849868774414,52.37879943847656,24.459999084472656
2020-07-21,49.198768615722656,132.4876708984375,300.077392578125,139.49847412109375,64.305908203125,51.8528938293457,24.84000015258789
2020-07-22,49.50053024291992,133.0994110107422,301.78546142578125,139.91531372070312,64.83892822265625,52.268829345703125,24.31999969482422
2020-07-23,48.39488983154297,130.43594360351562,298.1846618652344,141.5497589111328,64.8045425415039,50.911075592041016,26.079999923706055
2020-07-24,48.11726379394531,128.96771240234375,296.26422119140625,141.54147338867188,63.07651901245117,50.29434585571289,25.84000015258789
2020-07-27,48.83666229248047,131.01947021484375,298.4247741699219,141.01609802246094,63.22266387939453,51.08796310424805,24.739999771118164
2020-07-28,48.361083984375,129.8053436279297,296.531982421875,141.99169921875,62.97334671020508,50.49036407470703,25.440000534057617
2020-07-29,49.00564193725586,131.32064819335938,300.1789245605469,141.7499237060547,63.56655502319336,51.22182846069336,24.100000381469727
2020-07-30,49.16256332397461,131.32064819335938,299.10791015625,142.68386840820312,63.03354263305664,51.50868606567383,24.760000228881836
2020-07-31,49.942298889160156,131.94180297851562,301.47149658203125,142.59207153320312,62.79283142089844,52.79472732543945,24.459999084472656
2020-08-03,50.58686065673828,133.58883666992188,303.5673828125,141.87425231933594,63.145301818847656,54.09511184692383,24.280000686645508
2020-08-04,50.741363525390625,134.13470458984375,304.739990234375,143.2266082763672,63.60954666137695,54.2337532043457,23.760000228881836
2020-08-05,51.035884857177734,134.33238220214844,306.6327209472656,141.974365234375,63.81587600708008,54.43455505371094,22.989999771118164
2020-08-06,51.509037017822266,134.80291748046875,308.6824035644531,142.7674560546875,63.49779510498047,55.199485778808594,22.649999618530273
2020-08-07,51.00691223144531,133.68292236328125,308.90399169921875,141.8157501220703,64.22853088378906,54.377174377441406,22.209999084472656
2020-08-10,50.74620056152344,132.6288299560547,309.8273010253906,141.18130493164062,65.41492462158203,54.22418975830078,22.1299991607666
2020-08-11,49.993003845214844,129.95596313476562,307.26971435546875,139.50335693359375,65.3375473022461,53.248897552490234,24.030000686645508
2020-08-12,51.035884857177734,133.47589111328125,311.5538635253906,138.2344970703125,65.66423797607422,54.45845031738281,22.280000686645508
2020-08-13,51.29659652709961,134.17233276367188,310.9906005859375,136.75685119628906,64.99365234375,54.482357025146484,22.1299991607666
2020-08-14,51.20002746582031,134.06881713867188,310.9998474121094,136.22262573242188,65.36332702636719,54.44411087036133,22.049999237060547
2020-08-17,51.723880767822266,136.5064239501953,311.9877624511719,136.5648193359375,65.24295043945312,54.80745315551758,21.350000381469727
2020-08-18,52.148765563964844,137.39112854003906,312.66180419921875,137.5415802001953,64.83033752441406,55.013023376464844,21.510000228881836
2020-08-19,51.902530670166016,136.70411682128906,311.3599853515625,136.68174743652344,64.78733825683594,54.946102142333984,22.540000915527344
2020-08-20,52.48432922363281,138.30406188964844,312.3293762207031,137.91720581054688,64.26292419433594,55.67756271362305,22.719999313354492
2020-08-21,52.75469970703125,139.0005340576172,313.43731689453125,138.74371337890625,64.22853088378906,56.385128021240234,22.540000915527344
2020-08-24,53.00334548950195,138.54876708984375,316.61334228515625,138.518310546875,65.37193298339844,56.87277603149414,22.3700008392334
2020-08-25,53.40650177001953,139.4617156982422,317.721435546875,137.45806884765625,65.26018524169922,57.15961837768555,22.030000686645508
2020-08-26,54.51456069946289,141.99342346191406,320.9067077636719,136.9321746826172,64.98505401611328,58.321372985839844,23.270000457763672
2020-08-27,54.451778411865234,141.83340454101562,321.6083984375,134.6030731201172,65.13981628417969,58.369171142578125,24.469999313354492
2020-08-28,54.73905944824219,142.43576049804688,323.68585205078125,134.50291442871094,65.8189697265625,58.8807258605957,22.959999084472656
2020-08-31,55.021514892578125,144.4498291015625,322.5132141113281,135.39613342285156,65.20860290527344,59.06718063354492,26.40999984741211
2020-09-01,55.883331298828125,146.12513732910156,325.5509033203125,136.94479370117188,65.10543823242188,60.19544982910156,26.1200008392334
2020-09-02,56.448219299316406,147.1792449951172,330.2596435546875,138.24853515625,66.47236633300781,60.73090744018555,26.56999969482422
2020-09-03,53.6865234375,139.78167724609375,318.89398193359375,138.64137268066406,64.91627502441406,57.26958084106445,33.599998474121094
2020-09-04,52.85609436035156,137.83351135253906,316.2903137207031,136.00877380371094,65.10543823242188,56.47117614746094,30.75
2020-09-08,50.89344024658203,132.00767517089844,307.64837646484375,136.844482421875,63.93621826171875,53.91823196411133,31.459999084472656
2020-09-09,52.32498550415039,136.09228515625,313.7236022949219,136.4767303466797,64.54662322998047,55.67756271362305,28.809999465942383
2020-09-10,51.30142593383789,133.66412353515625,308.27618408203125,137.17039489746094,63.47201156616211,54.42020034790039,29.709999084472656
2020-09-11,51.06968307495117,133.2029266357422,308.4331359863281,137.46298217773438,63.95343017578125,54.004276275634766,26.8700008392334
2020-09-14,51.91701889038086,136.15823364257812,312.49554443359375,137.45460510253906,64.9334716796875,55.137332916259766,25.850000381469727
2020-09-15,52.493988037109375,138.33230590820312,314.0744934082031,137.12030029296875,64.76152801513672,55.682350158691406,25.59000015258789
2020-09-16,51.832523345947266,136.58175659179688,312.8280029296875,136.71075439453125,65.40633392333984,54.82179641723633,26.040000915527344
2020-09-17,51.15174865722656,135.14175415039062,310.0765380859375,137.12860107421875,65.26018524169922,54.36762237548828,26.459999084472656
2020-09-18,50.61582565307617,134.60533142089844,306.5068054199219,136.70236206054688,64.65838623046875,53.43057632446289,25.829999923706055
2020-09-21,50.65204620361328,135.08526611328125,303.095458984375,137.39608764648438,63.09370422363281,53.87473678588867,27.780000686645508
2020-09-22,51.46075439453125,136.14878845214844,306.18243408203125,137.28741455078125,63.145301818847656,54.727603912353516,26.860000610351562
2020-09-23,50.060890197753906,132.376953125,299.0816650390625,137.4713134765625,61.950260162353516,53.02186965942383,28.579999923706055
2020-09-24,50.23264694213867,132.58438110351562,299.87884521484375,137.997802734375,62.114681243896484,53.31893539428711,28.510000228881836
2020-09-25,51.31149673461914,135.7518768310547,304.7269592285156,137.997802734375,62.63387680053711,54.59344482421875,26.3799991607666
2020-09-28,52.17509078979492,137.67506408691406,309.78826904296875,137.6050567626953,63.94055938720703,55.63798904418945,26.190000534057617
2020-09-29,52.03962707519531,137.5902099609375,308.1011657714844,137.76385498046875,63.49056625366211,55.45111846923828,26.270000457763672
2020-09-30,52.465370178222656,138.95712280273438,310.4371643066406,136.4433135986328,63.84537887573242,55.91587829589844,26.3700008392334
2020-10-01,53.13058090209961,140.70118713378906,312.4302062988281,136.66835021972656,64.07035827636719,56.50522994995117,26.700000762939453
2020-10-02,52.06138610839844,137.44876098632812,309.46380615234375,136.1580352783203,64.20014190673828,55.072601318359375,27.6299991607666
2020-10-05,53.08219909667969,140.52207946777344,314.9515380859375,133.4976348876953,65.3424072265625,56.280025482177734,27.959999084472656
2020-10-06,52.24039840698242,138.3443603515625,310.4742431640625,134.21713256835938,64.82320404052734,55.407989501953125,29.479999542236328
2020-10-07,53.20798873901367,140.87086486816406,315.8785705566406,133.23826599121094,66.09526062011719,56.42377853393555,28.059999465942383
2020-10-08,53.41843795776367,141.42710876464844,318.6781005859375,133.95770263671875,67.21159362792969,56.71605682373047,26.360000610351562
2020-10-09,54.231224060058594,143.18055725097656,321.5239562988281,133.93267822265625,66.87408447265625,57.58330154418945,25.0
2020-10-12,55.44071578979492,145.80128479003906,326.6964111328125,134.35935974121094,67.42790985107422,59.154876708984375,25.06999969482422
2020-10-13,55.402008056640625,146.027587890625,324.56439208984375,135.3214569091797,66.77887725830078,58.7763671875,26.06999969482422
2020-10-14,54.961753845214844,145.0659942626953,322.52508544921875,135.63096618652344,66.59717559814453,58.46491241455078,26.399999618530273
2020-10-15,54.66179275512695,144.1138458251953,322.12646484375,135.396728515625,66.96061706542969,58.20140075683594,26.969999313354492
2020-10-16,54.432003021240234,143.802734375,321.9317626953125,135.02024841308594,67.04715728759766,58.03369903564453,27.40999984741211
2020-10-19,53.624046325683594,141.67218017578125,317.037353515625,134.5098876953125,66.41545104980469,56.969993591308594,29.18000030517578
2020-10-20,53.76194381713867,141.3893585205078,318.3073425292969,133.22991943359375,66.63178253173828,57.16645050048828,29.350000381469727
2020-10-21,53.62889099121094,140.61634826660156,317.7046813964844,132.76976013183594,66.35488891601562,57.080204010009766,28.649999618530273
2020-10-22,53.59260940551758,140.484375,319.4474182128906,131.38937377929688,67.29812622070312,56.811885833740234,28.110000610351562
2020-10-23,53.85628128051758,140.85203552246094,320.5321044921875,132.19248962402344,66.84813690185547,56.74959182739258,27.549999237060547
2020-10-26,52.98785400390625,139.27769470214844,314.6086120605469,133.42230224609375,65.23857879638672,55.51820373535156,32.459999084472656
2020-10-27,53.26362228393555,139.49452209472656,313.5240783691406,134.31753540039062,64.10497283935547,55.79609298706055,33.349998474121094
2020-10-28,51.265533447265625,134.81863403320312,302.8081970214844,134.44297790527344,62.25313186645508,53.42914962768555,40.279998779296875
2020-10-29,51.88722229003906,135.54454040527344,305.8857116699219,133.13790893554688,62.971378326416016,54.320335388183594,37.59000015258789
2020-10-30,50.69709014892578,133.1405792236328,302.6968688964844,131.82437133789062,63.16175079345703,53.117698669433594,38.02000045776367
2020-11-02,50.98493957519531,134.19644165039062,306.08966064453125,132.8118896484375,64.42514038085938,53.25185775756836,37.130001068115234
2020-11-03,51.889644622802734,136.6192169189453,311.49395751953125,132.04132080078125,65.67991638183594,54.19097137451172,35.54999923706055
2020-11-04,54.158653259277344,142.75633239746094,318.45550537109375,134.9055938720703,65.75778198242188,56.2991943359375,29.56999969482422
2020-11-05,55.392333984375,145.3865203857422,324.6663513183594,135.14013671875,67.36734771728516,58.048065185546875,27.579999923706055
2020-11-06,55.445552825927734,145.35824584960938,324.5921936035156,133.5070343017578,66.9000473022461,58.25410842895508,24.860000610351562
2020-11-09,54.490047454833984,141.14427185058594,328.6709289550781,130.70130920410156,69.3316879272461,57.832454681396484,25.75
2020-11-10,53.69419860839844,139.39083862304688,328.18890380859375,129.94754028320312,70.27490234375,56.754390716552734,24.799999237060547
2020-11-11,54.698081970214844,142.2283935546875,330.6269226074219,130.41664123535156,70.20568084716797,58.100772857666016,23.450000762939453
2020-11-12,54.378780364990234,141.84190368652344,327.41949462890625,132.63595581054688,68.96823120117188,57.58330154418945,25.350000381469727
2020-11-13,54.79241943359375,142.5017852783203,331.95245361328125,132.46006774902344,70.69027709960938,58.072025299072266,23.100000381469727
2020-11-16,55.08027267456055,142.7280731201172,336.0960388183594,132.1417694091797,72.29981994628906,58.63261795043945,22.450000762939453
2020-11-17,54.98352813720703,142.775146484375,334.2884826660156,133.00448608398438,71.94501495361328,58.30681228637695,22.709999084472656
2020-11-18,54.480369567871094,142.0964813232422,330.2652893066406,133.3897247314453,71.5036849975586,57.68392562866211,23.84000015258789
2020-11-19,54.84080505371094,143.24655151367188,331.65576171875,134.07650756835938,71.72869110107422,58.14868927001953,23.110000610351562
2020-11-20,54.53843688964844,142.55833435058594,329.3846740722656,135.2657928466797,71.38253784179688,57.54975128173828,23.700000762939453
2020-11-23,54.555362701416016,142.64321899414062,331.35919189453125,134.64601135253906,73.09593200683594,57.53538513183594,22.65999984741211
2020-11-24,55.12141418457031,143.35023498535156,336.6985778808594,133.305908203125,74.86123657226562,58.33555221557617,21.639999389648438
2020-11-25,55.382652282714844,144.9340362548828,336.1794738769531,132.89559936523438,74.22087860107422,58.46013259887695,21.25
2020-11-27,55.818077087402344,146.59317016601562,337.1157531738281,134.18533325195312,74.26415252685547,58.77156448364258,20.84000015258789
2020-11-30,55.93659973144531,147.29080200195312,335.623291015625,134.01783752441406,73.53724670410156,59.16447067260742,20.56999969482422
2020-12-01,56.497806549072266,147.38510131835938,339.29412841796875,132.0418243408203,74.36799621582031,59.9215087890625,20.770000457763672
2020-12-02,56.357505798339844,146.6686248779297,340.0079345703125,130.99388122558594,74.94778442382812,59.830474853515625,21.170000076293945
2020-12-03,56.355079650878906,147.1305389404297,339.91522216796875,132.05018615722656,75.44103240966797,59.792152404785156,21.280000686645508
2020-12-04,56.71793746948242,147.8941650390625,342.8445129394531,130.1136016845703,76.85155487060547,60.39107131958008,20.790000915527344
2020-12-07,56.913875579833984,149.223388671875,342.1400146484375,131.28729248046875,76.25446319580078,60.56356430053711,21.299999237060547
2020-12-08,57.124324798583984,149.89271545410156,343.14111328125,131.90771484375,76.8342514038086,60.760009765625,20.68000030517578
2020-12-09,56.142215728759766,146.22549438476562,340.06353759765625,131.4717559814453,76.74769592285156,59.595699310302734,22.270000457763672
2020-12-10,56.316383361816406,147.7527618408203,339.9522705078125,132.63710021972656,76.20252227783203,59.68194580078125,22.520000457763672
2020-12-11,56.23413848876953,147.56422424316406,339.5537109375,133.10658264160156,75.72657012939453,59.557369232177734,23.309999465942383
2020-12-14,56.4119758605957,148.4993438720703,338.033447265625,132.73768615722656,75.24336242675781,59.77298355102539,24.719999313354492
2020-12-15,57.066158294677734,149.9067840576172,342.603515625,132.29336547851562,76.06179809570312,60.769588470458984,22.889999389648438
2020-12-16,57.373863220214844,150.59634399414062,343.14111328125,131.94125366210938,75.84412384033203,61.1816520690918,22.5
2020-12-17,57.90688705444336,152.61778259277344,345.05999755859375,131.59213256835938,75.87895965576172,61.66558837890625,21.93000030517578
2020-12-18,57.85602569580078,152.93893432617188,343.6821594238281,131.1976318359375,74.95604705810547,61.449981689453125,21.56999969482422
2020-12-21,57.81724548339844,152.84446716308594,342.45330810546875,131.71800231933594,74.55554962158203,61.511444091796875,25.15999984741211
2020-12-22,58.08134460449219,153.8268585205078,341.8761901855469,132.39779663085938,73.88512420654297,62.04453659057617,24.229999542236328
2020-12-23,57.700958251953125,152.34381103515625,342.1833801269531,131.48306274414062,74.58168029785156,61.57388687133789,23.309999465942383
2020-12-24,57.972312927246094,152.77835083007812,343.5146484375,132.0033416748047,74.68612670898438,61.98210525512695,21.530000686645508
2020-12-28,58.45204162597656,152.08880615234375,346.4656677246094,132.0621337890625,74.72966766357422,62.68328094482422,21.700000762939453
2020-12-29,58.33090591430664,151.64483642578125,345.8047180175781,131.89419555664062,74.62516784667969,62.3855094909668,23.079999923706055
2020-12-30,58.29213333129883,152.20216369628906,346.298095703125,132.1795654296875,74.96475982666016,62.351898193359375,22.770000457763672
2020-12-31,58.42538833618164,152.35330200195312,348.0575866699219,132.37261962890625,75.67001342773438,62.44315719604492,22.75
2021-01-04,57.60161209106445,151.20089721679688,343.31915283203125,132.21310424804688,74.99960327148438,61.42500305175781,26.969999313354492
2021-01-05,57.90205383300781,152.570556640625,345.6836242675781,131.23121643066406,75.9225082397461,61.8235969543457,25.34000015258789
2021-01-06,57.257568359375,151.3898162841797,347.75030517578125,128.53732299804688,77.89892578125,60.757442474365234,25.06999969482422
2021-01-07,58.55866241455078,156.0749969482422,352.91705322265625,127.40435791015625,78.90888977050781,62.3951301574707,22.3700008392334
2021-01-08,59.164371490478516,158.65374755859375,354.92791748046875,126.99313354492188,78.55193328857422,62.79853057861328,21.559999465942383
2021-01-11,58.454471588134766,156.7078399658203,352.5353698730469,126.7833251953125,79.09173583984375,62.27986526489258,24.079999923706055
2021-01-12,58.33090591430664,157.6335906982422,352.60980224609375,126.68260955810547,80.13652801513672,61.98210525512695,23.329999923706055
2021-01-13,58.6119499206543,158.18141174316406,353.5594177246094,128.10931396484375,80.37164306640625,62.37591552734375,22.209999084472656
2021-01-14,58.083770751953125,157.25570678710938,352.3212585449219,126.90922546386719,81.79082489013672,61.828426361083984,23.25
2021-01-15,57.77121353149414,155.52713012695312,349.7518615722656,127.41271209716797,80.75472259521484,61.19448471069336,24.34000015258789
2021-01-19,58.43750762939453,157.2935333251953,352.49810791015625,127.8239974975586,81.47737121582031,61.991703033447266,23.239999771118164
2021-01-20,59.68044662475586,160.46734619140625,357.3761901855469,127.9498291015625,81.88660430908203,63.22117614746094,21.579999923706055
2021-01-21,60.01237487792969,161.11911010742188,357.70196533203125,127.05184936523438,82.19133758544922,64.03760528564453,21.31999969482422
2021-01-22,59.98573303222656,161.17578125,356.43603515625,127.463134765625,80.98111724853516,63.79267883300781,21.90999984741211
2021-01-25,60.42427444458008,161.6764373779297,357.8417053222656,128.96533203125,80.78955078125,64.32575225830078,23.190000534057617
2021-01-26,60.35643005371094,159.9383544921875,357.28314208984375,128.721923828125,80.6328353881836,64.36898040771484,23.020000457763672
2021-01-27,58.84939956665039,154.49749755859375,348.55096435546875,129.04920959472656,78.93502807617188,63.153926849365234,37.209999084472656
2021-01-28,59.17164993286133,157.05738830566406,351.5486145019531,128.3358612060547,79.35293579101562,63.41326904296875,30.209999084472656
2021-01-29,57.96503829956055,154.78091430664062,344.5107421875,127.5638198852539,78.16881561279297,61.919673919677734,33.09000015258789
2021-02-01,59.191017150878906,158.59703063964844,350.24530029296875,127.71170043945312,79.15270233154297,63.47090530395508,30.239999771118164
2021-02-02,60.17713165283203,161.82752990722656,355.1978759765625,126.8882827758789,79.90145874023438,64.33055114746094,25.559999465942383
2021-02-03,60.039039611816406,161.35523986816406,355.4771423339844,125.76235961914062,80.26713562011719,64.10964965820312,22.90999984741211
2021-02-04,60.676246643066406,163.16888427734375,359.5173645019531,125.42626953125,81.33805847167969,65.13258361816406,21.770000457763672
2021-02-05,60.92338180541992,164.46292114257812,360.9324035644531,124.3760757446289,81.5905532836914,64.98851776123047,20.8700008392334
2021-02-08,61.28438949584961,166.059326171875,363.5390930175781,124.92215728759766,82.879150390625,65.67050170898438,21.239999771118164
2021-02-09,61.25046920776367,165.96485900878906,363.2969055175781,125.01460266113281,82.879150390625,65.5936508178711,21.6299991607666
2021-02-10,61.148719787597656,165.39813232421875,363.1387023925781,125.84636688232422,82.89656829833984,65.4975814819336,21.989999771118164
2021-02-11,61.388580322265625,166.9377899169922,363.7251892089844,125.15742492675781,83.3057861328125,66.21797180175781,21.25
2021-02-12,61.70840072631836,168.17523193359375,365.52191162109375,123.60302734375,83.93265533447266,66.5589599609375,19.969999313354492
2021-02-16,61.41765594482422,167.74069213867188,365.205322265625,121.72093963623047,83.98489379882812,66.34286499023438,21.459999084472656
2021-02-17,61.24563980102539,166.31436157226562,365.2892150878906,122.49398803710938,84.13290405273438,65.7569351196289,21.5
2021-02-18,61.03726577758789,165.14306640625,363.7345275878906,121.99822235107422,83.7411117553711,65.4351577758789,22.489999771118164
2021-02-19,60.668975830078125,164.93527221679688,363.0921325683594,120.37661743164062,84.57698059082031,65.33911895751953,22.049999237060547
2021-02-22,59.37516403198242,159.05044555664062,360.2993469238281,119.46080780029297,84.37670135498047,63.89832305908203,23.450000762939453
2021-02-23,59.212825775146484,157.6713409423828,360.7369689941406,119.1163330078125,84.40283203125,63.72062683105469,23.110000610351562
2021-02-24,59.61018371582031,158.75762939453125,364.7120056152344,118.33495330810547,86.36183166503906,64.6955795288086,21.34000015258789
2021-02-25,57.77606964111328,152.64608764648438,355.9239501953125,116.40248107910156,83.88041687011719,62.43354034423828,28.889999389648438
2021-02-26,57.94809341430664,153.87408447265625,354.0900573730469,120.2506332397461,83.56697845458984,62.76494216918945,27.950000762939453
2021-03-01,59.484188079833984,158.59703063964844,362.67327880859375,118.66236114501953,85.59565734863281,64.78679656982422,23.350000381469727
2021-03-02,58.720985412597656,155.72549438476562,359.8432312011719,118.67083740234375,85.12548065185547,63.759056091308594,24.100000381469727
2021-03-03,57.126731872558594,149.46282958984375,355.0768127441406,117.38372802734375,85.05583953857422,62.15499496459961,26.670000076293945
2021-03-04,56.121238708496094,145.34442138671875,350.682861328125,116.62663269042969,83.77595520019531,60.78145217895508,28.56999969482422
2021-03-05,56.95954513549805,146.66683959960938,357.1341552734375,116.85377502441406,85.98745727539062,61.92927169799805,24.65999984741211
2021-03-08,55.73599624633789,141.6888427734375,355.3560485839844,115.94525909423828,86.7362289428711,60.430870056152344,25.469999313354492
2021-03-09,57.56526565551758,148.77325439453125,360.4296569824219,117.55195617675781,87.10191345214844,62.48637771606445,24.030000686645508
2021-03-10,57.50469207763672,148.46156311035156,362.67327880859375,117.78753662109375,88.11186981201172,62.236629486083984,22.559999465942383
2021-03-11,58.71372604370117,153.4301300048828,366.3504638671875,116.93785095214844,88.56462860107422,63.56693649291992,21.90999984741211
2021-03-12,58.38905715942383,152.0415802001953,366.8437805175781,114.45629119873047,89.53107452392578,63.11070251464844,20.690000534057617
2021-03-15,58.94147491455078,153.7512664794922,369.0315246582031,115.12928009033203,90.32341003417969,63.78306579589844,20.030000686645508
2021-03-16,59.10621643066406,153.13729858398438,368.5660400390625,114.66658020019531,89.96641540527344,64.26331329345703,19.790000915527344
2021-03-17,59.164371490478516,153.59072875976562,369.82281494140625,113.80854797363281,90.97640228271484,64.21049499511719,19.229999542236328
2021-03-18,57.66218948364258,148.41433715820312,364.4420166015625,112.65609741210938,89.97512817382812,62.42873764038086,21.579999923706055
2021-03-19,57.82936477661133,149.80288696289062,363.7677001953125,113.35425567626953,89.98383331298828,62.2414436340332,20.950000762939453
2021-03-22,58.68947982788086,151.91876220703125,366.67242431640625,114.6245346069336,90.3930435180664,63.465309143066406,18.8799991607666
2021-03-23,58.48838806152344,151.12535095214844,363.7864074707031,115.65924835205078,88.17284393310547,63.0706672668457,20.299999237060547
2021-03-24,57.671875,147.38473510742188,361.9370422363281,116.2817153930664,87.37181854248047,62.305442810058594,21.200000762939453
2021-03-25,57.631099700927734,147.1031036376953,363.9731750488281,115.3648452758789,88.47924041748047,62.2669563293457,19.809999465942383
2021-03-26,58.55802917480469,149.72113037109375,369.8385925292969,114.96102905273438,90.06248474121094,63.850341796875,18.860000610351562
2021-03-29,58.5070686340332,148.72872924804688,369.6517639160156,113.9852294921875,89.3714599609375,63.518245697021484,20.739999771118164
2021-03-30,58.21589279174805,148.92723083496094,368.67108154296875,114.58248138427734,89.88755798339844,62.916664123535156,19.610000610351562
2021-03-31,58.97294998168945,152.03675842285156,370.1654052734375,113.94313049316406,89.62510681152344,63.917694091796875,19.399999618530273
2021-04-01,59.90471267700195,154.44688415527344,374.1628723144531,115.83427429199219,90.5436019897461,65.20269775390625,17.329999923706055
2021-04-05,60.940818786621094,156.6396026611328,379.5333251953125,115.32884216308594,91.7419662475586,66.55024719238281,17.90999984741211
2021-04-06,60.98206329345703,157.59420776367188,379.3092041015625,116.11225128173828,91.55827331542969,66.2663345336914,18.1200008392334
2021-04-07,61.122806549072266,157.5092010498047,379.7481384277344,115.30359649658203,91.42707061767578,66.61762237548828,17.15999984741211
2021-04-08,61.777957916259766,159.9854736328125,381.5506286621094,116.25546264648438,91.33960723876953,67.5801773071289,16.950000762939453
2021-04-09,62.30934524536133,161.02513122558594,384.3245849609375,115.83427429199219,91.84693908691406,68.22990417480469,16.690000534057617
2021-04-12,62.345741271972656,161.77182006835938,384.46478271484375,115.78375244140625,91.48831176757812,67.90264892578125,16.90999984741211
2021-04-13,62.99119186401367,164.947509765625,385.6042175292969,116.65133666992188,90.77102661132812,68.54271697998047,16.649999618530273
2021-04-14,62.345741271972656,162.49951171875,384.28729248046875,116.28071594238281,90.94598388671875,67.81600952148438,16.989999771118164
2021-04-15,63.35515213012695,165.87376403808594,388.4154968261719,118.22660827636719,91.3658218383789,68.98069763183594,16.56999969482422
2021-04-16,63.43037796020508,165.37281799316406,389.7137145996094,117.30839538574219,91.7419662475586,68.96625518798828,16.25
2021-04-19,62.920814514160156,163.0760955810547,387.7991027832031,116.97148895263672,91.1296615600586,68.3935317993164,17.290000915527344
2021-04-20,62.54471969604492,161.5449676513672,384.9597473144531,117.51055908203125,89.93125915527344,67.78714752197266,18.68000030517578
2021-04-21,63.05669403076172,162.9154052734375,388.6023254394531,117.74647521972656,91.43582916259766,68.47055053710938,17.5
2021-04-22,62.5131721496582,161.81903076171875,385.0531311035156,118.26029205322266,90.57859802246094,67.66681671142578,18.709999084472656
2021-04-23,63.31391525268555,164.40878295898438,389.2279968261719,117.98228454589844,91.2171401977539,68.67748260498047,17.329999923706055
2021-04-26,63.65116882324219,165.9777069091797,390.0406799316406,117.8138656616211,91.46207427978516,69.02881622314453,17.639999389648438
2021-04-27,63.469207763671875,165.42953491210938,389.95660400390625,116.78614044189453,91.6282730102539,68.86039733886719,17.559999465942383
2021-04-28,63.27993392944336,164.78680419921875,389.8444519042969,116.8619384765625,91.43582916259766,68.22026824951172,17.280000686645508
2021-04-29,63.41096115112305,164.0684814453125,392.3288269042969,116.5165786743164,92.02190399169922,68.16252136230469,17.610000610351562
2021-04-30,63.02515411376953,162.7642059326172,389.7510681152344,116.78614044189453,91.2171401977539,67.23367309570312,18.610000610351562
2021-05-03,62.7873649597168,161.64891052246094,390.59173583984375,116.85615539550781,91.96065521240234,67.04598999023438,18.309999465942383
2021-05-04,61.8555908203125,158.49212646484375,388.1820373535156,117.64923858642578,91.80320739746094,65.84281158447266,19.479999542236328
2021-05-05,61.561988830566406,157.63201904296875,388.30340576171875,117.84314727783203,92.50299835205078,65.68397521972656,19.149999618530273
2021-05-06,61.88471603393555,157.87777709960938,391.404296875,118.03720092773438,93.45643615722656,66.34333038330078,18.389999389648438
2021-05-07,62.345741271972656,159.4656219482422,394.25286865234375,117.45516204833984,94.34869384765625,66.91123962402344,16.690000534057617
2021-05-10,61.103397369384766,155.41094970703125,390.348876953125,116.26566314697266,93.70137786865234,65.22195434570312,19.65999984741211
2021-05-11,60.86802673339844,155.7322998046875,386.8651123046875,115.60762786865234,92.48551177978516,65.02462768554688,21.84000015258789
2021-05-12,59.34662628173828,150.930908203125,378.64605712890625,114.39286041259766,90.13248443603516,63.19580841064453,27.59000015258789
2021-05-13,59.887733459472656,151.37515258789062,383.1944885253906,114.56996154785156,91.66326141357422,64.033203125,23.1299991607666
2021-05-14,61.01118469238281,154.9289093017578,389.07855224609375,115.6413345336914,93.02783966064453,65.44334411621094,18.809999465942383
2021-05-17,60.72243881225586,153.9365234375,388.0885314941406,115.396728515625,93.2290267944336,64.96206665039062,19.719999313354492
2021-05-18,60.382728576660156,153.1709442138672,384.744873046875,115.10147857666016,92.04815673828125,64.44229125976562,21.34000015258789
2021-05-19,60.37544631958008,153.20875549316406,383.7362365722656,114.8230972290039,91.78571319580078,64.66848754882812,22.18000030517578
2021-05-20,61.40428161621094,156.62069702148438,387.8644714355469,115.76791381835938,92.51174926757812,65.90538024902344,20.670000076293945
2021-05-21,61.11552429199219,156.00637817382812,387.5469055175781,116.13912963867188,92.90538024902344,65.54441833496094,20.149999618530273
2021-05-24,61.96236038208008,158.6905975341797,391.49761962890625,116.56929016113281,93.49143981933594,66.70909881591797,18.399999618530273
2021-05-25,62.044864654541016,158.96470642089844,390.6289978027344,117.64923858642578,92.67794799804688,66.72832489013672,18.84000015258789
2021-05-26,62.217140197753906,160.1461944580078,391.404296875,117.44670867919922,93.16780090332031,66.72352600097656,17.360000610351562
2021-05-27,61.935672760009766,161.0440216064453,391.6097412109375,116.97429656982422,94.04253387451172,66.37218475341797,16.739999771118164
2021-05-28,62.15163040161133,161.0440216064453,392.3101806640625,116.78866577148438,93.81509399414062,66.60801696777344,16.760000228881836
2021-06-01,61.838619232177734,162.18765258789062,391.9647216796875,116.76250457763672,94.18248748779297,66.28075408935547,17.899999618530273
2021-06-02,61.96477508544922,161.75286865234375,392.5810241699219,117.03282165527344,94.49739074707031,66.73796081542969,17.479999542236328
2021-06-03,61.44551467895508,160.7037811279297,391.12408447265625,116.59355163574219,94.54113006591797,66.11713409423828,18.040000915527344
2021-06-04,62.299644470214844,162.3010711669922,394.7012023925781,118.19024658203125,95.10095977783203,67.38768768310547,16.420000076293945
2021-06-07,62.4913215637207,162.36721801757812,394.3182678222656,117.82698822021484,94.87352752685547,67.37322998046875,16.420000076293945
2021-06-08,62.615074157714844,162.27276611328125,394.40228271484375,118.6549072265625,94.75981903076172,67.3780517578125,17.06999969482422
2021-06-09,62.619937896728516,160.94004821777344,393.8139343261719,119.70246887207031,94.2087173461914,67.42620086669922,17.889999389648438
2021-06-10,63.29091262817383,160.79437255859375,395.64453125,120.4205322265625,94.11119842529297,67.92190551757812,16.100000381469727
2021-06-11,63.42695999145508,161.58889770507812,396.2983703613281,120.22627258300781,94.41873168945312,68.32616424560547,15.649999618530273
2021-06-14,64.00270080566406,160.93624877929688,397.185546875,119.30545806884766,93.69818115234375,69.01919555664062,16.389999389648438
2021-06-15,63.64802932739258,160.12281799316406,396.4571228027344,119.16173553466797,93.89152526855469,68.59566497802734,17.020000457763672
2021-06-16,63.38322067260742,159.72560119628906,394.2434997558594,119.0604248046875,92.98641204833984,68.22509002685547,18.149999618530273
2021-06-17,64.17032623291016,158.20277404785156,394.11279296875,120.8429946899414,91.63319396972656,69.01436614990234,17.75
2021-06-18,63.7621955871582,156.01785278320312,388.7960510253906,123.11549377441406,89.875732421875,68.3839111328125,20.700000762939453
2021-06-21,64.28205871582031,158.54327392578125,394.3620910644531,121.0541763305664,91.44866180419922,69.11678314208984,17.889999389648438
2021-06-22,64.93312072753906,159.64990234375,396.4703369140625,121.34986877441406,91.44866180419922,69.74357604980469,16.65999984741211
2021-06-23,64.92826843261719,160.8417205810547,395.9925537109375,121.03726196289062,91.33441925048828,69.66645050048828,16.31999969482422
2021-06-24,65.25379180908203,162.8563232421875,398.3350830078125,121.23155212402344,92.10771179199219,70.10520935058594,15.970000267028809
2021-06-25,65.36553192138672,163.21578979492188,399.75,119.9728012084961,92.52947998046875,70.02323150634766,15.619999885559082
2021-06-28,65.8927001953125,163.4805908203125,400.55584716796875,121.20622253417969,92.3537368774414,70.756103515625,15.760000228881836
2021-06-29,66.11620330810547,163.68869018554688,400.77142333984375,121.40898895263672,92.02862548828125,71.27202606201172,16.020000457763672
2021-06-30,65.95101165771484,164.03868103027344,401.1087341308594,121.9496841430664,92.31858825683594,71.19488525390625,15.829999923706055
2021-07-01,66.16477966308594,164.32241821289062,403.3294677734375,121.95645904541016,92.63493347167969,71.3154067993164,15.479999542236328
2021-07-02,66.89359283447266,164.5021514892578,406.4123840332031,122.69239044189453,92.60858154296875,72.255615234375,15.069999694824219
2021-07-06,67.26041412353516,162.74285888671875,405.672119140625,124.13050079345703,91.35202026367188,72.53042602539062,16.440000534057617
2021-07-07,67.47661590576172,162.09963989257812,407.10577392578125,125.23019409179688,91.35202026367188,72.92578887939453,16.200000762939453
2021-07-08,67.01506042480469,160.198486328125,403.7886962890625,125.72080993652344,90.35027313232422,72.23631286621094,19.0
2021-07-09,67.55435180664062,163.4900360107422,408.0989990234375,123.95286560058594,91.91438293457031,72.90167999267578,16.18000030517578
2021-07-12,67.67337799072266,165.25880432128906,409.5608215332031,123.7921142578125,92.3361587524414,72.95954895019531,16.170000076293945
2021-07-13,67.57623291015625,163.55630493164062,408.1645812988281,122.84469604492188,91.43987274169922,73.25847625732422,17.1200008392334
2021-07-14,67.66610717773438,162.36451721191406,408.7737731933594,124.24040985107422,91.41351318359375,73.79850006103516,16.329999923706055
2021-07-15,67.26041412353516,161.98617553710938,407.3775634765625,125.61079406738281,91.00049591064453,73.19098663330078,17.010000228881836
2021-07-16,66.81341552734375,160.17962646484375,404.1821594238281,125.37395477294922,89.85816955566406,72.46775817871094,18.450000762939453
2021-07-19,66.0943374633789,157.9757843017578,398.21331787109375,128.12327575683594,88.3731460571289,71.46968841552734,22.5
2021-07-20,67.13652038574219,161.62677001953125,403.9197998046875,126.88821411132812,90.10420989990234,72.53042602539062,19.729999542236328
2021-07-21,67.62237548828125,164.39810180664062,407.19012451171875,125.2809066772461,91.2114028930664,73.22956848144531,17.90999984741211
2021-07-22,68.06938171386719,163.84950256347656,408.0428161621094,126.46519470214844,90.64022827148438,73.76956939697266,17.690000534057617
2021-07-23,69.02167510986328,165.3911895751953,412.24072265625,125.61929321289062,90.80720520019531,74.50244140625,17.200000762939453
2021-07-26,69.04109954833984,166.04388427734375,413.252685546875,125.24702453613281,91.36079406738281,74.46388244628906,17.579999923706055
2021-07-27,68.38031768798828,164.3602752685547,411.36932373046875,126.5835952758789,90.96536254882812,73.75991821289062,19.360000610351562
2021-07-28,68.518798828125,165.4952850341797,411.2005920410156,126.59207916259766,91.06201934814453,73.66832733154297,18.309999465942383
2021-07-29,68.63539123535156,166.5356903076172,412.9060974121094,125.88995361328125,92.1692123413086,74.01066589355469,17.700000762939453
2021-07-30,68.18113708496094,165.55201721191406,410.90081787109375,126.48218536376953,91.67713928222656,73.96241760253906,18.239999771118164
2021-08-02,68.08637237548828,165.41961669921875,410.0387268066406,127.61022186279297,91.57168579101562,73.69727325439453,19.459999084472656
2021-08-03,68.53824615478516,167.33021545410156,413.3746032714844,127.6780014038086,92.66130065917969,74.16975402832031,18.040000915527344
2021-08-04,68.5940933227539,167.00863647460938,411.3411560058594,127.94056701660156,91.2377700805664,74.3192138671875,17.969999313354492
2021-08-05,69.0629653930664,169.04220581054688,413.94610595703125,127.28846740722656,91.67713928222656,74.72907257080078,17.280000686645508
2021-08-06,68.79815673828125,169.9691162109375,414.6302490234375,125.16258239746094,92.37133026123047,74.6663818359375,16.149999618530273
2021-08-09,68.79572296142578,171.42575073242188,414.29290771484375,124.71366119384766,92.1692123413086,74.42529296875,16.719999313354492
2021-08-10,68.4896240234375,171.99325561523438,414.80816650390625,124.13776397705078,92.79312133789062,73.89009857177734,16.790000915527344
2021-08-11,68.38761138916016,171.8703155517578,415.83892822265625,124.06151580810547,93.43458557128906,73.89974975585938,16.170000076293945
2021-08-12,68.74470520019531,172.15406799316406,417.0852355957031,123.8582763671875,93.01277923583984,74.32405853271484,15.59000015258789
2021-08-13,68.90506744384766,171.3311767578125,417.8442077636719,125.81477355957031,92.95128631591797,74.72907257080078,15.449999809265137
2021-08-16,69.05323791503906,169.9501953125,418.828125,126.1196517944336,92.89855194091797,75.06656646728516,16.1200008392334
2021-08-17,68.41433715820312,167.8599395751953,416.0826110839844,126.06885528564453,92.12525939941406,74.444580078125,17.90999984741211
2021-08-18,67.78271484375,166.60191345214844,411.528564453125,126.49237823486328,91.16746520996094,73.41759490966797,21.56999969482422
2021-08-19,67.9964828491211,164.9656219482422,412.1657409667969,127.42391967773438,90.4205551147461,74.1360092163086,21.670000076293945
2021-08-20,68.72042083740234,166.16680908203125,415.4454345703125,127.50868225097656,90.93022918701172,75.0906753540039,18.559999465942383
2021-08-23,69.59740447998047,169.37327575683594,419.09979248046875,127.42391967773438,91.7034912109375,76.059814453125,17.149999618530273
2021-08-24,69.75288391113281,170.70689392089844,419.76519775390625,126.43305969238281,92.23951721191406,75.9730453491211,17.219999313354492
2021-08-25,69.86705780029297,172.10678100585938,420.6460266113281,125.3828125,92.67887878417969,75.92961883544922,16.790000915527344
2021-08-26,69.45894622802734,171.05686950683594,418.162841796875,125.72996520996094,91.79137420654297,75.4522933959961,18.84000015258789
2021-08-27,70.14157104492188,173.42149353027344,421.90155029296875,126.58548736572266,92.73160552978516,76.18034362792969,16.389999389648438
2021-08-30,70.86795806884766,172.91075134277344,423.75701904296875,126.91578674316406,92.30980682373047,76.99999237060547,16.190000534057617
2021-08-31,70.66874694824219,172.37159729003906,423.129150390625,126.05184936523438,92.3801040649414,76.5949935913086,16.479999542236328
2021-09-01,70.84851837158203,172.1824188232422,423.3541259765625,126.26304626464844,91.8089370727539,76.6142578125,16.110000610351562
2021-09-02,70.83635711669922,172.9674835205078,424.6565246582031,126.81425476074219,92.56465148925781,76.53231811523438,16.40999984741211
2021-09-03,71.10115814208984,173.18504333496094,424.5534362792969,125.66092681884766,92.09012603759766,76.83607482910156,16.40999984741211
2021-09-07,71.0671615600586,173.21337890625,423.0354309082031,124.60090637207031,91.43987274169922,76.85536193847656,18.139999389648438
2021-09-08,70.85579681396484,171.67166137695312,422.52008056640625,125.44889831542969,91.14989471435547,76.56124877929688,17.959999084472656
2021-09-09,70.58370971679688,172.3337860107422,420.7116394042969,126.96693420410156,90.83355712890625,76.2719497680664,18.799999237060547
2021-09-10,70.0298080444336,171.18930053710938,417.3945007324219,125.84747314453125,90.21843719482422,75.51979064941406,20.950000762939453
2021-09-13,69.90593719482422,171.5770721435547,418.4626770019531,126.61067199707031,91.20262908935547,75.54391479492188,19.3700008392334
2021-09-14,69.75045013427734,170.27182006835938,416.2044372558594,128.1456756591797,90.14814758300781,75.44744873046875,19.459999084472656
2021-09-15,70.30191802978516,172.5513458251953,419.6807556152344,127.69619750976562,91.31684112548828,76.1080093383789,18.18000030517578
2021-09-16,70.39178466796875,172.57022094726562,419.0155029296875,127.11106872558594,91.06201934814453,76.15139770507812,18.690000534057617
2021-09-17,69.5804214477539,171.2270965576172,414.93389892578125,126.50045013427734,90.5084228515625,74.9653091430664,20.809999465942383
2021-09-20,68.26615142822266,166.66812133789062,408.0152282714844,128.0693359375,88.81248474121094,73.59986114501953,25.709999084472656
2021-09-21,68.44107055664062,166.6775665283203,407.6297607421875,127.95909118652344,88.35556030273438,73.62885284423828,24.360000610351562
2021-09-22,69.08238983154297,169.48675537109375,411.60614013671875,128.7223663330078,89.26942443847656,74.6383056640625,20.8700008392334
2021-09-23,69.77474212646484,172.97694396972656,416.6071472167969,125.81355285644531,90.49961853027344,75.63813018798828,18.6299991607666
2021-09-24,69.84481811523438,173.3218536376953,417.2933654785156,124.58392333984375,90.6049575805664,75.6912612915039,17.75
2021-09-27,69.24625396728516,173.7672119140625,416.0995178222656,124.1259994506836,91.56968688964844,74.95709228515625,18.760000228881836
2021-09-28,67.2802505493164,169.50306701660156,407.71435546875,122.19249725341797,90.49874877929688,72.73528289794922,23.25
2021-09-29,67.21940612792969,168.22390747070312,408.4006042480469,122.40451049804688,90.56957244873047,72.64351654052734,22.559999465942383
2021-09-30,66.67923736572266,166.39505004882812,403.40899658203125,122.38755798339844,89.12689208984375,72.12188720703125,23.139999389648438
2021-10-01,67.39218139648438,168.0817413330078,408.2031555175781,123.41748809814453,89.93230438232422,73.20863342285156,21.100000381469727
2021-10-04,65.93710327148438,165.7886199951172,402.93902587890625,123.10332489013672,89.7287368774414,71.51329803466797,22.959999084472656
2021-10-05,66.78144073486328,168.1101837158203,407.1315612792969,121.91461944580078,90.40140533447266,72.5324478149414,21.299999237060547
2021-10-06,67.21697998046875,167.9869842529297,408.8236083984375,122.60237884521484,90.07391357421875,73.00577545166016,21.0
2021-10-07,67.92745971679688,169.92007446289062,412.35821533203125,121.32022857666016,91.09175872802734,73.67231750488281,19.540000915527344
2021-10-08,67.63304901123047,169.62628173828125,411.60614013671875,120.47113037109375,91.07405090332031,73.39701080322266,18.770000457763672
2021-10-11,67.21455383300781,168.24282836914062,408.626220703125,120.16545104980469,90.4456558227539,72.99127960205078,20.0
2021-10-12,67.19750213623047,168.4038848876953,407.62042236328125,122.22026062011719,89.9588623046875,72.61454010009766,19.850000381469727
2021-10-13,67.68170928955078,169.13357543945312,409.08685302734375,123.40904235839844,89.93230438232422,73.05889129638672,18.639999389648438
2021-10-14,68.84234619140625,172.3363494873047,415.9679870605469,123.86750793457031,91.53428649902344,74.70594787597656,16.860000610351562
2021-10-15,69.39710235595703,174.2978973388672,419.1358642578125,123.14579772949219,92.01223754882812,75.30487060546875,16.299999237060547
2021-10-18,70.04190826416016,175.61500549316406,420.376708984375,123.72315979003906,91.77326965332031,75.94242095947266,16.309999465942383
2021-10-19,70.54803466796875,176.46783447265625,423.6198425292969,122.01646423339844,92.31316375732422,76.69591522216797,15.699999809265137
2021-10-20,70.45555877685547,176.685791015625,425.28369140625,121.19286346435547,93.26017761230469,76.48340606689453,15.489999771118164
2021-10-21,70.98113250732422,177.08377075195312,426.3930358886719,121.04850006103516,92.93270874023438,76.77803039550781,15.010000228881836
2021-10-22,70.62588500976562,177.00794982910156,425.95123291015625,122.3816146850586,92.33085632324219,76.51236724853516,15.430000305175781
2021-10-25,71.2025375366211,179.94541931152344,428.2353820800781,122.19482421875,92.49018859863281,76.76354217529297,15.239999771118164
2021-10-26,71.30718231201172,179.67063903808594,428.6208801269531,123.20525360107422,91.8883285522461,76.98087310791016,15.979999542236328
2021-10-27,71.33151245117188,177.47230529785156,426.72198486328125,125.44688415527344,90.41910552978516,76.91326141357422,16.979999542236328
2021-10-28,72.13204193115234,180.36239624023438,430.83935546875,125.02235412597656,91.54313659667969,77.6860580444336,16.530000686645508
2021-10-29,72.5091781616211,180.68455505371094,431.71368408203125,125.40440368652344,91.33956909179688,78.01932525634766,16.260000228881836
2021-11-01,72.50432586669922,182.5418243408203,432.45623779296875,124.50151824951172,92.47247314453125,77.90341186523438,16.40999984741211
2021-11-02,72.77438354492188,182.5133819580078,434.2047424316406,125.05414581298828,92.70257568359375,78.58927154541016,16.030000686645508
2021-11-03,73.35348510742188,183.59364318847656,436.8556213378906,123.76184844970703,93.59651184082031,79.04813385009766,15.100000381469727
2021-11-04,74.16374969482422,182.9019012451172,438.914306640625,125.06271362304688,93.46375274658203,80.28461456298828,15.4399995803833
2021-11-05,74.2440414428711,182.6650390625,440.4371643066406,126.93299102783203,94.32227325439453,80.69999694824219,16.479999542236328
2021-11-08,74.30487823486328,183.1671905517578,440.81317138671875,126.69500732421875,94.66744232177734,81.13468933105469,17.219999313354492
2021-11-09,73.94232940673828,180.3907928466797,439.35614013671875,128.3443603515625,94.55239868164062,80.80142974853516,17.780000686645508
2021-11-10,72.86441040039062,178.505126953125,435.8215637207031,125.997802734375,94.22491455078125,79.46834564208984,18.729999542236328
2021-11-11,72.97390747070312,179.0073699951172,435.9625244140625,125.81085205078125,94.87100982666016,79.84026336669922,17.65999984741211
2021-11-12,73.852294921875,179.80328369140625,439.252685546875,125.25817108154297,95.26044464111328,80.81108093261719,16.290000915527344
2021-11-15,73.79634094238281,179.2537078857422,439.4031982421875,123.68531799316406,95.25161743164062,80.72898864746094,16.489999771118164
2021-11-16,74.51168823242188,180.18231201171875,441.1421813964844,123.3707275390625,94.92411804199219,81.57906341552734,16.3700008392334
2021-11-17,74.35596466064453,178.808349609375,440.0705871582031,124.34846496582031,94.40192413330078,81.33272552490234,17.110000610351562
2021-11-18,74.93507385253906,178.76100158691406,441.5653076171875,124.81604766845703,93.87973022460938,82.14417266845703,17.59000015258789
2021-11-19,75.20028686523438,177.58595275878906,440.7756652832031,126.13385772705078,93.09201049804688,82.74309539794922,17.90999984741211
2021-11-22,74.26106262207031,178.04078674316406,439.5347595214844,124.65458679199219,94.13640594482422,81.82057189941406,19.170000076293945
2021-11-23,73.90097045898438,178.07870483398438,440.1175842285156,122.85216522216797,94.71170043945312,81.6322021484375,19.3799991607666
2021-11-24,74.36811828613281,178.89358520507812,441.2926025390625,124.82463073730469,94.57008361816406,82.22628784179688,18.579999923706055
2021-11-26,72.7305908203125,175.34967041015625,431.450439453125,127.97872161865234,92.4813232421875,80.17351531982422,28.6200008392334
2021-11-29,74.10292053222656,178.04078674316406,436.7428283691406,126.95003509521484,92.75568389892578,82.177978515625,22.959999084472656
2021-11-30,72.96662139892578,173.5492401123047,428.2448425292969,128.88002014160156,90.47219848632812,81.49211120605469,27.190000534057617
2021-12-01,71.61618041992188,169.83474731445312,423.4882507324219,129.675048828125,89.9234619140625,80.37638092041016,31.1200008392334
2021-12-02,72.4069595336914,172.677490234375,429.97454833984375,129.8367462158203,91.83521270751953,81.1153793334961,27.950000762939453
2021-12-03,71.19767761230469,168.93455505371094,426.23321533203125,131.38600158691406,91.78211212158203,79.75814819335938,30.670000076293945
2021-12-06,71.85222625732422,168.46075439453125,431.28125,129.58139038085938,92.87074279785156,80.51646423339844,27.18000030517578
2021-12-07,73.9666519165039,174.1557159423828,440.2021789550781,128.53443908691406,94.39308166503906,83.32752990722656,21.889999389648438
2021-12-08,74.44356536865234,174.3168182373047,441.36785888671875,126.3127212524414,94.20720672607422,83.70909881591797,19.899999618530273
2021-12-09,73.5530014038086,171.44564819335938,438.38787841796875,127.01919555664062,93.74697875976562,82.80586242675781,21.579999923706055
2021-12-10,74.27566528320312,173.2650146484375,442.51458740234375,126.7127456665039,94.67630767822266,84.46742248535156,18.690000534057617
2021-12-13,73.36956787109375,170.54354858398438,438.5947570800781,128.58546447753906,93.54441833496094,83.21159362792969,20.309999465942383
2021-12-14,72.48028564453125,168.50131225585938,435.5771789550781,128.2790069580078,93.30378723144531,81.84469604492188,21.889999389648438
2021-12-15,74.0127944946289,172.20590209960938,442.38311767578125,127.04473114013672,94.3465347290039,84.01339721679688,19.290000915527344
2021-12-16,72.36577606201172,169.4796905517578,438.48187255859375,127.09416198730469,94.97933197021484,81.6322021484375,20.56999969482422
2021-12-17,72.03199768066406,167.617919921875,433.8151550292969,128.53440856933594,94.04351806640625,81.08638763427734,21.56999969482422
2021-12-20,71.15003204345703,164.8632354736328,429.2022399902344,127.57134246826172,92.93838500976562,80.12197875976562,22.8700008392334
2021-12-21,72.79702758789062,168.64376831054688,436.8244934082031,127.08563232421875,94.91693878173828,82.14954376220703,21.010000228881836
2021-12-22,73.71066284179688,170.64804077148438,441.192138671875,127.67366027832031,95.62104034423828,83.22384643554688,18.6299991607666
2021-12-23,74.29783630371094,172.12039184570312,443.9372863769531,126.56587219238281,96.43204498291016,83.68841552734375,17.959999084472656
2021-12-27,75.41127014160156,175.20753479003906,450.21990966796875,126.87261199951172,97.43914031982422,85.48374938964844,17.68000030517578
2021-12-28,75.08235168457031,173.7826690673828,449.8520202636719,126.36981201171875,97.51937103271484,85.03854370117188,17.540000915527344
2021-12-29,75.121337890625,173.94418334960938,450.4275207519531,124.9892807006836,97.83128356933594,85.11112213134766,16.950000762939453
2021-12-30,74.83139038085938,173.22227478027344,449.1822814941406,126.03748321533203,97.67086029052734,84.5497817993164,17.329999923706055
2021-12-31,74.45377349853516,172.70928955078125,448.05023193359375,126.28462219238281,97.56390380859375,84.13845825195312,17.219999313354492
2022-01-03,74.98733520507812,173.0797576904297,450.6445007324219,122.96958923339844,99.02555847167969,84.9369125366211,16.600000381469727
2022-01-04,74.21012115478516,172.48133850097656,450.4935302734375,122.45832824707031,100.7278060913086,84.03683471679688,16.90999984741211
2022-01-05,71.84195709228516,166.69651794433594,441.843017578125,121.79364013671875,100.00592041015625,81.4527359008789,19.729999542236328
2022-01-06,71.64218139648438,167.28543090820312,441.427978515625,122.10894775390625,100.24653625488281,81.0414047241211,19.610000610351562
2022-01-07,70.85277557373047,165.74661254882812,439.6827392578125,121.23117065429688,100.5762939453125,80.2961654663086,18.760000228881836
2022-01-10,70.8113784790039,166.32606506347656,439.1356506347656,121.52944946289062,100.68324279785156,80.3106918334961,19.399999618530273
2022-01-11,71.62022399902344,168.1973419189453,443.1354675292969,122.3389892578125,101.47647094726562,81.27367401123047,18.40999984741211
2022-01-12,71.8541259765625,168.88124084472656,444.3334045410156,121.87029266357422,101.63687133789062,81.6559829711914,17.6200008392334
2022-01-13,70.06339263916016,164.16981506347656,438.2112121582031,122.95257568359375,101.90424346923828,79.54125213623047,20.309999465942383
2022-01-14,70.24124145507812,163.5238494873047,438.3904113769531,121.0948257446289,102.4211654663086,80.21390533447266,19.190000534057617
2022-01-18,68.61616516113281,159.27784729003906,430.626708984375,119.39046478271484,100.42479705810547,78.28791809082031,22.790000915527344
2022-01-19,67.8755111694336,157.46356201171875,426.1552734375,120.21709442138672,98.35711669921875,77.19425964355469,23.850000381469727
2022-01-20,67.03252410888672,155.72528076171875,421.43853759765625,120.95845794677734,96.8509292602539,76.19739532470703,25.59000015258789
2022-01-21,65.28318786621094,151.9731903076172,413.1653747558594,122.3986587524414,95.11302185058594,74.68274688720703,28.850000381469727
2022-01-24,65.80457305908203,152.78060913085938,414.9200439453125,121.3930892944336,95.4873275756836,75.06986999511719,29.899999618530273
2022-01-25,64.3281021118164,150.3773651123047,409.8542785644531,121.1971206665039,94.96149444580078,73.3326187133789,31.15999984741211
2022-01-26,64.35979461669922,150.53884887695312,408.82598876953125,119.73135375976562,94.11482238769531,73.76329040527344,31.959999084472656
2022-01-27,63.809173583984375,148.6675567626953,406.8072509765625,121.92994689941406,93.11663818359375,73.25518798828125,30.489999771118164
2022-01-28,66.05307006835938,152.5526580810547,416.9104919433594,121.97256469726562,94.56044006347656,76.45870208740234,27.65999984741211
2022-01-31,67.99002075195312,157.11209106445312,424.4194641113281,121.3419418334961,95.63883972167969,78.3798599243164,24.829999923706055
2022-02-01,68.51872253417969,158.92642211914062,427.2873229980469,120.93920135498047,96.0309829711914,78.58309936523438,21.959999084472656
2022-02-02,68.98894500732422,160.17076110839844,431.43798828125,121.34880065917969,96.92222595214844,79.22188568115234,22.09000015258789
2022-02-03,66.46728515625,156.41868591308594,421.2970886230469,120.40154266357422,95.70121765136719,76.92327880859375,24.350000381469727
2022-02-04,67.26885986328125,158.45143127441406,423.2781066894531,118.6265640258789,94.89910888671875,77.23299407958984,23.219999313354492
2022-02-07,66.81080627441406,158.06198120117188,421.9196472167969,118.703369140625,95.25559997558594,76.72001647949219,22.860000610351562
2022-02-08,67.50759887695312,159.13536071777344,425.3912048339844,117.90972137451172,95.93294525146484,77.66851806640625,21.440000534057617
2022-02-09,68.84030151367188,163.0109405517578,431.6172790527344,118.13157653808594,97.41240692138672,79.39124298095703,19.959999084472656
2022-02-10,67.44426727294922,159.96176147460938,423.8629150390625,116.25418090820312,96.11119842529297,77.31523895263672,23.90999984741211
2022-02-11,65.47077941894531,155.33583068847656,415.50494384765625,117.97798919677734,95.06845092773438,74.95372772216797,27.360000610351562
2022-02-14,65.51950073242188,154.14842224121094,414.146484375,116.51018524169922,94.22178649902344,74.92951965332031,28.329999923706055
2022-02-15,66.99840545654297,157.75804138183594,420.8254089355469,115.18748474121094,95.74578094482422,76.8990707397461,25.700000762939453
2022-02-16,66.96430206298828,157.8815155029297,421.2970886230469,115.87017059326172,95.76361083984375,76.82164001464844,24.290000915527344
2022-02-17,65.03467559814453,152.5240936279297,412.2975769042969,116.73209381103516,94.23066711425781,74.52303314208984,28.110000610351562
2022-02-18,64.33297729492188,150.75732421875,409.6278991699219,117.96089935302734,93.67811584472656,73.76814270019531,27.75
2022-02-22,63.47538757324219,148.9430389404297,405.2319641113281,118.26811218261719,92.50167083740234,73.08580017089844,28.809999465942383
2022-02-23,61.92583465576172,145.6848907470703,398.0436096191406,116.6381607055664,91.34305572509766,71.2566146850586,31.020000457763672
2022-02-24,63.92856216430664,149.8074188232422,404.0337829589844,116.71501922607422,91.65499114990234,73.69071197509766,30.31999969482422
2022-02-25,65.01030731201172,152.7425994873047,412.948486328125,116.80035400390625,94.07917022705078,74.69242095947266,27.59000015258789
2022-02-28,65.15892028808594,152.90406799316406,411.8918762207031,119.36041259765625,93.58007049560547,74.55693054199219,30.149999618530273
2022-03-01,64.19656372070312,150.51036071777344,405.6186218261719,120.74044036865234,91.82432556152344,73.06647491455078,33.31999969482422
2022-03-02,65.25151824951172,153.84449768066406,413.0805358886719,116.61319732666016,94.58717346191406,74.64887237548828,30.739999771118164
2022-03-03,64.32080841064453,151.61221313476562,411.0240478515625,117.80097198486328,94.13264465332031,73.75845336914062,30.479999542236328
2022-03-04,63.36573791503906,149.1995086669922,407.68463134765625,119.83470916748047,93.01860046386719,72.46640014648438,31.979999542236328
2022-03-07,60.8879280090332,143.2816925048828,395.66644287109375,118.92034912109375,90.50529479980469,69.81452941894531,36.45000076293945
2022-03-08,60.546836853027344,142.55026245117188,392.6665344238281,117.72407531738281,89.89034271240234,69.4758071899414,35.130001068115234
2022-03-09,62.81998825073242,148.2686004638672,403.1943054199219,116.57046508789062,91.6193618774414,72.22444152832031,32.45000076293945
2022-03-10,62.325408935546875,147.54669189453125,401.3736572265625,114.89570617675781,91.01329803466797,70.96143341064453,30.229999542236328
2022-03-11,61.10720443725586,144.697021484375,396.2701721191406,115.28022766113281,90.18446350097656,69.71292877197266,30.75
2022-03-14,60.08634567260742,143.03468322753906,393.3740539550781,112.58851623535156,89.60514068603516,68.42086791992188,31.770000457763672
2022-03-15,61.942893981933594,146.6917724609375,402.0245666503906,112.3919906616211,91.02222442626953,70.71946716308594,29.829999923706055
2022-03-16,63.97482681274414,151.8022003173828,410.9391174316406,113.49431610107422,92.72447967529297,73.01805877685547,26.670000076293945
2022-03-17,64.81295776367188,154.49989318847656,416.0803527832031,112.6483383178711,93.59790802001953,73.5358657836914,25.670000076293945
2022-03-18,66.21146392822266,157.5110626220703,420.6376037597656,114.0240707397461,93.96331024169922,75.04084777832031,23.8700008392334
2022-03-21,65.9946060180664,157.3115692138672,420.5145263671875,111.38371276855469,93.88310241699219,74.89832305908203,23.530000686645508
2022-03-22,67.13240814208984,160.17076110839844,425.43524169921875,109.95668029785156,94.68521118164062,75.97457885742188,22.940000534057617
2022-03-23,66.16758728027344,157.50157165527344,419.95623779296875,112.36637115478516,93.4107437133789,74.80619812011719,23.56999969482422
2022-03-24,67.4054183959961,160.18350219726562,426.2868347167969,111.48624420166016,94.82696533203125,76.75027465820312,21.670000076293945
2022-03-25,67.32000732421875,160.12637329101562,428.36865234375,109.93962097167969,95.58979797363281,76.70664978027344,20.809999465942383
2022-03-28,68.34969329833984,162.15428161621094,431.4156494140625,110.8795394897461,95.32056427001953,77.61808776855469,19.6299991607666
2022-03-29,69.57459259033203,164.45823669433594,436.75262451171875,111.71697998046875,96.60392761230469,79.26644897460938,18.899999618530273
2022-03-30,68.78401184082031,162.5351104736328,434.0557556152344,112.58851623535156,95.76033020019531,78.20956420898438,19.329999923706055
2022-03-31,67.74214172363281,160.20254516601562,427.3750305175781,112.8619613647461,93.84870910644531,77.05084991455078,20.559999465942383
2022-04-01,67.8934097290039,160.4595947265625,428.5863342285156,113.29159545898438,93.7409896850586,76.8230209350586,19.6299991607666
2022-04-04,69.1036605834961,162.2303924560547,432.2578125,112.5042724609375,93.9743423461914,78.28227996826172,18.56999969482422
2022-04-05,67.77386474609375,158.6982879638672,426.7978210449219,109.96251678466797,92.54737091064453,76.63394165039062,21.030000686645508
2022-04-06,66.27080535888672,155.9563446044922,422.5301818847656,109.07249450683594,92.1973648071289,74.82073211669922,22.100000381469727
2022-04-07,66.50504302978516,157.18453979492188,424.6592712402344,108.25090026855469,92.52942657470703,74.93709564208984,21.549999237060547
2022-04-08,65.78766632080078,156.40386962890625,423.5237731933594,107.07845306396484,93.10381317138672,73.88990020751953,21.15999984741211
2022-04-11,64.2919692993164,153.08114624023438,416.2847595214844,105.38394927978516,92.89739227294922,72.02824401855469,24.3700008392334
2022-04-12,64.06257629394531,152.27191162109375,414.7423400878906,105.23848724365234,92.67301177978516,71.708251953125,24.260000228881836
2022-04-13,65.15817260742188,154.38546752929688,419.49261474609375,105.45242309570312,93.38200378417969,72.8620834350586,21.81999969482422
2022-04-14,63.89910888671875,151.51026916503906,414.26922607421875,103.33859252929688,92.80764770507812,71.09254455566406,22.700000762939453
2022-04-18,63.816162109375,151.634033203125,414.4395446777344,102.8250961303711,93.06792449951172,71.32525634765625,22.170000076293945
2022-04-19,65.17035675048828,154.5092315673828,421.12969970703125,102.05485534667969,94.36924743652344,72.66333770751953,21.3700008392334
2022-04-20,64.56523895263672,154.137939453125,420.81732177734375,104.10877227783203,94.9615707397461,72.595458984375,20.31999969482422
2022-04-21,63.33790969848633,150.58676147460938,414.524658203125,103.33859252929688,94.08206939697266,71.36404418945312,22.68000030517578
2022-04-22,61.498130798339844,145.89309692382812,403.15045166015625,102.68812561035156,91.50631713867188,69.36661529541016,28.209999084472656
2022-04-25,62.2960205078125,146.98797607421875,405.48773193359375,103.71514129638672,91.87427520751953,70.40897369384766,27.020000457763672
2022-04-26,59.93408966064453,141.50416564941406,393.7445068359375,104.75921630859375,89.87291717529297,67.7861557006836,33.52000045776367
2022-04-27,60.14636993408203,141.44705200195312,394.85162353515625,103.41556549072266,89.72930908203125,68.78970336914062,31.600000381469727
2022-04-28,62.20330047607422,145.28384399414062,404.8253173828125,103.56963348388672,91.35372161865234,71.54340362548828,29.989999771118164
2022-04-29,59.475364685058594,139.88565063476562,389.8647766113281,102.2260513305664,88.45490264892578,68.56185150146484,33.400001525878906
2022-05-02,60.25617599487305,141.75169372558594,392.2115783691406,100.45403289794922,89.1549301147461,69.60418701171875,32.34000015258789
2022-05-03,60.28544616699219,142.84654235839844,394.00946044921875,101.13130187988281,90.3216323852539,69.72538757324219,29.25
2022-05-04,62.22770690917969,147.5401611328125,406.0082092285156,101.68852996826172,93.00507354736328,72.17366027832031,25.420000076293945
2022-05-05,59.21428298950195,141.20901489257812,391.57757568359375,98.90242004394531,90.77935028076172,68.70243835449219,31.200000762939453
2022-05-06,58.545719146728516,139.6190643310547,389.240234375,97.44508361816406,90.43830871582031,68.14974975585938,30.190000534057617
2022-05-09,56.15938186645508,132.93563842773438,376.77777099609375,98.30233764648438,88.25745391845703,65.51236724853516,34.75
2022-05-10,56.58882141113281,133.7353515625,377.6483459472656,99.1938705444336,88.03307342529297,66.5110855102539,32.9900016784668
2022-05-11,54.95889663696289,130.53646850585938,371.6490173339844,101.10557556152344,86.82150268554688,64.41187286376953,32.560001373291016
2022-05-12,54.88569641113281,130.6887969970703,371.2610168457031,100.91700744628906,87.0817642211914,63.747676849365234,31.770000457763672
2022-05-13,56.83039093017578,135.53477478027344,380.1370849609375,99.42536163330078,88.8407974243164,65.86630249023438,28.8700008392334
2022-05-16,56.18621826171875,133.79251098632812,378.5946044921875,99.3224868774414,88.80490112304688,65.28451538085938,27.469999313354492
2022-05-17,57.51603317260742,136.98184204101562,386.38250732421875,98.12229919433594,91.19218444824219,67.17527770996094,26.100000381469727
2022-05-18,54.78078079223633,130.6602325439453,370.8067626953125,100.21401977539062,87.6561508178711,64.1015853881836,30.959999084472656
2022-05-19,54.590450286865234,130.74594116210938,368.53570556640625,100.45403289794922,86.72277069091797,63.39861297607422,29.350000381469727
2022-05-20,54.483089447021484,130.46981811523438,368.6966247558594,101.59423065185547,86.6868896484375,63.539215087890625,29.43000030517578
2022-05-23,55.444461822509766,133.40211486816406,375.5950012207031,99.92255401611328,88.1856689453125,64.99848175048828,28.479999542236328
2022-05-24,54.329376220703125,131.08868408203125,372.7278137207031,101.89427947998047,87.862548828125,64.03370666503906,29.450000762939453
2022-05-25,55.09797286987305,133.13555908203125,376.0207824707031,102.29718017578125,89.0831298828125,64.78031158447266,28.3700008392334
2022-05-26,56.54978942871094,137.16278076171875,383.53424072265625,101.83426666259766,90.76140594482422,66.3365478515625,27.5
2022-05-27,58.43103790283203,140.84722900390625,392.94964599609375,102.08287048339844,92.4576187133789,68.58124542236328,25.719999313354492
2022-05-31,58.11627197265625,139.04786682128906,390.7447814941406,99.92255401611328,91.91015625,68.09156799316406,26.190000534057617
2022-06-01,57.655113220214844,138.6575164794922,387.5842590332031,99.80834197998047,91.05756378173828,67.887939453125,25.690000534057617
2022-06-02,59.29724884033203,139.29539489746094,394.96527099609375,99.85986328125,91.96402740478516,69.53146362304688,24.719999313354492
2022-06-03,57.901546478271484,138.69557189941406,388.48321533203125,99.64517211914062,90.6985855102539,67.86856842041016,24.790000915527344
2022-06-06,58.135799407958984,138.82888793945312,389.66607666015625,97.80735778808594,90.97679138183594,67.8734130859375,25.06999969482422
2022-06-07,58.6823616027832,141.06617736816406,393.4038391113281,98.86366271972656,91.8563232421875,68.68303680419922,24.020000457763672
2022-06-08,58.2163200378418,139.75234985351562,389.1266784667969,97.98771667480469,90.22290802001953,67.90734100341797,23.959999084472656
2022-06-09,56.676822662353516,136.68179321289062,379.87213134765625,98.31403350830078,88.1111831665039,66.09416198730469,26.09000015258789
2022-06-10,54.56764221191406,134.5437774658203,368.8575439453125,97.70433044433594,85.73467254638672,63.55375289916992,27.75
2022-06-13,52.15538787841797,129.9049835205078,354.8526306152344,94.6384506225586,82.12926483154297,60.73699951171875,34.02000045776367
2022-06-14,52.199378967285156,129.25595092773438,353.7833251953125,93.4447250366211,82.2196273803711,61.12001037597656,32.689998626708984
2022-06-15,53.392066955566406,129.36090087890625,358.82708740234375,95.18804931640625,83.04192352294922,62.40959930419922,29.6200008392334
2022-06-16,51.299983978271484,126.04885864257812,346.95123291015625,95.94380950927734,79.92444610595703,59.86918640136719,32.95000076293945
2022-06-17,51.78389358520508,124.32124328613281,347.6991882324219,96.25297546386719,79.8792724609375,60.417030334472656,31.1299991607666
2022-06-21,53.10123062133789,128.4827880859375,356.4520263671875,94.62129211425781,81.71360778808594,61.9544677734375,30.190000534057617
2022-06-22,53.0841178894043,127.7669448852539,355.8057861328125,97.22337341308594,81.32506561279297,61.691993713378906,28.950000762939453
2022-06-23,54.012847900390625,128.1964569091797,359.2936096191406,98.02207946777344,81.54191589355469,62.61552047729492,29.049999237060547
2022-06-24,56.004722595214844,130.8594512939453,370.7169494628906,96.66520690917969,84.09915161132812,64.86603546142578,27.229999542236328
2022-06-27,55.61124038696289,131.9093780517578,369.3009033203125,95.84073638916016,84.24372100830078,64.42857360839844,26.950000762939453
2022-06-28,54.02995681762695,130.95492553710938,361.7550354003906,96.28729248046875,83.21359252929688,62.49886703491211,28.360000610351562
2022-06-29,54.125267028808594,130.54449462890625,361.46044921875,97.79020690917969,82.4816665649414,62.625240325927734,28.15999984741211
2022-06-30,53.450714111328125,130.1626739501953,358.5238037109375,98.64898681640625,81.79493713378906,61.789207458496094,28.709999084472656
2022-07-01,54.01772689819336,131.55624389648438,362.31573486328125,99.66178131103516,82.32805633544922,61.9301643371582,26.700000762939453
2022-07-05,54.70695114135742,129.5614013671875,363.0,100.44482421875,81.90337371826172,62.7078742980957,27.540000915527344
2022-07-06,54.96845626831055,129.93360900878906,364.22601318359375,98.75826263427734,81.7859115600586,63.247406005859375,26.729999542236328
2022-07-07,56.01205062866211,131.23171997070312,369.6810607910156,97.8891830444336,83.21359252929688,64.5549545288086,26.079999923706055
2022-07-08,56.05360794067383,131.4416961669922,369.3769836425781,96.8049545288086,83.15034484863281,64.58411407470703,24.639999389648438
2022-07-11,55.11754608154297,130.88812255859375,365.1573791503906,98.47428894042969,82.30094909667969,63.69459533691406,26.170000076293945
2022-07-12,54.4381103515625,129.5900115966797,361.92608642578125,99.05940246582031,82.33710479736328,62.82453536987305,27.290000915527344
2022-07-13,54.26457977294922,129.17955017089844,360.0252990722656,100.19524383544922,81.8672103881836,62.659271240234375,26.81999969482422
2022-07-14,54.35989761352539,128.63552856445312,359.1510009765625,99.37781524658203,81.05396270751953,63.23283386230469,26.399999618530273
2022-07-15,55.315513610839844,130.67811584472656,366.0126647949219,99.93711853027344,83.00578308105469,64.34593963623047,24.229999542236328
2022-07-18,54.787601470947266,129.43728637695312,362.99053955078125,98.89591979980469,82.5991439819336,63.7237663269043,25.299999237060547
2022-07-19,56.3957633972168,131.7566680908203,372.79827880859375,98.3624267578125,84.93045806884766,65.66805267333984,24.5
2022-07-20,57.043426513671875,131.34625244140625,375.1741943359375,98.62059783935547,85.02082824707031,66.69364929199219,23.8799991607666
2022-07-21,57.842628479003906,131.4416961669922,378.99462890625,100.3243408203125,85.02985382080078,67.6317367553711,23.110000610351562
2022-07-22,57.0654296875,131.26986694335938,375.478271484375,102.01089477539062,84.24372100830078,66.69852447509766,23.030000686645508
2022-07-25,56.899234771728516,132.92115783691406,375.9344482421875,101.01273345947266,84.62324523925781,66.275634765625,23.360000610351562
2022-07-26,55.877647399902344,132.66342163085938,371.48675537109375,101.09019470214844,83.99974060058594,65.201416015625,24.690000534057617
2022-07-27,57.87439727783203,134.16197204589844,381.1329650878906,100.52227783203125,85.52685546875,68.00604248046875,23.239999771118164
2022-07-28,58.80068588256836,135.29779052734375,385.91326904296875,101.32252502441406,86.26780700683594,69.04136657714844,22.329999923706055
2022-07-29,59.920047760009766,136.89181518554688,391.5393981933594,101.04717254638672,86.58406829833984,70.10102081298828,21.329999923706055
2022-08-01,59.77829360961914,135.8990936279297,390.3799133300781,103.48072052001953,86.71058654785156,69.95030975341797,22.84000015258789
2022-08-02,59.51922607421875,135.15464782714844,387.8044738769531,101.29112243652344,85.71660614013672,69.45451354980469,23.93000030517578
2022-08-03,60.799896240234375,135.4505157470703,393.87725830078125,102.88594055175781,86.7376937866211,71.30159759521484,21.950000762939453
2022-08-04,60.98563766479492,133.88514709472656,393.6112060546875,102.8514633178711,86.22262573242188,71.62726593017578,21.440000534057617
2022-08-05,60.799896240234375,134.35284423828125,392.9458923339844,100.40318298339844,86.08706665039062,71.46199798583984,21.149999618530273
2022-08-08,60.65324783325195,134.85874938964844,392.48974609375,102.0239028930664,86.303955078125,70.85441589355469,21.290000915527344
2022-08-09,60.10578536987305,135.64137268066406,390.9311218261719,101.62733459472656,85.65337371826172,70.14474487304688,21.770000457763672
2022-08-10,61.66751480102539,136.7772216796875,399.14227294921875,100.96353149414062,87.31598663330078,72.05988311767578,19.739999771118164
2022-08-11,61.374237060546875,137.0540008544922,399.14227294921875,98.61013793945312,88.08406829833984,71.7779312133789,20.200000762939453
2022-08-12,62.5546989440918,139.0011749267578,405.8993225097656,99.61014556884766,89.55696105957031,73.20699310302734,19.530000686645508
2022-08-15,62.92131042480469,139.03936767578125,407.5718688964844,99.52391052246094,89.54791259765625,73.66874694824219,19.950000762939453
2022-08-16,62.92618942260742,139.3925323486328,408.3702697753906,99.93769073486328,89.79190063476562,73.46946716308594,19.690000534057617
2022-08-17,62.437381744384766,139.43067932128906,405.4716796875,98.89462280273438,88.73465728759766,72.94451141357422,19.899999618530273
2022-08-18,62.586463928222656,140.3756561279297,406.650146484375,99.0411605834961,89.43948364257812,73.32364654541016,19.559999465942383
2022-08-19,61.547760009765625,140.2420196533203,401.1855773925781,97.44636535644531,88.6262435913086,71.99180603027344,20.600000381469727
2022-08-22,60.10823440551758,138.82940673828125,392.8319091796875,97.1187744140625,86.58406829833984,69.98433685302734,23.799999237060547
2022-08-23,59.98602294921875,139.08709716796875,391.8815002441406,96.5843276977539,86.54792022705078,69.79965209960938,24.110000610351562
2022-08-24,60.14000701904297,139.72662353515625,393.135986328125,95.87744140625,86.83707427978516,69.84337615966797,22.81999969482422
2022-08-25,61.083396911621094,140.9483184814453,398.68609619140625,97.2136001586914,88.40034484863281,71.0245361328125,21.780000686645508
2022-08-26,58.75913619995117,137.91310119628906,385.1909484863281,97.94635009765625,85.60818481445312,67.9914779663086,25.559999465942383
2022-08-29,58.209228515625,137.6076202392578,382.6440124511719,97.13603210449219,85.19251251220703,67.09222412109375,26.209999084472656
2022-08-30,57.59090042114258,135.4505157470703,378.4433898925781,97.37739562988281,84.33409118652344,66.39227294921875,26.209999084472656
2022-08-31,57.11920166015625,134.16197204589844,375.56378173828125,96.44636535644531,83.49372100830078,65.74580383300781,25.8700008392334
2022-09-01,57.12896728515625,134.6869354248047,376.74224853515625,94.68060302734375,83.6202163696289,65.42501068115234,25.559999465942383
2022-09-02,56.44709396362305,133.9615020751953,372.769775390625,95.21623229980469,83.05094909667969,64.57437896728516,25.469999313354492
2022-09-06,56.24667739868164,133.62745666503906,371.3632507324219,92.85784912109375,82.35518646240234,64.14666748046875,26.90999984741211
2022-09-07,57.33671951293945,134.89694213867188,378.03472900390625,94.32645416259766,83.46661376953125,65.1722412109375,24.639999389648438
2022-09-08,57.6495475769043,135.70822143554688,380.5056457519531,93.35890197753906,84.08106994628906,65.39583587646484,23.610000610351562
2022-09-09,58.75668716430664,137.4739990234375,386.41693115234375,93.56625366210938,85.43648529052734,66.68879699707031,22.790000915527344
2022-09-12,59.48011779785156,138.60987854003906,390.57000732421875,92.79736328125,86.32203674316406,67.75814819335938,23.8700008392334
2022-09-13,56.58639907836914,134.29556274414062,373.5870056152344,93.01334381103516,82.64433288574219,64.1612319946289,27.270000457763672
2022-09-14,56.901676177978516,135.3455352783203,375.0125732421875,93.33294677734375,82.50878143310547,64.39453125,26.15999984741211
2022-09-15,56.068275451660156,134.228759765625,370.75494384765625,93.27249145507812,82.25576782226562,62.91202163696289,26.270000457763672
2022-09-16,55.56724166870117,133.4461212158203,367.9264831542969,92.49503326416016,81.61421966552734,62.56206130981445,26.299999237060547
2022-09-19,56.0340576171875,133.92332458496094,370.7797546386719,92.71100616455078,82.15636444091797,63.072227478027344,25.760000228881836
2022-09-20,55.50858688354492,133.0165557861328,366.5238037109375,91.78667449951172,80.49372863769531,62.701900482177734,27.15999984741211
2022-09-21,54.5456428527832,131.1840057373047,360.130126953125,93.3243408203125,79.21061706542969,61.72249221801758,27.989999771118164
2022-09-22,53.91753005981445,131.4416961669922,357.1051330566406,90.9400634765625,78.47866821289062,61.09390640258789,27.350000381469727
2022-09-23,53.089012145996094,128.4541778564453,351.1219177246094,91.3115234375,76.80699920654297,60.294795989990234,29.920000076293945
2022-09-26,52.734405517578125,126.91329956054688,347.6483459472656,89.56649017333984,75.48851013183594,59.875732421875,32.2599983215332
2022-09-27,52.77362060546875,126.817138671875,346.7608947753906,87.2081298828125,75.39735412597656,59.95370864868164,32.599998474121094
2022-09-28,53.704837799072266,129.54872131347656,353.58392333984375,90.12800598144531,77.0203628540039,60.58715057373047,30.18000030517578
2022-09-29,52.45014190673828,127.7020034790039,346.19793701171875,89.66154479980469,75.51588439941406,59.008399963378906,31.84000015258789
2022-09-30,51.560569763183594,126.17269897460938,340.8444519042969,88.50392150878906,74.64054107666016,57.877925872802734,31.6200008392334
2022-10-03,52.780975341796875,129.64491271972656,349.8431701660156,89.91020965576172,76.92916870117188,59.671085357666016,30.100000381469727
2022-10-04,54.435123443603516,132.8285675048828,360.68365478515625,89.65911102294922,79.72842407226562,61.673763275146484,29.06999969482422
2022-10-05,54.40326690673828,133.00167846679688,359.8439025878906,88.80182647705078,79.50959014892578,61.878414154052734,28.549999237060547
2022-10-06,54.01116180419922,132.11683654785156,356.13177490234375,88.3082046508789,78.63426208496094,61.37165832519531,30.520000457763672
2022-10-07,52.146263122558594,129.98153686523438,346.19793701171875,87.45095825195312,76.76504516601562,58.847599029541016,31.360000610351562
2022-10-10,51.636539459228516,129.27940368652344,343.5545959472656,86.0914077758789,76.09031677246094,57.85844039916992,32.45000076293945
2022-10-11,51.131717681884766,129.47178649902344,341.3787841796875,86.47242736816406,75.99913787841797,56.97160720825195,33.630001068115234
2022-10-12,51.058197021484375,129.0870819091797,340.2528076171875,86.89675903320312,75.66178131103516,56.79619216918945,33.56999969482422
2022-10-13,52.180572509765625,132.61697387695312,349.23248291015625,86.06546783447266,77.88656616210938,58.56010818481445,31.940000534057617
2022-10-14,50.73472213745117,130.00076293945312,341.27386474609375,85.3553695678711,76.54621887207031,56.91313171386719,32.02000045776367
2022-10-17,52.334957122802734,131.80905151367188,350.0436096191406,84.93970489501953,77.74068450927734,58.64781951904297,31.3700008392334
2022-10-18,52.92555618286133,133.19407653808594,354.156494140625,85.1388931274414,78.67984771728516,59.14483642578125,30.5
2022-10-19,52.557960510253906,133.3383331298828,351.646728515625,83.58887481689453,78.0689468383789,58.97428894042969,30.760000228881836
2022-10-20,52.19526672363281,132.76124572753906,348.69805908203125,82.16004943847656,77.9959945678711,59.008399963378906,29.979999542236328
2022-10-21,53.46223449707031,136.11802673339844,357.1719055175781,80.6793212890625,80.34846496582031,60.58715057373047,29.690000534057617
2022-10-24,54.08713912963867,137.8877716064453,361.54248046875,80.01253509521484,81.38793182373047,61.42524719238281,29.850000381469727
2022-10-25,55.14335250854492,138.76307678222656,367.3157958984375,82.34193420410156,82.49120330810547,62.59957504272461,28.459999084472656
2022-10-26,54.20721435546875,139.64791870117188,364.5483703613281,83.52825927734375,83.07476043701172,61.20598602294922,27.280000686645508
2022-10-27,53.75875473022461,139.69602966308594,362.6017150878906,84.40287017822266,82.84680938720703,60.509193420410156,27.389999389648438
2022-10-28,55.02571105957031,142.4564666748047,371.2282409667969,83.82269287109375,84.84366607666016,63.14044189453125,25.75
2022-10-31,54.54541015625,142.00440979003906,368.5467529296875,83.22517395019531,84.41511535644531,62.30722427368164,25.8799991607666
2022-11-01,54.028316497802734,141.7639617919922,366.93408203125,84.00297546386719,84.84366607666016,61.78584289550781,25.809999465942383
2022-11-02,52.29330062866211,139.359375,357.72540283203125,83.63837432861328,83.0929946899414,59.65159606933594,25.860000610351562
2022-11-03,51.43559646606445,139.45558166503906,354.04193115234375,83.18698120117188,82.19943237304688,57.89741897583008,25.299999237060547
2022-11-04,51.962467193603516,140.22506713867188,359.1378173828125,81.7894058227539,83.7403793334961,58.95479965209961,24.549999237060547
2022-11-07,52.5015983581543,141.69664001464844,362.5730895996094,80.973388671875,84.54277801513672,59.939083099365234,24.350000381469727
2022-11-08,52.807926177978516,142.61033630371094,364.5293273925781,81.85883331298828,84.8892593383789,60.51406478881836,25.540000915527344
2022-11-09,51.54096984863281,139.359375,357.01922607421875,82.12794494628906,83.17506408691406,58.94017791748047,26.09000015258789
2022-11-10,55.15315246582031,143.04319763183594,376.6389465332031,85.28770446777344,86.88611602783203,63.78364562988281,23.530000686645508
2022-11-11,55.969200134277344,142.43722534179688,380.2843322753906,84.9751968383789,87.74320983886719,64.87513732910156,22.520000457763672
2022-11-14,55.31733322143555,142.37953186035156,377.0492858886719,84.7668685913086,87.15965270996094,64.31964111328125,23.729999542236328
2022-11-15,55.97654342651367,142.91815185546875,380.26513671875,86.13841247558594,87.67938995361328,65.09928131103516,24.540000915527344
2022-11-16,55.44967269897461,142.244873046875,377.36419677734375,88.02213287353516,86.14755249023438,64.20756530761719,24.110000610351562
2022-11-17,55.18990707397461,142.8123321533203,376.20947265625,87.09329223632812,86.3207778930664,64.2904052734375,23.93000030517578
2022-11-18,55.30018615722656,143.7453155517578,377.9176940917969,86.49433135986328,86.9681625366211,64.36351013183594,23.1200008392334
2022-11-21,54.839473724365234,143.7549285888672,376.5435485839844,86.85891723632812,86.67639923095703,63.67158126831055,22.360000610351562
2022-11-22,55.613861083984375,145.83248901367188,381.6107177734375,88.091552734375,88.09882354736328,64.90436553955078,21.290000915527344
2022-11-23,56.1480827331543,145.75552368164062,384.01544189453125,89.62804412841797,88.30852508544922,65.4793472290039,20.350000381469727
2022-11-25,56.00840759277344,145.9479217529297,383.9295349121094,89.32423400878906,88.51824951171875,65.09928131103516,20.5
2022-11-28,55.12128448486328,144.22622680664062,377.8031311035156,89.57598114013672,86.93169403076172,63.705684661865234,22.209999084472656
2022-11-29,54.76350402832031,144.37049865722656,377.1542663574219,88.52557373046875,87.3875961303711,63.081966400146484,21.889999389648438
2022-11-30,57.00334548950195,146.928955078125,389.0349426269531,89.17668914794922,89.25682067871094,66.24921417236328,20.579999923706055
2022-12-01,57.07196807861328,146.2075653076172,388.74859619140625,92.02548217773438,88.96502685546875,66.341796875,19.84000015258789
2022-12-02,56.93718338012695,146.83279418945312,388.300048828125,93.1827392578125,88.69147491455078,65.95685577392578,19.059999465942383
2022-12-05,55.90302658081055,144.59173583984375,381.31488037109375,91.87755584716797,87.1231918334961,64.86051177978516,20.75
2022-12-06,54.898277282714844,142.89891052246094,375.8182678222656,93.0609359741211,86.0746078491211,63.47179412841797,22.170000076293945
2022-12-07,54.687538146972656,143.3317413330078,375.1788635253906,95.25370025634766,86.15666198730469,63.15018844604492,22.68000030517578
2022-12-08,55.30998611450195,143.5240936279297,378.1180725097656,94.99263000488281,86.63080596923828,64.18321990966797,22.290000915527344
2022-12-09,54.89582824707031,141.06179809570312,375.29345703125,92.52144622802734,86.08373260498047,63.788516998291016,22.829999923706055
2022-12-12,55.711883544921875,143.0143585205078,380.7041015625,92.81729888916016,87.28730773925781,65.18209838867188,25.0
2022-12-13,56.22583770751953,142.66802978515625,383.58599853515625,93.71356201171875,87.7540512084961,65.9520034790039,22.549999237060547
2022-12-14,55.86714553833008,142.43588256835938,381.1335754394531,94.11380004882812,87.29467010498047,65.39649963378906,21.139999389648438
2022-12-15,54.18671417236328,140.53997802734375,371.8104553222656,94.48102569580078,85.20899963378906,62.95041275024414,22.829999923706055
2022-12-16,53.53075408935547,139.56297302246094,367.4207763671875,93.42559051513672,84.07888793945312,62.117183685302734,22.6200008392334
2022-12-19,52.84285354614258,139.32113647460938,364.3050842285156,91.85556030273438,83.26115417480469,61.28888702392578,22.420000076293945
2022-12-20,52.837947845458984,139.8628387451172,364.8036193847656,90.2244644165039,83.23358917236328,61.38173294067383,21.479999542236328
2022-12-21,53.68061065673828,141.8651580810547,370.2583312988281,90.45126342773438,84.33614349365234,62.398170471191406,20.06999969482422
2022-12-22,52.66106033325195,140.30780029296875,364.9761962890625,90.43383026123047,83.32547760009766,60.82465362548828,21.969999313354492
2022-12-23,52.852684020996094,141.83616638183594,367.07562255859375,89.1080322265625,83.81243896484375,60.888179779052734,20.8700008392334
2022-12-27,52.346588134765625,142.08763122558594,365.6280212402344,87.34607696533203,83.80322265625,60.311553955078125,21.649999618530273
2022-12-28,51.65868377685547,140.41419982910156,361.0841064453125,86.83147430419922,82.526123046875,59.33909225463867,22.139999389648438
2022-12-29,52.78143310546875,141.17837524414062,367.58367919921875,87.81707763671875,83.82164001464844,60.893062591552734,21.440000534057617
2022-12-30,52.634033203125,141.15902709960938,366.615478515625,86.84019470214844,83.73892974853516,60.80999755859375,21.670000076293945
2023-01-03,52.23603439331055,138.90521240234375,365.0720520019531,88.49744415283203,83.74812316894531,60.233360290527344,22.899999618530273
2023-01-04,52.420284271240234,138.7794647216797,367.89056396484375,89.70985412597656,85.0619888305664,60.38972854614258,22.010000228881836
2023-01-05,51.572696685791016,138.68275451660156,363.691650390625,90.08491516113281,84.6301498413086,59.21692657470703,22.459999084472656
2023-01-06,52.796173095703125,141.00428771972656,372.0318298339844,91.7421875,86.7801284790039,60.95170593261719,21.1299991607666
2023-01-09,53.07133865356445,139.1180419921875,371.8209228515625,92.23063659667969,86.55960845947266,61.66027069091797,21.969999313354492
2023-01-10,53.464420318603516,139.8338165283203,374.42840576171875,90.70423126220703,87.17520904541016,62.041439056396484,20.579999923706055
2023-01-11,54.41028594970703,140.47225952148438,379.16412353515625,92.17830657958984,87.88268280029297,63.11650466918945,21.09000015258789
2023-01-12,54.6436767578125,140.85916137695312,380.54461669921875,93.9925765991211,88.25939178466797,63.58562469482422,18.829999923706055
2023-01-13,54.94340133666992,141.19772338867188,382.02093505859375,93.11157989501953,88.15831756591797,63.766441345214844,18.350000381469727
2023-01-17,55.02938461303711,140.7430877685547,381.3211669921875,92.5097427368164,87.643798828125,64.05474853515625,19.360000610351562
2023-01-18,54.314456939697266,138.36351013183594,375.30084228515625,94.75141906738281,86.15535736083984,63.22890853881836,20.34000015258789
2023-01-19,53.83293533325195,138.208740234375,372.56866455078125,94.15827941894531,85.51219940185547,62.49100875854492,20.520000457763672
2023-01-20,55.132568359375,139.01162719726562,379.50927734375,92.63188171386719,86.84445190429688,64.18180084228516,19.850000381469727
2023-01-23,56.0120964050293,139.30178833007812,384.0628356933594,92.19573211669922,88.16751861572266,65.64293670654297,19.809999465942383
2023-01-24,55.88434982299805,139.7371368408203,383.6506652832031,93.52154541015625,87.91024017333984,65.6136245727539,19.200000762939453
2023-01-25,55.822933197021484,140.1627197265625,383.7944030761719,93.74835205078125,88.65447998046875,65.4767837524414,19.079999923706055
2023-01-26,56.621376037597656,141.4879150390625,388.012451171875,93.31222534179688,89.31602478027344,66.52252960205078,18.729999542236328
2023-01-27,57.04640579223633,139.82415771484375,388.9040222167969,93.07672119140625,89.24250793457031,66.80106353759766,18.510000228881836
2023-01-30,56.09563446044922,138.68275451660156,384.0245056152344,92.73654174804688,88.23182678222656,65.525634765625,19.940000534057617
2023-01-31,57.01691818237305,140.3851776123047,389.6709899902344,93.4779281616211,89.74784088134766,66.43944549560547,19.399999618530273
2023-02-01,58.01436996459961,139.30178833007812,393.8122863769531,94.60165405273438,90.38182067871094,68.00318145751953,17.8700008392334
2023-02-02,59.42210388183594,136.6417236328125,399.5450439453125,94.72406768798828,91.45680236816406,69.86014556884766,18.729999542236328
2023-02-03,58.6064567565918,136.5159454345703,395.2982177734375,93.30741119384766,90.35423278808594,69.27862548828125,18.329999923706055
2023-02-06,58.16177749633789,136.71910095214844,392.8824157714844,92.6165542602539,89.2884521484375,68.43321990966797,19.43000030517578
2023-02-07,59.11992263793945,138.315185546875,398.0207214355469,91.87327575683594,90.1061782836914,70.1435775756836,18.65999984741211
2023-02-08,58.3681526184082,137.599365234375,393.6684875488281,92.31050109863281,89.19656372070312,69.29817199707031,19.6299991607666
2023-02-09,57.93330001831055,137.31884765625,390.25567626953125,91.43602752685547,88.72798156738281,68.91700744628906,20.709999084472656
2023-02-10,57.702362060546875,139.98858642578125,391.1663818359375,90.41288757324219,89.46302795410156,68.599365234375,20.530000686645508
2023-02-13,58.5278434753418,140.6947479248047,395.75836181640625,91.17369079589844,90.35423278808594,69.7868423461914,20.34000015258789
2023-02-14,58.77597427368164,140.2304229736328,395.57623291015625,90.96379089355469,90.23480224609375,70.08492279052734,18.90999984741211
2023-02-15,59.193626403808594,139.35984802246094,396.86083984375,90.11554718017578,90.45531463623047,70.4123306274414,18.229999542236328
2023-02-16,58.1372184753418,138.04432678222656,391.3964538574219,88.83880615234375,89.78459930419922,69.190673828125,20.170000076293945
2023-02-17,57.81045913696289,137.73472595214844,390.41864013671875,89.52961730957031,89.42627716064453,68.32572937011719,20.020000457763672
2023-02-21,56.48625946044922,136.6610870361328,382.5865173339844,87.78944396972656,87.30384826660156,66.70333862304688,22.8700008392334
2023-02-22,56.53293991088867,136.2064208984375,382.0592956542969,88.59394836425781,87.10171508789062,66.60560607910156,22.290000915527344
2023-02-23,57.004642486572266,136.77713012695312,384.0916748046875,89.4596939086914,87.40491485595703,67.70999145507812,21.139999389648438
2023-02-24,56.12019729614258,136.0226287841797,379.98858642578125,88.296630859375,86.6515121459961,66.50298309326172,21.670000076293945
2023-02-27,56.47643280029297,136.12904357910156,381.2828063964844,88.54145050048828,86.60557556152344,66.85972595214844,20.950000762939453
2023-02-28,56.33885192871094,134.71676635742188,379.87359619140625,88.94373321533203,86.11861419677734,66.71311950683594,20.700000762939453
2023-03-01,56.00226593017578,135.4325408935547,378.4163818359375,87.98816680908203,86.21965789794922,66.22444915771484,20.579999923706055
2023-03-02,56.45185852050781,136.0226287841797,381.3594055175781,87.20800018310547,86.75257110595703,67.04052734375,19.59000015258789
2023-03-03,57.49599838256836,137.36717224121094,387.47564697265625,89.32068634033203,87.84593200683594,68.48210906982422,18.489999771118164
2023-03-06,57.589351654052734,137.54129028320312,387.7440185546875,88.62814331054688,87.37735748291016,68.80949401855469,18.610000610351562
2023-03-07,56.840030670166016,135.6743927001953,381.80047607421875,89.17166900634766,85.90728759765625,67.954345703125,19.59000015258789
2023-03-08,57.034114837646484,134.8715362548828,382.423583984375,89.25933837890625,86.19210052490234,68.51630401611328,19.110000610351562
2023-03-09,56.034210205078125,132.9466094970703,375.367919921875,89.47850036621094,84.3545150756836,67.53407287597656,22.610000610351562
2023-03-10,55.06624221801758,131.64073181152344,369.9515380859375,92.56423950195312,83.1141357421875,66.34660339355469,24.799999237060547
2023-03-13,55.38808059692383,130.78952026367188,369.4242858886719,92.774658203125,81.75432586669922,66.70823669433594,26.520000457763672
2023-03-14,56.464149475097656,131.9792938232422,375.53094482421875,91.24931335449219,82.86608123779297,68.24752807617188,23.729999542236328
2023-03-15,56.3978157043457,129.72547912597656,373.1822204589844,93.01133728027344,81.53382110595703,68.28662872314453,26.139999389648438
2023-03-16,57.67534255981445,130.95396423339844,379.7297058105469,92.28372955322266,82.93038940429688,70.20220947265625,22.989999771118164
2023-03-17,57.3191032409668,128.8162078857422,375.2896728515625,93.66881561279297,81.56137084960938,70.1044921875,25.510000228881836
2023-03-20,57.604095458984375,131.0700225830078,378.8983459472656,92.84478759765625,82.51690673828125,70.29351806640625,24.149999618530273
2023-03-21,58.47378921508789,132.77249145507812,383.8735046386719,92.04705047607422,83.54598999023438,70.86161804199219,21.3799991607666
2023-03-22,57.61637878417969,130.60574340820312,377.32977294921875,93.2743148803711,81.8002700805664,70.1563949584961,22.260000228881836
2023-03-23,58.06646728515625,129.74354553222656,378.3498840332031,93.2743148803711,81.63062286376953,71.29750061035156,22.610000610351562
2023-03-24,58.285606384277344,131.12538146972656,380.8326110839844,93.66881561279297,82.1126708984375,71.48360443115234,21.739999771118164
2023-03-27,58.10093688964844,132.39039611816406,381.544677734375,91.46847534179688,82.71521759033203,70.9301986694336,20.600000381469727
2023-03-28,57.886722564697266,132.86720275878906,380.6882019042969,91.63504791259766,82.72447967529297,70.59716796875,19.969999313354492
2023-03-29,58.773128509521484,133.96682739257812,386.22149658203125,91.45093536376953,84.31889343261719,72.0761947631836,19.1200008392334
2023-03-30,59.20155334472656,134.22955322265625,388.48291015625,91.87169647216797,84.77311706542969,72.91366577148438,19.020000457763672
2023-03-31,60.159358978271484,135.2999725341797,393.95843505859375,93.24806213378906,85.82988739013672,73.95682525634766,18.700000762939453
2023-04-03,60.2406120300293,138.01495361328125,395.4596252441406,93.68658447265625,86.33973693847656,73.83930206298828,18.549999237060547
2023-04-04,60.00177764892578,136.80825805664062,393.265625,94.15237426757812,85.35712432861328,73.43280792236328,19.0
2023-04-05,59.46009063720703,138.4430694580078,392.2359924316406,95.13671875,85.30152130126953,72.5953369140625,19.079999923706055
2023-04-06,59.81710433959961,138.24847412109375,393.76593017578125,95.38278198242188,85.25516510009766,73.00672912597656,18.399999618530273
2023-04-10,59.82695388793945,138.842041015625,394.1701354980469,93.84476470947266,86.14508056640625,72.96754455566406,18.969999313354492
2023-04-11,59.62013626098633,139.3285675048828,394.2760009765625,94.03812408447266,86.62709045410156,72.28189086914062,19.100000381469727
2023-04-12,59.27541732788086,139.5621337890625,392.66888427734375,93.94145965576172,86.02455139160156,71.8705062866211,19.09000015258789
2023-04-13,60.33909606933594,140.58392333984375,397.8846130371094,93.20319366455078,86.36754608154297,73.20751953125,17.799999237060547
2023-04-14,60.13966369628906,139.805419921875,396.9126892089844,92.35071563720703,86.27484893798828,72.801025390625,17.06999969482422
2023-04-17,60.2553825378418,139.63027954101562,398.33697509765625,91.25216674804688,86.71978759765625,73.06550598144531,16.950000762939453
2023-04-18,60.31447982788086,139.79571533203125,398.5967102050781,91.57731628417969,86.74760437011719,73.290771484375,16.829999923706055
2023-04-19,60.36371612548828,139.0853271484375,398.5294494628906,91.48944091796875,85.98746490478516,73.08018493652344,16.459999084472656
2023-04-20,60.04609680175781,138.68637084960938,396.35455322265625,92.2716293334961,85.06975555419922,72.60023498535156,17.170000076293945
2023-04-21,60.09287643432617,138.57933044433594,396.6625671386719,91.75309753417969,84.93071746826172,72.36515808105469,16.770000457763672
2023-04-24,60.04609680175781,139.4842987060547,397.0763244628906,92.64076232910156,84.95851135253906,72.04682922363281,16.889999389648438
2023-04-25,58.92332458496094,138.36521911621094,390.7732238769531,94.00298309326172,83.64219665527344,70.5090103149414,18.760000228881836
2023-04-26,59.12275695800781,136.234130859375,389.1180114746094,93.00106811523438,82.75228118896484,71.55706787109375,18.84000015258789
2023-04-27,60.32678985595703,137.58673095703125,396.8645935058594,92.07826232910156,83.7534408569336,73.07528686523438,17.030000686645508
2023-04-28,60.774906158447266,138.54037475585938,400.2519226074219,93.56353759765625,84.89361572265625,73.86868286132812,15.779999732971191
2023-05-01,60.774906158447266,138.82257080078125,399.84771728515625,90.86569213867188,84.69895935058594,73.9127426147461,16.079999923706055
2023-05-02,60.230751037597656,136.4676971435547,395.3537292480469,93.13005828857422,83.29920196533203,73.22220611572266,17.780000686645508
2023-05-03,59.930362701416016,135.52378845214844,392.6400451660156,93.64989471435547,82.74302673339844,72.60514068603516,18.34000015258789
2023-05-04,59.60535430908203,134.41444396972656,389.8590393066406,92.7247543334961,81.6769790649414,72.25740814208984,20.09000015258789
2023-05-05,60.84877395629883,136.7498779296875,397.0763244628906,92.4163818359375,83.29920196533203,74.06947326660156,17.190000534057617
2023-05-08,60.94972610473633,136.7109832763672,397.1821594238281,91.1211929321289,83.16017150878906,74.0302963256836,16.979999542236328
2023-05-09,60.67887878417969,136.61366271972656,395.44036865234375,90.79520416259766,82.76155090332031,73.4621810913086,17.709999084472656
2023-05-10,61.252586364746094,136.52609252929688,397.28802490234375,91.67628479003906,82.3722152709961,74.3584213256836,16.940000534057617
2023-05-11,61.30427932739258,135.96168518066406,396.5951843261719,92.6454849243164,81.89019012451172,74.025390625,16.93000030517578
2023-05-12,61.16640853881836,136.234130859375,396.0755615234375,91.87012481689453,81.72333526611328,73.92745208740234,17.030000686645508
2023-05-15,61.38800048828125,136.4871368408203,397.4420166015625,90.91854858398438,82.59471130371094,74.53962707519531,17.1200008392334
2023-05-16,61.24027633666992,134.4825439453125,394.7860412597656,90.64541625976562,81.31546783447266,74.61798095703125,17.989999771118164
2023-05-17,61.969085693359375,135.70864868164062,399.57830810546875,90.38109588623047,82.60395812988281,75.61219024658203,16.8700008392334
2023-05-18,62.867794036865234,135.61135864257812,403.42755126953125,89.71148681640625,83.23432159423828,77.15978240966797,16.049999237060547
2023-05-19,62.71267318725586,136.166015625,402.84051513671875,89.07710266113281,83.15087890625,77.12548828125,16.809999465942383
2023-05-22,62.7816162109375,135.60165405273438,403.00408935546875,88.75990295410156,83.30848693847656,77.27241516113281,17.209999084472656
2023-05-23,61.89767837524414,134.93992614746094,398.48126220703125,89.0154037475586,82.86353302001953,76.13130950927734,18.530000686645508
2023-05-24,61.53819274902344,134.54092407226562,395.5943603515625,88.57486724853516,81.7789535522461,75.572998046875,20.030000686645508
2023-05-25,62.65850067138672,133.1981201171875,399.0201416015625,88.3546142578125,81.43595886230469,78.4723129272461,19.139999389648438
2023-05-26,63.78865432739258,133.02288818359375,404.1877746582031,89.06828308105469,82.60395812988281,80.7006607055664,17.950000762939453
2023-05-30,63.95608901977539,132.67257690429688,404.3416748046875,89.95816802978516,82.5390853881836,81.13163757324219,17.459999084472656
2023-05-31,63.62369155883789,131.85516357421875,402.09954833984375,90.74231719970703,81.7789535522461,80.45577239990234,17.940000534057617
2023-06-01,64.3426513671875,133.1688995361328,405.919921875,91.09835052490234,82.35366821289062,81.27366638183594,15.649999618530273
2023-06-02,65.14042663574219,134.66744995117188,411.7899475097656,90.1000747680664,83.81832122802734,81.73892211914062,14.600000381469727
2023-06-05,65.07395935058594,134.4047088623047,411.00091552734375,89.9322280883789,83.29920196533203,81.26876831054688,14.729999542236328
2023-06-06,65.11334228515625,134.11277770996094,411.89581298828125,90.46229553222656,84.36524963378906,81.2491683959961,13.960000038146973
2023-06-07,64.26779174804688,133.25306701660156,410.47161865234375,89.11947631835938,85.66648864746094,80.03459167480469,13.9399995803833
2023-06-08,64.86699676513672,134.4742431640625,412.9543151855469,90.16193389892578,85.67581176757812,80.90145874023438,13.649999618530273
2023-06-09,65.09385681152344,134.796630859375,413.6953430175781,90.03825378417969,85.53588104248047,81.30304718017578,13.829999923706055
2023-06-12,66.02349090576172,136.4672088623047,417.44830322265625,90.30325317382812,86.30078125,83.071044921875,15.010000228881836
2023-06-13,66.4377670288086,137.385498046875,420.2005310058594,89.41101837158203,87.30817413330078,83.57547760009766,14.609999656677246
2023-06-14,66.68680572509766,138.50897216796875,420.70086669921875,90.12657928466797,86.8044662475586,84.43743133544922,13.880000114440918
2023-06-15,67.5473861694336,139.99388122558594,425.9166564941406,90.99234771728516,87.77455139160156,85.5246810913086,14.5
2023-06-16,67.14051055908203,139.25140380859375,424.4658203125,90.63898468017578,87.80254364013672,84.81944274902344,13.539999961853027
2023-06-20,67.02708435058594,138.64572143554688,422.2636413574219,91.26619720458984,86.67386627197266,84.24623107910156,13.880000114440918
2023-06-21,66.42048645019531,138.28428649902344,420.10003662109375,91.487060546875,86.01160430908203,82.99964904785156,13.199999809265137
2023-06-22,67.00736236572266,138.675048828125,421.6165466308594,90.3828125,85.7410888671875,83.67691802978516,12.90999984741211
2023-06-23,66.39336395263672,137.61019897460938,418.4291076660156,91.28387451171875,85.03218841552734,82.76898193359375,13.4399995803833
2023-06-26,65.67581176757812,136.78956604003906,416.719482421875,91.38104248046875,85.42393493652344,82.17515563964844,14.25
2023-06-27,66.68680572509766,138.84112548828125,421.2881164550781,91.14250946044922,86.5526123046875,83.79471588134766,13.739999771118164
2023-06-28,66.81502532958984,138.62620544433594,421.5005798339844,91.5312271118164,86.49665832519531,83.84378814697266,13.430000305175781
2023-06-29,66.88407135009766,139.1634979248047,423.1618957519531,89.87921142578125,86.93505096435547,83.99102020263672,13.539999961853027
2023-06-30,67.8556137084961,140.9219970703125,428.155517578125,90.9393310546875,87.48540496826172,85.32592010498047,13.59000015258789
2023-07-03,67.7890396118164,140.43350219726562,428.64813232421875,90.4238052368164,88.12901306152344,85.14434814453125,13.569999694824219
2023-07-05,67.8802719116211,140.06227111816406,428.01068115234375,89.56452941894531,87.59733581542969,84.61921691894531,14.180000305175781
2023-07-06,67.42655944824219,138.63595581054688,424.6590576171875,88.2978286743164,86.68321990966797,84.39346313476562,15.4399995803833
2023-07-07,67.13065338134766,138.0986328125,423.58685302734375,87.76637268066406,86.86976623535156,84.02538299560547,14.829999923706055
2023-07-10,67.1898422241211,139.61289978027344,424.6590576171875,87.88150024414062,87.52271270751953,84.24623107910156,15.069999694824219
2023-07-11,67.5227279663086,139.98411560058594,427.3634948730469,88.3332748413086,88.65138244628906,84.42779541015625,14.84000015258789
2023-07-12,68.21810913085938,141.56674194335938,430.8020935058594,89.31654357910156,88.75399017333984,85.38481903076172,13.539999961853027
2023-07-13,69.0934829711914,142.26034545898438,434.22125244140625,90.2554931640625,89.23902893066406,86.49885559082031,13.609999656677246
2023-07-14,69.27102661132812,142.1333770751953,433.9508056640625,89.72401428222656,88.1756591796875,86.37126159667969,13.34000015258789
2023-07-17,69.78639221191406,142.9930419921875,435.45751953125,89.768310546875,88.13835144042969,87.47551727294922,13.479999542236328
2023-07-18,70.37078857421875,143.99928283691406,438.6932678222656,90.1757583618164,88.93119049072266,88.46686553955078,13.300000190734863
2023-07-19,70.36833953857422,143.57920837402344,439.6688537597656,91.19445037841797,89.77070617675781,88.24603271484375,13.760000228881836
2023-07-20,69.0934829711914,142.3092041015625,436.7518310546875,90.0871810913086,89.63079071044922,86.48413848876953,13.989999771118164
2023-07-21,68.87894439697266,142.00637817382812,436.7518310546875,90.11376190185547,89.77070617675781,86.43997192382812,13.600000381469727
2023-07-24,69.10829162597656,141.8988800048828,438.7029113769531,89.78601837158203,90.18113708496094,86.59212493896484,13.90999984741211
2023-07-25,69.5028076171875,142.95399475097656,439.9006042480469,89.61771392822266,90.10651397705078,87.58348083496094,13.859999656677246
2023-07-26,69.35486602783203,142.1236114501953,439.96826171875,89.70630645751953,90.4050064086914,86.40562438964844,13.1899995803833
2023-07-27,68.96031951904297,141.77191162109375,437.05126953125,87.96123504638672,90.14382934570312,86.15533447265625,14.40999984741211
2023-07-28,70.04779052734375,143.1005401611328,441.3301696777344,88.41302490234375,90.48894500732422,87.3282699584961,13.329999923706055
2023-07-31,70.1883316040039,143.36428833007812,442.17047119140625,88.62560272216797,90.7501220703125,87.52948760986328,13.630000114440918
2023-08-01,69.9910659790039,143.38385009765625,440.9051513671875,87.17329406738281,90.51692199707031,87.67671966552734,13.930000305175781
2023-08-02,68.63484954833984,141.0098876953125,434.7718505859375,86.24064636230469,89.55616760253906,85.50750732421875,16.09000015258789
2023-08-03,68.4425048828125,140.9708251953125,433.5258483886719,84.25093078613281,89.23902893066406,85.15907287597656,15.920000076293945
2023-08-04,68.11207580566406,140.8633575439453,431.5650939941406,85.74320983886719,89.26700592041016,84.00084686279297,17.100000381469727
2023-08-07,68.60771942138672,142.7585906982422,435.3320007324219,84.89937591552734,90.08786010742188,84.23640441894531,15.770000457763672
2023-08-08,68.27974700927734,142.47531127929688,433.4388122558594,85.88532257080078,89.7986831665039,83.58859252929688,15.989999771118164
2023-08-09,67.5720443725586,141.1955108642578,430.541259765625,86.32948303222656,89.26700592041016,82.50888061523438,15.960000038146973
2023-08-10,67.66575622558594,141.27366638183594,430.69580078125,84.90824127197266,88.86590576171875,82.5186996459961,15.850000381469727
2023-08-11,67.3821792602539,140.677734375,430.44464111328125,84.71281433105469,88.84724426269531,81.91012573242188,14.84000015258789
2023-08-14,68.11454772949219,142.38739013671875,432.8207092285156,84.52629852294922,89.00582122802734,83.21559143066406,14.819999694824219
2023-08-15,67.46601104736328,141.55697631835938,427.77880859375,84.01110076904297,87.66262817382812,82.39601135253906,16.459999084472656
2023-08-16,66.90872955322266,140.1599884033203,424.63970947265625,83.35379028320312,86.70186614990234,81.61075592041016,16.780000686645508
2023-08-17,66.17636108398438,138.32333374023438,421.404052734375,82.99851989746094,86.10489654541016,80.83534240722656,17.889999389648438
2023-08-18,66.0900650024414,138.694580078125,421.60687255859375,83.29163360595703,86.51529693603516,80.9580307006836,17.299999237060547
2023-08-21,66.98517608642578,140.2088165283203,424.3500061035156,82.18131256103516,86.71117401123047,82.50395965576172,17.1299991607666
2023-08-22,66.93338775634766,139.61289978027344,423.20062255859375,82.81198120117188,86.24479675292969,82.4107437133789,16.969999313354492
2023-08-23,67.91973876953125,141.3713836669922,427.9140319824219,84.86383056640625,86.85111999511719,83.89776611328125,15.979999542236328
2023-08-24,66.6720199584961,139.05606079101562,421.9835510253906,84.30424499511719,85.90899658203125,81.96412658691406,17.200000762939453
2023-08-25,67.20465087890625,139.85711669921875,424.9584655761719,84.5796127319336,86.15151977539062,82.79844665527344,15.680000305175781
2023-08-28,67.67315673828125,141.05877685546875,427.65325927734375,84.66842651367188,86.89774322509766,83.4757080078125,15.079999923706055
2023-08-29,68.98004913330078,143.3936004638672,433.83489990234375,85.54778289794922,87.97045135498047,85.14923858642578,14.449999809265137
2023-08-30,69.43131256103516,143.84300231933594,435.6217956542969,85.45896911621094,88.04505920410156,85.79216003417969,13.880000114440918
2023-08-31,69.51515197753906,143.80392456054688,434.984375,85.84088134765625,88.1103515625,86.20931243896484,13.569999694824219
2023-09-01,69.53488159179688,143.86253356933594,435.795654296875,84.5036392211914,88.7633056640625,86.47432708740234,13.09000015258789
2023-09-05,69.59159851074219,143.1395721435547,433.91217041015625,83.3187255859375,87.82120513916016,86.78353118896484,14.010000228881836
2023-09-06,68.88141632080078,142.7390594482422,430.9952087402344,83.52363586425781,87.59733581542969,85.86578369140625,14.449999809265137
2023-09-07,68.62251281738281,142.3092041015625,429.6719665527344,83.75528717041016,87.26152038574219,84.6241226196289,14.399999618530273
2023-09-08,68.6545639038086,142.5143585205078,430.3191223144531,84.07600402832031,87.62532043457031,84.80079650878906,13.84000015258789
2023-09-11,69.39925384521484,143.3350067138672,433.1491394042969,83.47018432617188,87.68128204345703,85.24250030517578,13.800000190734863
2023-09-12,68.61511993408203,141.99659729003906,430.7731018066406,83.9512710571289,87.80254364013672,83.69654846191406,14.229999542236328
2023-09-13,68.82716369628906,142.0942840576172,431.2753601074219,83.93345642089844,87.56932830810547,83.90757751464844,13.479999542236328
2023-09-14,69.28089141845703,143.25680541992188,434.99395751953125,83.32762908935547,88.50212860107422,84.51614379882812,12.819999694824219
2023-09-15,68.20083618164062,140.66795349121094,429.7530517578125,82.81979370117188,87.76522827148438,82.89169311523438,13.789999961853027
2023-09-18,68.25508880615234,140.96104431152344,430.0050964355469,83.2919921875,87.63463592529297,83.29007720947266,14.0
2023-09-19,68.12933349609375,140.7852325439453,429.1132507324219,82.6772689819336,87.53202056884766,83.24579620361328,14.109999656677246
2023-09-20,67.19229888916016,139.35887145996094,425.16827392578125,82.93562316894531,86.92572784423828,81.93755340576172,15.140000343322754
2023-09-21,65.95443725585938,136.8774871826172,418.1409912109375,80.80632781982422,85.7877426147461,80.68832397460938,17.540000915527344
2023-09-22,65.8829345703125,137.1705780029297,417.20074462890625,81.45671844482422,85.44261169433594,80.86048126220703,17.200000762939453
2023-09-25,66.22814178466797,137.62974548339844,418.95513916015625,79.45214080810547,85.75042724609375,81.12113952636719,16.899999618530273
2023-09-26,65.1741943359375,136.12969970703125,412.8002014160156,79.17594909667969,84.57575988769531,79.6604232788086,18.940000534057617
2023-09-27,65.287841796875,136.39422607421875,412.9649353027344,78.76615142822266,84.80130004882812,79.78337860107422,18.219999313354492
2023-09-28,65.77207946777344,137.5013885498047,415.35906982421875,79.00667572021484,85.32756042480469,80.34896850585938,17.34000015258789
2023-09-29,65.71525573730469,136.8743133544922,414.3510437011719,79.0156021118164,85.25236511230469,80.6243896484375,17.520000457763672
2023-10-02,66.27609252929688,136.93310546875,414.186279296875,77.69286346435547,84.4723892211914,81.48999786376953,17.610000610351562
2023-10-03,65.09019470214844,134.767822265625,408.641845703125,76.02154541015625,83.54206085205078,80.10798645019531,19.780000686645508
2023-10-04,65.97962188720703,135.8651580810547,411.6176452636719,77.09406280517578,83.54206085205078,81.10636901855469,18.579999923706055
2023-10-05,65.98455047607422,135.6496124267578,411.4625549316406,76.7097396850586,83.46688079833984,81.21458435058594,18.489999771118164
2023-10-06,67.07160949707031,137.6679229736328,416.3477478027344,75.7802505493164,84.03072357177734,82.73429107666016,17.450000762939453
2023-10-09,67.39773559570312,138.48114013671875,419.0132751464844,77.55878448486328,84.70732116699219,83.16219329833984,17.700000762939453
2023-10-10,67.72138214111328,139.3433380126953,421.1941833496094,77.4515380859375,85.27115631103516,83.29007720947266,17.030000686645508
2023-10-11,68.26737976074219,139.81362915039062,422.9195251464844,79.06920623779297,85.5812759399414,84.06222534179688,16.09000015258789
2023-10-12,67.92398071289062,138.88284301757812,420.3411865234375,76.92422485351562,84.56636047363281,84.14092254638672,16.690000534057617
2023-10-13,67.26677703857422,137.9618682861328,418.2475891113281,78.30059814453125,84.14349365234375,82.93595123291016,19.31999969482422
2023-10-16,68.03268432617188,139.58828735351562,422.64813232421875,77.04042053222656,85.12081146240234,83.73270416259766,17.209999084472656
2023-10-17,67.8597412109375,139.44134521484375,422.62872314453125,76.19137573242188,85.4215316772461,83.34416961669922,17.8799991607666
2023-10-18,66.8393783569336,137.67776489257812,416.99713134765625,75.52105712890625,84.28445434570312,82.4884033203125,19.219999313354492
2023-10-19,66.28350067138672,136.7665252685547,413.3332214355469,73.97489166259766,83.51387786865234,82.01624298095703,21.399999618530273
2023-10-20,65.3471450805664,135.28707885742188,408.2542419433594,74.39495086669922,82.7244873046875,80.62931060791016,21.709999084472656
2023-10-23,65.52009582519531,135.6986083984375,407.5466003417969,75.28868103027344,81.86933898925781,80.72274780273438,20.3700008392334
2023-10-24,66.11054229736328,137.03106689453125,410.6192626953125,76.2807388305664,82.59292602539062,81.27850341796875,18.969999313354492
2023-10-25,64.73690032958984,134.95394897460938,404.7259521484375,74.58263397216797,81.70958709716797,80.3194580078125,20.190000534057617
2023-10-26,63.4793701171875,132.75927734375,399.8795471191406,75.72661590576172,81.43706512451172,78.78497314453125,20.68000030517578
2023-10-27,63.610313415527344,132.64170837402344,398.0670166015625,75.4048843383789,80.76985168457031,79.24234771728516,21.270000457763672
2023-10-30,64.50466918945312,134.08197021484375,402.82623291015625,75.06526947021484,81.33369445800781,80.09323120117188,19.75
2023-10-31,64.75666046142578,134.65023803710938,405.3561096191406,74.69881439208984,82.17945861816406,80.6637191772461,18.139999389648438
2023-11-01,65.76466369628906,136.7371368408203,409.6790771484375,76.3184585571289,82.9030532836914,82.2228012084961,16.8700008392334
2023-11-02,66.96043395996094,139.2551727294922,417.53033447265625,78.05825805664062,84.48179626464844,83.61466217041016,15.65999984741211
2023-11-03,67.60527038574219,140.84239196777344,421.3395690917969,78.5873794555664,85.9289779663086,84.47534942626953,14.90999984741211
2023-11-06,67.99562072753906,141.5772247314453,422.3088684082031,77.82508850097656,85.4779052734375,85.03111267089844,14.890000343322754
2023-11-07,68.64290618896484,141.7830047607422,423.5107421875,78.97300720214844,85.33695983886719,85.96066284179688,14.8100004196167
2023-11-08,68.92455291748047,142.38064575195312,423.8210144042969,80.31822204589844,84.54757690429688,86.44756317138672,14.449999809265137
2023-11-09,68.31925964355469,141.5576171875,420.5157165527344,78.47080993652344,83.69241333007812,86.04425811767578,15.289999961853027
2023-11-10,69.63855743408203,144.0364532470703,427.0777893066406,78.91023254394531,84.91407775878906,88.29188537597656,14.170000076293945
2023-11-13,69.56195831298828,144.4675750732422,426.670654296875,78.73086547851562,84.58516693115234,87.7754898071289,14.760000228881836
2023-11-14,70.94303131103516,146.83860778808594,434.94842529296875,80.51551818847656,86.84991455078125,89.53128051757812,14.15999984741211
2023-11-15,70.94550323486328,146.02540588378906,435.8692321777344,79.38554382324219,87.49832153320312,89.64441680908203,14.180000305175781
2023-11-16,71.13822174072266,146.61326599121094,436.4023132324219,80.37201690673828,86.89691162109375,90.09195709228516,14.319999694824219
2023-11-17,71.1135025024414,146.9464111328125,436.9450988769531,80.74869537353516,87.49832153320312,89.90506744384766,13.800000190734863
2023-11-20,71.8620834350586,148.4258575439453,440.30853271484375,81.24195098876953,87.90242004394531,91.2083969116211,13.40999984741211
2023-11-21,71.64962005615234,147.9359588623047,439.3489074707031,81.20608520507812,87.2352066040039,90.47066497802734,13.350000381469727
2023-11-22,71.97573852539062,148.17111206054688,441.04522705078125,81.49304962158203,87.648681640625,90.87395477294922,12.850000381469727
2023-11-24,71.8892822265625,148.24948120117188,441.31658935546875,80.53347778320312,88.01519012451172,90.6968994140625,12.460000038146973
2023-11-27,71.80525207519531,147.82821655273438,440.5218200683594,81.8786849975586,87.7238540649414,90.69197845458984,12.6899995803833
2023-11-28,71.97327423095703,147.32850646972656,440.9579772949219,82.04008483886719,87.6017074584961,90.86412048339844,12.6899995803833
2023-11-29,71.82996368408203,147.20114135742188,440.6477355957031,83.0714340209961,88.3252944946289,90.93297576904297,12.979999542236328
2023-11-30,71.85962677001953,147.07374572753906,442.3828125,82.1118392944336,88.94551849365234,91.0657730102539,12.920000076293945
2023-12-01,72.13385009765625,147.46566772460938,444.9999084472656,83.6583480834961,89.91344451904297,91.27234649658203,12.630000114440918
2023-12-04,71.52361297607422,145.82943725585938,442.6639404296875,83.32546997070312,89.72549438476562,90.16082000732422,13.079999923706055
2023-12-05,71.88186645507812,145.8098602294922,442.57666015625,85.11580657958984,89.3589859008789,90.70182037353516,12.850000381469727
2023-12-06,71.45196533203125,144.42840576171875,440.793212890625,86.24933624267578,89.1710433959961,89.93457794189453,12.970000267028809
2023-12-07,72.29690551757812,146.51524353027344,444.15667724609375,85.75452423095703,89.97921752929688,91.02642822265625,13.0600004196167
2023-12-08,72.66008758544922,147.7498016357422,446.066162109375,85.05281066894531,90.60882568359375,91.80350494384766,12.350000381469727
2023-12-11,72.74409484863281,149.30764770507812,447.8011474609375,84.87285614013672,91.5861587524414,92.60516357421875,12.630000114440918
2023-12-12,73.30986785888672,150.64012145996094,449.8463439941406,85.124755859375,91.27604675292969,93.21993255615234,12.069999694824219
2023-12-13,74.18939971923828,151.61012268066406,456.04974365234375,87.12197875976562,92.69503021240234,94.0412826538086,12.1899995803833
2023-12-14,74.02880859375,150.69894409179688,457.513427734375,89.38829803466797,94.8376235961914,93.81013488769531,12.479999542236328
2023-12-15,74.2758560180664,151.38475036621094,456.7601013183594,89.4875717163086,94.2831802368164,94.28229522705078,12.279999732971191
2023-12-18,74.76256561279297,153.06019592285156,459.3294677734375,88.77455139160156,94.12342834472656,94.5642318725586,12.5600004196167
2023-12-19,75.10597229003906,153.95176696777344,462.12255859375,89.25291442871094,95.06315612792969,94.92406463623047,12.529999732971191
2023-12-20,74.14646911621094,151.40733337402344,455.71881103515625,89.85762023925781,93.41356658935547,93.48969268798828,13.670000076293945
2023-12-21,74.89407348632812,153.42047119140625,460.0399475097656,89.28900909423828,94.5107650756836,94.5395736694336,13.649999618530273
2023-12-22,74.95596313476562,153.55799865722656,460.9644470214844,88.88285827636719,94.98370361328125,94.66281127929688,13.029999732971191
2023-12-26,75.21837615966797,154.41233825683594,462.91082763671875,89.13555908203125,95.9295654296875,95.05714416503906,12.989999771118164
2023-12-27,75.28768157958984,154.79530334472656,463.7478332519531,90.71504211425781,95.99578094482422,95.05220794677734,12.430000305175781
2023-12-28,75.30747985839844,154.70692443847656,463.9230041503906,90.0561752319336,96.05253601074219,95.16557312011719,12.470000267028809
2023-12-29,75.05004119873047,154.06861877441406,462.5799255371094,89.2438735961914,95.68363952636719,94.874755859375,12.449999809265137
2024-01-02,73.93605041503906,151.25022888183594,459.9912109375,88.72942352294922,95.8160629272461,92.39051818847656,13.199999809265137
2024-01-03,73.21320343017578,149.9637908935547,456.2345886230469,89.09947204589844,94.86073303222656,91.44905090332031,14.039999961853027
2024-01-04,72.88643646240234,149.58079528808594,454.7650451660156,87.74565124511719,94.35943603515625,90.7787094116211,14.130000114440918
2024-01-05,72.97061157226562,149.8950653076172,455.3879699707031,86.90628051757812,94.88911437988281,90.75405883789062,13.350000381469727
2024-01-08,74.46581268310547,153.44015502929688,461.88897705078125,87.76371002197266,95.85389709472656,93.03130340576172,13.079999923706055
2024-01-09,74.67870330810547,153.96060180664062,461.188232421875,87.2041244506836,95.1066665649414,93.17915344238281,12.760000228881836
2024-01-10,75.45106506347656,155.4630889892578,463.7964782714844,86.79796600341797,94.89857482910156,93.97273254394531,12.6899995803833
2024-01-11,75.5575180053711,156.3567352294922,463.59210205078125,87.28536224365234,94.41618347167969,94.45085144042969,12.4399995803833
2024-01-12,75.64167022705078,156.67095947265625,463.91326904296875,87.11387634277344,94.16079711914062,94.75646209716797,12.699999809265137
2024-01-16,75.53771209716797,157.06378173828125,462.2101135253906,85.57954406738281,93.65950775146484,94.99307250976562,13.84000015258789
2024-01-17,75.1911392211914,156.1701202392578,459.640869140625,85.44416046142578,92.85551452636719,94.52479553222656,14.789999961853027
2024-01-18,76.20361328125,158.2127227783203,463.7283630371094,84.64991760253906,93.03522491455078,96.44222259521484,14.130000114440918
2024-01-19,77.2928466796875,161.62033081054688,469.5092468261719,84.9206771850586,94.29322052001953,98.66521453857422,13.300000190734863
2024-01-22,77.5404052734375,162.0524139404297,470.501953125,85.42611694335938,94.65265655517578,99.09896087646484,13.1899995803833
2024-01-23,77.73595428466797,162.18991088867188,471.8741760253906,84.74919891357422,95.0120849609375,99.49823760986328,12.550000190734863
2024-01-24,78.0305404663086,163.79058837890625,472.3900146484375,84.2527847290039,94.71885681152344,100.18336486816406,13.140000343322754
2024-01-25,78.12956237792969,164.90028381347656,474.95928955078125,84.80335998535156,95.99578094482422,100.60234069824219,13.449999809265137
2024-01-26,78.03549194335938,164.1441192626953,474.35589599609375,84.64089965820312,95.04045867919922,99.44400787353516,13.260000228881836
2024-01-29,78.86231994628906,166.0197296142578,478.1125183105469,85.61563873291016,95.37150573730469,100.35590362548828,13.600000381469727
2024-01-30,78.54792785644531,165.65643310546875,477.7427062988281,86.39183807373047,95.88227844238281,99.5278091430664,13.3100004196167
2024-01-31,76.87943267822266,162.67108154296875,469.94720458984375,87.24024963378906,94.87019348144531,97.43787384033203,14.350000381469727
2024-02-01,78.01322937011719,165.45018005371094,476.09796142578125,88.9515380859375,95.69309997558594,98.66521453857422,13.880000114440918
2024-02-02,79.55793762207031,169.78089904785156,481.11004638671875,86.98673248291016,95.27693176269531,99.68553161621094,13.850000381469727
2024-02-05,79.48614501953125,170.2032012939453,479.3582763671875,85.23011016845703,94.44454956054688,99.91226196289062,13.670000076293945
2024-02-06,79.58021545410156,169.4568328857422,480.74993896484375,86.0631332397461,94.87019348144531,99.45386505126953,13.0600004196167
2024-02-07,80.6001205444336,172.19667053222656,484.7596435546875,85.64664459228516,95.04045867919922,100.76992797851562,12.829999923706055
2024-02-08,80.7412338256836,172.9429931640625,484.9737548828125,85.14863586425781,95.07829284667969,101.08539581298828,12.789999961853027
2024-02-09,81.56310272216797,175.25070190429688,487.776611328125,84.97661590576172,95.42826080322266,102.44581604003906,12.930000305175781
2024-02-12,81.18186950683594,174.21963500976562,487.5624694824219,85.07621002197266,96.47816467285156,101.66703033447266,13.930000305175781
2024-02-13,80.01590728759766,172.14755249023438,480.8472595214844,83.618408203125,94.66210174560547,99.94184112548828,15.850000381469727
2024-02-14,80.97393035888672,175.5944366455078,485.2170104980469,84.04398345947266,95.53231048583984,100.98680877685547,14.380000114440918
2024-02-15,81.11502838134766,175.9282989501953,488.5648498535156,84.47860717773438,96.56329345703125,100.77485656738281,14.010000228881836
2024-02-16,80.60755157470703,174.19015502929688,486.13189697265625,83.9896469116211,96.0903549194336,99.84819030761719,14.239999771118164
2024-02-20,79.80052947998047,172.000244140625,483.4554748535156,84.06208801269531,95.92012023925781,98.83279418945312,15.420000076293945
2024-02-21,79.59011840820312,170.4486846923828,483.8934631347656,83.46448516845703,96.11874389648438,98.21174621582031,15.34000015258789
2024-02-22,82.00868225097656,177.14601135253906,493.9078369140625,83.8719482421875,96.60112762451172,101.42549896240234,14.539999961853027
2024-02-23,81.92204284667969,176.8219451904297,494.2485046386719,84.99469757080078,96.82815551757812,101.18888854980469,13.75
2024-02-26,81.74380493164062,177.29330444335938,492.438232421875,84.74118041992188,96.46871185302734,101.28749084472656,13.739999771118164
2024-02-27,81.8502426147461,177.40133666992188,493.35302734375,84.1435775756836,96.82815551757812,101.37620544433594,13.430000305175781
2024-02-28,81.54082489013672,177.02818298339844,492.7010803222656,84.67778778076172,96.62004089355469,100.89807891845703,13.84000015258789
2024-02-29,81.97404479980469,178.93328857421875,494.4722900390625,85.27540588378906,97.26324462890625,102.02191162109375,13.399999618530273
2024-03-01,82.96672058105469,183.1265106201172,499.11456298828125,85.8067398071289,98.2658462524414,103.88510131835938,13.109999656677246
2024-03-04,82.62261199951172,184.35401916503906,498.5793151855469,85.46160125732422,98.73877716064453,103.88510131835938,13.489999771118164
2024-03-05,81.31306457519531,181.00534057617188,493.59637451171875,86.67872619628906,98.21855163574219,101.33184051513672,14.460000038146973
2024-03-06,81.75125122070312,182.78280639648438,496.09759521484375,87.18734741210938,99.09821319580078,102.13529205322266,14.5
2024-03-07,82.85779571533203,185.797607421875,501.0220642089844,87.10560607910156,99.76032257080078,103.7470932006836,14.4399995803833
2024-03-08,81.91462707519531,182.32122802734375,498.0148010253906,86.95121765136719,99.39144134521484,102.20428466796875,14.739999771118164
2024-03-11,81.54576110839844,179.91531372070312,497.5866394042969,86.90579986572266,99.85488891601562,101.92333221435547,15.220000267028809
2024-03-12,82.92710876464844,183.696044921875,502.9393005371094,86.17912292480469,100.08191680908203,104.01325988769531,13.84000015258789
2024-03-13,82.59786224365234,182.6846160888672,502.1509704589844,85.76132202148438,99.99678802490234,102.8894271850586,13.75
2024-03-14,82.65975952148438,181.71240234375,501.1582946777344,84.44429016113281,98.88067626953125,102.90913391113281,14.399999618530273
2024-03-15,81.714111328125,179.25733947753906,497.7170715332031,84.41706848144531,98.80499267578125,101.35649871826172,14.40999984741211
2024-03-18,82.42457580566406,180.55361938476562,500.675048828125,84.16273498535156,99.12659454345703,101.85466003417969,14.329999923706055
2024-03-19,82.96176147460938,181.32940673828125,503.45733642578125,84.39889526367188,99.55221557617188,102.3829345703125,13.819999694824219
2024-03-20,83.88511657714844,183.46038818359375,508.11407470703125,84.37164306640625,100.77239990234375,103.52836608886719,13.039999961853027
2024-03-21,83.95800018310547,185.36912536621094,509.7931213378906,84.55329132080078,101.49594116210938,103.60242462158203,12.920000076293945
2024-03-22,84.03236389160156,185.35931396484375,508.8267517089844,85.36170196533203,101.0199203491211,103.6369857788086,13.0600004196167
2024-03-25,83.70765686035156,185.14305114746094,507.4209289550781,84.9347915649414,100.89615631103516,102.95071411132812,13.1899995803833
2024-03-26,83.4176254272461,184.51400756835938,506.4837341308594,85.17095184326172,100.85808563232422,102.526123046875,13.239999771118164
2024-03-27,83.76219177246094,184.50418090820312,510.74005126953125,86.01567077636719,102.61933135986328,103.0494613647461,12.779999732971191
2024-03-28,83.5465316772461,184.14053344726562,510.64251708984375,85.94297790527344,103.11439514160156,102.82728576660156,13.010000228881836
2024-04-01,83.49695587158203,184.33709716796875,509.7541198730469,84.34092712402344,102.70501708984375,103.11365509033203,13.649999618530273
2024-04-02,82.76820373535156,183.12818908691406,506.51300048828125,83.87615203857422,101.66729736328125,102.12126159667969,14.609999656677246
2024-04-03,82.99376678466797,184.69091796875,507.0694274902344,83.85794067382812,101.61970520019531,102.39281463623047,14.329999923706055
2024-04-04,81.82875061035156,181.16244506835938,500.8801574707031,84.45939636230469,100.55342102050781,100.77339935302734,16.350000381469727
2024-04-05,82.96154022216797,184.36660766601562,506.11273193359375,83.28382873535156,100.96281433105469,101.9287109375,16.030000686645508
2024-04-08,82.9714584350586,183.8849639892578,506.39581298828125,83.27471923828125,100.87712097167969,101.81021881103516,15.1899995803833
2024-04-09,83.05821228027344,182.7252197265625,506.9815673828125,84.04930877685547,101.2864990234375,102.32369995117188,14.979999542236328
2024-04-10,82.45339965820312,181.99786376953125,501.90509033203125,82.21759033203125,99.2396240234375,101.06964111328125,15.800000190734863
2024-04-11,83.62833404541016,184.0323944091797,505.6929931640625,81.84396362304688,99.25867462158203,103.08895874023438,14.90999984741211
2024-04-12,82.44843292236328,180.7496337890625,498.7128601074219,82.28138732910156,97.53548431396484,101.42018127441406,17.309999465942383
2024-04-15,81.05785369873047,177.68309020996094,492.4649353027344,81.00556945800781,97.04043579101562,99.49467468261719,19.229999542236328
2024-04-16,81.0603256225586,178.56764221191406,491.5668029785156,80.4679183959961,96.37403106689453,99.61316680908203,18.399999618530273
2024-04-17,80.3712387084961,176.14979553222656,488.6575927734375,81.36096954345703,95.98368835449219,98.17643737792969,18.209999084472656
2024-04-18,79.93498229980469,175.0686492919922,487.65203857421875,80.95089721679688,96.01224517822266,97.05567932128906,18.0
2024-04-19,78.36592102050781,170.60641479492188,483.3955993652344,81.24251556396484,96.38352966308594,95.05612182617188,18.709999084472656
2024-04-22,79.146728515625,172.3067626953125,487.8473205566406,81.10580444335938,97.0975570678711,95.90531158447266,16.940000534057617
2024-04-23,80.31918334960938,176.00238037109375,493.6363830566406,81.13314819335938,97.86870574951172,97.32723999023438,15.6899995803833
2024-04-24,80.33406066894531,175.19642639160156,493.4020690917969,80.55899810791016,98.17335510253906,97.77157592773438,15.970000267028809
2024-04-25,79.82839965820312,174.3904571533203,491.5277099609375,79.9940185546875,97.58309936523438,97.55928039550781,15.369999885559082
2024-04-26,81.30078125,176.6019287109375,496.18438720703125,80.4132308959961,97.26893615722656,98.66028594970703,15.029999732971191
2024-04-29,81.40984344482422,176.660888671875,497.94158935546875,81.08758544921875,97.87821197509766,99.08488464355469,14.670000076293945
2024-04-30,80.02422332763672,174.07594299316406,490.0536193847656,80.39500427246094,96.1074447631836,96.90262603759766,15.649999618530273
2024-05-01,79.73419189453125,172.28713989257812,488.46234130859375,80.98758697509766,95.35533905029297,95.91024017333984,15.390000343322754
2024-05-02,80.71826934814453,174.17425537109375,493.0311279296875,81.3351058959961,95.95512390136719,97.29267120361328,14.680000305175781
2024-05-03,82.17081451416016,177.0147247314453,499.14239501953125,82.15813446044922,96.57393646240234,100.00321197509766,13.489999771118164
2024-05-06,83.2466049194336,180.61203002929688,504.2969665527344,82.47821807861328,97.36412048339844,101.17825317382812,13.489999771118164
2024-05-07,83.20445251464844,180.50390625,504.8533935546875,82.98117065429688,97.2593994140625,100.84745788574219,13.229999542236328
2024-05-08,83.0854721069336,180.75946044921875,504.9022216796875,82.47821807861328,97.44029998779297,101.13381958007812,13.0
2024-05-09,83.34078979492188,181.13294982910156,507.8114013671875,82.88059997558594,98.10671997070312,101.10419464111328,12.6899995803833
2024-05-10,83.45233917236328,181.45730590820312,508.4655456542969,82.4142074584961,98.29712677001953,101.47943115234375,12.550000190734863
2024-05-13,83.49942779541016,180.53338623046875,508.5337219238281,82.6245346069336,98.55416107177734,101.95834350585938,13.600000381469727
2024-05-14,83.92329406738281,181.7030029296875,510.8670349121094,83.0909423828125,98.96353149414062,102.86184692382812,13.420000076293945
2024-05-15,85.27669525146484,185.93914794921875,517.193115234375,84.22489929199219,99.9822006225586,105.17740631103516,12.449999809265137
2024-05-16,85.00900268554688,184.35675048828125,516.1290283203125,84.14259338378906,99.54427337646484,104.81204986572266,12.420000076293945
2024-05-17,84.98917388916016,184.18968200683594,516.8709716796875,83.57562255859375,99.64900207519531,104.58000183105469,11.989999771118164
2024-05-20,85.4502182006836,185.76226806640625,517.466552734375,83.32869720458984,99.39195251464844,105.80935668945312,12.149999618530273
2024-05-21,85.63611602783203,185.86056518554688,518.7355346679688,83.75849914550781,99.40148162841797,105.98216247558594,11.859999656677246
2024-05-22,85.31884765625,185.51654052734375,517.2418823242188,83.85909271240234,99.2015380859375,106.2191390991211,12.289999961853027
2024-05-23,85.08335876464844,185.45758056640625,513.4638671875,83.3195571899414,97.84967041015625,105.35513305664062,12.770000457763672
2024-05-24,85.7724609375,187.32504272460938,516.8612060546875,83.56644439697266,98.4589614868164,106.24384307861328,11.930000305175781
2024-05-28,86.15169525146484,188.1309814453125,517.2222900390625,82.36849212646484,97.71638488769531,106.69312286376953,12.920000076293945
2024-05-29,85.7551040649414,186.7647705078125,513.6005249023438,81.37169647216797,96.65010070800781,106.0167236328125,14.279999732971191
2024-05-30,84.62478637695312,183.4820098876953,510.1933898925781,82.15813446044922,97.56405639648438,103.59748840332031,14.470000267028809
2024-05-31,84.84539794921875,183.40338134765625,514.8403930664062,82.71598815917969,99.11585235595703,103.76042175292969,12.920000076293945
2024-06-03,85.29157257080078,183.0888671875,515.2601318359375,84.05387878417969,98.48751831054688,104.02210235595703,13.109999656677246
2024-06-04,85.56175231933594,182.597412109375,515.8360595703125,85.03572845458984,98.12574768066406,104.23932647705078,13.15999984741211
2024-06-05,87.06636047363281,186.7647705078125,521.966796875,85.6596908569336,98.75408935546875,106.55489349365234,12.630000114440918
2024-06-06,87.18534851074219,185.89984130859375,521.9571533203125,85.53123474121094,98.4970474243164,106.19940948486328,12.579999923706055
2024-06-07,87.0713119506836,186.04730224609375,521.3226318359375,83.96210479736328,98.28759765625,106.44625854492188,12.220000267028809
2024-06-10,87.40843963623047,188.11131286621094,522.933349609375,83.4023666381836,98.70648193359375,106.7177963256836,12.739999771118164
2024-06-11,88.207763671875,187.6272430419922,524.1926879882812,84.2649154663086,98.2191390991211,108.70256805419922,12.850000381469727
2024-06-12,89.36422729492188,189.74261474609375,528.4979248046875,84.89806365966797,98.34359741210938,111.10697174072266,12.039999961853027
2024-06-13,89.80097961425781,191.46441650390625,529.5620727539062,86.14604187011719,97.97018432617188,111.98582458496094,11.9399995803833
2024-06-14,90.10872650146484,191.5431365966797,529.8842163085938,86.87095642089844,97.29993438720703,112.40547943115234,12.65999984741211
2024-06-17,90.99466705322266,194.16024780273438,534.1015014648438,86.00840759277344,97.90315246582031,114.10881042480469,12.75
2024-06-18,91.158447265625,195.59674072265625,535.4585571289062,86.79756927490234,98.31488800048828,114.25198364257812,12.300000190734863
2024-06-20,90.53804016113281,193.93397521972656,534.0039672851562,86.21943664550781,98.57340240478516,112.96830749511719,13.279999732971191
2024-06-21,90.33702850341797,192.2711944580078,533.2879638671875,86.21943664550781,98.73616027832031,112.77083587646484,13.199999809265137
2024-06-24,89.45356750488281,190.0082550048828,531.5545043945312,86.5681381225586,99.3298110961914,110.00609588623047,13.329999923706055
2024-06-25,90.45614624023438,191.75958251953125,533.6014404296875,86.71495819091797,98.73616027832031,112.02400207519531,12.84000015258789
2024-06-26,90.93509674072266,191.20858764648438,534.2675170898438,85.47618865966797,98.28614807128906,111.89541625976562,12.550000190734863
2024-06-27,91.13363647460938,191.9169921875,535.1096801757812,85.815673828125,98.23828125,111.94981384277344,12.239999771118164
2024-06-28,90.45862579345703,191.73007202148438,533.0039672851562,84.21903991699219,99.06171417236328,111.89045715332031,12.4399995803833
2024-07-01,91.3073501586914,192.05474853515625,534.1008911132812,82.76551818847656,98.75531768798828,112.7362060546875,12.220000267028809
2024-07-02,92.06177520751953,193.2255859375,537.6953125,83.40988159179688,99.02340698242188,113.30004119873047,12.029999732971191
2024-07-03,92.8583755493164,194.8588409423828,540.0948486328125,84.5053482055664,98.85107421875,114.82830810546875,12.09000015258789
2024-07-05,93.80638122558594,195.39012145996094,543.2092895507812,85.20492553710938,98.544677734375,115.1794662475586,12.479999542236328
2024-07-08,93.91557312011719,196.30514526367188,543.8361206054688,85.38904571533203,99.41598510742188,115.96585845947266,12.369999885559082
2024-07-09,94.04214477539062,196.73806762695312,544.3648681640625,85.0116195678711,99.71281433105469,115.87189483642578,12.510000228881836
2024-07-10,94.9876480102539,198.34181213378906,549.7516479492188,85.2785873413086,100.72773742675781,117.55348205566406,12.850000381469727
2024-07-11,92.97502136230469,195.53773498535156,545.0112915039062,86.10707092285156,101.35011291503906,114.6106948852539,12.920000076293945
2024-07-12,93.51602172851562,196.1182098388672,548.4490356445312,86.47528076171875,102.25971221923828,115.63448333740234,12.460000038146973
2024-07-15,93.79893493652344,197.09226989746094,549.957275390625,85.4811019897461,102.57569885253906,115.84221649169922,13.119999885559082
2024-07-16,93.67236328125,198.13516235351562,553.2186279296875,86.6869888305664,104.50982666015625,115.45645141601562,13.1899995803833
2024-07-17,91.01947784423828,190.6969757080078,545.4618530273438,86.70542907714844,104.39493560791016,110.96558380126953,14.479999542236328
2024-07-18,90.3072509765625,189.2506561279297,541.2700805664062,86.04264068603516,103.8204345703125,110.97549438476562,15.930000305175781
2024-07-19,89.75880432128906,188.1191864013672,537.6756591796875,85.53632354736328,102.61400604248047,109.23947143554688,16.520000457763672
2024-07-22,91.16838073730469,191.24795532226562,543.2190551757812,85.28776550292969,103.02572631835938,111.82616424560547,14.90999984741211
2024-07-23,91.28501892089844,191.55294799804688,542.3670043945312,85.16810607910156,101.97247314453125,111.38103485107422,14.720000267028809
2024-07-24,87.82063293457031,184.6263885498047,530.07568359375,84.24758911132812,101.46501159667969,106.771484375,18.040000915527344
2024-07-25,86.92723846435547,182.6192626953125,527.313720703125,84.93798065185547,101.26394653320312,105.62899017333984,18.459999084472656
2024-07-26,87.65435791015625,185.05929565429688,533.2195434570312,85.60075378417969,102.66188049316406,106.96931457519531,16.389999389648438
2024-07-29,87.8082275390625,184.37059020996094,533.5328369140625,86.06104278564453,102.43208312988281,106.49452209472656,16.600000381469727
2024-07-30,86.59471130371094,181.97975158691406,530.8297729492188,86.39242553710938,102.59485626220703,103.81880187988281,17.690000534057617
2024-07-31,88.89022827148438,187.89291381835938,539.4581909179688,87.2761459350586,103.01614379882812,108.2156753540039,16.360000610351562
2024-08-01,87.27716064453125,182.7570037841797,531.8190307617188,88.02886962890625,101.17777252197266,104.17984771728516,18.59000015258789
2024-08-02,85.39854431152344,176.5093231201172,521.9173583984375,90.77198791503906,97.68293762207031,101.25189208984375,23.389999389648438
2024-08-05,82.39573669433594,172.63282775878906,506.7171630859375,91.25225830078125,95.09771728515625,97.87881469726562,38.56999969482422
2024-08-06,83.47278594970703,175.51559448242188,511.388916015625,89.21109771728516,95.66264343261719,99.2092514038086,27.709999084472656
2024-08-07,82.54960632324219,173.18380737304688,507.970703125,88.58306121826172,94.92536926269531,97.60183715820312,27.850000381469727
2024-08-08,85.01636505126953,179.8446807861328,519.713623046875,88.03812408447266,97.0126953125,101.2469482421875,23.790000915527344
2024-08-09,85.7757568359375,181.6747283935547,522.0054321289062,88.90629577636719,97.0510025024414,101.70198059082031,20.3700008392334
2024-08-12,86.02887725830078,182.18634033203125,522.27978515625,89.22957611083984,96.39031982421875,102.53286743164062,20.709999084472656
2024-08-13,87.99931335449219,186.11207580566406,530.8689575195312,89.84838104248047,97.7595443725586,105.68340301513672,18.1200008392334
2024-08-14,88.27476501464844,187.59771728515625,532.543701171875,90.41178131103516,97.83613586425781,106.26205444335938,16.190000534057617
2024-08-15,90.13849639892578,191.8973388671875,541.671630859375,89.68214416503906,99.45428466796875,109.31861114501953,15.229999542236328
2024-08-16,90.25513458251953,191.73007202148438,542.8860473632812,89.99616241455078,99.93303680419922,109.50160217285156,14.800000190734863
2024-08-19,91.38426971435547,193.87493896484375,548.0768432617188,90.41178131103516,100.90966796875,111.30685424804688,14.649999618530273
2024-08-20,91.27509307861328,193.52073669433594,547.185546875,91.1322021484375,100.3447494506836,110.91613006591797,15.880000114440918
2024-08-21,91.65727233886719,194.46527099609375,549.0661010742188,91.1875991821289,101.01500701904297,111.56898498535156,16.270000457763672
2024-08-22,90.31468963623047,192.83200073242188,544.7566528320312,90.28246307373047,100.54582977294922,109.00206756591797,17.549999237060547
2024-08-23,91.35201263427734,194.6817169189453,550.5448608398438,90.87358856201172,102.3267593383789,110.76775360107422,15.859999656677246
2024-08-26,90.75395202636719,192.91075134277344,549.232421875,90.64268493652344,102.2022705078125,109.37796020507812,16.149999618530273
2024-08-27,90.94503784179688,193.55027770996094,549.9866333007812,90.48566436767578,102.0011978149414,110.04071807861328,15.430000305175781
2024-08-28,90.06405639648438,191.75958251953125,546.7938842773438,90.37483215332031,101.7426986694336,108.52232360839844,17.110000610351562
2024-08-29,89.77617645263672,191.39553833007812,546.8427734375,90.07929229736328,102.13526153564453,107.54304504394531,15.649999618530273
2024-08-30,90.69438171386719,194.18978881835938,552.0629272460938,89.11875915527344,103.43743133544922,108.97239685058594,15.0
2024-09-03,88.04646301269531,188.473388671875,540.7020263671875,90.5762939453125,101.7139663696289,103.9671859741211,20.719999313354492
2024-09-04,87.79581451416016,188.22743225097656,539.5953369140625,91.74382781982422,101.35011291503906,103.70010375976562,21.31999969482422
2024-09-05,87.88764953613281,187.11563110351562,538.282958984375,92.26273345947266,100.51709747314453,103.54182434082031,19.899999618530273
2024-09-06,85.8948745727539,183.0325164794922,529.2235717773438,92.25347137451172,99.25321197509766,100.85623168945312,22.3799991607666
2024-09-09,86.95205688476562,186.1514129638672,535.14892578125,92.65189361572266,100.23944091796875,102.50814056396484,19.450000762939453
2024-09-10,87.77348327636719,186.5253143310547,537.4797973632812,93.300537109375,99.78941345214844,104.0413589477539,19.079999923706055
2024-09-11,89.62728118896484,189.50648498535156,542.9938354492188,93.22640991210938,99.990478515625,107.5925064086914,17.690000534057617
2024-09-12,90.6224136352539,192.01541137695312,547.567626953125,92.7908935546875,100.60327911376953,108.4827651977539,17.06999969482422
2024-09-13,91.04678344726562,193.58961486816406,550.4273681640625,93.04110717773438,101.78099060058594,109.02680206298828,16.559999465942383
2024-09-16,90.73657989501953,194.12094116210938,551.2402954101562,93.89356994628906,102.94911193847656,108.61135864257812,17.139999389648438
2024-09-17,90.83335876464844,194.0028533935547,551.4655151367188,93.43951416015625,103.1214599609375,108.398681640625,17.610000610351562
2024-09-18,90.52066802978516,193.392822265625,549.8299560546875,92.28126525878906,102.98741912841797,107.40950012207031,18.229999542236328
2024-09-19,92.65241241455078,197.15130615234375,559.2125244140625,91.97547912597656,104.24172973632812,110.5995864868164,16.329999923706055
2024-09-20,92.57299041748047,198.32211303710938,558.2457885742188,91.62337493896484,103.76300048828125,110.06049346923828,16.149999618530273
2024-09-23,92.67474365234375,199.43389892578125,559.6408081054688,91.42877197265625,104.21299743652344,110.04017639160156,15.890000343322754
2024-09-24,93.04450225830078,199.7290802001953,561.2420654296875,91.41024017333984,104.44281005859375,110.79329681396484,15.390000343322754
2024-09-25,93.18070220947266,200.1136016845703,560.0043334960938,90.65043640136719,103.70843505859375,111.11041259765625,15.40999984741211
2024-09-26,93.35218811035156,200.45872497558594,562.2245483398438,90.8635482788086,104.78923797607422,112.58197021484375,15.369999885559082
2024-09-27,92.86009979248047,199.11770629882812,561.4091186523438,91.33612060546875,105.26209259033203,111.53156280517578,16.959999084472656
2024-09-30,93.29502868652344,199.92626953125,563.6588134765625,90.9006118774414,105.2234878540039,111.85857391357422,16.729999542236328
2024-10-01,92.0175552368164,198.8120574951172,558.6092529296875,91.55691528320312,104.57695007324219,109.13345336914062,19.260000228881836
2024-10-02,92.08714294433594,199.39382934570312,558.8450317382812,90.78534698486328,104.49009704589844,109.94108581542969,18.899999618530273
2024-10-03,92.13436126708984,198.9796905517578,557.823486328125,89.93009948730469,104.21023559570312,110.39692687988281,20.489999771118164
2024-10-04,93.1384506225586,200.91226196289062,562.8925170898438,88.82386016845703,104.99188232421875,111.62570190429688,19.209999084472656
2024-10-07,92.12940216064453,199.47268676757812,557.8037109375,88.15455627441406,104.702392578125,110.85771179199219,22.639999389648438
2024-10-08,93.62310028076172,201.45458984375,563.0792236328125,88.30330657958984,104.8567886352539,112.92880249023438,21.420000076293945
2024-10-09,94.27674865722656,203.07168579101562,566.9793090820312,87.80128479003906,105.92794036865234,114.1922607421875,20.860000610351562
2024-10-10,94.25934600830078,202.1349639892578,565.987060546875,87.45735931396484,105.24278259277344,114.16252899169922,20.93000030517578
2024-10-11,94.44574737548828,204.4619903564453,569.3762817382812,87.10408782958984,106.30428314208984,114.36072540283203,20.459999084472656
2024-10-14,95.33052825927734,206.03961181640625,574.032958984375,87.16918182373047,107.06663513183594,115.85211181640625,19.700000762939453
2024-10-15,94.42089080810547,203.9393768310547,569.5728759765625,88.22893524169922,106.1498794555664,113.30535888671875,20.639999389648438
2024-10-16,94.50537872314453,205.73394775390625,572.0484619140625,88.60076141357422,107.2499771118164,113.65715026855469,19.579999923706055
2024-10-17,94.62966918945312,205.73394775390625,572.0975341796875,87.19705200195312,107.01838684082031,114.00398254394531,19.110000610351562
2024-10-18,95.14413452148438,206.40443420410156,574.2981567382812,87.26213836669922,106.96047973632812,114.4102783203125,18.030000686645508
2024-10-21,95.48213958740234,205.79312133789062,573.35498046875,85.73757934570312,105.72528076171875,114.94538879394531,18.3700008392334
2024-10-22,95.56663513183594,205.15220642089844,573.0504760742188,85.82125091552734,105.435791015625,114.82647705078125,18.200000762939453
2024-10-23,94.1102294921875,204.67889404296875,567.8143310546875,85.58885955810547,105.44544219970703,113.18148803710938,19.239999771118164
2024-10-24,94.7514419555664,204.07742309570312,569.0423583984375,86.13729095458984,105.2234878540039,113.51346588134766,19.079999923706055
2024-10-25,95.13170623779297,202.86459350585938,568.8458251953125,85.65392303466797,104.6734390258789,114.10307312011719,20.329999923706055
2024-10-28,95.35041046142578,203.6337127685547,570.6044311523438,85.42152404785156,105.51297760009766,114.06840515136719,19.799999237060547
2024-10-29,96.14572143554688,203.4266357421875,571.52783203125,85.55165100097656,104.80853271484375,115.60436248779297,19.34000015258789
2024-10-30,95.71575927734375,202.2335662841797,569.7988891601562,85.80265808105469,104.45148468017578,113.76615905761719,20.350000381469727
2024-10-31,92.94210815429688,199.58116149902344,558.62890625,85.94209289550781,103.85318756103516,110.11450958251953,23.15999984741211
2024-11-01,93.65043640136719,198.88107299804688,560.9866943359375,84.73046112060547,104.1137466430664,110.94194030761719,21.8799991607666
2024-11-04,93.3422622680664,198.5063934326172,559.7783813476562,86.0456314086914,103.93038177490234,110.85771179199219,21.979999542236328
2024-11-05,94.64208984375,201.87860107421875,566.5470581054688,86.5026626586914,105.2234878540039,112.41845703125,20.489999771118164
2024-11-06,97.08518981933594,206.54249572753906,580.6345825195312,84.13349151611328,108.41764068603516,115.61923217773438,16.270000457763672
2024-11-07,98.74788665771484,207.51866149902344,585.1242065429688,85.18749237060547,108.47553253173828,117.63581848144531,15.199999809265137
2024-11-08,99.0734634399414,210.8513946533203,587.6587524414062,86.26947784423828,108.7264404296875,117.50700378417969,14.9399995803833
2024-11-11,99.03618621826172,210.61476135253906,588.2186889648438,85.84974670410156,109.53703308105469,116.85792541503906,14.970000267028809
2024-11-12,99.11324310302734,209.53997802734375,586.3914184570312,84.56256103515625,108.44657897949219,117.0065689086914,14.710000038146973
2024-11-13,99.00884246826172,209.00755310058594,586.67626953125,83.76042175292969,108.71678924560547,116.60028076171875,14.020000457763672
2024-11-14,98.3701171875,206.84814453125,582.9039306640625,84.24542236328125,108.07987976074219,116.20389556884766,14.3100004196167
2024-11-15,96.31969451904297,205.49729919433594,575.437744140625,84.02157592773438,107.0859375,113.32022857666016,16.139999389648438
2024-11-18,96.69498443603516,206.4833221435547,577.7955322265625,84.17080688476562,107.73248291015625,113.68687438964844,15.579999923706055
2024-11-19,97.77362060546875,208.04122924804688,579.9076538085938,84.5998764038086,107.14383697509766,114.61837768554688,16.350000381469727
2024-11-20,97.61457061767578,208.652587890625,580.1041259765625,84.32937622070312,107.45263671875,114.51927947998047,17.15999984741211
2024-11-21,97.85315704345703,210.8218231201172,583.2182006835938,84.26410675048828,108.9097900390625,115.68363189697266,16.8700008392334
2024-11-22,97.95257568359375,211.90646362304688,585.02587890625,84.31072235107422,110.13533020019531,115.74310302734375,15.239999771118164
2024-11-25,97.99979400634766,211.4627685546875,587.0103759765625,86.49333190917969,111.34156799316406,115.73814392089844,14.600000381469727
2024-11-26,98.90943145751953,213.2375946044922,590.075439453125,86.1575698852539,110.51168060302734,116.3178482055664,14.100000381469727
2024-11-27,98.25579071044922,212.24171447753906,588.2874145507812,86.7545166015625,110.11603546142578,114.74224090576172,14.100000381469727
2024-11-29,99.01133728027344,213.4939422607422,591.9420166015625,87.64997100830078,110.55992889404297,115.80751037597656,13.510000228881836
2024-12-02,99.87126159667969,211.7881317138672,593.0029296875,87.86054992675781,110.17393493652344,116.90747833251953,13.34000015258789
2024-12-03,100.45780181884766,212.2614288330078,593.2779541015625,87.10238647460938,109.52738189697266,117.32862091064453,13.300000190734863
2024-12-04,101.88439178466797,213.63201904296875,596.9620361328125,88.03838348388672,108.99663543701172,119.47404479980469,13.449999809265137
2024-12-05,101.82225799560547,213.56298828125,595.9795532226562,88.21621704101562,108.48517608642578,118.86955261230469,13.539999961853027
2024-12-06,102.59024047851562,214.5095672607422,597.1093139648438,88.34724426269531,108.42728424072266,119.33035278320312,12.770000457763672
2024-12-09,101.92166900634766,210.01329040527344,594.0344848632812,87.53294372558594,107.8000259399414,118.55244445800781,14.1899995803833
2024-12-10,101.64581298828125,208.03140258789062,592.1875610351562,87.12112426757812,106.78678131103516,116.90747833251953,14.180000305175781
2024-12-11,103.35075378417969,210.36827087402344,596.765625,86.29743957519531,106.44902801513672,118.60199737548828,13.579999923706055
2024-12-12,102.71200561523438,208.83006286621094,593.690673828125,85.24915313720703,106.25603485107422,117.93806457519531,13.920000076293945
2024-12-13,102.90339660644531,211.2951202392578,593.57275390625,84.37870788574219,105.94723510742188,118.44345092773438,13.8100004196167
2024-12-16,104.12120819091797,213.03053283691406,596.1072998046875,84.63140106201172,105.26209259033203,119.62763214111328,14.6899995803833
2024-12-17,103.76445007324219,210.46585083007812,593.6512451171875,84.83731842041016,104.58969116210938,118.90423583984375,15.869999885559082
2024-12-18,100.24658203125,203.1835174560547,575.9584350585938,83.77649688720703,101.71358489990234,115.06925964355469,27.6200008392334
2024-12-19,100.25653839111328,203.02520751953125,575.7815551757812,82.50801086425781,101.06256866455078,115.19313049316406,24.09000015258789
2024-12-20,101.3387680053711,206.90383911132812,582.697265625,82.97781372070312,102.60749816894531,116.91242980957031,18.360000610351562
2024-12-23,102.36377716064453,207.71519470214844,586.1865844726562,82.21672821044922,103.02531433105469,118.15116119384766,16.780000686645508
2024-12-24,103.67985534667969,210.38670349121094,592.7020263671875,82.56437683105469,103.8123550415039,119.37201690673828,14.270000457763672
2024-12-26,103.5256118774414,210.6835479736328,592.7415771484375,82.51740264892578,104.13301849365234,119.45142364501953,14.729999542236328
2024-12-27,102.0254135131836,208.1307830810547,586.5021362304688,81.84086608886719,103.50142669677734,117.86331176757812,15.949999809265137
2024-12-30,100.80885314941406,205.69671630859375,579.80908203125,82.49862670898438,102.30628967285156,116.3645248413086,17.399999618530273
2024-12-31,99.90824127197266,204.7369384765625,577.6997680664062,82.05699157714844,102.61721801757812,115.39676666259766,17.350000381469727
2025-01-02,99.68183898925781,205.78573608398438,576.2802734375,82.2824935913086,102.47147369384766,115.1238021850586,17.93000030517578
2025-01-03,101.30892181396484,209.03115844726562,583.4857788085938,82.01940155029297,103.48199462890625,116.99976348876953,16.1299991607666
2025-01-06,102.49065399169922,209.66441345214844,586.8469848632812,81.6529541015625,104.03584289550781,118.48863220214844,16.040000915527344
2025-01-07,100.45806121826172,206.62681579589844,580.2133178710938,80.73213958740234,103.72491455078125,116.11141967773438,17.81999969482422
2025-01-08,100.60485076904297,207.5667724609375,581.0609741210938,80.83547973632812,103.43341064453125,116.07171630859375,17.700000762939453
2025-01-10,99.05489349365234,204.71717834472656,572.1896362304688,80.2999038696289,102.04393768310547,113.5406494140625,19.540000915527344
2025-01-13,98.68669128417969,204.6577911376953,573.0768432617188,80.2717056274414,102.78240203857422,112.73666381835938,19.190000534057617
2025-01-14,98.3458480834961,206.7851104736328,573.8652954101562,80.14016723632812,103.79293060302734,113.034423828125,18.709999084472656
2025-01-15,100.73421478271484,210.73301696777344,584.3038940429688,81.52140808105469,105.26014709472656,115.28260803222656,16.1200008392334
2025-01-16,100.0251693725586,212.13803100585938,583.1802368164062,81.78450012207031,105.66824340820312,114.39425659179688,16.600000381469727
2025-01-17,101.25169372558594,215.0569305419922,589.035400390625,81.9254379272461,106.59131622314453,116.18585205078125,15.970000267028809
2025-01-21,101.94332122802734,218.44082641601562,594.4270629882812,82.65834045410156,107.79618835449219,117.15361785888672,15.0600004196167
2025-01-22,103.39872741699219,219.63807678222656,597.7686157226562,82.22612762451172,107.4852523803711,119.79883575439453,15.100000381469727
2025-01-23,103.80923461914062,221.41908264160156,601.03125,81.5871810913086,108.1848373413086,120.01223754882812,15.020000457763672
2025-01-24,103.3688735961914,220.65719604492188,599.2766723632812,81.95362854003906,107.89335632324219,118.7615966796875,14.850000381469727
2025-01-27,100.42322540283203,211.66311645507812,590.7997436523438,82.92144775390625,107.67958068847656,112.94013977050781,17.899999618530273
2025-01-28,102.62500762939453,214.00808715820312,595.8760986328125,82.86507415771484,106.63018035888672,115.95260620117188,16.40999984741211
2025-01-29,101.89356231689453,214.0575714111328,593.204833984375,82.69593811035156,106.72734832763672,115.0096664428711,16.559999465942383
2025-01-30,102.18465423583984,217.57012939453125,596.3885498046875,83.0060043334961,107.82532501220703,115.22305297851562,15.84000015258789
2025-01-31,101.83135986328125,216.81814575195312,593.2147216796875,82.46102142333984,106.88282012939453,114.54810333251953,16.43000030517578
2025-02-03,100.76905059814453,216.75877380371094,589.2225341796875,83.1324234008789,106.24151611328125,113.0046615600586,18.6200008392334
2025-02-04,102.08014678955078,218.0450439453125,593.17529296875,83.38702392578125,106.56216430664062,114.63248443603516,17.209999084472656
2025-02-05,102.12742614746094,221.44874572753906,595.5803833007812,84.76376342773438,107.43666076660156,116.22557067871094,15.770000457763672
2025-02-06,102.71953582763672,223.714599609375,597.650390625,84.72604370117188,106.89252471923828,116.54318237304688,15.5
2025-02-07,101.5328140258789,222.49757385253906,592.1797485351562,84.17913055419922,106.31924438476562,115.545654296875,16.540000915527344
2025-02-10,102.56529998779297,224.6842498779297,596.2012939453125,83.92452239990234,106.75650787353516,117.2330322265625,15.8100004196167
2025-02-11,102.26425170898438,223.5760955810547,596.6547241210938,83.38702392578125,107.222900390625,117.2876205444336,16.020000457763672
2025-02-12,102.15727996826172,223.1110382080078,594.7327270507812,82.25546264648438,107.2909164428711,117.03451538085938,15.890000343322754
2025-02-13,103.43604278564453,225.3076171875,601.0115356445312,83.62277221679688,108.72897338867188,118.69212341308594,15.100000381469727
2025-02-14,103.58780670166016,225.89138793945312,600.98193359375,84.06596374511719,108.83585357666016,119.09410095214844,14.770000457763672
2025-02-18,103.57785034179688,227.05894470214844,602.7463989257812,83.07583618164062,110.25447845458984,120.18096160888672,15.350000381469727
2025-02-19,103.61518096923828,226.78189086914062,604.1658935546875,83.17957305908203,110.34192657470703,120.1908950805664,15.270000457763672
2025-02-20,103.06784057617188,222.79441833496094,601.65234375,83.4907455444336,110.16703796386719,119.80875396728516,15.65999984741211
2025-02-21,100.72924041748047,217.59979248046875,591.3616333007812,84.49974060058594,108.47634887695312,116.56303405761719,18.209999084472656
2025-02-24,99.6992416381836,215.3636474609375,588.6705932617188,84.74491119384766,108.27228546142578,114.8955078125,18.979999542236328
2025-02-25,98.69913482666016,214.5621795654297,585.7430419921875,86.2065200805664,108.0488052368164,113.4066390991211,19.43000030517578
2025-02-26,99.05986785888672,215.89793395996094,586.0387573242188,86.71571350097656,107.89335632324219,114.64241027832031,19.100000381469727
2025-02-27,96.43017578125,212.19741821289062,576.6843872070312,86.102783203125,106.88282012939453,110.46862030029297,21.1299991607666
2025-02-28,98.17169952392578,216.12551879882812,585.6838989257812,87.15892028808594,108.00994873046875,111.92770385742188,19.6299991607666
2025-03-03,95.74849700927734,212.08856201171875,575.4227905273438,87.565673828125,106.47472381591797,108.52317810058594,22.780000686645508
2025-03-04,95.13150787353516,207.72509765625,568.6116333007812,86.48731231689453,104.1524429321289,108.43881225585938,23.510000228881836
2025-03-05,96.5396499633789,210.37681579589844,574.722900390625,85.7967529296875,105.09496307373047,109.96240997314453,21.93000030517578
2025-03-06,93.85274505615234,202.24354553222656,564.5209350585938,85.51298522949219,104.36621856689453,106.91024017333984,24.8700008392334
2025-03-07,94.2532958984375,202.19407653808594,567.6849975585938,85.23867797851562,105.67796325683594,108.45866394042969,23.3700008392334
2025-03-10,90.52893829345703,194.05088806152344,552.564453125,86.12785339355469,104.08443450927734,103.84814453125,27.860000610351562
2025-03-11,90.3050308227539,194.70391845703125,547.9708862304688,85.51298522949219,102.26742553710938,103.42630004882812,26.920000076293945
2025-03-12,91.53404235839844,197.77122497558594,550.8787841796875,85.00216674804688,102.02450561523438,105.05413055419922,24.229999542236328
2025-03-13,89.5810546875,194.6643524169922,543.5352783203125,85.74946594238281,101.9176254272461,103.05905151367188,24.65999984741211
2025-03-14,91.85247802734375,199.85897827148438,554.7625122070312,85.29541015625,103.72491455078125,106.17574310302734,21.770000457763672
2025-03-17,92.13858795166016,202.20394897460938,559.0404052734375,85.72109985351562,105.28929138183594,106.91520690917969,20.510000228881836
2025-03-18,90.52123260498047,198.75872802734375,552.998046875,85.80622100830078,105.10253143310547,105.28739166259766,21.700000762939453
2025-03-19,91.91096496582031,202.54818725585938,559.0206298828125,86.25080108642578,105.69898223876953,106.6571273803711,19.899999618530273
2025-03-20,91.70175170898438,202.26051330566406,557.4041748046875,86.30756378173828,105.1807632446289,105.89781951904297,19.799999237060547
2025-03-21,92.12513732910156,203.0937957763672,557.5880126953125,85.7967529296875,104.58431243896484,106.18566131591797,19.280000686645508
2025-03-24,94.13003540039062,208.77801513671875,567.5736083984375,84.91703033447266,106.09988403320312,108.1966781616211,17.479999542236328
2025-03-25,94.70533752441406,209.36329650878906,568.93798828125,84.9075927734375,106.01187896728516,108.55463409423828,17.149999618530273
2025-03-26,92.65811157226562,205.35556030273438,562.1458740234375,84.34947204589844,105.689208984375,106.13346099853516,18.329999923706055
2025-03-27,92.16748046875,203.18307495117188,560.6529541015625,84.10352325439453,105.00475311279297,105.154052734375,18.690000534057617
2025-03-28,89.79399871826172,199.25473022460938,549.3623046875,85.26704406738281,103.47940826416016,102.6036376953125,21.649999618530273
2025-03-31,89.93096923828125,200.51458740234375,553.0501098632812,86.10892486572266,104.28119659423828,102.65335083007812,22.280000686645508
2025-04-01,90.62583923339844,201.9132843017578,554.6121826171875,86.85509490966797,104.16384887695312,103.40406036376953,21.770000457763672
2025-04-02,91.36801147460938,204.45285034179688,558.1219482421875,86.79815673828125,104.85808563232422,104.16968536376953,21.510000228881836
2025-04-03,86.28482818603516,193.431640625,530.6172485351562,87.19685363769531,99.61714172363281,97.06031799316406,30.020000457763672
2025-04-04,81.10948944091797,179.71217346191406,499.5533447265625,88.1462173461914,93.7210693359375,90.66685485839844,45.310001373291016
2025-04-07,81.19913482666016,181.24978637695312,498.66357421875,85.48806762695312,93.36906433105469,91.2087631225586,46.97999954223633
2025-04-08,79.80194091796875,179.39471435546875,490.8531188964844,83.87417602539062,91.42327117919922,89.35435485839844,52.33000183105469
2025-04-09,89.07672119140625,198.19326782226562,542.4021606445312,84.36782836914062,98.55135345458984,101.35079956054688,33.619998931884766
2025-04-10,85.6397705078125,191.7154541015625,518.6346435546875,82.04195404052734,95.05085754394531,96.63275909423828,40.720001220703125
2025-04-11,87.17394256591797,194.49307250976562,527.888427734375,82.4881591796875,96.2339859008789,98.6114501953125,37.560001373291016
2025-04-14,87.71936798095703,196.2191925048828,533.0098266601562,83.07674407958984,97.42689514160156,99.51131439208984,30.889999389648438
2025-04-15,87.71936798095703,197.31039428710938,531.5169067382812,83.37103271484375,97.32911682128906,99.87423706054688,30.1200008392334
2025-04-16,85.09185028076172,193.1439666748047,519.7023315429688,83.83619689941406,95.91131591796875,96.40406799316406,32.63999938964844
2025-04-17,85.0818862915039,193.7887725830078,520.44384765625,83.09571838378906,96.45887756347656,95.88204956054688,29.649999618530273
2025-04-21,82.82048034667969,188.42201232910156,508.0558776855469,81.64321899414062,94.7770767211914,93.40620422363281,33.81999969482422
2025-04-22,85.00218963623047,194.2053985595703,521.2743530273438,82.09890747070312,96.83043670654297,95.68319702148438,30.56999969482422
2025-04-23,87.04692840576172,198.72897338867188,529.3516845703125,82.89635467529297,98.25801086425781,98.45732879638672,28.450000762939453
2025-04-24,89.50259399414062,203.18307495117188,540.4940185546875,83.7697525024414,99.79314422607422,102.13133239746094,26.469999313354492
2025-04-25,90.84998321533203,205.13731384277344,544.3992919921875,84.3868179321289,99.26512908935547,103.6427001953125,24.84000015258789
2025-04-28,90.77527618408203,206.0995635986328,544.6068115234375,84.91844940185547,99.81270599365234,103.47367095947266,25.149999618530273
2025-04-29,91.33314514160156,207.63717651367188,548.0375366210938,85.63044738769531,100.11580657958984,103.95591735839844,24.170000076293945
2025-04-30,91.35057830810547,207.95465087890625,548.2550048828125,84.93743896484375,100.28203582763672,104.38844299316406,24.700000762939453
2025-05-01,92.55352020263672,209.82952880859375,552.1405029296875,84.50675964355469,100.38959503173828,105.91968536376953,24.600000381469727
2025-05-02,93.87599182128906,214.6506805419922,560.3365478515625,83.592041015625,102.13005065917969,107.6895751953125,22.68000030517578
2025-05-05,93.32557678222656,214.31338500976562,557.1234741210938,83.1251449584961,101.73894500732422,107.11784362792969,23.639999389648438
2025-05-06,92.45638275146484,212.35916137695312,552.4667358398438,83.40147399902344,101.18161010742188,106.2279281616211,24.760000228881836
2025-05-07,92.77018737792969,213.95626831054688,554.7902221679688,83.75401306152344,101.61182403564453,107.2918472290039,23.549999237060547
2025-05-08,93.50988006591797,215.90061950683594,558.6558227539062,82.82024383544922,102.66783905029297,108.31598663330078,22.479999542236328
2025-05-09,93.33305358886719,215.47406005859375,557.9440307617188,82.9441146850586,102.73628234863281,108.1817626953125,21.899999618530273
2025-05-12,97.31542205810547,221.4657745361328,576.3826293945312,82.17230987548828,105.65987396240234,113.20306396484375,18.389999389648438
2025-05-13,98.79232788085938,225.6520538330078,580.1890258789062,81.83882904052734,105.9043197631836,115.64908599853516,18.219999313354492
2025-05-14,99.52702331542969,226.673828125,580.9304809570312,81.29572296142578,105.00475311279297,116.3998031616211,18.6200008392334
2025-05-15,99.42990112304688,227.11032104492188,583.7679443359375,82.01033020019531,106.40299987792969,116.55888366699219,17.829999923706055
2025-05-16,99.95789337158203,228.8264923095703,587.465576171875,82.22948455810547,107.11679077148438,116.77764129638672,17.239999771118164
2025-05-19,100.04008483886719,229.3522491455078,588.108154296875,81.99128723144531,107.03855895996094,116.60860443115234,18.139999389648438
2025-05-20,99.48967742919922,228.4892120361328,586.130859375,81.40052795410156,106.8429946899414,116.17109680175781,18.09000015258789
2025-05-21,98.01277923583984,224.32278442382812,576.2540893554688,80.00938415527344,104.62342071533203,113.98857879638672,20.8700008392334
2025-05-22,98.24938201904297,224.45172119140625,576.4814453125,80.42864227294922,104.11497497558594,114.0184097290039,20.280000686645508
2025-05-23,97.28057098388672,223.92596435546875,572.5465087890625,80.5620346069336,103.6456298828125,112.76058959960938,22.290000915527344
2025-05-27,99.64408874511719,228.73721313476562,584.4501342773438,81.68636322021484,105.36654663085938,115.44027709960938,18.959999084472656
2025-05-28,99.20824432373047,228.28086853027344,581.06884765625,81.33382415771484,104.51586151123047,114.9630126953125,19.309999465942383
2025-05-29,99.56438446044922,228.47927856445312,583.3626098632812,82.0865478515625,104.64297485351562,115.15689849853516,19.18000030517578
2025-05-30,99.4797134399414,229.6895294189453,582.7100830078125,82.2104263305664,104.6136474609375,114.79894256591797,18.56999969482422
2025-06-02,100.10733032226562,231.63385009765625,585.992431640625,81.4453353881836,104.68207550048828,115.81314849853516,18.360000610351562
2025-06-03,100.81713104248047,232.427490234375,589.3341064453125,81.30187225341797,105.95321655273438,117.5531997680664,17.690000534057617
2025-06-04,101.12844848632812,231.85211181640625,589.1759643554688,82.62167358398438,105.70877075195312,117.72721099853516,17.610000610351562
2025-06-05,100.50830841064453,229.56057739257812,586.3285522460938,82.67903900146484,105.6109848022461,117.39411926269531,18.479999542236328
2025-06-06,101.50701904296875,230.87994384765625,592.3495483398438,81.62702178955078,106.852783203125,118.50277709960938,16.770000457763672
2025-06-09,101.58671569824219,229.60025024414062,592.8834228515625,81.71311950683594,107.3612289428711,119.0844497680664,17.15999984741211
2025-06-10,102.23674011230469,229.51095581054688,596.2449340820312,82.13392639160156,108.70079803466797,119.75064086914062,16.950000762939453
2025-06-11,101.90550231933594,230.5128936767578,594.54443359375,82.382568359375,108.11412048339844,119.48714447021484,17.260000228881836
2025-06-12,102.3039779663086,230.43353271484375,596.9072875976562,83.3676528930664,108.30968475341797,120.5958251953125,18.020000457763672
2025-06-13,101.00890350341797,228.4197540283203,590.23388671875,82.56428527832031,107.04833221435547,118.90547180175781,20.81999969482422
2025-06-16,102.25389862060547,230.33924865722656,595.8494262695312,81.73223876953125,108.36351013183594,120.82947540283203,19.110000610351562
2025-06-17,101.34894561767578,228.58973693847656,590.7578735351562,82.72688293457031,107.32003021240234,119.974365234375,21.600000381469727
2025-06-18,101.21183776855469,228.89788818359375,590.6688232421875,82.8703384399414,107.6744155883789,120.11854553222656,20.139999389648438
2025-06-20,100.50881958007812,228.92770385742188,589.2816772460938,82.71730041503906,107.95989227294922,119.58657836914062,20.6200008392334
2025-06-23,101.7353515625,232.8342742919922,595.1021728515625,82.9850845336914,108.84585571289062,120.95006561279297,19.829999923706055
2025-06-24,103.20870208740234,235.47845458984375,601.6764526367188,83.5876235961914,110.3126220703125,123.12126922607422,17.479999542236328
2025-06-25,103.56768035888672,233.79852294921875,602.0135498046875,83.69281768798828,109.67276763916016,124.17201232910156,16.760000228881836
2025-06-26,104.53496551513672,235.717041015625,606.7236938476562,84.11361694335938,110.6670150756836,125.0285415649414,16.59000015258789
2025-06-27,105.12828063964844,236.29356384277344,609.7380981445312,83.57804870605469,110.84420776367188,124.879150390625,16.31999969482422
2025-06-30,105.84625244140625,238.8880157470703,612.6533203125,84.4005355834961,111.4447021484375,126.10417938232422,16.729999542236328
2025-07-01,104.73189544677734,235.39891052246094,612.455078125,84.60980224609375,113.0886459350586,124.9787368774414,16.829999923706055
2025-07-02,105.58200073242188,235.48837280273438,615.2315063476562,84.07225036621094,113.38397979736328,126.29839324951172,16.639999389648438
2025-07-03,106.76615142822266,237.9436492919922,620.0804443359375,83.4866714477539,113.99431610107422,127.96165466308594,16.3799991607666
2025-07-07,106.01577758789062,237.1484375,615.4595336914062,82.6899185180664,112.63582611083984,126.9457778930664,17.790000915527344
2025-07-08,105.93350219726562,235.02117919921875,615.1224365234375,82.58432006835938,113.48241424560547,127.62802124023438,16.809999465942383
2025-07-09,106.90575408935547,236.47247314453125,618.8110961914062,83.4482650756836,113.6202392578125,128.3948974609375,15.9399995803833
2025-07-10,106.87834167480469,236.19415283203125,620.5562744140625,83.505859375,114.22073364257812,127.97162628173828,15.779999732971191
2025-07-11,106.5916519165039,234.84225463867188,618.3748168945312,82.35392761230469,113.2855453491211,127.40889739990234,16.399999618530273
2025-07-14,106.92571258544922,237.7846221923828,619.5548095703125,82.18114471435547,113.18709564208984,127.30431365966797,17.200000762939453
2025-07-15,107.16752624511719,235.81642150878906,616.9072875976562,81.60517883300781,111.72032928466797,128.43475341796875,17.3799991607666
2025-07-16,107.54147338867188,236.74087524414062,618.9697265625,81.7203598022461,111.58251953125,128.83311462402344,17.15999984741211
2025-07-17,108.30681610107422,237.84426879882812,622.7576293945312,81.70116424560547,112.21253967285156,130.00338745117188,16.520000457763672
2025-07-18,108.25944519042969,237.6454620361328,622.301513671875,81.82595825195312,112.1928482055664,129.91873168945312,16.40999984741211
2025-07-21,108.54364013671875,238.12258911132812,623.4815063476562,82.5555191040039,112.25190734863281,130.0880584716797,16.649999618530273
2025-07-22,107.8555908203125,236.1444549560547,623.5707397460938,83.05467987060547,113.06897735595703,128.8829345703125,16.5
2025-07-23,108.84030151367188,238.92774963378906,628.875732421875,82.59392547607422,114.69324493408203,129.6199493408203,15.369999885559082
2025-07-24,109.1544189453125,238.1723175048828,629.083984375,82.44991302490234,113.73836517333984,130.167724609375,15.390000343322754
2025-07-25,109.66048431396484,239.8522186279297,631.7413940429688,82.96829223632812,113.8072738647461,130.4665069580078,14.930000305175781
2025-07-28,110.04190826416016,239.3054962158203,631.5828247070312,82.43072509765625,113.31507110595703,131.5072784423828,15.029999732971191
2025-07-29,109.47102355957031,239.25579833984375,629.9169311523438,83.8226547241211,113.00990295410156,131.5122833251953,15.979999542236328
2025-07-30,109.74525451660156,239.91188049316406,629.1236572265625,83.39068603515625,112.5177001953125,131.80609130859375,15.479999542236328
2025-07-31,109.79261016845703,239.8522186279297,626.763671875,83.43865966796875,111.18875122070312,130.8400115966797,16.719999313354492
2025-08-01,107.67359924316406,237.357177734375,616.4907836914062,84.6248779296875,109.81058502197266,128.01644897460938,20.3799991607666
2025-08-04,109.7851333618164,240.89596557617188,625.8612670898438,84.85614776611328,110.93280792236328,130.61590576171875,17.520000457763672
2025-08-05,108.92256927490234,239.6931915283203,622.688232421875,85.11632537841797,111.27735137939453,129.53529357910156,17.850000381469727
2025-08-06,110.42333221435547,242.605712890625,627.4578247070312,84.6248779296875,111.31673431396484,130.99435424804688,16.770000457763672
2025-08-07,110.26129150390625,242.41685485839844,626.9322509765625,84.48033905029297,111.47422790527344,131.11387634277344,16.56999969482422
2025-08-08,111.16873168945312,244.19618225097656,631.82080078125,84.11417388916016,112.65552520751953,132.42359924316406,15.149999618530273
2025-08-11,110.96430206298828,244.23594665527344,630.5713500976562,84.21051788330078,112.55706787109375,131.52720642089844,16.25
2025-08-12,112.2581558227539,246.38307189941406,637.284423828125,83.78652954101562,114.69324493408203,133.56396484375,14.729999542236328
2025-08-13,112.15595245361328,244.7926025390625,639.4659423828125,84.48033905029297,115.89422607421875,133.61376953125,14.489999771118164
2025-08-14,112.29056549072266,244.49441528320312,639.5254516601562,83.85399627685547,116.08125305175781,133.32493591308594,14.829999923706055
2025-08-15,111.93656921386719,243.4009552001953,638.0281372070312,83.25654602050781,115.12637329101562,132.3140411376953,15.09000015258789
2025-08-18,111.97396087646484,243.38107299804688,637.8893432617188,83.0156478881836,115.40201568603516,132.59786987304688,14.989999771118164
2025-08-19,110.42084503173828,240.66734313964844,634.4286499023438,83.49745178222656,116.03203582763672,130.28225708007812,15.569999694824219
2025-08-20,109.76768493652344,241.41287231445312,632.742919921875,83.6805419921875,115.21498107910156,129.4008331298828,15.6899995803833
2025-08-21,109.29901123046875,240.09080505371094,630.2044677734375,83.26618194580078,114.94918060302734,128.9327392578125,16.600000381469727
2025-08-22,111.001708984375,242.20809936523438,639.8823852539062,83.88290405273438,117.56771087646484,130.6806640625,14.220000267028809
2025-08-25,110.82221221923828,241.3929901123047,637.0662231445312,83.64200592041016,117.0853500366211,130.3868408203125,14.789999961853027
2025-08-26,111.47039031982422,243.7091064453125,639.733642578125,83.59380340576172,117.29207611083984,130.98440551757812,14.619999885559082
2025-08-27,111.69723510742188,243.31149291992188,641.1912841796875,83.49745178222656,117.93194580078125,131.69155883789062,14.850000381469727
2025-08-28,112.4177017211914,244.85226440429688,643.4620361328125,84.04671478271484,118.20758056640625,132.73233032226562,14.430000305175781
2025-08-29,111.08396911621094,242.27769470214844,639.6245727539062,83.44925689697266,117.81381225585938,130.69558715820312,15.359999656677246
2025-09-02,110.11170959472656,241.04507446289062,634.884765625,82.82827758789062,117.21331787109375,129.37591552734375,17.170000076293945
2025-09-03,111.21609497070312,241.2239990234375,638.3255615234375,83.73751068115234,116.86878204345703,130.14781188964844,16.350000381469727
2025-09-04,112.20082092285156,243.48046875,643.660400390625,84.37594604492188,118.11898040771484,130.79022216796875,15.300000190734863
2025-09-05,112.0063705444336,242.84429931640625,641.7960815429688,85.66239929199219,118.54226684570312,130.89974975585938,15.180000305175781
2025-09-08,112.63957977294922,245.01129150390625,643.3728637695312,86.80379486083984,118.06976318359375,131.8807830810547,15.109999656677246
2025-09-09,112.9985580444336,246.95960998535156,644.8601684570312,86.31047821044922,118.20758056640625,132.13475036621094,15.039999961853027
2025-09-10,113.73897552490234,252.85427856445312,646.724365234375,86.80379486083984,118.51274108886719,134.53004455566406,15.350000381469727
2025-09-11,114.33728790283203,252.4467315673828,652.0987548828125,87.38417053222656,120.35358428955078,134.98321533203125,14.710000038146973
2025-09-12,114.71124267578125,252.00936889648438,651.8805541992188,87.00692749023438,119.75308990478516,134.89356994628906,14.760000228881836
2025-09-15,115.81312561035156,253.10279846191406,655.3511962890625,87.2100601196289,119.82200622558594,136.10865783691406,15.6899995803833
2025-09-16,115.62123107910156,252.489013671875,654.4488525390625,87.39383697509766,119.86158752441406,135.6355743408203,16.360000610351562
2025-09-17,115.15960693359375,252.2100067138672,653.6357421875,87.17137908935547,120.25749969482422,135.16746520996094,15.720000267028809
2025-09-18,115.8133773803711,253.76438903808594,656.6898193359375,86.27180480957031,122.72203826904297,137.50302124023438,15.699999809265137
2025-09-19,116.94123840332031,255.88674926757812,659.9423217773438,86.10733795166016,121.83123779296875,138.89736938476562,15.449999809265137
2025-09-22,117.94683837890625,256.7635803222656,663.0645141601562,85.7978286743164,121.79165649414062,140.9407196044922,16.100000381469727
2025-09-23,116.71416473388672,255.8668212890625,659.4551391601562,86.39754486083984,122.20735168457031,139.72409057617188,16.639999389648438
2025-09-24,116.0853500366211,254.2327117919922,657.3569946289062,86.06867980957031,122.33602142333984,138.8614501953125,16.18000030517578
2025-09-25,115.49896240234375,252.67831420898438,654.3242797851562,86.06867980957031,122.08858489990234,138.6171417236328,16.739999771118164
2025-09-26,115.99053192138672,253.74449157714844,658.072998046875,85.99127960205078,123.3554916381836,139.03598022460938,15.289999961853027
2025-09-29,116.41972351074219,254.720947265625,659.9224243164062,86.69739532470703,123.5732421875,139.77891540527344,16.1200008392334
2025-09-30,116.88134765625,255.52804565429688,662.4082641601562,86.44590759277344,123.77120208740234,140.54180908203125,16.280000686645508
2025-10-01,117.57254028320312,254.98001098632812,664.6654663085938,86.66915893554688,125.51319885253906,141.9180145263672,16.290000915527344
2025-10-02,117.70728302001953,254.8903350830078,665.4309692382812,86.92152404785156,125.64187622070312,142.68589782714844,16.6299991607666
2025-10-03,117.26312255859375,253.35589599609375,665.421142578125,86.75651550292969,126.10707092285156,141.96788024902344,16.649999618530273
2025-10-06,118.00172424316406,253.2960968017578,667.8074951171875,86.06735229492188,125.90911102294922,143.40391540527344,16.3700008392334
2025-10-07,117.34297943115234,253.58505249023438,665.3316040039062,86.56238555908203,124.91934204101562,142.44656372070312,17.239999771118164
2025-10-08,118.51575469970703,254.9999542236328,669.2990112304688,86.63033294677734,125.63197326660156,144.9446563720703,16.299999237060547
2025-10-09,118.4259262084961,255.11953735351562,667.3600463867188,86.56238555908203,124.55311584472656,144.70033264160156,16.43000030517578
2025-10-10,114.65057373046875,249.0713348388672,649.32275390625,87.96012115478516,121.03942108154297,138.8115997314453,21.65999984741211
2025-10-13,116.92376708984375,253.82420349121094,659.2860107421875,87.91158294677734,122.84081268310547,142.19227600097656,19.030000686645508
2025-10-14,116.04792785644531,253.20640563964844,658.4805908203125,88.19306945800781,123.78108978271484,140.3673095703125,20.809999465942383
2025-10-15,116.53700256347656,253.94375610351562,661.4039916992188,87.99895477294922,125.07770538330078,141.75845336914062,20.639999389648438
2025-10-16,115.97306060791016,251.98085021972656,656.899658203125,88.65898132324219,124.03843688964844,141.86317443847656,25.309999465942383
2025-10-17,116.55946350097656,251.89117431640625,660.62841796875,88.52308654785156,124.59270477294922,142.11248779296875,20.780000686645508
2025-10-20,117.94434356689453,253.30606079101562,667.499267578125,88.86282348632812,125.94869995117188,143.69810485839844,18.229999542236328
2025-10-21,117.91439056396484,252.6584014892578,667.4892578125,89.29962158203125,127.13642883300781,143.7729034423828,17.8700008392334
2025-10-22,116.96619415283203,250.01791381835938,664.0191040039062,89.35784912109375,126.11695861816406,142.35182189941406,18.600000381469727
2025-10-23,118.00920867919922,252.0505828857422,667.9566650390625,88.74634552001953,126.92858123779297,144.1468505859375,17.299999237060547
2025-10-24,119.07220458984375,254.58145141601562,673.4155883789062,88.78517150878906,128.5023193359375,146.38568115234375,16.3700008392334
2025-10-27,121.0260009765625,256.9927673339844,681.3603515625,89.08606719970703,129.5415802001953,149.08822631835938,15.789999961853027
2025-10-28,122.1463851928711,257.02264404296875,683.1700439453125,89.31901550292969,129.45248413085938,150.5641326904297,16.420000076293945
2025-10-29,122.69535064697266,257.0923767089844,683.4981689453125,88.41632080078125,128.96751403808594,151.64614868164062,16.920000076293945
2025-10-30,120.82139587402344,252.64842224121094,675.98095703125,87.9018783569336,128.24497985839844,149.78131103515625,16.90999984741211
2025-10-31,121.16574096679688,253.30606079101562,678.1983642578125,87.6397933959961,129.07638549804688,149.92588806152344,17.440000534057617
2025-11-03,121.7596206665039,252.60858154296875,679.4711303710938,87.42062377929688,129.23475646972656,150.53919982910156,17.170000076293945
2025-11-04,119.6236572265625,248.3140869140625,671.4169921875,87.6154556274414,126.9582748413086,146.565185546875,19.0
2025-11-05,119.7658920288086,249.2506866455078,673.7437133789062,86.66077423095703,128.84872436523438,147.13861083984375,18.010000228881836
2025-11-06,117.81957244873047,246.04225158691406,666.514892578125,87.44010925292969,128.08660888671875,144.1817626953125,19.5
2025-11-07,117.63492584228516,247.2877655029297,667.1710815429688,87.25502014160156,128.94772338867188,143.68313598632812,19.079999923706055
2025-11-10,120.2350082397461,251.71180725097656,677.5819091796875,87.23553466796875,130.12554931640625,147.35800170898438,17.600000381469727
2025-11-11,120.0079345703125,250.8648681640625,679.1329956054688,87.63493347167969,130.12554931640625,146.10147094726562,17.280000686645508
2025-11-12,119.79334259033203,250.68551635742188,679.5108642578125,87.7907943725586,131.3132781982422,146.5552215576172,17.510000228881836
2025-11-13,117.25814056396484,244.90635681152344,668.2350463867188,87.06991577148438,129.40301513671875,142.90029907226562,20.0
2025-11-14,117.5101547241211,245.18536376953125,668.125732421875,86.57310485839844,129.32383728027344,143.67816162109375,19.829999923706055
2025-11-17,116.40225219726562,242.485107421875,661.901123046875,86.78742218017578,127.0869369506836,141.42938232421875,22.3799991607666
2025-11-18,114.9974136352539,241.16983032226562,656.3428344726562,86.75819396972656,126.71083068847656,139.13072204589844,24.690000534057617
2025-11-19,115.84830474853516,242.07656860351562,658.87841796875,86.58283996582031,126.51287078857422,140.09803771972656,23.65999984741211
2025-11-20,113.522705078125,237.164306640625,648.8355712890625,86.9238052368164,123.39508819580078,135.7001953125,26.420000076293945
2025-11-21,114.1839599609375,236.9749755859375,655.2987670898438,87.18683624267578,126.08727264404297,136.2237548828125,23.43000030517578
2025-11-24,116.711669921875,241.4289093017578,664.9437866210938,87.68364715576172,127.65110778808594,139.4697723388672,20.520000457763672
2025-11-25,117.5326156616211,243.33204650878906,671.1981811523438,87.90769958496094,129.50198364257812,139.84375,18.559999465942383
2025-11-26,118.4259262084961,246.78956604003906,675.8318481445312,88.29734802246094,130.69961547851562,141.49917602539062,17.190000534057617
2025-11-28,118.88755798339844,249.35032653808594,679.5208129882812,87.87847137451172,132.3030548095703,142.7158203125,16.350000381469727
2025-12-01,118.48580932617188,246.75967407226562,676.4185180664062,86.78450012207031,131.87744140625,142.7806396484375,17.239999771118164
2025-12-02,119.00732421875,247.91551208496094,677.67138671875,86.82360076904297,132.65936279296875,144.25157165527344,16.59000015258789
2025-12-03,118.8950424194336,248.90194702148438,680.0180053710938,87.06800842285156,133.9856719970703,144.5956268310547,16.079999923706055
2025-12-04,119.13208770751953,250.6954803466797,680.51513671875,86.5987548828125,133.33241271972656,145.13414001464844,15.779999732971191
2025-12-05,119.47393798828125,251.8811798095703,681.8078002929688,86.19791412353516,133.92626953125,146.19619750976562,15.40999984741211
2025-12-08,119.40657043457031,252.46908569335938,679.7594604492188,85.91439819335938,133.90647888183594,147.22337341308594,16.65999984741211
2025-12-09,119.3965835571289,252.58865356445312,679.1727294921875,86.00239562988281,134.1044464111328,147.61228942871094,16.93000030517578
2025-12-10,119.59121704101562,254.9999542236328,683.6771850585938,86.33478546142578,136.85601806640625,148.32032775878906,15.770000457763672
2025-12-11,119.52384948730469,255.13943481445312,685.26806640625,86.21746826171875,137.162841796875,147.5624237060547,14.850000381469727
2025-12-12,117.6174545288086,248.5631866455078,677.9000244140625,85.38648223876953,135.38124084472656,143.29421997070312,15.739999771118164
2025-12-15,117.08346557617188,247.44720458984375,676.8758544921875,85.44513702392578,135.56930541992188,141.90805053710938,16.5
2025-12-16,117.34423828125,247.48817443847656,675.0264282226562,85.91439819335938,134.5766143798828,142.16732788085938,16.479999542236328
2025-12-17,115.23858642578125,241.66339111328125,667.5986938476562,85.8362045288086,133.46142578125,139.0060577392578,17.6200008392334
2025-12-18,116.71229553222656,245.84963989257812,672.6399536132812,86.24679565429688,134.54673767089844,141.150146484375,16.8700008392334
2025-12-19,118.27091979980469,251.02499389648438,678.7363891601562,85.92489624023438,136.00042724609375,144.20172119140625,14.90999984741211
2025-12-22,118.9728012084961,253.16307067871094,682.96484375,85.73841094970703,136.99610900878906,144.979736328125,14.079999923706055
2025-12-23,119.71964263916016,254.09225463867188,686.0863037109375,85.87581634521484,136.67750549316406,145.7687530517578,14.0
2025-12-24,120.01188659667969,255.2412109375,688.4996948242188,86.39598083496094,137.60348510742188,146.1183319091797,13.470000267028809
2025-12-26,119.97691345214844,254.80160522460938,688.4298706054688,86.1113510131836,137.66322326660156,146.34803771972656,13.600000381469727
2025-12-29,119.37994384765625,253.2629852294922,685.9765625,86.43524169921875,137.5437469482422,145.68885803222656,14.199999809265137
2025-12-30,119.1326675415039,252.5635986328125,685.138916015625,86.22913360595703,137.37448120117188,145.22943115234375,14.329999923706055
2025-12-31,118.22096252441406,250.08583068847656,680.062744140625,85.5421371459961,136.13983154296875,143.7912139892578,14.949999809265137
2026-01-02,117.8363037109375,252.503662109375,681.309326171875,85.41453552246094,138.74851989746094,144.1208038330078,14.510000228881836
2026-01-05,118.28840637207031,254.8915252685547,685.846923828125,85.83656311035156,139.88360595703125,144.44039916992188,14.899999618530273
2026-01-06,118.82793426513672,257.87884521484375,689.92578125,85.65989685058594,142.46241760253906,146.46788024902344,14.75
2026-01-07,119.1326675415039,256.2403259277344,687.701904296875,86.16043090820312,141.1182403564453,146.34803771972656,15.380000114440918
2026-01-08,118.21597290039062,253.10313415527344,687.632080078125,85.72860717773438,141.70570373535156,144.06088256835938,15.449999809265137
2026-01-09,118.9403305053711,256.75982666015625,692.1796264648438,86.29784393310547,143.61741638183594,145.968505859375,14.489999771118164
2026-01-12,119.20759582519531,258.7181091308594,693.2666625976562,86.04267120361328,143.07974243164062,146.6077117919922,15.119999885559082
2026-01-13,118.84791564941406,258.6781311035156,691.8804931640625,86.18988037109375,143.04986572265625,146.298095703125,15.979999542236328
2026-01-14,117.4316635131836,255.5009765625,688.479736328125,86.69042205810547,143.06979370117188,144.5203094482422,16.75
2026-01-15,117.56404876708984,256.9796447753906,690.3546142578125,86.67078399658203,143.88624572753906,145.2793731689453,15.84000015258789
2026-01-16,117.54155731201172,258.14862060546875,689.7761840820312,86.17025756835938,143.8663330078125,145.4391632080078,15.859999656677246
2026-01-20,114.5641860961914,252.61355590820312,675.7345581054688,85.0416030883789,142.22344970703125,141.6638641357422,20.09000015258789
2026-01-21,115.50335693359375,255.1712646484375,683.5332641601562,85.68934631347656,145.9473114013672,143.63140869140625,16.899999618530273
2026-01-22,116.392578125,255.84068298339844,687.103515625,86.06228637695312,146.69407653808594,144.70008850097656,15.640000343322754
2026-01-23,116.96207427978516,255.26119995117188,687.352783203125,86.29784393310547,144.42391967773438,144.90982055664062,16.09000015258789
2026-01-26,117.6914291381836,256.71990966796875,690.84326171875,86.71003723144531,144.12521362304688,145.8986053466797,16.149999618530273
2026-01-27,118.50821685791016,259.9869689941406,693.5957641601562,86.17025756835938,145.47933959960938,147.86614990234375,16.350000381469727
2026-01-28,118.21846771240234,259.8570556640625,693.5259399414062,85.97396087646484,147.3213653564453,149.044677734375,16.350000381469727
2026-01-29,117.2568130493164,260.8861389160156,692.1497192382812,85.99359130859375,147.82916259765625,146.68760681152344,16.8799991607666
2026-01-30,116.38508605957031,255.66082763671875,690.0853271484375,85.51268005371094,146.54470825195312,143.7013397216797,17.440000534057617
2026-02-02,116.76725006103516,258.12860107421875,693.5159912109375,85.26836395263672,148.98414611816406,145.07960510253906,16.34000015258789
2026-02-03,114.6940689086914,256.2203369140625,687.6520385742188,85.47525024414062,148.92440795898438,141.903564453125,18.0
2026-02-04,113.38522338867188,246.82875061035156,684.3211059570312,85.25850677490234,148.48631286621094,137.94847106933594,18.639999389648438
2026-02-05,111.42943572998047,243.911376953125,675.7744750976562,86.18458557128906,147.51052856445312,135.46157836914062,21.770000457763672
2026-02-06,114.10958099365234,253.2629852294922,688.739013671875,86.24369812011719,151.2244415283203,140.95474243164062,20.3700008392334
2026-02-09,115.1436767578125,257.199462890625,692.0599975585938,86.22399139404297,150.67681884765625,143.1719970703125,17.360000610351562
2026-02-10,114.77899169921875,254.83157348632812,690.2349243164062,87.21903991699219,150.1590576171875,142.37298583984375,17.790000915527344
2026-02-11,114.37934875488281,254.92149353027344,690.075439453125,86.75599670410156,152.24002075195312,142.79246520996094,17.649999618530273
2026-02-12,112.14131164550781,249.97592163085938,679.41455078125,87.90868377685547,149.22311401367188,139.03713989257812,20.81999969482422
2026-02-13,111.6942138671875,251.25477600097656,679.8931884765625,88.39141845703125,150.9058074951172,139.38668823242188,20.600000381469727
2026-02-17,112.23873138427734,251.42462158203125,680.9901733398438,88.5392074584961,150.19888305664062,139.30679321289062,20.290000915527344
2026-02-18,112.943115234375,253.2629852294922,684.4208374023438,88.20423126220703,151.6426239013672,140.73501586914062,19.6200008392334
2026-02-19,112.58592224121094,253.07315063476562,682.61572265625,88.29290008544922,150.72659301757812,140.035888671875,20.229999542236328
2026-02-20,113.365234375,254.5518341064453,687.5523071289062,88.08601379394531,151.76210021972656,140.70506286621094,19.09000015258789
2026-02-23,111.8990249633789,249.52633666992188,680.531494140625,88.41112518310547,149.59152221679688,138.34799194335938,21.010000228881836
2026-02-24,113.06550598144531,251.91419982910156,685.4779052734375,88.5687484741211,150.49757385253906,140.145751953125,19.549999237060547
2026-02-25,114.52421569824219,256.150390625,691.26220703125,88.57860565185547,151.33396911621094,142.8323974609375,17.93000030517578
2026-02-26,113.43767547607422,254.66172790527344,687.422607421875,88.93326568603516,150.46771240234375,140.8348846435547,18.6299991607666
2026-02-27,112.44854736328125,252.73345947265625,684.1216430664062,89.47512817382812,150.13912963867188,138.58767700195312,19.860000610351562
2026-03-02,112.76826477050781,253.47279357910156,684.5106201171875,88.57660675048828,149.64129638671875,139.36671447753906,21.440000534057617
2026-03-03,112.0663833618164,246.78878784179688,678.4771118164062,88.39868927001953,146.46507263183594,137.32925415039062,23.56999969482422
2026-03-04,113.16541290283203,250.4854736328125,683.2639770507812,88.12191772460938,148.61573791503906,139.6663360595703,21.149999618530273
2026-03-05,113.1554183959961,246.8087615966797,679.4544067382812,87.76606750488281,146.99278259277344,140.00592041015625,23.75
2026-03-06,111.66673278808594,241.26373291015625,670.5487060546875,87.43987274169922,143.93603515625,137.1195068359375,29.489999771118164
2026-03-09,113.01055145263672,247.01858520507812,676.4227294921875,88.20099639892578,144.71266174316406,139.58644104003906,25.5
2026-03-10,112.7432861328125,248.05764770507812,675.3356323242188,87.26194763183594,145.0910186767578,139.58644104003906,24.93000030517578
2026-03-11,112.73079681396484,248.5671844482422,674.4879760742188,86.13510131835938,145.73822021484375,140.25559997558594,24.229999542236328
2026-03-12,110.72755432128906,243.6815643310547,664.2459106445312,85.96705627441406,143.16934204101562,137.6688232421875,27.290000915527344
2026-03-13,109.47616577148438,243.22198486328125,660.4862060546875,85.54202270507812,144.0654754638672,136.630126953125,27.190000534057617
2026-03-16,110.7925033569336,246.55899047851562,667.2078857421875,86.20428466796875,145.5590057373047,138.607666015625,23.510000228881836
2026-03-17,110.92749786376953,248.22999572753906,668.9630126953125,86.44152069091797,147.00999450683594,139.36671447753906,22.3700008392334
2026-03-18,109.26000213623047,246.24000549316406,659.6285400390625,85.95716857910156,145.47999572753906,137.78868103027344,25.09000015258789
2026-03-19,108.8550033569336,246.86000061035156,658.0029907226562,86.48106384277344,145.36000061035156,138.25808715820312,24.059999465942383
2026-03-20,106.86000061035156,241.52000427246094,648.5700073242188,84.8402099609375,143.10000610351562,135.1219940185547,26.780000686645508
2026-03-23,108.50499725341797,244.52000427246094,655.3800048828125,85.39374542236328,143.8000030517578,136.9499969482422,26.149999618530273
2026-03-24,107.3550033569336,245.5399932861328,653.1799926757812,85.01812744140625,144.91000366210938,136.14999389648438,26.950000762939453
2026-03-25,108.05000305175781,247.17999267578125,656.8200073242188,85.83855438232422,145.55999755859375,136.75999450683594,25.329999923706055
2026-03-26,105.5875015258789,238.2100067138672,645.0900268554688,85.11697387695312,142.89999389648438,132.5,27.440000534057617
2026-03-27,103.20249938964844,235.75999450683594,634.0900268554688,84.65238952636719,141.0800018310547,129.9199981689453,31.049999237060547
2026-03-30,102.72750091552734,230.77000427246094,631.969970703125,85.77924346923828,138.47999572753906,127.5,30.610000610351562
2026-03-31,106.5999984741211,239.99000549316406,650.3400268554688,85.6902847290039,142.19000244140625,132.89999389648438,25.25
2026-04-01,107.52749633789062,245.24000549316406,655.239990234375,85.6059341430664,144.75999450683594,134.91000366210938,24.540000915527344
2026-04-02,107.51000213623047,245.85000610351562,655.8300170898438,86.13191223144531,145.22000122070312,135.99000549316406,23.8700008392334
2026-04-06,107.93499755859375,247.69000244140625,658.9299926757812,85.99297332763672,146.25,136.77999877929688,24.170000076293945
2026-04-07,107.99250030517578,249.27999877929688,659.219970703125,85.98304748535156,146.30999755859375,137.42999267578125,25.780000686645508
2026-04-08,110.7874984741211,259.6400146484375,676.010009765625,86.26092529296875,151.64999389648438,141.69000244140625,21.040000915527344
2026-04-09,111.30249786376953,262.4100036621094,679.9099731445312,86.04259490966797,152.8300018310547,142.07000732421875,19.489999771118164
2026-04-10,111.56500244140625,263.44000244140625,679.4600219726562,85.83418273925781,152.13999938964844,142.6199951171875,19.229999542236328
2026-04-13,113.1050033569336,266.04998779296875,686.0999755859375,86.09221649169922,153.4600067138672,145.61000061035156,19.1200008392334
2026-04-14,115.14250183105469,270.3299865722656,694.4600219726562,86.5487289428711,155.02000427246094,147.94000244140625,18.360000610351562
2026-04-15,117.22750091552734,269.989990234375,699.9400024414062,86.1716079711914,154.47000122070312,150.3000030517578,18.170000076293945
2026-04-16,117.30750274658203,270.82000732421875,701.6599731445312,85.62577819824219,156.27999877929688,152.02000427246094,17.940000534057617
2026-04-17,119.10250091552734,274.4599914550781,710.1400146484375,86.40978240966797,158.22000122070312,154.35000610351562,17.479999542236328
2026-04-20,118.68250274658203,273.55999755859375,708.719970703125,86.38994598388672,158.11000061035156,154.55999755859375,18.8700008392334
2026-04-21,117.81500244140625,271.5899963378906,704.0800170898438,85.91357421875,158.22999572753906,154.69000244140625,19.5
2026-04-22,119.71749877929688,275.989990234375,711.2100219726562,86.08228302001953,159.11000061035156,158.08999633789062,18.920000076293945
2026-04-23,118.26249694824219,275.8800048828125,708.4500122070312,85.89373016357422,159.91000366210938,155.83999633789062,19.309999465942383
2026-04-24,119.78500366210938,280.8999938964844,713.9400024414062,86.05252075195312,162.3300018310547,160.22000122070312,18.709999084472656
2026-04-27,119.98500061035156,280.75,715.1699829101562,85.62577819824219,163.52999877929688,160.57000732421875,18.020000457763672
2026-04-28,119.07250213623047,276.2099914550781,711.6900024414062,85.71509552001953,162.11000061035156,157.85000610351562,17.829999923706055
2026-04-29,118.80000305175781,277.7099914550781,711.5800170898438,85.0501708984375,164.97000122070312,159.11000061035156,18.809999465942383
2026-04-30,119.2699966430664,283.9800109863281,718.6599731445312,84.97077941894531,167.07000732421875,159.5,16.889999389648438
2026-05-01,120.05000305175781,285.0899963378906,720.6500244140625,85.27458953857422,168.30999755859375,161.8699951171875,16.989999771118164
2026-05-04,119.81999969482422,284.2900085449219,718.010009765625,84.62712860107422,167.9600067138672,162.0500030517578,18.290000915527344
2026-05-05,120.41000366210938,291.1000061035156,723.77001953125,85.09529113769531,173.91000366210938,165.6300048828125,17.3799991607666
2026-05-06,122.44000244140625,299.17999267578125,733.8300170898438,85.74274444580078,177.36000061035156,170.02999877929688,17.389999389648438
2026-05-07,122.73999786376953,293.9100036621094,731.5800170898438,85.3144302368164,174.80999755859375,169.69000244140625,17.079999923706055
2026-05-08,123.54000091552734,301.79998779296875,737.6199951171875,85.74274444580078,182.58999633789062,175.52000427246094,17.190000534057617
2026-05-11,123.5199966430664,306.6600036621094,739.2999877929688,85.22477722167969,185.19000244140625,177.8800048828125,18.3799991607666
2026-05-12,123.3499984741211,303.239990234375,738.1799926757812,84.65701293945312,182.22999572753906,175.1999969482422,17.989999771118164
2026-05-13,124.30999755859375,305.3999938964844,742.3099975585938,84.46776580810547,183.86000061035156,176.85000610351562,17.8700008392334
2026-05-14,125.88999938964844,307.25,748.1699829101562,84.58728790283203,184.16000366210938,179.5,17.260000228881836
2026-05-15,124.37000274658203,298.2699890136719,739.1699829101562,83.33222961425781,179.77999877929688,176.25999450683594,18.43000030517578
2026-05-18,124.0999984741211,294.32000732421875,738.6500244140625,83.23261260986328,178.07000732421875,174.36000061035156,17.81999969482422
2026-05-19,123.06999969482422,292.5899963378906,733.72998046875,82.69473266601562,178.2899932861328,173.24000549316406,18.059999465942383
2026-05-20,124.66000366210938,299.5899963378906,741.25,83.58125305175781,182.69000244140625,177.13999938964844,17.440000534057617
2026-05-21,124.68000030517578,302.1600036621094,742.719970703125,83.89002990722656,184.9199981689453,178.60000610351562,16.760000228881836
2026-05-22,125.0,303.6000061035156,745.6400146484375,84.34822845458984,187.3300018310547,180.38999938964844,16.700000762939453
2026-05-25,,,,,,,16.59000015258789
2026-05-26,125.66000366210938,314.04998779296875,750.5900268554688,84.7665786743164,194.5500030517578,185.13999938964844,17.010000228881836
2026-05-27,125.70999908447266,313.3299865722656,750.4600219726562,84.96580505371094,195.61000061035156,184.42999267578125,16.290000915527344
2026-05-28,127.12000274658203,314.6499938964844,754.5999755859375,85.4040756225586,195.9499969482422,186.85000610351562,15.739999771118164
2026-05-29,127.8499984741211,315.80999755859375,756.47998046875,85.42400360107422,198.1199951171875,191.02000427246094,15.319999694824219
2026-06-01,128.77000427246094,316.92999267578125,758.5399780273438,85.47000122070312,201.47999572753906,195.75999450683594,16.049999237060547
2026-06-02,128.2899932861328,326.0299987792969,759.5700073242188,85.6500015258789,203.6999969482422,198.2100067138672,15.770000457763672
2026-06-03,126.62999725341797,329.5,754.239990234375,85.30999755859375,202.85000610351562,196.22999572753906,16.059999465942383
2026-06-04,126.83000183105469,325.8699951171875,757.0900268554688,85.5,200.24000549316406,193.1699981689453,15.399999618530273
2026-06-05,122.69000244140625,306.4700012207031,737.5499877929688,85.05999755859375,191.9199981689453,180.3000030517578,21.510000228881836
2026-06-08,122.9800033569336,315.0799865722656,739.219970703125,84.62000274658203,195.57000732421875,184.17999267578125,18.920000076293945
