"Date","Price","Open","High","Low","Vol.","Change %"
"30/01/2026","55.3600","56.2100","57.1000","55.0000","100.72K","-1.39%"
"29/01/2026","56.1400","59.3300","60.0000","56.1400","105.16K","-4.52%"
"28/01/2026","58.8000","60.1600","60.8700","58.8000","78.78K","-2.02%"
"27/01/2026","60.0100","60.5000","61.9500","59.1200","83.37K","-0.32%"
"26/01/2026","60.2000","59.7000","60.2000","56.8500","129.12K","1.69%"
"23/01/2026","59.2000","58.1000","61.2000","58.1000","212.64K","1.95%"
"22/01/2026","58.0700","58.0000","58.2500","54.5000","159.98K","1.86%"
"21/01/2026","57.0100","56.5900","59.4000","55.3000","253.66K","6.03%"
"20/01/2026","53.7700","54.0700","54.8500","52.6300","124.72K","-2.02%"
"19/01/2026","54.8800","55.3000","55.3700","52.5600","123.03K","-3.48%"
"16/01/2026","56.8600","57.0000","58.1800","56.3000","95.47K","-0.98%"
"15/01/2026","57.4200","57.2200","57.9000","56.1000","64.56K","0.51%"
"14/01/2026","57.1300","56.3900","57.7000","55.2400","86.73K","1.76%"
"13/01/2026","56.1400","56.9800","57.4900","55.0600","99.96K","-1.16%"
"12/01/2026","56.8000","53.6100","56.8000","53.4100","213.17K","6.39%"
"09/01/2026","53.3900","51.6700","54.4900","51.1000","103.31K","3.53%"
"08/01/2026","51.5700","53.0500","53.7200","51.5700","62.29K","-3.59%"
"07/01/2026","53.4900","51.8500","53.5000","51.6300","72.99K","2.43%"
"06/01/2026","52.2200","50.2500","52.4000","49.1500","79.31K","3.92%"
"05/01/2026","50.2500","52.9600","53.3300","49.1000","136.55K","-3.62%"
"02/01/2026","52.1400","51.0000","54.8000","51.0000","148.07K","3.93%"
"31/12/2025","50.1700","49.9850","50.9400","49.6450","35.72K","0.36%"
"30/12/2025","49.9900","48.4000","49.9900","48.2000","79.21K","3.23%"
"29/12/2025","48.4250","47.3050","49.4950","46.8050","108.49K","5.73%"
"24/12/2025","45.8000","45.4400","46.3000","45.3500","30.58K","0.66%"
"23/12/2025","45.5000","45.0800","46.4900","45.0000","82.90K","0.22%"
"22/12/2025","45.4000","46.9950","47.0250","45.0100","86.08K","-2.27%"
"19/12/2025","46.4550","48.4000","48.6250","45.7000","153.18K","-3.51%"
"18/12/2025","48.1450","48.5450","49.4350","47.9750","70.82K","0.63%"
"17/12/2025","47.8450","49.1500","50.0800","47.6000","92.50K","-2.62%"
"16/12/2025","49.1300","53.8300","54.0000","49.1000","268.62K","-10.62%"
"15/12/2025","54.9700","55.0200","56.7900","53.6600","109.57K","-0.52%"
"12/12/2025","55.2600","50.5000","55.4900","50.0600","227.33K","9.97%"
"11/12/2025","50.2500","49.1850","50.3500","48.8150","61.00K","2.48%"
"10/12/2025","49.0350","48.2000","50.1100","48.1950","99.57K","1.63%"
"09/12/2025","48.2500","48.0000","49.0000","47.4200","50.08K","0.95%"
"08/12/2025","47.7950","47.2900","48.7300","47.1600","68.28K","0.62%"
"05/12/2025","47.5000","47.5500","48.8000","47.0000","91.78K","0.42%"
"04/12/2025","47.3000","48.0000","48.0900","46.5250","89.40K","-1.12%"
"03/12/2025","47.8350","45.1400","47.8350","44.5600","122.09K","5.91%"
"02/12/2025","45.1650","44.9800","45.2000","43.2900","91.89K","0.10%"
"01/12/2025","45.1200","46.0100","46.2000","44.2800","102.25K","-1.91%"
"28/11/2025","46.0000","45.6500","46.1100","45.0950","56.46K","1.77%"
"27/11/2025","45.2000","44.9800","46.5950","44.5500","83.96K","1.29%"
"26/11/2025","44.6250","44.3000","45.7000","43.2000","72.72K","1.95%"
"25/11/2025","43.7700","43.5350","44.0000","42.8000","57.26K","1.35%"
"24/11/2025","43.1850","42.6200","43.5000","42.2350","68.77K","2.25%"
"21/11/2025","42.2350","41.4000","42.6850","41.0600","79.76K","-0.86%"
"20/11/2025","42.6000","45.0000","45.3500","42.2000","111.48K","-2.76%"
"19/11/2025","43.8100","44.3700","45.5500","43.8100","83.94K","-0.27%"
"18/11/2025","43.9300","42.3200","45.2300","41.0500","127.88K","1.77%"
"17/11/2025","43.1650","44.0300","44.7000","42.8500","50.21K","-2.40%"
"14/11/2025","44.2250","44.7950","44.7950","42.8000","119.88K","-1.83%"
"13/11/2025","45.0500","44.2600","45.6400","44.2000","71.23K","1.12%"
"12/11/2025","44.5500","45.5950","45.6500","44.4500","63.77K","-2.09%"
"11/11/2025","45.5000","45.9700","45.9700","44.8500","37.71K","0.67%"
"10/11/2025","45.1950","45.6000","46.7350","44.5000","141.55K","1.35%"
"07/11/2025","44.5950","47.4450","47.6500","44.5950","143.38K","-6.07%"
"06/11/2025","47.4750","47.6950","50.0200","46.8000","119.73K","-1.09%"
"05/11/2025","48.0000","48.5000","48.8900","46.5000","108.27K","-2.70%"
"04/11/2025","49.3300","49.1000","50.1600","47.8000","80.78K","-0.74%"
"03/11/2025","49.7000","50.7000","51.7000","49.7000","71.77K","-2.03%"
"31/10/2025","50.7300","50.0000","51.3600","50.0000","74.69K","1.46%"
"30/10/2025","50.0000","53.0000","53.2000","49.8000","162.68K","-5.62%"
"29/10/2025","52.9800","53.5400","54.2000","52.3000","66.72K","1.26%"
"28/10/2025","52.3200","51.2000","54.4000","51.2000","138.63K","2.15%"
"27/10/2025","51.2200","52.9100","53.4000","51.2200","66.51K","-2.27%"
"24/10/2025","52.4100","51.5000","52.6500","50.3300","81.60K","2.66%"
"23/10/2025","51.0500","52.3700","53.7300","50.3400","109.45K","-1.83%"
"22/10/2025","52.0000","52.1000","56.2800","51.5900","223.86K","0.50%"
"21/10/2025","51.7400","50.8000","54.4400","47.1550","479.27K","-8.91%"
"20/10/2025","56.8000","53.9500","56.8000","52.6400","171.66K","5.83%"
"17/10/2025","53.6700","53.1000","54.6400","50.6000","169.03K","0.43%"
"16/10/2025","53.4400","51.0000","53.4400","50.2500","118.41K","4.78%"
"15/10/2025","51.0000","52.4900","53.5800","50.6600","145.93K","0.53%"
"14/10/2025","50.7300","51.0400","52.5200","49.8500","159.39K","-0.92%"
"13/10/2025","51.2000","54.8800","57.0000","50.7000","227.15K","-5.26%"
"10/10/2025","54.0400","53.0000","56.5000","52.6000","261.31K","1.71%"
"09/10/2025","53.1300","55.2000","55.2000","52.6000","157.41K","-3.36%"
"08/10/2025","54.9800","54.4500","56.7600","54.1300","135.65K","0.46%"
"07/10/2025","54.7300","57.1100","58.7600","54.6100","185.64K","-4.49%"
"06/10/2025","57.3000","60.5000","61.9900","57.3000","225.89K","-4.79%"
"03/10/2025","60.1800","60.8100","62.5500","58.2100","230.28K","-1.43%"
"02/10/2025","61.0500","62.3000","63.2400","60.1300","292.59K","0.73%"
"01/10/2025","60.6100","57.0000","62.1000","56.6900","436.85K","6.00%"
"30/09/2025","57.1800","50.4000","58.0200","49.9000","562.78K","13.23%"
"29/09/2025","50.5000","49.5800","51.0800","48.9600","160.21K","3.21%"
"26/09/2025","48.9300","51.0400","51.8000","48.9300","126.90K","-4.81%"
"25/09/2025","51.4000","52.5000","53.3300","49.8950","194.54K","-0.77%"
"24/09/2025","51.8000","51.0000","53.2900","50.4000","342.29K","4.19%"
"23/09/2025","49.7150","47.8800","49.8800","47.4500","224.09K","4.81%"
"22/09/2025","47.4350","48.6950","48.8900","46.3000","130.02K","-1.14%"
"19/09/2025","47.9800","48.5000","51.1900","47.9800","293.99K","0.66%"
"18/09/2025","47.6650","47.4500","48.6000","47.2100","139.50K","0.51%"
"17/09/2025","47.4250","45.9200","48.3450","45.5000","217.81K","3.32%"
"16/09/2025","45.9000","46.4900","49.3800","45.8300","217.06K","-0.22%"
"15/09/2025","46.0000","45.5000","47.8600","44.5250","146.39K","0.56%"
"12/09/2025","45.7450","46.3550","46.9800","45.1150","79.05K","-0.67%"
"11/09/2025","46.0550","45.6550","47.4900","45.6100","121.28K","0.92%"
"10/09/2025","45.6350","44.9850","49.2500","44.2000","360.29K","2.30%"
"09/09/2025","44.6100","41.1450","45.4200","40.5500","280.68K","8.42%"
"08/09/2025","41.1450","42.1400","42.5000","39.5000","109.65K","-0.06%"
"05/09/2025","41.1700","40.4500","42.5000","39.2950","255.55K","3.82%"
"04/09/2025","39.6550","37.1750","41.2600","36.1950","378.75K","5.47%"
"03/09/2025","37.6000","39.5050","40.6500","37.1000","242.50K","-6.07%"
"02/09/2025","40.0300","41.1200","41.1200","39.5100","194.60K","-3.31%"
"01/09/2025","41.4000","43.8250","44.0000","40.5800","245.39K","-5.22%"
"29/08/2025","43.6800","44.1900","45.8950","43.6800","99.54K","-1.95%"
"28/08/2025","44.5500","45.8950","46.0000","43.5000","118.27K","-1.36%"
"27/08/2025","45.1650","45.9550","47.2000","44.3850","162.29K","-0.79%"
"26/08/2025","45.5250","46.9200","47.2350","44.1600","324.79K","-5.81%"
"25/08/2025","48.3350","44.0000","50.1900","44.0000","500.21K","9.95%"
"22/08/2025","43.9600","43.7950","44.6000","42.1500","228.34K","1.85%"
"21/08/2025","43.1600","41.7400","43.9100","40.8350","216.21K","3.35%"
"20/08/2025","41.7600","42.2600","43.0700","41.5100","213.52K","-2.59%"
"19/08/2025","42.8700","38.2600","43.9900","38.2600","455.45K","11.92%"
"18/08/2025","38.3050","38.7250","39.7000","38.0500","115.27K","-0.56%"
"15/08/2025","38.5200","37.9000","41.1950","37.6000","320.96K","1.34%"
"14/08/2025","38.0100","34.5500","38.0100","34.4950","255.28K","9.79%"
"13/08/2025","34.6200","35.5150","36.1000","34.1150","121.57K","-2.89%"
"12/08/2025","35.6500","35.5000","36.0500","35.3500","61.97K","-0.97%"
"11/08/2025","36.0000","36.8900","37.1900","35.1000","158.73K","-1.06%"
"08/08/2025","36.3850","35.4800","37.7000","35.0000","263.71K","5.46%"
"07/08/2025","34.5000","34.9500","35.6500","33.0500","148.55K","-1.13%"
"06/08/2025","34.8950","32.9500","36.2100","32.5600","370.47K","6.23%"
"05/08/2025","32.8500","32.7500","33.0650","31.1000","159.44K","0.15%"
"04/08/2025","32.8000","28.7200","33.5000","28.5500","546.46K","15.15%"
"01/08/2025","28.4850","28.7100","28.9800","26.8800","233.37K","4.67%"
"31/07/2025","27.2150","28.1500","28.5550","27.2150","130.30K","-3.30%"
"30/07/2025","28.1450","28.4000","28.9500","27.9600","69.88K","-0.07%"
"29/07/2025","28.1650","28.5400","29.2000","28.1650","84.16K","-1.86%"
"28/07/2025","28.7000","28.4050","29.0500","28.1400","113.32K","2.57%"
"25/07/2025","27.9800","27.6500","28.2000","27.0800","73.47K","1.19%"
"24/07/2025","27.6500","26.9100","28.3800","26.8500","118.01K","2.94%"
"23/07/2025","26.8600","27.2500","27.3000","26.7300","94.37K","-0.06%"
"22/07/2025","26.8750","28.1100","28.2450","26.8750","146.07K","-4.83%"
"21/07/2025","28.2400","28.0400","29.5500","27.8800","202.56K","2.69%"
"18/07/2025","27.5000","28.7500","28.8600","27.5000","88.37K","-2.79%"
"17/07/2025","28.2900","28.0000","28.7000","27.1800","139.46K","1.89%"
"16/07/2025","27.7650","27.6200","27.7950","26.7800","142.86K","-0.09%"
"15/07/2025","27.7900","27.3900","28.9000","27.1750","163.03K","1.50%"
"14/07/2025","27.3800","27.0000","27.5150","26.6850","186.17K","-0.80%"
"11/07/2025","27.6000","28.7000","28.8000","27.6000","145.90K","-3.83%"
"10/07/2025","28.7000","28.3000","29.4000","28.2900","141.26K","0.70%"
"09/07/2025","28.5000","29.6600","30.0400","28.5000","229.14K","-3.93%"
"08/07/2025","29.6650","29.6000","30.3400","29.2450","205.61K","-1.12%"
"07/07/2025","30.0000","30.5200","30.8600","30.0000","97.51K","-2.60%"
"04/07/2025","30.8000","31.1000","31.6500","30.6200","80.75K","-1.35%"
"03/07/2025","31.2200","31.4950","32.2150","31.0900","123.45K","-0.89%"
"02/07/2025","31.5000","31.1950","31.7800","29.9500","272.43K","-0.94%"
"01/07/2025","31.8000","32.2000","32.5850","31.8000","97.05K","-1.50%"
"30/06/2025","32.2850","32.3800","32.9000","32.2000","79.26K","-0.29%"
"27/06/2025","32.3800","32.9650","33.2000","32.0600","78.16K","-0.67%"
"26/06/2025","32.6000","32.8000","33.8500","32.4350","104.60K","-0.59%"
"25/06/2025","32.7950","32.4350","33.4100","30.9500","225.87K","1.00%"
"24/06/2025","32.4700","33.2000","33.3000","32.0600","143.40K","-0.57%"
"23/06/2025","32.6550","32.5200","33.2000","31.7500","158.58K","-1.79%"
"20/06/2025","33.2500","33.4000","34.2000","32.6000","164.53K","-0.75%"
"19/06/2025","33.5000","34.7000","34.9500","32.9600","229.07K","-4.41%"
"18/06/2025","35.0450","35.6100","35.8500","34.9100","83.00K","-1.67%"
"17/06/2025","35.6400","35.6950","36.2950","35.4000","60.64K","-0.86%"
"16/06/2025","35.9500","36.5650","37.3700","35.8200","93.20K","-2.60%"
"13/06/2025","36.9100","38.6700","38.6700","36.9000","119.51K","-5.36%"
"12/06/2025","39.0000","37.5350","39.6000","37.3950","151.64K","3.12%"
"11/06/2025","37.8200","37.4250","38.0000","37.3150","52.51K","0.65%"
"10/06/2025","37.5750","36.8900","38.1500","36.8900","88.22K","0.33%"
"09/06/2025","37.4500","36.9900","37.9800","36.7000","87.67K","1.23%"
"06/06/2025","36.9950","37.3050","37.7500","36.7400","60.12K","-1.57%"
"05/06/2025","37.5850","37.5000","37.8900","37.2400","43.78K","0.23%"
"04/06/2025","37.5000","36.6200","38.2750","36.6000","100.47K","1.35%"
"03/06/2025","37.0000","37.5000","37.6900","36.0200","142.21K","-2.09%"
"02/06/2025","37.7900","39.2000","40.3000","36.4800","273.74K","-2.10%"
"30/05/2025","38.6000","38.3100","38.6400","37.9500","61.88K","0.29%"
"29/05/2025","38.4900","37.9000","38.8050","37.7100","76.84K","2.29%"
"28/05/2025","37.6300","37.9500","38.8600","37.5900","72.31K","0.35%"
"27/05/2025","37.5000","38.5650","39.3000","37.5000","75.86K","-2.34%"
"26/05/2025","38.4000","38.3800","39.6200","38.0000","169.36K","1.40%"
"23/05/2025","37.8700","35.9400","39.3550","35.8500","217.79K","4.70%"
"22/05/2025","36.1700","36.9500","37.0050","35.6500","80.11K","-2.18%"
"21/05/2025","36.9750","36.1900","37.0000","36.0050","88.04K","1.83%"
"20/05/2025","36.3100","34.8200","36.7000","34.6750","147.58K","2.72%"
"19/05/2025","35.3500","36.3850","36.9050","34.8000","157.79K","-2.62%"
"16/05/2025","36.3000","36.0400","37.1000","35.2600","122.39K","-0.27%"
"15/05/2025","36.4000","38.0300","39.4950","35.1000","149.85K","-4.39%"
"14/05/2025","38.0700","44.0000","44.1000","37.6000","440.03K","-9.36%"
"13/05/2025","42.0000","42.0100","45.0000","41.8500","314.32K","0.00%"
"12/05/2025","42.0000","41.2150","43.7500","40.5400","216.75K","2.69%"
"09/05/2025","40.9000","39.2300","41.6600","37.8550","190.08K","4.87%"
"08/05/2025","39.0000","39.0100","39.7000","37.4650","108.20K","0.40%"
"07/05/2025","38.8450","35.8700","39.6800","34.7900","250.13K","7.60%"
"06/05/2025","36.1000","34.4000","36.1200","34.1250","114.75K","4.20%"
"05/05/2025","34.6450","35.2300","35.4000","34.6450","70.79K","-2.30%"
"02/05/2025","35.4600","35.3200","36.2000","35.0650","94.41K","-0.84%"
"30/04/2025","35.7600","35.3000","35.8600","34.2000","151.12K","0.53%"
"29/04/2025","35.5700","37.3650","37.5650","35.0000","174.70K","-3.57%"
"28/04/2025","36.8850","36.0000","37.9900","35.9200","192.87K","-0.85%"
"25/04/2025","37.2000","35.0000","37.2000","33.0100","198.96K","7.51%"
"24/04/2025","34.6000","31.0000","38.4600","29.4150","880.24K","-1.14%"
"23/04/2025","35.0000","35.0000","36.0000","35.0000","41.96K","0.00%"
"22/04/2025","35.0000","37.0000","37.0000","35.0000","38.75K","-2.78%"
"17/04/2025","36.0000","38.0000","38.0000","36.0000","59.61K","-7.69%"
"16/04/2025","39.0000","38.0000","39.0000","37.0000","35.52K","2.63%"
"15/04/2025","38.0000","38.0000","39.0000","37.0000","21.22K","2.70%"
"14/04/2025","37.0000","38.0000","39.0000","37.0000","54.30K","-2.63%"
"11/04/2025","38.0000","38.0000","38.0000","36.0000","30.67K","2.70%"
"10/04/2025","37.0000","39.0000","40.0000","37.0000","71.61K","5.71%"
"09/04/2025","35.0000","36.0000","37.0000","34.0000","61.06K","-5.41%"
"08/04/2025","37.0000","36.0000","39.0000","36.0000","67.82K","5.71%"
"07/04/2025","35.0000","32.0000","36.0000","25.0000","243.13K","-7.89%"
"04/04/2025","38.0000","39.0000","40.0000","36.0000","97.34K","-5.00%"
"03/04/2025","40.0000","41.0000","42.0000","40.0000","44.94K","-2.44%"
"02/04/2025","41.0000","40.0000","42.0000","39.0000","78.83K","5.13%"
"01/04/2025","39.0000","39.0000","40.0000","38.0000","33.93K","0.00%"
"31/03/2025","39.0000","41.0000","41.0000","39.0000","34.84K","-2.50%"
"28/03/2025","40.0000","41.0000","42.0000","40.0000","31.69K","-2.44%"
"27/03/2025","41.0000","41.0000","42.0000","41.0000","34.02K","0.00%"
"26/03/2025","41.0000","40.0000","41.0000","38.0000","91.36K","2.50%"
"25/03/2025","40.0000","39.0000","40.0000","38.0000","42.70K","5.26%"
"24/03/2025","38.0000","40.0000","41.0000","38.0000","98.43K","-5.00%"
"21/03/2025","40.0000","38.0000","41.0000","37.0000","115.78K","8.11%"
"20/03/2025","37.0000","37.0000","38.0000","36.0000","43.75K","0.00%"
"19/03/2025","37.0000","38.0000","39.0000","36.0000","70.00K","-2.63%"
"18/03/2025","38.0000","40.0000","41.0000","38.0000","120.28K","-7.32%"
"17/03/2025","41.0000","40.0000","41.0000","40.0000","29.57K","2.50%"
"14/03/2025","40.0000","42.0000","42.0000","40.0000","49.44K","-4.76%"
"13/03/2025","42.0000","41.0000","42.0000","40.0000","85.93K","2.44%"
"12/03/2025","41.0000","36.0000","42.0000","35.0000","256.14K","10.81%"
"11/03/2025","37.0000","43.0000","43.0000","37.0000","295.25K","-13.95%"
"10/03/2025","43.0000","46.0000","46.0000","43.0000","183.38K","-6.52%"
"07/03/2025","46.0000","53.0000","55.0000","42.0000","598.72K","-6.12%"
"06/03/2025","49.0000","45.0000","54.0000","44.0000","669.58K","16.67%"
"05/03/2025","42.0000","34.0000","43.0000","33.0000","755.14K","23.53%"
"04/03/2025","34.0000","33.0000","36.0000","33.0000","252.28K","3.03%"
"03/03/2025","33.0000","32.0000","33.0000","32.0000","67.21K","3.13%"
"28/02/2025","32.0000","32.0000","33.0000","31.0000","47.24K","0.00%"
"27/02/2025","32.0000","32.0000","33.0000","31.0000","54.51K","0.00%"
"26/02/2025","32.0000","31.0000","32.0000","30.0000","55.58K","3.23%"
"25/02/2025","31.0000","32.0000","32.0000","30.0000","64.30K","-3.13%"
"24/02/2025","32.0000","32.0000","33.0000","30.0000","144.39K","0.00%"
"21/02/2025","32.0000","34.0000","34.0000","32.0000","97.94K","-5.88%"
"20/02/2025","34.0000","33.0000","34.0000","31.0000","202.64K","6.25%"
"19/02/2025","32.0000","35.0000","36.0000","31.0000","341.25K","-5.88%"
"18/02/2025","34.0000","31.0000","35.0000","31.0000","419.30K","17.24%"
"17/02/2025","29.0000","27.0000","30.0000","27.0000","319.09K","7.41%"
"14/02/2025","27.0000","26.0000","27.0000","25.0000","95.49K","8.00%"
"13/02/2025","25.0000","26.0000","27.0000","25.0000","121.48K","0.00%"
"12/02/2025","25.0000","23.0000","27.0000","22.0000","385.60K","8.70%"
"11/02/2025","23.0000","21.0000","24.0000","20.0000","316.64K","9.52%"
"10/02/2025","21.0000","21.0000","22.0000","20.0000","46.71K","0.00%"
"07/02/2025","21.0000","21.0000","22.0000","20.0000","112.23K","0.00%"
"06/02/2025","21.0000","22.0000","22.0000","21.0000","40.25K","0.00%"
"05/02/2025","21.0000","21.0000","22.0000","21.0000","18.16K","0.00%"
"04/02/2025","21.0000","22.0000","23.0000","21.0000","63.46K","0.00%"
"03/02/2025","21.0000","22.0000","23.0000","21.0000","79.06K","-8.70%"
"31/01/2025","23.0000","22.0000","23.0000","22.0000","60.81K","4.55%"
"30/01/2025","22.0000","22.0000","23.0000","20.0000","158.44K","4.76%"
"29/01/2025","21.0000","21.0000","22.0000","21.0000","59.93K","0.00%"
"28/01/2025","21.0000","21.0000","22.0000","20.0000","74.17K","0.00%"
"27/01/2025","21.0000","21.0000","22.0000","20.0000","70.42K","0.00%"
"24/01/2025","21.0000","21.0000","22.0000","20.0000","117.63K","0.00%"
"23/01/2025","21.0000","22.0000","22.0000","21.0000","46.60K","0.00%"
"22/01/2025","21.0000","22.0000","22.0000","21.0000","91.50K","-4.55%"
"21/01/2025","22.0000","21.0000","24.0000","21.0000","338.69K","10.00%"
"20/01/2025","20.0000","20.0000","21.0000","19.0000","112.70K","0.00%"
"17/01/2025","20.0000","21.0000","22.0000","19.0000","253.23K","-4.76%"
"16/01/2025","21.0000","21.0000","22.0000","20.0000","119.05K","0.00%"
"15/01/2025","21.0000","21.0000","22.0000","20.0000","104.19K","0.00%"
"14/01/2025","21.0000","22.0000","23.0000","20.0000","111.64K","-4.55%"
"13/01/2025","22.0000","20.0000","23.0000","19.0000","222.44K","10.00%"
"10/01/2025","20.0000","20.0000","21.0000","19.0000","175.24K","0.00%"
"09/01/2025","20.0000","21.0000","22.0000","19.0000","151.82K","-4.76%"
"08/01/2025","21.0000","23.0000","23.0000","21.0000","96.63K","-4.55%"
"07/01/2025","22.0000","24.0000","24.0000","22.0000","148.14K","-8.33%"
"06/01/2025","24.0000","25.0000","25.0000","23.0000","73.99K","0.00%"
"03/01/2025","24.0000","24.0000","25.0000","23.0000","153.05K","-4.00%"
"02/01/2025","25.0000","26.0000","27.0000","24.0000","148.79K","-3.85%"
"31/12/2024","26.0000","26.0000","26.0000","25.0000","55.54K","4.00%"
"30/12/2024","25.0000","28.0000","28.0000","25.0000","258.77K","-7.41%"
"27/12/2024","27.0000","24.0000","28.0000","24.0000","302.35K","17.39%"
"24/12/2024","23.0000","24.0000","24.0000","23.0000","39.66K","-4.17%"
"23/12/2024","24.0000","21.0000","24.0000","21.0000","215.20K","14.29%"
"20/12/2024","21.0000","21.0000","22.0000","19.0000","271.27K","0.00%"
"19/12/2024","21.0000","22.0000","24.0000","19.0000","400.91K","0.00%"
"18/12/2024","21.0000","16.0000","21.0000","16.0000","396.09K","31.25%"
"17/12/2024","16.0000","17.0000","18.0000","15.0000","445.21K","-11.11%"
"16/12/2024","18.0000","22.0000","22.0000","17.0000","403.10K","-21.74%"
"13/12/2024","23.0000","28.0000","31.0000","21.0000","474.90K","-11.54%"
"12/12/2024","26.0000","17.0000","28.0000","16.0000","599.78K","52.94%"
"11/12/2024","17.0000","21.0000","21.0000","16.0000","379.24K","-22.73%"
"10/12/2024","22.0000","27.0000","27.0000","21.0000","228.06K","-18.52%"
"09/12/2024","27.0000","29.0000","31.0000","26.0000","293.12K","3.85%"
"06/12/2024","26.0000","26.0000","31.0000","24.0000","610.16K","-98.54%"
"05/12/2024","1,778.0000","2,712.0000","3,170.0000","1,778.0000","2.22K","-47.55%"
"04/12/2024","3,390.0000","3,950.0000","4,650.0000","3,300.0000","1.46K","-31.52%"
"03/12/2024","4,950.0000","6,762.0000","7,184.0000","4,000.0000","1.79K","-32.65%"
"02/12/2024","7,350.0000","9,000.0000","9,798.0000","6,610.0000","1.27K","-18.08%"
"29/11/2024","8,972.0000","6,510.0000","12,340.0000","6,200.0000","2.25K","14.82%"
"28/11/2024","7,814.0000","14,300.0000","17,300.0000","7,814.0000","4.30K","-22.86%"
"27/11/2024","10,130.0000","7,800.0000","11,145.0000","6,660.0000","4.29K","79.99%"
"26/11/2024","5,628.0000","4,100.0000","5,952.0000","3,801.0000","3.54K","81.43%"
"25/11/2024","3,102.0000","1,720.0000","4,300.0000","1,720.0000","2.91K","98.85%"
"22/11/2024","1,560.0000","1,515.0000","1,915.0000","1,500.0000","0.78K","-0.06%"
"21/11/2024","1,561.0000","1,900.0000","1,992.0000","1,550.0000","0.78K","-18.91%"
"20/11/2024","1,925.0000","2,100.0000","2,300.0000","1,900.0000","0.55K","-9.54%"
"19/11/2024","2,128.0000","2,350.0000","2,482.0000","2,000.0000","0.57K","-12.28%"
"18/11/2024","2,426.0000","2,200.0000","2,598.0000","2,200.0000","0.93K","14.33%"
"15/11/2024","2,122.0000","1,700.0000","2,656.0000","1,402.0000","1.37K","11.98%"
"14/11/2024","1,895.0000","2,900.0000","2,900.0000","1,800.0000","1.04K","-36.43%"
"13/11/2024","2,981.0000","3,965.0000","4,558.0000","2,840.0000","0.71K","-28.80%"
"12/11/2024","4,187.0000","2,900.0000","5,110.0000","2,900.0000","0.64K","8,528.33%"
"11/11/2024","48.5262","49.7000","50.3686","48.5262","28.75K","-3.71%"
"08/11/2024","50.3983","48.7342","53.4888","48.5559","52.11K","2.85%"
"07/11/2024","49.0017","49.0017","49.5514","48.5114","10.08K","-0.06%"
"06/11/2024","49.0314","49.4177","49.8337","48.4668","7.69K","-1.26%"
"05/11/2024","49.6554","50.1903","51.0224","49.3434","7.09K","-0.86%"
"04/11/2024","50.0863","50.5023","50.7549","49.7892","9.76K","0.63%"
"01/11/2024","49.7743","50.3389","51.0372","49.7743","6.10K","-0.68%"
"31/10/2024","50.1160","48.8828","50.1160","48.8828","10.53K","2.68%"
"30/10/2024","48.8085","50.5172","51.1858","48.7194","22.69K","-5.44%"
"29/10/2024","51.6167","51.7801","52.0773","51.5870","6.81K","-0.32%"
"28/10/2024","51.7801","52.0030","53.0133","51.7801","8.61K","-0.43%"
"25/10/2024","52.0030","53.4888","54.0088","50.5172","18.33K","-0.85%"
"24/10/2024","52.4487","53.0431","54.8260","52.4487","14.44K","-0.76%"
"23/10/2024","52.8499","53.7711","54.3803","52.0179","15.38K","0.17%"
"22/10/2024","52.7608","52.0179","57.0399","52.0179","21.29K","0.60%"
"21/10/2024","52.4487","55.2272","55.7621","52.4487","18.31K","-4.13%"
"18/10/2024","54.7072","56.2375","60.9178","53.4888","38.97K","0.19%"
"17/10/2024","54.6031","54.7072","55.3758","52.3745","15.19K","1.32%"
"16/10/2024","53.8900","50.1755","53.8900","50.1457","18.92K","6.83%"
"15/10/2024","50.4429","49.3434","51.7504","49.2543","15.59K","1.95%"
"14/10/2024","49.4771","49.8932","50.1309","49.3434","5.32K","-0.83%"
"11/10/2024","49.8932","49.8783","50.5172","49.8486","10.36K","0.24%"
"10/10/2024","49.7743","49.7000","50.0715","49.5217","5.40K","0.60%"
"09/10/2024","49.4771","50.1160","50.1903","49.4771","5.86K","-0.66%"
"08/10/2024","49.8040","49.8040","50.3389","49.7892","3.74K","-0.39%"
"07/10/2024","49.9972","50.0715","50.7995","49.8783","9.48K","-0.65%"
"04/10/2024","50.3240","50.6212","51.3790","50.1012","9.72K","-0.59%"
"03/10/2024","50.6212","50.5321","51.2601","50.5172","4.54K","0.18%"
"02/10/2024","50.5321","51.4978","51.6167","50.5172","8.75K","-2.47%"
"01/10/2024","51.8098","52.6716","53.5482","51.8098","8.21K","-1.64%"
"30/09/2024","52.6716","54.2020","57.6490","52.6716","21.83K","0.57%"
"27/09/2024","52.3745","51.4830","54.0831","51.2601","19.65K","3.59%"
"26/09/2024","50.5618","50.6806","51.8098","50.3389","10.49K","0.83%"
"25/09/2024","50.1457","50.4875","51.5573","50.0566","12.56K","1.17%"
"24/09/2024","49.5663","49.7297","51.2601","49.4029","12.98K","-0.03%"
"23/09/2024","49.5811","50.7252","52.5973","49.0314","20.94K","2.05%"
"20/09/2024","48.5857","58.1245","58.5851","48.5857","25.27K","-16.67%"
"19/09/2024","58.3028","57.1736","58.6891","55.4203","21.61K","8.10%"
"18/09/2024","53.9345","51.0372","66.8610","51.0372","81.88K","7.11%"
"17/09/2024","50.3538","48.3628","50.3538","48.2439","10.27K","4.28%"
"16/09/2024","48.2885","48.5559","48.9423","48.2885","5.36K","-0.82%"
"13/09/2024","48.6897","48.9423","49.5069","48.2291","8.85K","0.03%"
"12/09/2024","48.6748","48.5114","49.6852","48.5114","6.41K","0.43%"
"11/09/2024","48.4668","49.1800","49.7594","48.4371","13.67K","-2.68%"
"10/09/2024","49.8040","51.8990","51.9287","49.1800","15.02K","-4.17%"
"09/09/2024","51.9733","52.2704","52.7013","51.7801","6.84K","0.72%"
"06/09/2024","51.6018","51.4830","52.8648","51.2601","11.09K","-2.85%"
"05/09/2024","53.1174","51.4978","54.2168","51.3344","12.38K","3.62%"
"04/09/2024","51.2601","52.0030","53.1025","51.2601","14.67K","-4.62%"
"03/09/2024","53.7414","54.9746","55.6135","51.2601","33.11K","-4.82%"
"02/09/2024","56.4604","60.1749","60.1749","56.4604","17.28K","-7.27%"
"30/08/2024","60.8881","60.7692","61.8687","59.4320","16.93K","1.56%"
"29/08/2024","59.9520","59.8332","60.3383","59.8332","4.33K","-0.81%"
"28/08/2024","60.4423","59.9075","60.9178","59.8183","8.00K","1.04%"
"27/08/2024","59.8183","61.6756","62.4036","59.8034","15.87K","-3.15%"
"26/08/2024","61.7647","61.6607","62.7602","61.6607","8.54K","0.17%"
"23/08/2024","61.6607","62.1362","62.3887","61.6607","4.93K","0.00%"
"22/08/2024","61.6607","63.2208","64.5432","61.6607","8.94K","-2.74%"
"21/08/2024","63.3991","63.9785","64.3351","63.3991","5.55K","-0.65%"
"20/08/2024","63.8151","66.1181","66.3410","63.5179","8.73K","-2.76%"
"19/08/2024","65.6278","66.7124","67.3067","64.6323","8.54K","0.41%"
"16/08/2024","65.3603","63.8894","67.5296","63.3694","20.50K","2.66%"
"15/08/2024","63.6665","63.6517","63.8745","62.5225","9.02K","2.02%"
"14/08/2024","62.4036","61.3338","63.0722","61.2150","10.61K","2.07%"
"13/08/2024","61.1407","63.1465","64.6026","60.1006","21.04K","-3.27%"
"12/08/2024","63.2059","64.5877","66.3707","63.1465","7.94K","-2.21%"
"09/08/2024","64.6323","65.9695","67.9308","64.6323","8.79K","-1.29%"
"08/08/2024","65.4792","68.2725","68.3468","65.3009","11.19K","-1.52%"
"07/08/2024","66.4895","66.4598","70.5755","66.1478","19.23K","0.38%"
"06/08/2024","66.2370","62.8642","70.2040","62.8493","23.67K","5.39%"
"05/08/2024","62.8493","64.6323","66.1181","61.6607","30.45K","-6.00%"
"02/08/2024","66.8610","69.8326","73.9037","65.0335","21.97K","-5.74%"
"01/08/2024","70.9321","63.1614","76.2958","62.4036","42.26K","-2.07%"
"31/07/2024","72.4327","75.0329","78.7474","71.5116","44.50K","-3.27%"
"30/07/2024","74.8843","61.2893","75.7387","59.4320","74.25K","18.48%"
"29/07/2024","63.2059","69.3126","72.7299","63.1465","50.28K","-8.30%"
"26/07/2024","68.9263","78.1531","78.7474","68.5697","73.18K","-11.47%"
"25/07/2024","77.8559","75.7387","78.0416","68.7182","43.39K","2.75%"
"24/07/2024","75.7758","75.0329","80.9761","75.0329","31.97K","0.99%"
"23/07/2024","75.0329","81.6819","81.7190","74.2900","38.35K","-7.68%"
"22/07/2024","81.2733","82.5362","88.2565","74.5872","66.25K","-3.44%"
"19/07/2024","84.1706","98.2114","98.7314","84.1706","90.90K","-14.17%"
"18/07/2024","98.0628","96.5770","102.5202","87.6622","84.66K","5.43%"
"17/07/2024","93.0111","89.1480","93.6054","83.2048","95.60K","12.79%"
"16/07/2024","82.4619","104.0060","114.2209","78.0045","330.62K","-13.15%"
"15/07/2024","94.9426","82.4619","104.0060","79.7875","211.48K","19.22%"
"12/07/2024","79.6389","68.3468","81.7190","67.7525","161.98K","20.31%"
"11/07/2024","66.1924","57.2033","66.8610","57.2033","95.41K","21.99%"
"10/07/2024","54.2614","49.3434","58.3919","49.1800","58.75K","10.87%"
"09/07/2024","48.9423","52.0030","52.7459","47.9319","44.48K","-5.29%"
"08/07/2024","51.6761","52.7756","55.3163","50.6658","46.59K","-4.40%"
"05/07/2024","54.0534","57.9462","58.9120","52.7608","59.05K","-4.89%"
"04/07/2024","56.8319","60.9178","61.5864","56.7576","56.14K","-9.98%"
"03/07/2024","63.1316","68.1091","68.1091","62.7008","38.61K","-5.95%"
"02/07/2024","67.1284","71.8087","71.8087","62.1956","87.55K","-8.04%"
"01/07/2024","72.9974","86.9193","90.6338","65.4049","118.05K","-0.34%"
"28/06/2024","73.2499","83.1677","83.1677","70.8727","81.86K","-15.00%"
"27/06/2024","86.1764","88.7023","91.2281","82.0162","42.48K","3.76%"
"26/06/2024","83.0562","83.2048","99.5486","76.8902","102.51K","-6.68%"
"25/06/2024","88.9994","80.0475","100.1429","79.5646","140.14K","11.13%"
"24/06/2024","80.0846","84.6906","86.4736","70.1298","116.20K","-8.14%"
"21/06/2024","87.1793","129.2646","130.0075","86.9193","206.39K","-32.56%"
"20/06/2024","129.2646","148.5800","184.9821","98.0628","390.73K","1.75%"
"19/06/2024","127.0359","88.0336","133.3505","87.8108","263.66K","51.60%"
"18/06/2024","83.7991","75.7758","87.9594","75.0329","87.42K","14.17%"
"17/06/2024","73.3985","70.5755","79.1188","67.9159","107.58K","12.68%"
"14/06/2024","65.1375","56.0295","69.8177","56.0295","114.98K","14.58%"
"13/06/2024","56.8467","53.4888","62.3887","47.3376","99.44K","-0.42%"
"12/06/2024","57.0844","71.3184","71.6899","52.3745","125.48K","-20.60%"
"11/06/2024","71.8979","84.6535","88.6280","68.7182","122.51K","-15.11%"
"10/06/2024","84.6906","88.2565","91.7481","84.0220","26.71K","-1.72%"
"07/06/2024","86.1764","87.6622","90.6338","83.2048","42.39K","0.00%"
"06/06/2024","86.1764","80.2332","92.1196","78.9331","78.70K","6.42%"
"05/06/2024","80.9761","80.2703","85.4335","67.6039","141.88K","-6.68%"
"04/06/2024","86.7707","100.2915","106.1604","85.2106","106.00K","-14.43%"
"03/06/2024","101.4059","129.0046","130.8618","99.0286","126.31K","-18.31%"
"31/05/2024","124.1386","145.2370","146.8713","124.1386","81.76K","-14.92%"
"30/05/2024","145.9056","144.4198","147.6142","143.1197","11.91K","0.20%"
"29/05/2024","145.6084","147.0942","154.5232","145.6084","20.94K","-1.01%"
"28/05/2024","147.0942","148.5800","151.7745","147.0942","7.92K","-0.55%"
"27/05/2024","147.9114","153.7060","154.4489","145.6084","16.61K","-3.11%"
"24/05/2024","152.6660","155.2661","156.5290","152.6660","7.70K","-3.07%"
"23/05/2024","157.4948","155.4890","158.0891","153.7803","9.62K","1.29%"
"22/05/2024","155.4890","153.1117","160.3921","150.8830","16.93K","1.36%"
"21/05/2024","153.4089","155.2661","155.9347","152.6660","11.59K","-1.20%"
"20/05/2024","155.2661","155.2661","155.9347","152.5917","8.41K","0.00%"
"17/05/2024","155.2661","157.7177","158.9806","152.2945","16.35K","-1.55%"
"16/05/2024","157.7177","160.0207","160.0207","156.8262","20.61K","0.76%"
"15/05/2024","156.5290","156.6776","160.3178","153.0374","18.79K","0.48%"
"14/05/2024","155.7861","153.4089","158.6834","153.0374","16.68K","1.90%"
"13/05/2024","152.8888","146.7227","153.7803","146.7227","14.02K","2.69%"
"10/05/2024","148.8772","149.1743","152.2945","148.7286","13.97K","-0.05%"
"09/05/2024","148.9514","148.5800","149.6943","147.8371","6.07K","-0.20%"
"08/05/2024","149.2486","150.2887","151.9973","148.3571","17.89K","-2.19%"
"07/05/2024","152.5917","149.6943","153.7060","146.7227","46.35K","-1.11%"
"06/05/2024","154.3003","179.9304","182.0105","151.5516","72.20K","-4.42%"
"03/05/2024","161.4322","158.6834","164.9238","153.7803","44.83K","7.57%"
"02/05/2024","150.0658","153.7060","160.1692","145.1255","35.66K","-0.20%"
"30/04/2024","150.3630","170.1241","175.1015","146.7970","55.70K","-10.99%"
"29/04/2024","168.9355","168.9355","176.7359","157.6434","92.45K","19.18%"
"26/04/2024","141.7453","143.7511","143.7511","138.3280","15.36K","0.93%"
"25/04/2024","140.4452","137.6594","144.5312","132.5334","31.33K","-5.00%"
"24/04/2024","147.8371","145.9056","151.9230","143.8254","23.70K","2.68%"
"23/04/2024","143.9740","144.3083","146.8713","139.2937","19.11K","1.12%"
"22/04/2024","142.3768","138.5508","144.9398","135.6535","24.74K","3.43%"
"19/04/2024","137.6594","130.0075","137.7337","129.6732","53.57K","4.07%"
"18/04/2024","132.2733","132.9048","139.2195","132.2733","15.10K","0.59%"
"17/04/2024","131.4933","133.8334","138.2537","131.4933","16.17K","-2.67%"
"16/04/2024","135.0964","138.4394","138.4766","131.3819","15.24K","-1.76%"
"15/04/2024","137.5108","133.6106","139.2195","132.9420","23.66K","3.76%"
"12/04/2024","132.5334","127.3331","134.0934","127.3331","19.87K","4.18%"
"11/04/2024","127.2216","130.7504","135.8021","125.1044","42.01K","-3.87%"
"10/04/2024","132.3476","148.5800","150.4373","130.7875","54.76K","-10.66%"
"09/04/2024","148.1343","185.7250","185.7250","144.7169","95.60K","-13.64%"
"08/04/2024","171.5356","157.4948","187.9537","151.6259","120.96K","18.93%"
"05/04/2024","144.2340","148.5800","155.1175","143.0083","31.15K","-3.22%"
"04/04/2024","149.0257","142.5625","150.0658","139.4423","32.51K","7.79%"
"03/04/2024","138.2537","140.7796","143.4540","132.7934","22.94K","-1.53%"
"02/04/2024","140.4081","147.6885","153.3346","137.8822","41.07K","-0.42%"
"28/03/2024","141.0024","132.9791","145.2370","130.2304","55.66K","6.81%"
"27/03/2024","132.0133","127.0359","136.0993","124.9186","35.95K","3.07%"
"26/03/2024","128.0760","122.5785","128.0760","114.4066","76.42K","0.73%"
"25/03/2024","127.1473","132.9791","140.0367","124.4357","66.09K","-2.87%"
"22/03/2024","130.8990","124.4357","134.9478","122.7642","42.70K","4.26%"
"21/03/2024","125.5501","131.4190","136.7679","124.8443","46.21K","-0.59%"
"20/03/2024","126.2930","136.6936","136.9165","125.5501","48.85K","-2.19%"
"19/03/2024","129.1160","133.7220","137.4365","120.3498","117.79K","-19.16%"
"18/03/2024","159.7235","171.0156","175.3244","159.6492","37.62K","-5.66%"
"15/03/2024","169.3069","182.0105","199.9887","169.3069","89.96K","-5.32%"
"14/03/2024","178.8160","164.9238","182.0105","162.3236","42.14K","8.72%"
"13/03/2024","164.4781","167.8954","169.0840","159.5006","18.25K","-0.63%"
"12/03/2024","165.5181","156.7519","169.3069","154.3746","29.78K","6.15%"
"11/03/2024","155.9347","159.7235","160.3921","153.4831","24.51K","-3.41%"
"08/03/2024","161.4322","158.3120","165.8896","153.4089","24.73K","1.97%"
"07/03/2024","158.3120","160.3921","160.3921","153.4089","22.58K","-0.23%"
"06/03/2024","158.6834","157.0491","161.8779","154.7461","22.45K","2.54%"
"05/03/2024","154.7461","164.2552","164.7009","153.5574","37.21K","-7.34%"
"04/03/2024","167.0039","177.5531","180.6733","167.0039","25.43K","-5.74%"
"01/03/2024","177.1816","173.9872","181.1190","169.3812","23.36K","3.70%"
"29/02/2024","170.8670","182.0105","197.6114","170.8670","43.58K","-4.64%"
"28/02/2024","179.1875","167.1525","182.0105","162.6208","41.26K","4.06%"
"27/02/2024","172.2042","167.0039","172.5014","163.8837","20.28K","3.02%"
"26/02/2024","167.1525","180.5247","181.8619","166.0382","25.67K","-6.56%"
"23/02/2024","178.8903","173.0957","183.2734","165.9639","30.48K","4.29%"
"22/02/2024","171.5356","164.1066","172.9471","162.4722","34.80K","6.36%"
"21/02/2024","161.2836","159.7235","164.0323","154.5975","24.32K","0.51%"
"20/02/2024","160.4664","175.1758","175.1758","159.8721","28.94K","-8.20%"
"19/02/2024","174.8044","177.5531","183.4963","174.8044","21.74K","0.00%"
"16/02/2024","174.8044","176.4387","199.0972","173.3186","46.05K","0.47%"
"15/02/2024","173.9872","180.5247","180.5247","173.9872","22.70K","-2.58%"
"14/02/2024","178.5932","177.9988","185.7250","173.6900","29.13K","0.04%"
"13/02/2024","178.5189","188.1766","188.3252","175.2501","39.28K","-5.02%"
"12/02/2024","187.9537","176.5130","193.0797","172.0556","59.06K","2.14%"
"09/02/2024","184.0163","196.8685","203.5546","184.0163","38.62K","-5.78%"
"08/02/2024","195.3084","188.7709","203.7775","183.6449","52.04K","-0.53%"
"07/02/2024","196.3485","211.0579","213.5838","195.1598","34.82K","-6.28%"
"06/02/2024","209.4978","208.0120","222.1271","203.8518","52.87K","0.97%"
"05/02/2024","207.4920","251.1002","252.7346","203.7032","108.73K","-28.95%"
"02/02/2024","292.0340","300.8745","310.9779","290.3253","19.82K","-1.60%"
"01/02/2024","296.7885","291.2168","296.7885","284.0850","29.79K","0.25%"
"31/01/2024","296.0457","322.4186","328.5847","294.3370","34.08K","-9.88%"
"30/01/2024","328.5104","330.2190","336.6823","317.8126","25.97K","-0.23%"
"29/01/2024","329.2533","330.2933","330.5162","312.3895","24.17K","-0.36%"
"26/01/2024","330.4419","328.0646","343.3684","308.3035","43.22K","3.06%"
"25/01/2024","320.6356","305.1090","320.6356","290.1024","35.68K","6.23%"
"24/01/2024","301.8403","274.8730","308.3778","273.6101","44.82K","11.77%"
"23/01/2024","270.0442","282.3020","285.1993","257.4891","33.67K","-3.61%"
"22/01/2024","280.1476","242.3340","281.9305","241.4425","52.84K","10.59%"
"19/01/2024","253.3289","282.3020","286.0165","238.9909","66.51K","-7.71%"
"18/01/2024","274.5016","310.2350","312.5380","270.5642","64.46K","-11.31%"
"17/01/2024","309.4921","293.4455","316.4754","280.8905","47.10K","4.96%"
"16/01/2024","294.8570","304.5147","326.3560","291.7368","44.12K","-3.85%"
"15/01/2024","306.6691","319.4470","332.8192","296.6400","62.00K","-15.13%"
"12/01/2024","361.3466","423.1558","428.5047","359.7122","44.51K","-14.67%"
"11/01/2024","423.4530","450.4946","452.4261","423.1558","18.33K","-5.63%"
"10/01/2024","448.7116","439.7968","453.0204","438.4596","8.77K","0.83%"
"09/01/2024","444.9971","450.7917","455.6949","439.2025","11.74K","-0.99%"
"08/01/2024","449.4545","459.8551","463.1239","438.1624","16.04K","-3.97%"
"05/01/2024","468.0270","462.5295","476.9418","447.8201","15.76K","-0.85%"
"04/01/2024","472.0387","482.8850","495.0686","459.5579","23.33K","-3.55%"
"03/01/2024","489.4225","557.1750","581.6907","482.1421","49.08K","-5.75%"
"02/01/2024","519.2871","528.6476","534.1451","514.0868","8.91K","-0.85%"
"29/12/2023","523.7445","531.1735","535.9281","521.5158","7.01K","-1.70%"
"28/12/2023","532.8079","546.0315","548.4088","525.0817","9.37K","-1.24%"
"27/12/2023","539.4940","523.1502","544.9914","523.1502","11.08K","2.28%"
"22/12/2023","527.4590","527.1618","543.8028","525.0817","8.14K","-0.73%"
"21/12/2023","531.3221","536.9681","537.1167","517.8013","13.46K","-0.83%"
"20/12/2023","535.7795","527.4590","554.7977","527.4590","20.80K","3.53%"
"19/12/2023","517.5041","517.9499","547.8145","507.4007","28.75K","-1.02%"
"18/12/2023","522.8530","583.1765","583.1765","506.2121","48.86K","-10.41%"
"15/12/2023","583.6222","508.1436","608.1379","506.8064","99.43K","20.53%"
"14/12/2023","484.2222","497.0001","516.4641","476.1989","29.89K","3.17%"
"13/12/2023","469.3642","468.7699","480.9535","465.3526","14.12K","0.10%"
"12/12/2023","468.9185","470.7014","485.4109","465.9469","20.34K","-0.85%"
"11/12/2023","472.9301","442.6198","475.1588","442.6198","23.57K","6.96%"
"08/12/2023","442.1741","432.5164","446.1857","425.5331","11.90K","2.37%"
"07/12/2023","431.9221","440.5397","442.6198","428.9505","6.74K","-2.12%"
"06/12/2023","441.2826","425.3845","442.9170","424.9388","11.67K","3.23%"
"05/12/2023","427.4647","426.4246","430.8820","420.1842","7.64K","0.28%"
"04/12/2023","426.2760","437.5681","440.6883","422.4129","16.22K","-2.58%"
"01/12/2023","437.5681","433.1107","460.4494","429.9905","18.78K","0.72%"
"30/11/2023","434.4479","436.6766","438.3110","420.0357","21.02K","-1.22%"
"29/11/2023","439.7968","436.0823","447.6715","430.4363","19.65K","1.23%"
"28/11/2023","434.4479","452.4261","454.3576","419.8871","28.07K","-6.58%"
"27/11/2023","465.0554","508.8865","515.2754","455.1005","26.76K","-10.13%"
"24/11/2023","517.5041","513.4925","522.7044","503.6862","16.77K","-0.43%"
"23/11/2023","519.7328","541.2769","541.2769","513.7896","17.48K","-4.43%"
"22/11/2023","543.8028","514.0868","543.8028","514.0868","24.08K","5.81%"
"21/11/2023","513.9382","520.1786","534.7394","508.2922","21.11K","-0.86%"
"20/11/2023","518.3956","491.9484","518.5442","491.9484","19.70K","4.84%"
"17/11/2023","494.4742","482.2907","512.4524","481.3992","23.91K","2.40%"
"16/11/2023","482.8850","479.6162","489.8683","477.6847","10.97K","-0.91%"
"15/11/2023","487.3424","487.0452","498.1887","477.5361","14.85K","0.77%"
"14/11/2023","483.6279","461.3409","488.8282","450.7917","24.25K","4.16%"
"13/11/2023","464.3125","481.1020","482.8850","462.9753","13.79K","-3.96%"
"10/11/2023","483.4793","481.2506","488.2339","474.5645","10.45K","-2.05%"
"09/11/2023","493.5828","496.2572","505.3206","490.6112","15.08K","0.30%"
"08/11/2023","492.0970","480.5077","507.8464","468.9185","20.96K","0.73%"
"07/11/2023","488.5310","468.0270","494.0285","467.1355","11.93K","2.91%"
"06/11/2023","474.7131","503.6862","510.3723","470.4043","24.10K","-3.77%"
"03/11/2023","493.2856","471.7415","514.5325","469.6614","37.16K","5.50%"
"02/11/2023","467.5813","506.6578","551.6775","464.3125","53.40K","0.29%"
"01/11/2023","466.2440","490.3140","506.0635","455.8434","31.38K","-4.74%"
"31/10/2023","489.4225","445.7400","491.2055","445.2943","24.73K","9.04%"
"30/10/2023","448.8602","444.8485","461.6381","428.9505","18.67K","1.61%"
"27/10/2023","441.7283","428.8019","441.7283","406.9606","27.04K","3.81%"
"26/10/2023","425.5331","371.4500","433.1107","357.3349","32.97K","10.11%"
"25/10/2023","386.4566","366.9926","390.0225","360.6780","25.52K","4.04%"
"24/10/2023","371.4500","336.9794","372.0443","333.7850","31.26K","7.83%"
"23/10/2023","344.4827","347.2315","347.2315","295.0056","54.29K","-0.86%"
"20/10/2023","347.4543","343.2198","355.7005","339.9510","19.83K","-0.04%"
"19/10/2023","347.6029","356.5920","364.6896","347.1572","15.75K","-4.55%"
"18/10/2023","364.1696","367.7355","373.5301","361.7923","12.69K","-1.90%"
"17/10/2023","371.2271","382.5935","382.5935","358.5978","24.62K","-3.20%"
"16/10/2023","383.4850","423.4530","443.5113","341.2883","56.27K","5.78%"
"13/10/2023","362.5352","356.5177","377.3932","349.1630","16.93K","-0.41%"
"12/10/2023","364.0210","371.5986","375.6102","359.5636","22.29K","-3.09%"
"11/10/2023","375.6102","391.3597","399.0859","371.1528","23.46K","-3.66%"
"10/10/2023","389.8739","385.1194","399.9774","380.3648","24.28K","3.10%"
"09/10/2023","378.1361","384.5250","389.4282","370.3356","26.05K","-3.34%"
"06/10/2023","391.2111","397.0058","404.2862","378.1361","25.23K","-0.11%"
"05/10/2023","391.6569","438.3110","441.7283","391.3597","36.11K","-10.77%"
"04/10/2023","438.9053","461.3409","465.3526","436.3795","22.79K","-6.70%"
"03/10/2023","470.4043","476.3475","479.3191","466.5412","7.78K","-3.39%"
"02/10/2023","486.8967","504.4291","505.1720","475.6046","8.66K","-0.82%"
"29/09/2023","490.9083","479.3191","499.2288","478.4276","10.67K","3.25%"
"28/09/2023","475.4560","467.5813","476.9418","456.4378","9.36K","0.85%"
"27/09/2023","471.4443","457.6264","478.4276","442.7684","17.79K","1.80%"
"26/09/2023","463.1239","490.7597","495.3657","459.1122","22.33K","-6.65%"
"25/09/2023","496.1086","511.1152","520.7729","487.0452","14.56K","-3.08%"
"22/09/2023","511.8581","506.8064","517.0584","496.8515","9.81K","-0.43%"
"21/09/2023","514.0868","527.4590","527.4590","510.8180","9.53K","-3.43%"
"20/09/2023","532.3621","523.5959","544.6943","523.0016","13.01K","2.02%"
"19/09/2023","521.8130","508.8865","522.7044","508.8865","9.58K","2.06%"
"18/09/2023","511.2638","523.7445","524.0417","509.1837","8.16K","-2.38%"
"15/09/2023","523.7445","524.0417","533.4022","522.4073","16.09K","0.23%"
"14/09/2023","522.5559","520.7729","524.1902","516.3155","5.59K","0.14%"
"13/09/2023","521.8130","519.2871","540.5340","514.8297","10.23K","0.34%"
"12/09/2023","520.0300","529.0934","533.6994","509.6294","15.11K","-2.37%"
"11/09/2023","532.6593","554.9463","556.8778","531.1735","13.56K","-4.55%"
"08/09/2023","558.0665","552.7176","562.0781","541.7227","10.37K","1.62%"
"07/09/2023","549.1517","575.8961","583.3251","545.2886","16.79K","-5.95%"
"06/09/2023","583.9194","580.6506","588.3768","577.3819","14.85K","0.67%"
"05/09/2023","580.0563","562.3753","580.0563","542.3170","13.83K","1.53%"
"04/09/2023","571.2901","588.3768","588.3768","564.4554","16.25K","-2.51%"
"01/09/2023","585.9995","584.0680","588.8225","561.9296","24.68K","1.62%"
"31/08/2023","576.6390","557.1750","590.1598","547.5173","42.59K","5.55%"
"30/08/2023","546.3287","525.9732","553.3119","521.2186","20.58K","4.05%"
"29/08/2023","525.0817","513.7896","544.9914","511.7095","20.46K","2.17%"
"28/08/2023","513.9382","497.4458","516.0183","497.0001","12.77K","4.06%"
"25/08/2023","493.8799","494.7714","505.1720","485.7080","11.64K","-0.86%"
"24/08/2023","498.1887","510.0751","514.0868","498.1887","7.96K","-2.47%"
"23/08/2023","510.8180","516.3155","518.0985","506.9550","7.38K","-0.87%"
"22/08/2023","515.2754","512.7496","515.5726","506.0635","9.24K","1.26%"
"21/08/2023","508.8865","520.7729","523.0016","506.6578","15.41K","-0.58%"
"18/08/2023","511.8581","495.9600","515.7212","493.7313","21.00K","2.77%"
"17/08/2023","498.0402","484.5194","512.4524","480.5077","21.18K","1.95%"
"16/08/2023","488.5310","492.9884","494.7714","482.5878","18.74K","-2.75%"
"15/08/2023","502.3490","496.1086","505.1720","479.9134","25.04K","0.84%"
"14/08/2023","498.1887","516.3155","518.8414","494.7714","37.44K","-4.99%"
"11/08/2023","524.3388","534.7394","547.2201","520.1786","21.17K","-4.29%"
"10/08/2023","547.8145","525.6760","552.4204","515.5726","34.86K","2.79%"
"09/08/2023","532.9565","551.2318","562.3753","523.1502","34.31K","-2.18%"
"08/08/2023","544.8429","560.7409","564.6040","532.8079","36.71K","-3.85%"
"07/08/2023","566.6841","565.9412","597.8859","557.1750","39.07K","1.25%"
"04/08/2023","559.7009","555.6892","580.2049","535.7795","42.30K","0.91%"
"03/08/2023","554.6491","559.9980","583.9194","532.6593","64.80K","-1.76%"
"02/08/2023","564.6040","661.0324","661.0324","550.4889","130.17K","-16.24%"
"01/08/2023","674.1075","756.6436","802.7034","668.6100","99.90K","-3.96%"
"31/07/2023","701.8919","827.5906","827.5906","681.5365","108.61K","-16.39%"
"28/07/2023","839.4770","1,033.3739","1,033.3739","823.1332","81.98K","-22.50%"
"27/07/2023","1,083.1482","1,083.1482","1,089.0914","1,073.1191","7.33K","0.97%"
"26/07/2023","1,072.7476","1,059.0040","1,079.8051","1,057.8896","7.30K","0.45%"
"25/07/2023","1,067.9188","1,072.3762","1,074.2334","1,041.5458","7.46K","-0.52%"
"24/07/2023","1,073.4905","1,058.6324","1,082.0339","1,058.6324","5.12K","0.59%"
"21/07/2023","1,067.1759","1,056.4038","1,074.6049","1,053.4323","4.28K","0.28%"
"20/07/2023","1,064.2043","1,069.0331","1,070.8903","1,051.9464","6.50K","-1.07%"
"19/07/2023","1,075.7192","1,073.4905","1,095.0345","1,071.2618","6.90K","0.98%"
"18/07/2023","1,065.3186","1,066.8044","1,075.3477","1,059.0040","4.07K","-0.10%"
"17/07/2023","1,066.4329","1,069.7760","1,073.8619","1,051.9464","5.68K","-0.86%"
"14/07/2023","1,075.7192","1,068.2902","1,081.2910","1,060.1183","4.53K","0.52%"
"13/07/2023","1,070.1475","1,077.2050","1,086.1198","1,061.6041","7.90K","-0.10%"
"12/07/2023","1,071.2618","1,083.1482","1,083.1482","1,064.9471","6.90K","-0.07%"
"11/07/2023","1,072.0048","1,060.8612","1,082.4053","1,057.5182","7.70K","1.62%"
"10/07/2023","1,054.9180","1,045.2603","1,065.3186","1,036.3455","5.22K","0.60%"
"07/07/2023","1,048.6034","1,016.2872","1,058.6324","1,009.2296","14.20K","4.40%"
"06/07/2023","1,004.4008","1,031.1451","1,031.1451","1,001.0578","7.76K","-2.98%"
"05/07/2023","1,035.2312","1,054.9180","1,063.8328","1,026.3164","11.77K","-2.48%"
"04/07/2023","1,061.6041","982.1138","1,069.7760","981.3709","22.10K","8.22%"
"03/07/2023","980.9995","981.3709","998.0861","980.9995","6.11K","0.96%"
"30/06/2023","971.7132","975.7992","981.3709","969.1131","5.23K","0.00%"
"29/06/2023","971.7132","976.1706","991.0286","970.2274","6.81K","-0.23%"
"28/06/2023","973.9419","949.7976","982.8567","940.5114","11.11K","4.59%"
"27/06/2023","931.2251","943.4830","949.7976","917.4815","6.56K","-0.48%"
"26/06/2023","935.6825","966.8844","967.2558","929.3679","8.61K","-2.63%"
"23/06/2023","960.9411","977.2849","982.4852","950.5406","6.13K","-2.08%"
"22/06/2023","981.3709","974.3134","986.1997","967.9987","6.64K","-0.71%"
"21/06/2023","988.4284","997.7147","999.9434","980.6280","6.06K","-1.00%"
"20/06/2023","998.4576","1,007.3724","1,007.3724","979.1422","10.17K","-1.47%"
"19/06/2023","1,013.3156","1,020.7446","1,025.2020","1,012.2012","4.26K","-1.05%"
"16/06/2023","1,024.0876","1,021.8590","1,046.0032","1,018.5159","13.78K","0.22%"
"15/06/2023","1,021.8590","1,026.3164","1,026.3164","1,009.2296","6.61K","-0.47%"
"14/06/2023","1,026.6877","1,024.8304","1,034.8597","1,008.1153","6.52K","0.14%"
"13/06/2023","1,025.2020","1,021.8590","1,030.0309","999.5720","9.23K","0.44%"
"12/06/2023","1,020.7446","1,055.2894","1,061.2325","972.0847","18.24K","-3.21%"
"09/06/2023","1,054.5466","1,054.9180","1,061.6041","1,043.0316","9.79K","0.82%"
"08/06/2023","1,046.0032","1,019.6303","1,052.3177","1,016.2872","11.66K","2.07%"
"07/06/2023","1,024.8304","1,099.4919","1,112.1213","1,011.8298","21.93K","-4.57%"
"06/06/2023","1,073.8619","1,086.8627","1,088.3485","1,064.2043","8.83K","-1.16%"
"05/06/2023","1,086.4913","1,085.7484","1,108.4069","1,081.6624","13.00K","0.69%"
"02/06/2023","1,079.0623","1,047.4890","1,087.9771","1,042.2887","15.99K","3.49%"
"01/06/2023","1,042.6602","1,015.9158","1,043.4030","1,010.7155","10.57K","3.08%"
"31/05/2023","1,011.4583","997.7147","1,030.4023","992.5144","12.81K","0.41%"
"30/05/2023","1,007.3724","1,008.8582","1,018.1445","995.4860","6.09K","-0.59%"
"29/05/2023","1,013.3156","1,025.5735","1,041.1744","1,008.4868","5.03K","-1.27%"
"26/05/2023","1,026.3164","1,062.3470","1,066.4329","1,019.2588","20.22K","4.74%"
"25/05/2023","979.8851","976.1706","990.6572","953.1407","9.91K","1.54%"
"24/05/2023","965.0271","988.0570","991.7715","957.5981","10.71K","-2.70%"
"23/05/2023","991.7715","972.8275","993.6287","961.6840","8.15K","2.14%"
"22/05/2023","970.9703","970.5988","986.5712","958.7124","7.39K","-0.49%"
"19/05/2023","975.7992","976.9135","994.3717","966.8844","10.05K","0.96%"
"18/05/2023","966.5129","965.7700","973.5705","954.6265","7.39K","0.74%"
"17/05/2023","959.4553","942.7401","962.0555","940.5114","6.96K","1.10%"
"16/05/2023","949.0548","943.4830","950.5406","933.0824","6.08K","0.16%"
"15/05/2023","947.5689","931.2251","964.6557","930.8537","11.62K","1.92%"
"12/05/2023","929.7393","928.6250","932.3395","912.6526","7.52K","-0.52%"
"11/05/2023","934.5682","926.3963","955.3694","924.1676","7.88K","0.96%"
"10/05/2023","925.6534","936.4254","936.4254","918.2244","5.38K","-0.64%"
"09/05/2023","931.5966","929.3679","933.8253","910.0525","6.51K","-0.59%"
"08/05/2023","937.1684","941.2543","942.3687","929.3679","2.62K","-0.43%"
"05/05/2023","941.2543","918.2244","943.4830","907.0809","10.53K","3.98%"
"04/05/2023","905.2237","939.7685","941.2543","878.8507","15.81K","-3.06%"
"03/05/2023","933.8253","919.3388","937.9112","902.2521","9.55K","1.05%"
"02/05/2023","924.1676","936.0540","957.5981","921.9389","12.97K","-0.76%"
"28/04/2023","931.2251","872.9075","933.4538","868.4501","23.52K","6.91%"
"27/04/2023","871.0503","869.1930","871.0503","826.4763","18.37K","4.08%"
"26/04/2023","836.8768","807.5323","838.3627","793.0457","10.30K","3.40%"
"25/04/2023","809.3895","809.7610","817.5615","789.3312","10.66K","-0.27%"
"24/04/2023","811.6182","828.3335","837.9912","811.6182","6.78K","-2.54%"
"21/04/2023","832.7909","820.1616","832.7909","813.4755","10.73K","1.54%"
"20/04/2023","820.1616","850.2491","850.2491","816.4471","10.40K","-3.96%"
"19/04/2023","853.9636","875.8791","875.8791","842.8201","10.10K","-0.09%"
"18/04/2023","854.7065","859.5353","866.9643","850.9919","6.64K","-0.90%"
"17/04/2023","862.5069","835.3910","883.3081","832.0480","16.28K","2.20%"
"14/04/2023","843.9344","835.7625","852.1063","825.7333","9.31K","-0.35%"
"13/04/2023","846.9060","810.5039","849.1347","803.8178","17.50K","4.11%"
"12/04/2023","813.4755","835.7625","839.4770","806.4180","14.14K","-2.14%"
"11/04/2023","831.3051","833.1623","846.5345","824.2476","10.27K","0.13%"
"06/04/2023","830.1907","820.9045","835.7625","795.6459","11.27K","-0.04%"
"05/04/2023","830.5622","846.9060","860.6496","823.5046","11.73K","-2.74%"
"04/04/2023","853.9636","854.7065","879.2222","843.9344","13.94K","0.00%"
"03/04/2023","853.9636","849.8776","861.7640","839.4770","10.56K","0.92%"
"31/03/2023","846.1631","837.9912","847.6489","813.1041","12.58K","0.89%"
"30/03/2023","838.7341","793.0457","839.4770","787.4740","29.45K","5.42%"
"29/03/2023","795.6459","918.9673","923.7962","777.0734","88.83K","-16.75%"
"28/03/2023","955.7409","945.7117","963.1698","940.5114","9.65K","2.92%"
"27/03/2023","928.6250","1,005.1437","1,006.6295","920.4531","16.38K","-5.91%"
"24/03/2023","986.9426","1,011.8298","1,015.9158","972.4561","11.68K","-2.92%"
"23/03/2023","1,016.6586","1,010.3440","1,024.8304","1,000.6863","7.55K","-0.29%"
"22/03/2023","1,019.6303","1,016.6586","1,030.4023","1,009.2296","10.32K","1.48%"
"21/03/2023","1,004.7722","980.6280","1,017.4016","979.1422","14.23K","4.84%"
"20/03/2023","958.3410","949.7976","969.8560","900.3948","20.92K","-0.69%"
"17/03/2023","965.0271","1,025.9449","1,041.1744","965.0271","41.04K","-5.18%"
"16/03/2023","1,017.7730","1,047.4890","1,050.4606","999.5720","17.45K","0.15%"
"15/03/2023","1,016.2872","1,088.3485","1,088.3485","998.4576","26.51K","-6.62%"
"14/03/2023","1,088.3485","1,066.0615","1,091.6917","1,049.3463","14.23K","1.95%"
"13/03/2023","1,067.5472","1,081.6624","1,098.3776","1,024.0876","29.58K","-2.91%"
"10/03/2023","1,099.4919","1,099.4919","1,106.9210","1,081.2910","20.77K","-2.73%"
"09/03/2023","1,130.3223","1,119.5503","1,140.3514","1,105.4352","13.19K","0.20%"
"08/03/2023","1,128.0938","1,128.0938","1,162.6385","1,116.2072","17.32K","-0.69%"
"07/03/2023","1,135.8940","1,118.0645","1,170.8104","1,102.0920","25.44K","1.22%"
"06/03/2023","1,122.1505","1,079.4337","1,143.3231","1,077.9479","43.69K","7.55%"
"03/03/2023","1,043.4030","1,057.1467","1,065.3186","1,032.6310","14.33K","-0.67%"
"02/03/2023","1,050.4606","1,028.1736","1,064.5757","1,014.0585","21.90K","0.18%"
"01/03/2023","1,048.6034","1,045.2603","1,113.9786","1,040.4315","51.11K","5.02%"
"28/02/2023","998.4576","995.8574","1,009.9725","976.9135","13.23K","0.75%"
"27/02/2023","991.0286","933.8253","1,004.7722","933.0824","18.97K","5.04%"
"24/02/2023","943.4830","973.9419","978.0278","928.9964","15.34K","-2.50%"
"23/02/2023","967.6273","975.0562","994.3717","962.0555","9.34K","-0.15%"
"22/02/2023","969.1131","947.9404","977.2849","933.4538","13.28K","1.16%"
"21/02/2023","957.9696","1,003.6579","1,012.2012","953.1407","22.72K","-5.81%"
"20/02/2023","1,017.0301","1,031.8881","1,040.8029","1,004.4008","18.74K","-1.19%"
"17/02/2023","1,029.2878","995.4860","1,051.9464","970.9703","35.75K","2.40%"
"16/02/2023","1,005.1437","962.0555","1,005.1437","932.7110","47.75K","14.61%"
"15/02/2023","876.9935","884.0510","885.1653","866.9643","7.01K","-1.01%"
"14/02/2023","885.9082","893.7087","893.7087","876.2505","9.27K","-0.58%"
"13/02/2023","891.1086","884.4225","894.4516","872.9075","8.43K","-0.08%"
"10/02/2023","891.8514","908.9381","919.3388","875.5077","14.36K","-3.19%"
"09/02/2023","921.1960","932.3395","936.0540","917.1101","8.67K","-0.40%"
"08/02/2023","924.9105","921.1960","936.7969","913.0241","12.63K","1.38%"
"07/02/2023","912.2812","903.3664","913.0241","889.2513","8.06K","0.82%"
"06/02/2023","904.8522","922.6818","936.0540","903.3664","14.74K","-4.02%"
"03/02/2023","942.7401","967.9987","967.9987","936.0540","15.98K","-3.64%"
"02/02/2023","978.3993","930.1108","978.3993","926.3963","31.33K","8.13%"
"01/02/2023","904.8522","894.4516","918.2244","889.9942","10.74K","1.00%"
"31/01/2023","895.9374","876.6220","899.6519","868.8216","14.12K","1.52%"
"30/01/2023","882.5652","889.2513","889.2513","869.5644","7.92K","-0.92%"
"27/01/2023","890.7371","884.0510","898.1661","868.0787","9.75K","1.40%"
"26/01/2023","878.4792","860.2782","887.7655","859.1639","11.71K","2.96%"
"25/01/2023","853.2206","880.3365","884.0510","848.0204","17.91K","-1.63%"
"24/01/2023","867.3357","900.3948","907.0809","867.3357","14.00K","-3.27%"
"23/01/2023","896.6803","920.8246","933.0824","895.9374","21.03K","2.03%"
"20/01/2023","878.8507","881.0794","889.6227","872.5361","15.09K","1.07%"
"19/01/2023","869.5644","913.0241","921.9389","866.2214","30.58K","-6.25%"
"18/01/2023","927.5107","952.3978","963.9127","926.0249","17.10K","-2.76%"
"17/01/2023","953.8836","973.9419","976.5421","939.3971","22.08K","-3.46%"
"16/01/2023","988.0570","951.2835","994.7431","946.4546","19.59K","2.39%"
"13/01/2023","965.0271","991.7715","998.4576","944.2259","24.96K","-0.84%"
"12/01/2023","973.1990","922.6818","973.9419","918.9673","39.75K","6.81%"
"11/01/2023","911.1668","841.7057","928.6250","833.9053","45.71K","6.19%"
"10/01/2023","858.0495","874.7648","898.9090","832.0480","28.15K","-2.78%"
"09/01/2023","882.5652","836.5054","882.5652","820.9045","30.16K","7.80%"
"06/01/2023","818.6758","817.1900","820.1616","790.4456","30.66K","-1.52%"
"05/01/2023","831.3051","842.4486","880.7079","829.0764","25.26K","-2.06%"
"04/01/2023","848.7632","822.7618","848.7632","808.2752","17.28K","4.58%"
"03/01/2023","811.6182","803.0749","836.5054","772.6160","34.17K","1.02%"
"02/01/2023","803.4464","713.9269","803.4464","696.9888","48.75K","20.01%"
"30/12/2022","669.5015","676.0390","679.3078","665.6384","8.13K","-1.74%"
"29/12/2022","681.3879","653.4548","683.3194","648.9974","17.70K","3.27%"
"28/12/2022","659.8438","673.0674","676.9305","658.2094","9.57K","-1.86%"
"27/12/2022","672.3245","681.3879","686.8853","664.3012","11.12K","-0.64%"
"23/12/2022","676.6333","674.2560","683.4680","664.4498","11.92K","0.91%"
"22/12/2022","670.5415","683.4680","685.8453","662.9640","11.21K","-2.38%"
"21/12/2022","686.8853","667.8671","687.9254","659.6952","13.25K","3.77%"
"20/12/2022","661.9239","647.6602","665.0441","638.8940","14.75K","-0.36%"
"19/12/2022","664.3012","630.7221","670.0958","626.2647","17.05K","4.98%"
"16/12/2022","632.8022","643.9457","665.6384","632.8022","32.25K","-1.91%"
"15/12/2022","645.1344","683.6166","695.6516","645.1344","30.70K","-8.63%"
"14/12/2022","706.0522","719.5729","720.6130","698.4746","11.45K","-2.48%"
"13/12/2022","724.0303","717.1957","747.7288","703.3777","18.84K","1.75%"
"12/12/2022","711.5496","711.1039","717.9386","694.1658","11.22K","-0.04%"
"09/12/2022","711.8468","724.4761","726.2590","696.8402","11.43K","-1.40%"
"08/12/2022","721.9502","709.4695","729.5278","700.2575","10.97K","1.33%"
"07/12/2022","712.4411","709.4695","721.0587","701.8919","16.06K","-0.68%"
"06/12/2022","717.3442","741.4142","754.0435","714.9670","17.99K","-4.35%"
"05/12/2022","749.9575","766.3013","769.6444","745.8716","12.80K","-2.79%"
"02/12/2022","771.5017","765.1870","785.6168","758.5009","12.29K","0.24%"
"01/12/2022","769.6444","777.8163","790.0742","762.5869","20.87K","3.39%"
"30/11/2022","744.3858","761.8439","770.0159","742.6028","21.25K","-2.20%"
"29/11/2022","761.1010","780.4165","785.6168","757.3866","15.38K","-1.91%"
"28/11/2022","775.9591","809.0181","813.1041","773.3589","16.97K","-4.79%"
"25/11/2022","814.9613","824.6190","824.6190","800.8462","14.82K","-1.75%"
"24/11/2022","829.4479","798.2460","837.2483","792.6743","23.33K","5.03%"
"23/11/2022","789.7027","803.8178","805.6751","772.9874","18.64K","-1.48%"
"22/11/2022","801.5891","752.1862","806.7894","745.1287","21.35K","5.99%"
"21/11/2022","756.2722","768.9015","772.6160","752.5577","17.71K","-2.54%"
"18/11/2022","775.9591","817.1900","817.1900","771.5017","19.36K","-4.44%"
"17/11/2022","811.9897","800.1033","822.7618","791.1885","23.93K","2.73%"
"16/11/2022","790.4456","843.1915","851.3634","788.2169","27.81K","-7.84%"
"15/11/2022","857.6780","850.6205","872.1646","828.7050","21.25K","-0.94%"
"14/11/2022","865.8500","869.5644","873.2790","825.7333","31.00K","1.92%"
"11/11/2022","849.5062","779.3021","849.5062","772.6160","43.46K","11.24%"
"10/11/2022","763.7012","722.0988","763.7012","711.4010","24.93K","4.86%"
"09/11/2022","728.3392","729.8250","735.3224","713.7783","14.54K","-1.29%"
"08/11/2022","737.8483","716.1556","739.9284","714.2241","10.82K","2.48%"
"07/11/2022","720.0187","706.7951","727.4477","684.5081","13.56K","1.21%"
"04/11/2022","711.4010","694.9087","726.7048","685.2510","22.17K","2.50%"
"03/11/2022","694.0172","694.6115","711.2525","678.8620","15.40K","-1.54%"
"02/11/2022","704.8635","744.3858","746.2431","704.2692","15.47K","-4.35%"
"01/11/2022","736.9568","748.1003","755.1579","718.0871","18.37K","0.40%"
"31/10/2022","733.9852","731.7565","751.0719","727.8934","14.10K","1.40%"
"28/10/2022","723.8818","735.0253","742.9000","710.2124","19.65K","-4.00%"
"27/10/2022","754.0435","759.6152","772.2446","736.2139","30.45K","-2.12%"
"26/10/2022","770.3873","706.0522","774.8447","694.4629","56.33K","14.03%"
"25/10/2022","675.5933","758.5009","761.4725","655.2378","47.97K","-10.67%"
"24/10/2022","756.2722","766.6728","777.4448","730.5679","40.77K","2.17%"
"21/10/2022","740.2256","650.0375","766.6728","647.8088","73.88K","11.85%"
"20/10/2022","661.7753","652.2662","665.6384","635.1795","18.97K","0.88%"
"19/10/2022","655.9807","661.3296","671.5816","642.7571","23.33K","-0.96%"
"18/10/2022","662.3696","677.5248","686.4396","657.4665","30.02K","-1.15%"
"17/10/2022","670.0958","640.3798","673.9589","639.6369","28.54K","5.57%"
"14/10/2022","634.7338","653.0091","655.0892","622.8474","27.29K","-1.43%"
"13/10/2022","643.9457","595.8058","647.5116","593.2799","30.16K","5.07%"
"12/10/2022","612.8925","609.4752","623.2931","591.0512","25.85K","0.22%"
"11/10/2022","611.5553","600.1146","624.4817","597.2916","17.99K","-0.12%"
"10/10/2022","612.2982","618.0928","625.2246","603.3834","19.51K","-3.40%"
"07/10/2022","633.8423","649.7403","663.5583","625.9675","14.31K","-2.00%"
"06/10/2022","646.7687","657.7637","667.1242","636.3681","17.98K","-0.84%"
"05/10/2022","652.2662","687.1825","690.8970","642.7571","27.26K","-5.08%"
"04/10/2022","687.1825","659.5466","693.8686","659.2495","40.81K","8.06%"
"03/10/2022","635.9224","601.7490","659.8438","591.3484","49.33K","4.90%"
"30/09/2022","606.2064","649.4432","666.0841","596.5487","66.67K","-5.69%"
"29/09/2022","642.7571","580.0563","652.5634","543.3571","58.49K","10.64%"
"28/09/2022","580.9478","572.0330","580.9478","550.7861","28.07K","1.22%"
"27/09/2022","573.9645","565.7926","587.4853","563.1182","23.00K","3.15%"
"26/09/2022","556.4321","534.8880","575.0046","531.9164","27.80K","2.86%"
"23/09/2022","540.9798","577.3819","581.2450","537.8596","41.60K","-6.06%"
"22/09/2022","575.8961","600.2632","605.0178","575.8961","26.62K","-5.95%"
"21/09/2022","612.2982","602.7891","619.1329","600.2632","17.46K","-0.63%"
"20/09/2022","616.1613","646.1744","647.6602","606.9493","21.48K","-4.29%"
"19/09/2022","643.7971","607.9894","653.9006","601.0061","32.76K","4.99%"
"16/09/2022","613.1897","641.1227","643.3514","609.4752","88.65K","-5.99%"
"15/09/2022","652.2662","690.7484","699.5146","647.2145","32.58K","-4.52%"
"14/09/2022","683.1708","673.0674","700.5547","669.2043","25.87K","0.94%"
"13/09/2022","676.7819","732.4994","751.8148","676.7819","37.22K","-7.31%"
"12/09/2022","730.1221","696.8402","763.3297","694.1658","40.44K","5.84%"
"09/09/2022","689.8569","659.3980","692.5314","655.9807","37.58K","5.52%"
"08/09/2022","653.7520","746.6145","754.0435","636.3681","107.79K","-15.14%"
"07/09/2022","770.3873","774.8447","789.7027","752.1862","14.07K","-1.00%"
"06/09/2022","778.1878","788.9598","814.9613","773.7304","16.88K","-1.60%"
"05/09/2022","790.8170","762.2154","793.0457","754.7864","15.61K","0.05%"
"02/09/2022","790.4456","749.5861","794.9030","746.6145","29.91K","6.61%"
"01/09/2022","741.4142","746.6145","764.0726","728.3392","20.36K","-1.33%"
"31/08/2022","751.4434","741.2656","762.9583","736.0653","15.10K","2.13%"
"30/08/2022","735.7682","745.1287","774.1018","733.6880","22.06K","-0.08%"
"29/08/2022","736.3625","727.8934","746.6145","719.1272","13.80K","-0.86%"
"26/08/2022","742.7514","766.6728","783.0166","741.4142","13.19K","-2.32%"
"25/08/2022","760.3582","775.9591","776.3305","750.3290","10.91K","-0.87%"
"24/08/2022","767.0443","757.7580","768.5300","739.9284","13.01K","0.44%"
"23/08/2022","763.7012","746.6145","778.9307","738.2940","12.40K","1.38%"
"22/08/2022","753.3006","792.6743","792.6743","749.2147","15.88K","-4.52%"
"19/08/2022","788.9598","800.4747","801.9606","783.0166","10.65K","-2.48%"
"18/08/2022","809.0181","800.8462","810.1324","789.3312","10.88K","0.83%"
"17/08/2022","802.3320","857.6780","861.3926","800.8462","15.91K","-6.01%"
"16/08/2022","853.5921","875.8791","881.0794","845.7917","9.29K","-2.05%"
"15/08/2022","871.4217","876.2505","879.2222","857.3066","6.86K","-0.76%"
"12/08/2022","878.1078","881.0794","894.4516","874.3933","7.76K","-0.21%"
"11/08/2022","879.9651","898.5376","904.1093","876.2505","7.45K","-0.84%"
"10/08/2022","887.3940","840.2199","891.8514","824.2476","16.43K","5.06%"
"09/08/2022","844.6773","875.8791","876.2505","835.3910","13.08K","-4.29%"
"08/08/2022","882.5652","876.6220","889.6227","862.1354","7.64K","0.98%"
"05/08/2022","874.0218","889.2513","903.7378","862.5069","9.44K","-1.47%"
"04/08/2022","887.0226","914.8813","927.5107","878.4792","17.11K","-2.45%"
"03/08/2022","909.3096","868.0787","914.8813","853.9636","15.02K","4.08%"
"02/08/2022","873.6504","866.9643","873.6504","837.9912","12.45K","-0.21%"
"01/08/2022","875.5077","900.0234","901.8806","850.9919","17.23K","-1.79%"
"29/07/2022","891.4800","840.2199","902.2521","833.5338","31.80K","7.77%"
"28/07/2022","827.2192","868.0787","881.4508","802.7034","28.98K","-3.59%"
"27/07/2022","858.0495","740.6713","863.2498","710.0638","52.15K","16.24%"
"26/07/2022","738.1454","780.0450","787.4740","738.1454","25.79K","-4.55%"
"25/07/2022","773.3589","806.4180","807.1608","771.8731","18.19K","-4.58%"
"22/07/2022","810.5039","806.7894","845.4202","788.2169","17.21K","-0.27%"
"21/07/2022","812.7326","858.0495","872.9075","810.5039","22.84K","-5.57%"
"20/07/2022","860.6496","839.4770","868.0787","835.3910","16.29K","1.71%"
"19/07/2022","846.1631","823.1332","850.2491","817.1900","14.38K","1.47%"
"18/07/2022","833.9053","832.7909","856.5637","825.3619","19.92K","1.04%"
"15/07/2022","825.3619","788.5883","835.3910","785.6168","29.25K","5.21%"
"14/07/2022","784.5024","813.1041","824.9905","774.8447","19.60K","-4.56%"
"13/07/2022","822.0189","815.7042","854.7065","801.9606","20.54K","0.27%"
"12/07/2022","819.7902","810.5039","825.7333","781.9022","26.66K","-1.39%"
"11/07/2022","831.3051","860.6496","898.1661","817.9329","21.26K","-8.73%"
"08/07/2022","910.7954","894.0802","934.9397","876.9935","22.34K","2.12%"
"07/07/2022","891.8514","850.2491","896.3089","842.0771","25.44K","6.00%"
"06/07/2022","841.3342","794.9030","847.2775","780.0450","40.01K","9.37%"
"05/07/2022","769.2730","852.8492","879.5936","767.7871","47.02K","-8.57%"
"04/07/2022","841.3342","946.4546","950.9120","835.3910","37.98K","-10.62%"
"01/07/2022","941.2543","939.3971","968.7416","921.9389","17.25K","-0.90%"
"30/06/2022","949.7976","961.6840","984.7139","921.1960","24.39K","-3.40%"
"29/06/2022","983.2282","1,021.4875","1,047.4890","976.9135","21.98K","-6.43%"
"28/06/2022","1,050.8320","1,029.2878","1,090.9487","1,020.0017","26.51K","3.44%"
"27/06/2022","1,015.9158","1,021.4875","1,087.6056","1,009.9725","31.04K","-0.33%"
"24/06/2022","1,019.2588","1,023.7162","1,028.1736","968.7416","23.41K","2.39%"
"23/06/2022","995.4860","993.2573","1,042.6602","949.0548","49.05K","6.18%"
"22/06/2022","937.5398","901.8806","943.1115","885.5368","28.84K","1.86%"
"21/06/2022","920.4531","980.6280","1,006.6295","920.4531","35.41K","-5.13%"
"20/06/2022","970.2274","962.7984","981.3709","892.9658","52.98K","1.44%"
"17/06/2022","956.4837","928.2536","964.2842","915.2528","51.83K","1.74%"
"16/06/2022","940.1399","1,002.1721","1,013.3156","911.5383","55.75K","-7.36%"
"15/06/2022","1,014.8014","1,040.0601","1,112.4927","973.1990","49.54K","-5.17%"
"14/06/2022","1,070.1475","1,398.1378","1,399.2522","969.1131","126.00K","-23.38%"
"13/06/2022","1,396.6520","1,544.4891","1,544.4891","1,374.3650","45.66K","-10.98%"
"10/06/2022","1,569.0048","1,699.7552","1,708.6700","1,569.0048","25.78K","-8.53%"
"09/06/2022","1,715.3561","1,857.2500","1,860.2216","1,711.6416","27.12K","-7.75%"
"08/06/2022","1,859.4788","1,956.0557","1,986.5146","1,810.4473","18.73K","-5.83%"
"07/06/2022","1,974.6282","1,944.1693","1,989.4862","1,910.7388","11.23K","0.15%"
"06/06/2022","1,971.6566","1,944.1693","2,011.7732","1,928.5684","12.22K","2.39%"
"03/06/2022","1,925.5968","1,944.9122","1,956.0557","1,881.0228","17.11K","-0.65%"
"02/06/2022","1,938.2261","1,805.2469","1,949.3696","1,774.0452","23.02K","7.99%"
"01/06/2022","1,794.8464","1,820.1050","1,905.5385","1,774.0452","19.77K","-1.23%"
"31/05/2022","1,817.1334","1,827.5341","1,842.3920","1,797.8180","9.25K","-0.89%"
"30/05/2022","1,833.4772","1,869.8793","1,903.3098","1,833.4772","7.42K","-1.04%"
"27/05/2022","1,852.7926","1,857.2500","1,870.6222","1,829.0198","7.23K","0.24%"
"26/05/2022","1,848.3352","1,794.1035","1,852.7926","1,779.2455","7.09K","3.11%"
"25/05/2022","1,792.6177","1,794.1035","1,800.7896","1,733.1857","8.36K","0.50%"
"24/05/2022","1,783.7029","1,823.8195","1,851.3068","1,783.7029","10.31K","-4.34%"
"23/05/2022","1,864.6790","1,886.9659","1,896.6237","1,797.0751","13.43K","0.97%"
"20/05/2022","1,846.8494","1,762.1588","1,855.7642","1,745.0721","20.14K","5.70%"
"19/05/2022","1,747.3008","1,708.6700","1,747.3008","1,693.8120","7.76K","0.68%"
"18/05/2022","1,735.4144","1,753.9869","1,771.8165","1,712.3845","11.80K","-1.06%"
"17/05/2022","1,753.9869","1,710.1558","1,791.8748","1,710.1558","9.59K","2.92%"
"16/05/2022","1,704.2126","1,731.7000","1,740.6147","1,688.6117","4.23K","-2.05%"
"13/05/2022","1,739.8718","1,753.2440","1,758.4443","1,714.6132","10.05K","1.96%"
"12/05/2022","1,706.4413","1,696.7836","1,719.0706","1,632.1512","11.25K","-1.54%"
"11/05/2022","1,733.1857","1,744.3292","1,766.6162","1,699.7552","11.10K","0.13%"
"10/05/2022","1,730.9570","1,754.7299","1,771.0736","1,696.7836","12.13K","0.00%"
"09/05/2022","1,730.9570","1,798.5609","1,807.4757","1,683.4114","21.52K","-4.47%"
"06/05/2022","1,811.9331","1,834.2201","1,846.1064","1,800.7896","16.48K","-0.93%"
"05/05/2022","1,829.0198","1,941.9406","1,946.3979","1,826.7911","16.31K","-3.79%"
"04/05/2022","1,901.0811","1,801.5325","1,974.6282","1,801.5325","33.35K","6.05%"
"03/05/2022","1,792.6177","1,799.3038","1,840.1633","1,778.5026","14.40K","0.58%"
"02/05/2022","1,782.2170","1,719.8135","1,783.7029","1,664.8389","12.04K","2.52%"
"29/04/2022","1,738.3860","1,759.1873","1,811.1902","1,731.7000","11.13K","0.34%"
"28/04/2022","1,732.4427","1,664.8389","1,762.1588","1,656.6670","18.46K","6.10%"
"27/04/2022","1,632.8942","1,701.9839","1,701.9839","1,554.1469","15.04K","-0.77%"
"26/04/2022","1,645.5236","1,718.3278","1,718.3278","1,645.5236","10.32K","-2.16%"
"25/04/2022","1,681.9257","1,685.6401","1,771.8165","1,647.0093","16.46K","-0.18%"
"22/04/2022","1,684.8972","1,668.5533","1,700.4980","1,659.6385","7.81K","-0.61%"
"21/04/2022","1,695.2979","1,693.8120","1,713.8702","1,683.4114","8.48K","1.20%"
"20/04/2022","1,675.2395","1,708.6700","1,737.6431","1,674.4966","9.22K","-1.27%"
"19/04/2022","1,696.7836","1,671.5250","1,735.4144","1,632.8942","14.78K","2.98%"
"14/04/2022","1,647.7522","1,561.5758","1,722.0422","1,561.5758","27.51K","5.27%"
"13/04/2022","1,565.2903","1,634.3800","1,634.3800","1,546.7178","11.68K","-4.05%"
"12/04/2022","1,631.4084","1,595.7491","1,640.3232","1,583.1199","9.09K","-0.09%"
"11/04/2022","1,632.8942","1,650.7238","1,671.5250","1,619.5220","10.12K","-1.43%"
"08/04/2022","1,656.6670","1,668.5533","1,674.4966","1,621.0078","10.61K","1.27%"
"07/04/2022","1,635.8658","1,707.1842","1,723.5280","1,630.6655","15.71K","-3.59%"
"06/04/2022","1,696.7836","1,772.5594","1,779.2455","1,684.1543","13.03K","-4.27%"
"05/04/2022","1,772.5594","1,869.8793","1,873.5938","1,768.1021","9.93K","-5.28%"
"04/04/2022","1,871.3651","1,831.9915","1,871.3651","1,811.9331","8.01K","3.36%"
"01/04/2022","1,810.4473","1,842.3920","1,860.2216","1,804.5042","9.33K","-1.61%"
"31/03/2022","1,840.1633","1,938.2261","1,946.3979","1,839.4204","14.10K","-5.28%"
"30/03/2022","1,942.6835","1,985.7717","1,988.7433","1,933.7687","7.74K","-1.54%"
"29/03/2022","1,973.1425","1,967.1992","1,989.4862","1,930.0542","16.93K","3.15%"
"28/03/2022","1,912.9675","1,953.8270","1,976.8569","1,904.7957","8.58K","-1.57%"
"25/03/2022","1,943.4264","1,968.6851","1,986.5146","1,941.1978","9.26K","-1.65%"
"24/03/2022","1,976.1140","2,014.7448","2,023.6595","1,962.7418","9.29K","-2.42%"
"23/03/2022","2,025.1454","2,079.3772","2,079.3772","2,019.9451","7.21K","-2.15%"
"22/03/2022","2,069.7195","2,080.1201","2,095.7209","2,030.3457","9.64K","-0.50%"
"21/03/2022","2,080.1201","2,142.5237","2,149.2097","2,075.6626","8.67K","-3.65%"
"18/03/2022","2,158.8674","2,068.2336","2,161.0962","2,010.2874","26.54K","3.71%"
"17/03/2022","2,081.6057","2,106.1216","2,153.6670","2,048.9182","22.24K","3.78%"
"16/03/2022","2,005.8300","1,949.3696","2,041.4893","1,945.6552","17.30K","4.81%"
"15/03/2022","1,913.7104","1,915.9391","1,953.8270","1,880.2799","11.93K","-1.08%"
"14/03/2022","1,934.5116","1,939.7119","1,989.4862","1,920.3965","12.55K","1.36%"
"11/03/2022","1,908.5101","1,920.3965","1,996.1722","1,901.0811","8.76K","-0.12%"
"10/03/2022","1,910.7388","1,958.2844","1,967.1992","1,881.0228","10.76K","-0.69%"
"09/03/2022","1,924.1110","1,841.6490","1,934.5116","1,829.7627","17.36K","8.92%"
"08/03/2022","1,766.6162","1,737.6431","1,877.3083","1,730.9570","13.77K","0.00%"
"07/03/2022","1,766.6162","1,787.4174","1,848.3352","1,722.0422","15.82K","-5.86%"
"04/03/2022","1,876.5654","2,005.8300","2,020.6880","1,869.8793","14.13K","-7.71%"
"03/03/2022","2,033.3173","2,009.5446","2,110.5789","1,988.7433","18.05K","1.63%"
"02/03/2022","2,000.6298","1,842.3920","2,000.6298","1,777.0168","27.45K","5.90%"
"01/03/2022","1,889.1947","2,191.5549","2,265.8450","1,839.4204","56.37K","-20.38%"
"28/02/2022","2,372.8225","2,253.9585","2,382.4802","2,245.7866","11.84K","2.63%"
"25/02/2022","2,311.9048","2,239.1006","2,318.5908","2,234.6433","12.82K","4.46%"
"24/02/2022","2,213.0991","2,190.8120","2,218.2993","2,134.3518","19.70K","-2.71%"
"23/02/2022","2,274.7598","2,352.7644","2,392.1379","2,263.6162","10.83K","-3.19%"
"22/02/2022","2,349.7927","2,315.6194","2,401.0527","2,297.7898","8.89K","-1.40%"
"21/02/2022","2,383.2231","2,432.9976","2,456.0273","2,374.3083","6.84K","-1.11%"
"18/02/2022","2,409.9675","2,439.6836","2,479.0574","2,409.9675","7.57K","-1.46%"
"17/02/2022","2,445.6267","2,467.1709","2,500.6013","2,433.7405","6.81K","-0.78%"
"16/02/2022","2,464.9421","2,485.7434","2,498.3728","2,431.5117","3.87K","-0.45%"
"15/02/2022","2,476.0857","2,447.1125","2,502.0872","2,445.6267","5.26K","0.33%"
"14/02/2022","2,467.9138","2,423.3398","2,479.0574","2,369.1082","10.37K","-0.54%"
"11/02/2022","2,481.2859","2,376.5371","2,509.5161","2,357.9646","12.70K","4.28%"
"10/02/2022","2,379.5088","2,375.7942","2,408.4817","2,275.5027","23.28K","-4.50%"
"09/02/2022","2,491.6865","2,412.9392","2,508.0305","2,412.9392","8.92K","4.29%"
"08/02/2022","2,389.1665","2,387.6807","2,397.3384","2,367.6223","5.26K","-0.16%"
"07/02/2022","2,392.8809","2,428.5400","2,429.2830","2,374.3083","6.05K","-0.09%"
"04/02/2022","2,395.1096","2,444.1411","2,444.1411","2,375.0513","11.44K","-0.49%"
"03/02/2022","2,406.9961","2,542.9468","2,600.1499","2,400.3098","22.33K","-7.46%"
"02/02/2022","2,600.8928","2,436.7119","2,706.3848","2,409.2246","42.85K","8.16%"
"01/02/2022","2,404.7673","2,360.9363","2,438.9407","2,355.7358","11.59K","2.44%"
"31/01/2022","2,347.5640","2,360.9363","2,368.3652","2,297.0469","8.67K","0.38%"
"28/01/2022","2,338.6492","2,338.6492","2,339.3921","2,285.9033","7.34K","0.19%"
"27/01/2022","2,334.1919","2,302.9900","2,349.0498","2,291.1035","9.19K","-0.51%"
"26/01/2022","2,346.0781","2,347.5640","2,417.3965","2,341.6208","9.08K","0.32%"
"25/01/2022","2,338.6492","2,371.3369","2,395.8525","2,317.1050","10.59K","-0.88%"
"24/01/2022","2,359.4504","2,525.8601","2,525.8601","2,346.8210","15.42K","-6.86%"
"21/01/2022","2,533.2891","2,548.1470","2,548.8899","2,511.7449","10.91K","-2.38%"
"20/01/2022","2,594.9497","2,523.6313","2,598.6643","2,511.7449","11.87K","2.95%"
"19/01/2022","2,520.6597","2,494.6582","2,531.8032","2,464.9421","12.54K","-0.67%"
"18/01/2022","2,537.7463","2,460.4849","2,537.7463","2,432.2546","12.86K","2.49%"
"17/01/2022","2,476.0857","2,364.6506","2,485.7434","2,352.7644","18.56K","6.35%"
"14/01/2022","2,328.2485","2,329.7344","2,414.4250","2,315.6194","17.36K","-0.41%"
"13/01/2022","2,337.9063","2,353.5071","2,380.9944","2,337.9063","11.80K","-0.44%"
"12/01/2022","2,348.3069","2,412.9392","2,418.8823","2,345.3352","13.82K","-2.56%"
"11/01/2022","2,409.9675","2,403.2815","2,434.4834","2,385.4519","16.43K","1.06%"
"10/01/2022","2,384.7090","2,525.8601","2,528.8315","2,322.3054","58.93K","-16.82%"
"07/01/2022","2,866.8511","2,874.2800","2,888.3953","2,860.1650","5.01K","-0.46%"
"06/01/2022","2,880.2234","2,860.1650","2,899.5388","2,833.4207","6.31K","-0.39%"
"05/01/2022","2,891.3667","2,842.3354","2,915.8826","2,822.2771","7.39K","1.94%"
"04/01/2022","2,836.3921","2,891.3667","2,906.9678","2,836.3921","8.37K","-0.93%"
"03/01/2022","2,863.1367","2,785.8750","2,874.2800","2,785.8750","10.25K","3.08%"
"31/12/2021","2,777.7031","2,767.3025","2,788.8467","2,767.3025","1.41K","0.24%"
"30/12/2021","2,771.0171","2,759.1306","2,774.7314","2,731.6433","3.50K","0.62%"
"29/12/2021","2,753.9304","2,775.4744","2,791.8181","2,739.0723","4.07K","-0.67%"
"28/12/2021","2,772.5027","2,771.0171","2,795.5327","2,767.3025","3.91K","0.08%"
"27/12/2021","2,770.2742","2,757.6448","2,787.3608","2,755.4160","3.34K","0.19%"
"24/12/2021","2,765.0737","2,731.6433","2,778.4460","2,731.6433","2.12K","0.92%"
"23/12/2021","2,739.8152","2,768.0454","2,797.7615","2,739.8152","6.12K","-0.57%"
"22/12/2021","2,755.4160","2,686.3264","2,757.6448","2,685.5835","7.83K","2.43%"
"21/12/2021","2,690.0410","2,659.5820","2,705.6418","2,619.4653","9.52K","1.80%"
"20/12/2021","2,642.4954","2,664.0393","2,664.0393","2,602.3787","10.89K","-1.17%"
"17/12/2021","2,673.6970","2,664.0393","2,673.6970","2,605.3503","17.13K","0.36%"
"16/12/2021","2,664.0393","2,663.2964","2,700.4414","2,658.0962","9.94K","1.41%"
"15/12/2021","2,626.8943","2,660.3250","2,694.4983","2,624.6658","6.18K","-1.20%"
"14/12/2021","2,658.8391","2,652.8960","2,683.3547","2,612.7793","8.71K","0.08%"
"13/12/2021","2,656.6104","2,695.2412","2,713.8137","2,656.6104","6.65K","-0.86%"
"10/12/2021","2,679.6404","2,689.2981","2,729.4146","2,677.4116","7.53K","-0.80%"
"09/12/2021","2,701.1843","2,696.7271","2,701.1843","2,664.0393","6.44K","0.55%"
"08/12/2021","2,686.3264","2,693.0125","2,720.4998","2,655.1245","11.86K","-0.74%"
"07/12/2021","2,706.3848","2,808.1621","2,809.6477","2,697.4700","18.24K","-3.01%"
"06/12/2021","2,790.3325","2,748.7300","2,799.2473","2,714.5566","9.21K","2.45%"
"03/12/2021","2,723.4714","2,796.2756","2,803.7046","2,709.3562","8.88K","-2.11%"
"02/12/2021","2,782.1604","2,823.7629","2,843.0784","2,753.9304","9.51K","-2.04%"
"01/12/2021","2,840.1067","2,823.0200","2,892.1096","2,807.4192","13.08K","1.14%"
"30/11/2021","2,808.1621","2,746.5012","2,846.7927","2,704.1560","122.54K","1.18%"
"29/11/2021","2,775.4744","2,756.1589","2,795.5327","2,715.2996","17.91K","1.16%"
"26/11/2021","2,743.5298","2,787.3608","2,788.8467","2,711.5850","20.92K","-4.43%"
"25/11/2021","2,870.5657","2,830.4490","2,882.4519","2,785.8750","11.31K","1.68%"
"24/11/2021","2,823.0200","2,831.9348","2,837.1350","2,735.3579","20.47K","-0.91%"
"23/11/2021","2,849.0215","2,823.0200","2,858.6792","2,790.3325","13.40K","0.63%"
"22/11/2021","2,831.1919","2,907.7107","2,938.1694","2,825.9917","14.67K","-2.43%"
"19/11/2021","2,901.7673","2,921.8257","2,926.2832","2,875.7659","13.07K","-0.86%"
"18/11/2021","2,927.0259","2,979.7720","2,996.1157","2,927.0259","8.74K","-1.75%"
"17/11/2021","2,979.0291","3,060.7480","3,076.3489","2,979.0291","10.76K","-2.67%"
"16/11/2021","3,060.7480","3,117.9514","3,138.7524","3,060.7480","10.64K","-1.90%"
"15/11/2021","3,120.1799","3,132.8093","3,197.4417","3,115.7227","13.49K","-1.13%"
"12/11/2021","3,155.8391","3,164.0110","3,205.6135","3,016.9170","29.30K","-2.39%"
"11/11/2021","3,233.1008","3,211.5566","3,243.5015","3,194.4700","5.47K","-0.21%"
"10/11/2021","3,239.7869","3,172.9258","3,268.7600","3,152.1248","8.11K","1.89%"
"09/11/2021","3,179.6121","3,253.1592","3,253.1592","3,159.5537","10.70K","-2.39%"
"08/11/2021","3,257.6165","3,244.2444","3,304.4192","3,239.0439","5.35K","-0.02%"
"05/11/2021","3,258.3594","3,278.4177","3,307.3909","3,246.4729","4.77K","-0.41%"
"04/11/2021","3,271.7317","3,263.5598","3,301.4475","3,240.5298","4.29K","0.25%"
"03/11/2021","3,263.5598","3,271.7317","3,298.4761","3,237.5581","4.83K","-0.43%"
"02/11/2021","3,277.6748","3,317.0486","3,325.9634","3,260.5881","5.27K","-1.16%"
"01/11/2021","3,316.3057","3,372.7661","3,397.2817","3,315.5627","4.93K","-0.76%"
"29/10/2021","3,341.5642","3,380.1951","3,400.9961","3,311.8481","6.62K","-1.62%"
"28/10/2021","3,396.5388","3,322.9917","3,445.5703","3,280.6465","9.78K","2.63%"
"27/10/2021","3,309.6194","3,397.2817","3,398.7676","3,290.3042","8.14K","-2.92%"
"26/10/2021","3,409.1682","3,422.5403","3,442.5986","3,398.7676","5.12K","-0.24%"
"25/10/2021","3,417.3401","3,403.9678","3,485.6868","3,374.2517","7.25K","0.37%"
"22/10/2021","3,404.7107","3,282.1321","3,448.5417","3,244.2444","11.29K","3.48%"
"21/10/2021","3,290.3042","3,237.5581","3,350.4790","3,208.5852","10.79K","1.63%"
"20/10/2021","3,237.5581","3,313.3340","3,318.5342","3,222.7002","8.32K","-2.40%"
"19/10/2021","3,317.0486","3,354.1936","3,367.5657","3,314.0769","4.74K","-0.80%"
"18/10/2021","3,343.7930","3,376.4805","3,410.6538","3,320.0200","4.72K","-1.01%"
"15/10/2021","3,377.9663","3,439.6270","3,439.6270","3,348.2502","7.83K","-1.49%"
"14/10/2021","3,429.2263","3,435.9126","3,481.9724","3,429.2263","6.48K","0.61%"
"13/10/2021","3,408.4253","3,335.6211","3,436.6555","3,311.8481","9.19K","2.75%"
"12/10/2021","3,317.0486","3,317.0486","3,337.8496","3,299.2190","4.04K","-0.95%"
"11/10/2021","3,348.9932","3,327.4492","3,362.3655","3,304.4192","5.39K","0.74%"
"08/10/2021","3,324.4775","3,302.1904","3,337.1067","3,266.5313","6.19K","0.88%"
"07/10/2021","3,295.5044","3,344.5359","3,353.4507","3,281.3894","5.61K","-0.74%"
"06/10/2021","3,320.0200","3,309.6194","3,337.1067","3,276.1890","6.85K","-0.04%"
"05/10/2021","3,321.5059","3,395.0530","3,396.5388","3,319.2771","7.64K","-2.29%"
"04/10/2021","3,399.5105","3,420.3115","3,431.4551","3,370.5374","7.72K","-0.95%"
"01/10/2021","3,432.1980","3,380.1951","3,498.3162","3,357.1650","9.50K","0.11%"
"30/09/2021","3,428.4834","3,447.0559","3,470.8289","3,366.8228","10.81K","1.83%"
"29/09/2021","3,366.8228","3,429.9692","3,432.1980","3,308.8767","9.77K","-1.67%"
"28/09/2021","3,424.0261","3,337.8496","3,503.5164","3,331.1636","13.06K","2.40%"
"27/09/2021","3,343.7930","3,333.3923","3,373.5088","3,321.5059","5.21K","0.60%"
"24/09/2021","3,323.7346","3,331.1636","3,376.4805","3,316.3057","5.57K","-0.22%"
"23/09/2021","3,331.1636","3,334.1353","3,377.2234","3,295.5044","7.66K","0.63%"
"22/09/2021","3,310.3623","3,376.4805","3,380.9380","3,308.8767","5.73K","-1.02%"
"21/09/2021","3,344.5359","3,416.5972","3,424.7690","3,333.3923","7.53K","-2.30%"
"20/09/2021","3,423.2832","3,407.6824","3,454.4851","3,313.3340","14.84K","1.23%"
"17/09/2021","3,381.6809","3,379.4521","3,405.4536","3,357.9080","34.57K","0.55%"
"16/09/2021","3,363.1084","3,331.1636","3,372.0232","3,296.9902","8.81K","1.23%"
"15/09/2021","3,322.2488","3,455.9707","3,461.1711","3,311.1052","11.46K","-4.05%"
"14/09/2021","3,462.6570","3,336.3640","3,483.4580","3,314.8198","14.41K","3.21%"
"13/09/2021","3,354.9363","3,310.3623","3,389.1099","3,227.1577","22.49K","0.65%"
"10/09/2021","3,333.3923","3,123.8945","3,403.9678","3,055.5476","33.39K","5.83%"
"09/09/2021","3,149.8960","3,218.2429","3,221.9573","3,149.8960","10.47K","-3.09%"
"08/09/2021","3,250.1875","3,317.0486","3,317.0486","3,232.3579","8.77K","-2.32%"
"07/09/2021","3,327.4492","3,323.7346","3,336.3640","3,285.8467","5.40K","-0.02%"
"06/09/2021","3,328.1919","3,354.9363","3,375.7375","3,317.7915","5.53K","-0.84%"
"03/09/2021","3,356.4221","3,381.6809","3,398.7676","3,336.3640","8.47K","-0.70%"
"02/09/2021","3,380.1951","3,395.0530","3,397.2817","3,325.9634","13.31K","-0.52%"
"01/09/2021","3,398.0247","3,288.8184","3,416.5972","3,285.8467","19.09K","4.05%"
"31/08/2021","3,265.7883","3,194.4700","3,275.4460","3,169.9543","16.68K","2.61%"
"30/08/2021","3,182.5835","3,186.2981","3,194.4700","3,155.8391","5.63K","-0.05%"
"27/08/2021","3,184.0693","3,141.7241","3,184.0693","3,123.1516","7.70K","1.37%"
"26/08/2021","3,140.9812","3,120.9229","3,141.7241","3,106.0649","5.23K","0.21%"
"25/08/2021","3,134.2952","3,148.4102","3,172.9258","3,114.9797","6.05K","-0.45%"
"24/08/2021","3,148.4102","3,152.8677","3,157.3250","3,123.1516","4.37K","0.21%"
"23/08/2021","3,141.7241","3,166.2397","3,173.6687","3,117.2085","4.94K","0.28%"
"20/08/2021","3,132.8093","3,172.9258","3,172.9258","3,092.6926","6.81K","-0.85%"
"19/08/2021","3,159.5537","3,163.2683","3,186.2981","3,120.9229","7.61K","-1.35%"
"18/08/2021","3,202.6418","3,221.2144","3,256.8735","3,176.6404","8.47K","-0.58%"
"17/08/2021","3,221.2144","3,205.6135","3,221.9573","3,149.1531","8.52K","0.00%"
"16/08/2021","3,221.2144","3,216.7571","3,266.5313","3,195.9558","7.71K","-0.25%"
"13/08/2021","3,229.3862","3,262.8169","3,279.1606","3,207.8423","9.03K","-1.16%"
"12/08/2021","3,267.2742","3,298.4761","3,299.2190","3,230.1292","12.72K","-1.15%"
"11/08/2021","3,305.1621","3,330.4207","3,344.5359","3,282.8750","8.91K","-0.47%"
"10/08/2021","3,320.7629","3,305.9050","3,337.8496","3,276.1890","14.31K","0.16%"
"09/08/2021","3,315.5627","3,242.7585","3,356.4221","3,221.2144","26.72K","2.98%"
"06/08/2021","3,219.7285","2,895.8242","3,262.8169","2,877.9946","38.60K","10.87%"
"05/08/2021","2,903.9961","2,905.4819","2,938.9124","2,881.7090","11.37K","-0.38%"
"04/08/2021","2,915.1396","2,935.1980","2,949.3130","2,909.1963","10.13K","-0.46%"
"03/08/2021","2,928.5117","3,002.8018","3,006.5164","2,928.5117","13.61K","-2.83%"
"02/08/2021","3,013.9453","2,979.0291","3,018.4026","2,963.4280","11.10K","0.62%"
"30/07/2021","2,995.3728","3,042.9185","3,046.6328","2,976.0574","15.24K","-2.14%"
"29/07/2021","3,060.7480","2,972.3430","3,116.4656","2,968.6284","16.19K","3.18%"
"28/07/2021","2,966.3997","3,231.6150","3,245.7300","2,946.3413","27.12K","-3.18%"
"27/07/2021","3,063.7195","3,031.0320","3,127.6089","2,963.4280","15.38K","0.86%"
"26/07/2021","3,037.7180","2,999.0874","3,039.9468","2,988.6868","8.94K","0.00%"
"23/07/2021","3,037.7180","3,008.7451","3,037.7180","2,967.8855","8.84K","1.62%"
"22/07/2021","2,989.4297","3,013.9453","3,034.0037","2,979.7720","6.79K","-0.42%"
"21/07/2021","3,002.0588","3,001.3159","3,040.6897","2,989.4297","8.92K","1.00%"
"20/07/2021","2,972.3430","3,013.2024","3,042.9185","2,941.1411","14.19K","-0.99%"
"19/07/2021","3,002.0588","3,079.3206","3,116.4656","2,970.1143","16.59K","-3.39%"
"16/07/2021","3,107.5508","3,060.0051","3,138.7524","3,053.3191","15.83K","1.95%"
"15/07/2021","3,048.1187","3,140.2383","3,140.2383","3,033.2607","17.72K","-3.12%"
"14/07/2021","3,146.1814","3,156.5820","3,198.1846","3,140.2383","14.31K","-1.19%"
"13/07/2021","3,184.0693","3,216.0142","3,265.0454","3,143.9529","22.43K","-0.97%"
"12/07/2021","3,215.2712","3,380.1951","3,452.2563","3,210.0708","67.38K","-17.94%"
"09/07/2021","3,918.0547","3,834.8499","3,946.2849","3,818.5061","9.65K","2.53%"
"08/07/2021","3,821.4775","3,880.9097","3,891.3103","3,772.4463","11.15K","-2.21%"
"07/07/2021","3,907.6541","3,880.9097","3,910.6255","3,866.0515","6.20K","0.80%"
"06/07/2021","3,876.4521","3,885.3669","3,906.1682","3,864.5659","6.36K","-0.15%"
"05/07/2021","3,882.3955","3,912.1113","3,912.1113","3,854.1653","7.22K","-0.68%"
"02/07/2021","3,909.1399","3,874.9663","3,952.2280","3,874.9663","7.95K","1.23%"
"01/07/2021","3,861.5942","3,825.9351","3,873.4807","3,805.1338","7.80K","1.33%"
"30/06/2021","3,811.0769","3,897.2534","3,904.6824","3,805.1338","9.01K","-2.21%"
"29/06/2021","3,897.2534","3,898.7393","3,938.8557","3,891.3103","7.53K","0.19%"
"28/06/2021","3,889.8245","3,907.6541","3,928.4551","3,889.8245","6.44K","-0.61%"
"25/06/2021","3,913.5972","3,898.7393","3,949.2563","3,885.3669","6.48K","0.57%"
"24/06/2021","3,891.3103","3,840.7930","3,898.7393","3,822.9634","8.52K","1.35%"
"23/06/2021","3,839.3071","3,892.7959","3,929.9409","3,839.3071","8.13K","-0.88%"
"22/06/2021","3,873.4807","3,855.6509","3,873.4807","3,785.8184","8.12K","1.12%"
"21/06/2021","3,830.3923","3,879.4238","3,885.3669","3,824.4492","9.53K","-2.39%"
"18/06/2021","3,923.9978","3,929.9409","3,940.3416","3,852.6794","20.19K","-0.34%"
"17/06/2021","3,937.3701","3,999.7737","4,010.1743","3,925.4836","11.49K","-1.89%"
"16/06/2021","4,013.1458","3,989.3730","4,029.4895","3,958.1711","7.57K","0.78%"
"15/06/2021","3,981.9441","4,051.7766","4,051.7766","3,961.1428","10.34K","-1.51%"
"14/06/2021","4,042.8618","4,062.1772","4,100.8081","4,033.9470","7.08K","-0.15%"
"11/06/2021","4,048.8049","3,996.8020","4,065.1487","3,977.4866","8.26K","1.34%"
"10/06/2021","3,995.3162","3,955.1997","3,995.3162","3,921.0261","6.68K","1.09%"
"09/06/2021","3,952.2280","3,967.0859","3,967.0859","3,932.9126","7.65K","-0.49%"
"08/06/2021","3,971.5435","3,970.0576","3,986.4014","3,931.4268","6.26K","0.15%"
"07/06/2021","3,965.6001","3,978.9724","3,980.4583","3,934.3984","7.08K","-0.48%"
"04/06/2021","3,984.9155","3,996.8020","3,999.7737","3,928.4551","6.62K","-0.04%"
"03/06/2021","3,986.4014","3,996.8020","3,999.7737","3,946.2849","6.08K","-0.26%"
"02/06/2021","3,996.8020","4,017.6033","4,041.3760","3,965.6001","7.01K","-0.37%"
"01/06/2021","4,011.6599","4,080.0068","4,084.4641","4,004.2310","9.06K","-1.53%"
"31/05/2021","4,074.0637","4,081.4927","4,097.8364","4,059.2056","5.33K","-0.18%"
"28/05/2021","4,081.4927","4,074.0637","4,112.6943","4,054.7483","7.25K","0.26%"
"27/05/2021","4,071.0920","4,048.8049","4,087.4358","4,029.4895","12.40K","0.74%"
"26/05/2021","4,041.3760","4,099.3223","4,106.7510","4,023.5464","7.17K","-0.98%"
"25/05/2021","4,081.4927","4,102.2939","4,115.6660","4,071.0920","6.53K","-0.04%"
"24/05/2021","4,082.9785","4,051.7766","4,105.2656","4,038.4043","5.77K","0.88%"
"21/05/2021","4,047.3191","4,084.4641","4,097.8364","4,035.4329","7.33K","-0.80%"
"20/05/2021","4,080.0068","4,048.8049","4,080.0068","3,998.2878","6.68K","1.59%"
"19/05/2021","4,016.1174","4,039.8901","4,053.2625","3,950.7422","10.21K","-1.57%"
"18/05/2021","4,080.0068","4,071.0920","4,102.2939","4,014.6316","7.90K","0.70%"
"17/05/2021","4,051.7766","4,081.4927","4,097.8364","4,036.9187","6.62K","-0.26%"
"14/05/2021","4,062.1772","4,011.6599","4,069.6062","3,993.8303","7.62K","0.22%"
"13/05/2021","4,053.2625","4,026.5181","4,082.9785","3,974.5149","7.01K","-0.26%"
"12/05/2021","4,063.6631","4,161.7256","4,167.6689","4,032.4612","10.52K","-2.29%"
"11/05/2021","4,158.7544","4,123.0952","4,158.7544","4,045.8335","10.52K","-0.11%"
"10/05/2021","4,163.2114","4,182.5269","4,246.4165","4,152.8110","6.52K","-0.36%"
"07/05/2021","4,178.0698","4,111.2085","4,189.9561","4,091.8933","10.37K","1.96%"
"06/05/2021","4,097.8364","4,129.0381","4,148.3535","4,078.5210","11.11K","-0.90%"
"05/05/2021","4,134.9814","4,133.4956","4,188.4702","4,124.5806","7.98K","0.72%"
"04/05/2021","4,105.2656","4,163.2114","4,212.2432","4,103.7798","9.26K","-1.50%"
"03/05/2021","4,167.6689","4,209.2715","4,230.0728","4,146.8677","7.15K","-0.92%"
"30/04/2021","4,206.2998","4,234.5298","4,244.9307","4,185.4985","9.65K","-0.56%"
"29/04/2021","4,230.0728","4,234.5298","4,285.0474","4,219.6719","7.37K","0.28%"
"28/04/2021","4,218.1860","4,233.0444","4,276.1323","4,218.1860","12.00K","-1.22%"
"27/04/2021","4,270.1890","4,268.7036","4,308.8198","4,236.0156","7.45K","-0.28%"
"26/04/2021","4,282.0757","4,351.9082","4,353.3940","4,282.0757","8.75K","-1.67%"
"23/04/2021","4,354.8799","4,369.7378","4,383.1099","4,335.5645","6.36K","-0.64%"
"22/04/2021","4,383.1099","4,383.1099","4,415.7974","4,354.8799","11.48K","0.55%"
"21/04/2021","4,359.3374","4,265.7319","4,359.3374","4,244.9307","13.73K","1.56%"
"20/04/2021","4,292.4761","4,442.5420","4,469.2866","4,224.1294","26.39K","-5.46%"
"19/04/2021","4,540.6050","4,504.9458","4,577.7500","4,504.9458","7.21K","0.66%"
"16/04/2021","4,510.8887","4,506.4316","4,551.0054","4,478.2012","8.69K","0.20%"
"15/04/2021","4,501.9741","4,449.9712","4,559.9204","4,442.5420","8.43K","1.03%"
"14/04/2021","4,455.9141","4,458.8857","4,481.1729","4,442.5420","6.76K","-0.07%"
"13/04/2021","4,458.8857","4,439.5703","4,463.3433","4,363.7944","9.93K","0.60%"
"12/04/2021","4,432.1416","4,497.5166","4,509.4028","4,411.3403","9.67K","-0.90%"
"09/04/2021","4,472.2578","4,392.0249","4,516.8320","4,357.8516","14.87K","2.07%"
"08/04/2021","4,381.6240","4,436.5986","4,457.3999","4,371.2236","10.69K","-0.57%"
"07/04/2021","4,406.8828","4,282.0757","4,481.1729","4,265.7319","25.28K","3.71%"
"06/04/2021","4,249.3882","4,375.6812","4,381.6240","4,249.3882","28.87K","-1.82%"
"01/04/2021","4,328.1353","4,011.6599","4,328.1353","3,873.4807","69.21K","-12.42%"
"31/03/2021","4,941.7710","4,904.6260","4,992.2881","4,901.6543","8.14K","0.79%"
"30/03/2021","4,903.1401","4,907.5972","4,934.3418","4,883.8247","6.13K","0.18%"
"29/03/2021","4,894.2251","4,871.9380","4,938.7993","4,871.9380","4.90K","0.58%"
"26/03/2021","4,865.9951","4,825.8784","4,867.4810","4,788.7334","7.76K","1.39%"
"25/03/2021","4,799.1338","4,756.0459","4,818.4492","4,754.5601","7.04K","0.94%"
"24/03/2021","4,754.5601","4,760.5034","4,772.3896","4,730.7871","5.44K","-0.50%"
"23/03/2021","4,778.3330","4,791.7051","4,800.6196","4,733.7588","7.80K","-0.68%"
"22/03/2021","4,811.0205","4,818.4492","4,822.9067","4,748.6167","7.33K","-0.61%"
"19/03/2021","4,840.7363","4,754.5601","4,840.7363","4,733.7588","14.84K","1.24%"
"18/03/2021","4,781.3042","4,748.6167","4,816.9634","4,726.3296","7.06K","1.07%"
"17/03/2021","4,730.7871","4,828.8501","4,845.1938","4,720.3867","8.87K","-1.67%"
"16/03/2021","4,811.0205","4,840.7363","4,868.9668","4,796.1626","5.47K","0.12%"
"15/03/2021","4,805.0771","4,809.5347","4,865.9951","4,797.6484","7.04K","0.59%"
"12/03/2021","4,776.8472","4,818.4492","4,819.9351","4,736.7305","6.27K","-1.20%"
"11/03/2021","4,834.7930","4,791.7051","4,837.7646","4,773.8755","7.32K","0.87%"
"10/03/2021","4,793.1909","4,797.6484","4,803.5913","4,736.7305","7.14K","-0.19%"
"09/03/2021","4,802.1055","4,723.3584","4,845.1938","4,723.3584","9.35K","1.73%"
"08/03/2021","4,720.3867","4,726.3296","4,785.7617","4,683.2417","8.26K","0.51%"
"05/03/2021","4,696.6138","4,665.4121","4,726.3296","4,628.2671","8.46K","-0.03%"
"04/03/2021","4,698.0996","4,668.3838","4,735.2446","4,647.5825","7.52K","-0.44%"
"03/03/2021","4,718.9009","4,791.7051","4,808.0488","4,677.2983","9.72K","-0.84%"
"02/03/2021","4,759.0176","4,806.5630","4,824.3926","4,732.2729","8.47K","-1.26%"
"01/03/2021","4,819.9351","4,839.2505","4,877.8813","4,800.6196","8.03K","0.40%"
"26/02/2021","4,800.6196","4,782.7900","4,803.5913","4,735.2446","10.07K","-1.04%"
"25/02/2021","4,851.1372","4,784.2759","4,870.4526","4,776.8472","10.70K","2.19%"
"24/02/2021","4,747.1309","4,766.4463","4,831.8218","4,732.2729","10.42K","-0.56%"
"23/02/2021","4,773.8755","4,754.5601","4,843.7080","4,748.6167","10.80K","0.63%"
"22/02/2021","4,744.1592","4,687.6992","4,773.8755","4,643.1250","11.59K","1.43%"
"19/02/2021","4,677.2983","4,644.6108","4,770.9038","4,632.7246","14.19K","1.29%"
"18/02/2021","4,617.8662","4,932.8560","4,949.1997","4,594.0938","25.58K","-6.30%"
"17/02/2021","4,928.3984","4,980.4014","4,980.4014","4,920.9697","6.60K","-0.99%"
"16/02/2021","4,977.4302","4,962.5718","5,016.0610","4,961.0864","7.86K","0.48%"
"15/02/2021","4,953.6572","4,925.4268","4,977.4302","4,916.5122","6.40K","1.03%"
"12/02/2021","4,903.1401","4,886.7964","4,907.5972","4,813.9922","10.29K","-0.15%"
"11/02/2021","4,910.5688","4,889.7676","4,953.6572","4,871.9380","7.86K","0.64%"
"10/02/2021","4,879.3672","4,843.7080","4,919.4839","4,825.8784","8.93K","-0.15%"
"09/02/2021","4,886.7964","4,915.0264","4,915.0264","4,828.8501","8.12K","-0.33%"
"08/02/2021","4,903.1401","4,904.6260","4,955.1431","4,897.1968","8.61K","0.58%"
"05/02/2021","4,874.9097","4,920.9697","4,959.6006","4,871.9380","9.11K","-0.64%"
"04/02/2021","4,906.1118","4,964.0576","4,981.8872","4,857.0801","9.67K","-0.45%"
"03/02/2021","4,928.3984","4,992.2881","5,008.6318","4,907.5972","6.86K","-0.39%"
"02/02/2021","4,947.7139","5,185.4419","5,218.1294","4,913.5405","21.38K","1.87%"
"01/02/2021","4,857.0801","4,745.6450","4,858.5659","4,744.1592","7.54K","2.99%"
"29/01/2021","4,715.9292","4,709.9858","4,745.6450","4,665.4121","10.34K","-1.06%"
"28/01/2021","4,766.4463","4,714.4434","4,812.5063","4,698.0996","10.25K","-0.34%"
"27/01/2021","4,782.7900","4,747.1309","4,874.9097","4,696.6138","10.64K","0.91%"
"26/01/2021","4,739.7021","4,573.2925","4,787.2476","4,559.9204","9.37K","3.20%"
"25/01/2021","4,592.6079","4,724.8442","4,738.2163","4,551.0054","11.37K","-2.55%"
"22/01/2021","4,712.9575","4,889.7676","4,891.2534","4,712.9575","14.10K","-4.23%"
"21/01/2021","4,920.9697","4,964.0576","4,980.4014","4,891.2534","6.99K","-0.27%"
"20/01/2021","4,934.3418","4,949.1997","4,975.9443","4,886.7964","6.00K","-0.30%"
"19/01/2021","4,949.1997","5,013.0894","5,016.0610","4,943.2568","5.59K","-0.39%"
"18/01/2021","4,968.5151","4,915.0264","4,998.2310","4,895.7109","6.08K","0.69%"
"15/01/2021","4,934.3418","4,978.9160","5,010.1177","4,891.2534","8.84K","-1.19%"
"14/01/2021","4,993.7739","5,065.0923","5,066.5781","4,925.4268","7.57K","-1.06%"
"13/01/2021","5,047.2627","4,955.1431","5,097.7798","4,932.8560","9.10K","2.04%"
"12/01/2021","4,946.2280","4,950.6855","4,971.4868","4,882.3389","9.22K","0.06%"
"11/01/2021","4,943.2568","5,054.6914","5,100.7515","4,895.7109","14.55K","-1.77%"
"08/01/2021","5,032.4048","4,977.4302","5,059.1489","4,925.4268","19.55K","3.55%"
"07/01/2021","4,860.0518","5,553.9204","5,580.6650","4,828.8501","41.10K","-13.05%"
"06/01/2021","5,589.5796","5,614.8384","5,651.9834","5,559.8638","6.42K","-0.11%"
"05/01/2021","5,595.5229","5,643.0684","5,698.0430","5,577.6934","3.84K","-1.05%"
"04/01/2021","5,654.9546","5,677.2417","5,790.1626","5,623.7529","6.56K","1.79%"
"31/12/2020","5,555.4063","5,571.7500","5,620.7813","5,543.5200","1.07K","-0.74%"
"30/12/2020","5,597.0088","5,616.3242","5,644.5542","5,595.5229","1.90K","-0.55%"
"29/12/2020","5,628.2104","5,614.8384","5,659.4121","5,595.5229","2.52K","0.61%"
"28/12/2020","5,594.0371","5,608.8950","5,638.6108","5,582.1504","2.54K","0.43%"
"24/12/2020","5,570.2642","5,605.9233","5,608.8950","5,547.9771","0.73K","-0.32%"
"23/12/2020","5,588.0938","5,608.8950","5,654.9546","5,571.7500","2.71K","0.16%"
"22/12/2020","5,579.1792","5,481.1162","5,598.4946","5,472.2012","3.07K","2.09%"
"21/12/2020","5,464.7725","5,478.1445","5,482.6021","5,342.9370","4.29K","-1.95%"
"18/12/2020","5,573.2358","5,623.7529","5,657.9263","5,527.1758","10.94K","-1.29%"
"17/12/2020","5,646.0400","5,646.0400","5,678.7275","5,608.8950","4.76K","0.61%"
"16/12/2020","5,611.8667","5,512.3179","5,617.8096","5,469.2300","5.30K","2.27%"
"15/12/2020","5,487.0596","5,429.1133","5,510.8320","5,405.3403","5.91K","0.93%"
"14/12/2020","5,436.5420","5,423.1699","5,493.0024","5,417.2266","5.29K","0.63%"
"11/12/2020","5,402.3687","5,482.6021","5,482.6021","5,375.6245","5.64K","-1.46%"
"10/12/2020","5,482.6021","5,564.3208","5,571.7500","5,440.9995","5.30K","-1.23%"
"09/12/2020","5,550.9487","5,564.3208","5,597.0088","5,509.3462","6.24K","0.92%"
"08/12/2020","5,500.4316","5,515.2896","5,524.2046","5,467.7441","4.42K","-0.30%"
"07/12/2020","5,516.7754","5,573.2358","5,573.2358","5,454.3716","6.62K","-1.01%"
"04/12/2020","5,573.2358","5,516.7754","5,580.6650","5,500.4316","4.29K","0.78%"
"03/12/2020","5,530.1475","5,518.2612","5,558.3779","5,473.6870","3.97K","0.22%"
"02/12/2020","5,518.2612","5,631.1821","5,643.0684","5,516.7754","7.03K","-1.90%"
"01/12/2020","5,625.2388","5,750.0459","5,750.0459","5,623.7529","7.75K","-1.51%"
"30/11/2020","5,711.4150","5,683.1851","5,775.3047","5,669.8130","11.72K","0.68%"
"27/11/2020","5,672.7842","5,571.7500","5,672.7842","5,543.5200","6.09K","2.09%"
"26/11/2020","5,556.8921","5,528.6616","5,657.9263","5,525.6904","6.79K","1.03%"
"25/11/2020","5,500.4316","5,495.9741","5,525.6904","5,454.3716","5.82K","0.38%"
"24/11/2020","5,479.6304","5,387.5107","5,501.9175","5,387.5107","8.05K","2.70%"
"23/11/2020","5,335.5078","5,354.8232","5,417.2266","5,335.5078","7.15K","-0.25%"
"20/11/2020","5,348.8799","5,189.8994","5,348.8799","5,173.5557","8.57K","3.15%"
"19/11/2020","5,185.4419","5,120.0669","5,203.2715","5,071.0352","6.48K","0.43%"
"18/11/2020","5,163.1548","5,056.1772","5,179.4990","5,051.7202","5.97K","2.21%"
"17/11/2020","5,051.7202","5,112.6377","5,164.6406","5,017.5464","8.25K","-1.36%"
"16/11/2020","5,121.5527","5,035.3760","5,170.5840","5,004.1743","9.31K","3.02%"
"13/11/2020","4,971.4868","4,828.8501","4,996.7456","4,825.8784","7.56K","2.80%"
"12/11/2020","4,836.2788","4,889.7676","4,931.3701","4,836.2788","6.36K","-1.45%"
"11/11/2020","4,907.5972","4,819.9351","4,937.3135","4,805.0771","5.70K","1.79%"
"10/11/2020","4,821.4209","4,873.4238","4,910.5688","4,772.3896","10.72K","-1.37%"
"09/11/2020","4,888.2822","4,791.7051","4,940.2852","4,733.7588","12.38K","3.92%"
"06/11/2020","4,704.0430","4,634.2100","4,735.2446","4,619.3521","6.54K","1.47%"
"05/11/2020","4,635.6958","4,655.0112","4,680.2700","4,589.6362","6.36K","1.00%"
"04/11/2020","4,589.6362","4,451.4570","4,604.4941","4,400.9395","7.50K","1.98%"
"03/11/2020","4,500.4883","4,396.4824","4,515.3462","4,384.5957","8.13K","3.03%"
"02/11/2020","4,368.2520","4,375.6812","4,399.4536","4,310.3057","9.07K","0.34%"
"30/10/2020","4,353.3940","4,234.5298","4,353.3940","4,185.4985","10.60K","1.77%"
"29/10/2020","4,277.6182","4,283.5615","4,345.9648","4,198.8706","8.90K","-0.52%"
"28/10/2020","4,299.9053","4,392.0249","4,429.1699","4,264.2461","16.03K","-7.57%"
"27/10/2020","4,652.0400","4,709.9858","4,764.9604","4,641.6392","9.57K","-0.76%"
"26/10/2020","4,687.6992","4,708.5000","4,797.6484","4,660.9546","6.83K","-3.22%"
"23/10/2020","4,843.7080","4,849.6514","4,906.1118","4,819.9351","6.88K","-0.85%"
"22/10/2020","4,885.3105","5,014.5752","5,024.9756","4,821.4209","9.37K","-3.12%"
"21/10/2020","5,042.8052","5,140.8682","5,172.0698","5,029.4331","5.27K","-1.39%"
"20/10/2020","5,114.1235","5,103.7231","5,167.6123","5,099.2656","5.22K","-0.72%"
"19/10/2020","5,151.2686","5,097.7798","5,182.4702","5,097.7798","3.46K","1.43%"
"16/10/2020","5,078.4644","5,056.1772","5,133.4390","5,054.6914","5.76K","1.42%"
"15/10/2020","5,007.1460","5,163.1548","5,179.4990","4,993.7739","8.36K","-4.42%"
"14/10/2020","5,238.9307","5,237.4448","5,258.2461","5,200.2998","4.64K","0.09%"
"13/10/2020","5,234.4736","5,299.8486","5,316.1924","5,228.5303","3.73K","-1.32%"
"12/10/2020","5,304.3062","5,274.5898","5,325.1074","5,246.3599","4.17K","1.16%"
"09/10/2020","5,243.3882","5,198.8140","5,284.9907","5,183.9561","5.38K","1.32%"
"08/10/2020","5,175.0415","5,079.9502","5,188.4136","5,076.9785","4.11K","2.59%"
"07/10/2020","5,044.2910","5,114.1235","5,126.0098","5,016.0610","5.55K","-1.31%"
"06/10/2020","5,111.1519","5,103.7231","5,152.7544","5,032.4048","5.13K","0.17%"
"05/10/2020","5,102.2373","5,054.6914","5,164.6406","5,054.6914","4.36K","1.33%"
"02/10/2020","5,035.3760","5,051.7202","5,088.8652","5,001.2026","4.46K","-1.20%"
"01/10/2020","5,096.2939","5,130.4673","5,172.0698","5,072.5210","4.58K","-0.29%"
"30/09/2020","5,111.1519","5,106.6948","5,157.2119","5,069.5498","4.37K","-0.29%"
"29/09/2020","5,126.0098","5,241.9023","5,250.8174","5,114.1235","4.28K","-2.29%"
"28/09/2020","5,246.3599","5,180.9844","5,280.5332","5,161.6694","5.80K","2.65%"
"25/09/2020","5,111.1519","5,051.7202","5,133.4390","5,019.0322","6.34K","1.18%"
"24/09/2020","5,051.7202","5,068.0640","5,079.9502","4,989.3164","5.92K","-1.53%"
"23/09/2020","5,130.4673","5,124.5244","5,241.9023","5,108.1802","5.11K","1.32%"
"22/09/2020","5,063.6064","5,195.8428","5,209.2148","5,039.8335","8.98K","-1.76%"
"21/09/2020","5,154.2402","5,237.4448","5,253.7886","5,035.3760","9.17K","-2.23%"
"18/09/2020","5,271.6182","5,295.3911","5,341.4512","5,246.3599","9.85K","-0.03%"
"17/09/2020","5,273.1040","5,290.9336","5,331.0503","5,258.2461","4.12K","-1.44%"
"16/09/2020","5,350.3657","5,322.1357","5,415.7412","5,314.7065","4.71K","0.76%"
"15/09/2020","5,310.2490","5,279.0474","5,325.1074","5,216.6440","3.93K","0.82%"
"14/09/2020","5,267.1611","5,308.7632","5,350.3657","5,247.8457","3.32K","-0.28%"
"11/09/2020","5,282.0190","5,313.2207","5,354.8232","5,252.3032","4.13K","-0.25%"
"10/09/2020","5,295.3911","5,290.9336","5,339.9653","5,243.3882","6.01K","0.51%"
"09/09/2020","5,268.6470","5,133.4390","5,270.1328","5,128.9814","5.31K","2.28%"
"08/09/2020","5,151.2686","5,310.2490","5,311.7349","5,066.5781","7.34K","-2.94%"
"07/09/2020","5,307.2778","5,298.3628","5,369.6812","5,280.5332","7.16K","0.51%"
"04/09/2020","5,280.5332","5,345.9082","5,429.1133","5,222.5869","5.46K","-1.74%"
"03/09/2020","5,374.1387","5,549.4629","5,598.4946","5,345.9082","4.47K","-2.72%"
"02/09/2020","5,524.2046","5,467.7441","5,592.5513","5,457.3433","5.02K","1.23%"
"01/09/2020","5,457.3433","5,430.5991","5,493.0024","5,394.9399","4.51K","1.32%"
"31/08/2020","5,386.0249","5,481.1162","5,527.1758","5,363.7378","5.40K","-1.28%"
"28/08/2020","5,455.8574","5,490.0308","5,521.2329","5,424.6558","4.31K","-0.49%"
"27/08/2020","5,482.6021","5,539.0625","5,555.4063","5,482.6021","5.86K","-1.07%"
"26/08/2020","5,542.0342","5,357.7949","5,553.9204","5,353.3374","6.43K","3.67%"
"25/08/2020","5,345.9082","5,293.9053","5,448.4287","5,277.5615","6.19K","1.50%"
"24/08/2020","5,267.1611","5,274.5898","5,329.5645","5,256.7603","3.87K","0.71%"
"21/08/2020","5,230.0161","5,235.9590","5,311.7349","5,194.3569","5.61K","0.46%"
"20/08/2020","5,206.2432","5,238.9307","5,244.8740","5,158.6978","4.63K","-1.30%"
"19/08/2020","5,274.5898","5,228.5303","5,311.7349","5,212.1865","6.61K","1.14%"
"18/08/2020","5,215.1582","5,249.3315","5,332.5361","5,215.1582","6.07K","-1.43%"
"17/08/2020","5,290.9336","5,316.1924","5,378.5962","5,283.5049","5.79K","-0.75%"
"14/08/2020","5,331.0503","5,415.7412","5,436.5420","5,283.5049","5.32K","-1.83%"
"13/08/2020","5,430.5991","5,513.8037","5,547.9771","5,421.6841","5.94K","-1.75%"
"12/08/2020","5,527.1758","5,498.9458","5,547.9771","5,488.5454","3.18K","0.49%"
"11/08/2020","5,500.4316","5,460.3149","5,591.0654","5,460.3149","5.48K","1.42%"
"10/08/2020","5,423.1699","5,484.0879","5,516.7754","5,414.2554","2.62K","-0.90%"
"07/08/2020","5,472.2012","5,512.3179","5,543.5200","5,432.0850","3.86K","-1.23%"
"06/08/2020","5,540.5483","5,501.9175","5,614.8384","5,494.4883","4.64K","0.35%"
"05/08/2020","5,521.2329","5,463.2866","5,549.4629","5,445.4570","5.08K","1.39%"
"04/08/2020","5,445.4570","5,478.1445","5,527.1758","5,417.2266","5.57K","0.05%"
"03/08/2020","5,442.4854","5,348.8799","5,479.6304","5,328.0786","5.34K","1.19%"
"31/07/2020","5,378.5962","5,487.0596","5,518.2612","5,368.1953","9.55K","-1.25%"
"30/07/2020","5,446.9429","5,665.3555","5,668.3271","5,403.8545","6.26K","-3.20%"
"29/07/2020","5,626.7246","5,555.4063","5,656.4404","5,546.4912","6.27K","1.18%"
"28/07/2020","5,561.3496","5,528.6616","5,598.4946","5,454.3716","5.94K","1.46%"
"27/07/2020","5,481.1162","5,601.4658","5,620.7813","5,432.0850","7.27K","-1.63%"
"24/07/2020","5,571.7500","5,610.3809","5,622.2671","5,507.8608","4.83K","-2.34%"
"23/07/2020","5,705.4722","5,718.8442","5,732.2163","5,643.0684","4.49K","0.58%"
"22/07/2020","5,672.7842","5,671.2988","5,745.5884","5,671.2988","3.71K","-0.26%"
"21/07/2020","5,687.6426","5,794.6201","5,874.8530","5,657.9263","6.06K","-1.82%"
"20/07/2020","5,793.1343","5,715.8726","5,793.1343","5,656.4404","3.44K","1.56%"
"17/07/2020","5,703.9863","5,591.0654","5,703.9863","5,573.2358","5.03K","2.10%"
"16/07/2020","5,586.6079","5,698.0430","5,708.4434","5,586.6079","4.27K","-2.31%"
"15/07/2020","5,718.8442","5,635.6392","5,739.6455","5,619.2954","6.22K","2.23%"
"14/07/2020","5,594.0371","5,637.1250","5,668.3271","5,542.0342","5.69K","-2.74%"
"13/07/2020","5,751.5317","5,793.1343","5,816.9072","5,732.2163","4.12K","0.44%"
"10/07/2020","5,726.2734","5,706.9580","5,757.4751","5,669.8130","4.44K","-0.03%"
"09/07/2020","5,727.7588","5,791.6484","5,825.8218","5,712.9009","5.88K","0.13%"
"08/07/2020","5,720.3301","5,812.4497","5,822.8501","5,702.5005","5.09K","-2.43%"
"07/07/2020","5,862.9668","5,831.7651","5,870.3960","5,772.3330","4.16K","-0.30%"
"06/07/2020","5,880.7964","5,849.5947","5,880.7964","5,772.3330","4.72K","2.35%"
"03/07/2020","5,745.5884","5,730.7305","5,803.5347","5,726.2734","3.36K","0.39%"
"02/07/2020","5,723.3018","5,738.1597","5,742.6172","5,660.8979","4.76K","0.81%"
"01/07/2020","5,677.2417","5,662.3838","5,732.2163","5,602.9517","5.53K","0.69%"
"30/06/2020","5,638.6108","5,585.1221","5,684.6709","5,585.1221","6.38K","1.36%"
"29/06/2020","5,562.8350","5,608.8950","5,684.6709","5,547.9771","9.12K","-0.93%"
"26/06/2020","5,614.8384","5,632.6680","5,745.5884","5,614.8384","8.12K","1.07%"
"25/06/2020","5,555.4063","5,423.1699","5,598.4946","5,301.3345","8.77K","1.85%"
"24/06/2020","5,454.3716","5,683.1851","5,720.3301","5,454.3716","7.18K","-2.50%"
"23/06/2020","5,594.0371","5,601.4658","5,674.2700","5,556.8921","6.67K","1.05%"
"22/06/2020","5,536.0908","5,504.8892","5,601.4658","5,458.8291","5.89K","-0.64%"
"19/06/2020","5,571.7500","5,527.1758","5,657.9263","5,451.4004","14.36K","0.97%"
"18/06/2020","5,518.2612","5,536.0908","5,605.9233","5,457.3433","5.30K","-0.24%"
"17/06/2020","5,531.6333","5,406.8262","5,595.5229","5,387.5107","6.50K","2.51%"
"16/06/2020","5,396.4258","5,470.7158","5,577.6934","5,317.6782","10.38K","0.11%"
"15/06/2020","5,390.4824","5,056.1772","5,406.8262","5,042.8052","9.29K","4.37%"
"12/06/2020","5,164.6406","5,087.3794","5,301.3345","5,017.5464","5.98K","0.75%"
"11/06/2020","5,126.0098","5,201.7856","5,210.7007","5,123.0386","6.90K","-3.60%"
"10/06/2020","5,317.6782","5,296.8770","5,377.1104","5,247.8457","5.25K","0.36%"
"09/06/2020","5,298.3628","5,440.9995","5,470.7158","5,232.9878","7.02K","-1.82%"
"08/06/2020","5,396.4258","5,235.9590","5,418.7124","5,201.7856","6.90K","2.51%"
"05/06/2020","5,264.1895","5,234.4736","5,326.5928","5,204.7573","7.15K","1.40%"
"04/06/2020","5,191.3853","5,100.7515","5,221.1011","5,026.4614","6.34K","1.39%"
"03/06/2020","5,120.0669","5,060.6348","5,120.0669","5,029.4331","4.75K","2.59%"
"02/06/2020","4,990.8022","5,069.5498","5,081.4360","4,974.4585","4.80K","0.24%"
"01/06/2020","4,978.9160","5,096.2939","5,143.8398","4,972.9727","4.26K","-1.18%"
"29/05/2020","5,038.3477","4,958.1147","5,090.3506","4,946.2280","8.02K","0.80%"
"28/05/2020","4,998.2310","4,952.1714","5,059.1489","4,920.9697","4.94K","1.66%"
"27/05/2020","4,916.5122","4,984.8589","5,069.5498","4,848.1655","5.85K","-1.22%"
"26/05/2020","4,977.4302","5,051.7202","5,111.1519","4,965.5435","7.18K","-0.56%"
"25/05/2020","5,005.6602","4,888.2822","5,005.6602","4,852.6226","3.93K","3.85%"
"22/05/2020","4,819.9351","4,646.0967","4,912.0547","4,629.7529","7.00K","2.46%"
"21/05/2020","4,704.0430","4,724.8442","4,825.8784","4,674.3267","4.05K","-1.19%"
"20/05/2020","4,760.5034","4,704.0430","4,766.4463","4,533.1758","6.69K","1.30%"
"19/05/2020","4,699.5854","4,885.3105","4,885.3105","4,662.4404","7.23K","-2.89%"
"18/05/2020","4,839.2505","4,770.9038","4,839.2505","4,708.5000","3.50K","3.66%"
"15/05/2020","4,668.3838","4,577.7500","4,797.6484","4,577.7500","3.25K","1.95%"
"14/05/2020","4,579.2358","4,589.6362","4,605.9800","4,503.4600","3.37K","-2.22%"
"13/05/2020","4,683.2417","4,791.7051","4,791.7051","4,617.8662","3.00K","-2.26%"
"12/05/2020","4,791.7051","4,680.2700","4,791.7051","4,646.0967","4.22K","2.35%"
"11/05/2020","4,681.7559","4,955.1431","4,993.7739","4,681.7559","3.69K","-4.72%"
"08/05/2020","4,913.5405","4,834.7930","4,958.1147","4,834.7930","2.06K","2.64%"
"07/05/2020","4,787.2476","4,754.5601","4,819.9351","4,702.5571","2.86K","0.81%"
"06/05/2020","4,748.6167","4,666.8979","4,756.0459","4,650.5542","3.76K","1.27%"
"05/05/2020","4,689.1846","4,714.4434","4,730.7871","4,646.0967","3.44K","1.71%"
"04/05/2020","4,610.4375","4,687.6992","4,714.4434","4,577.7500","4.78K","-4.61%"
"30/04/2020","4,833.3076","5,126.0098","5,163.1548","4,833.3076","5.56K","-4.27%"
"29/04/2020","5,048.7485","4,790.2192","5,133.4390","4,790.2192","7.91K","6.22%"
"28/04/2020","4,753.0742","4,769.4180","4,781.3042","4,669.8696","5.43K","0.82%"
"27/04/2020","4,714.4434","4,665.4121","4,714.4434","4,595.5796","3.23K","4.20%"
"24/04/2020","4,524.2612","4,506.4316","4,672.8408","4,446.9995","3.95K","-1.52%"
"23/04/2020","4,594.0938","4,607.4658","4,709.9858","4,493.0591","3.72K","0.00%"
"22/04/2020","4,594.0938","4,825.8784","4,836.2788","4,586.6646","5.66K","-2.09%"
"21/04/2020","4,692.1563","4,796.1626","4,882.3389","4,692.1563","5.47K","-3.34%"
"20/04/2020","4,854.1084","4,791.7051","4,854.1084","4,705.5288","3.05K","1.59%"
"17/04/2020","4,778.3330","4,598.5508","4,788.7334","4,598.5508","7.65K","6.60%"
"16/04/2020","4,482.6587","4,427.6841","4,500.4883","4,403.9111","5.84K","3.15%"
"15/04/2020","4,345.9648","4,576.2642","4,576.2642","4,331.1069","6.98K","-4.38%"
"14/04/2020","4,545.0620","4,704.0430","4,715.9292","4,545.0620","4.31K","-1.13%"
"09/04/2020","4,597.0654","4,580.7212","4,690.6704","4,506.4316","4.64K","2.38%"
"08/04/2020","4,490.0874","4,457.3999","4,548.0337","4,424.7124","5.03K","-1.24%"
"07/04/2020","4,546.5479","4,692.1563","4,744.1592","4,454.4282","5.07K","-0.55%"
"06/04/2020","4,571.8066","4,580.7212","4,604.4941","4,470.7720","5.89K","2.88%"
"03/04/2020","4,444.0278","4,466.3149","4,503.4600","4,415.7974","3.12K","0.34%"
"02/04/2020","4,429.1699","4,476.7153","4,536.1475","4,380.1382","4.62K","-1.26%"
"01/04/2020","4,485.6304","4,494.5449","4,614.8950","4,414.3120","5.14K","-2.20%"
"31/03/2020","4,586.6646","4,531.6899","4,665.4121","4,442.5420","7.08K","2.87%"
"30/03/2020","4,458.8857","4,643.1250","4,738.2163","4,455.9141","7.53K","-2.72%"
"27/03/2020","4,583.6929","4,638.6675","4,747.1309","4,470.7720","6.35K","-5.08%"
"26/03/2020","4,828.8501","4,553.9771","4,828.8501","4,442.5420","7.28K","3.73%"
"25/03/2020","4,655.0112","4,412.8262","4,721.8726","4,310.3057","11.69K","10.39%"
"24/03/2020","4,216.7002","3,935.8843","4,374.1953","3,802.1621","10.66K","14.18%"
"23/03/2020","3,692.9558","3,343.0500","3,912.1113","3,343.0500","9.15K","4.35%"
"20/03/2020","3,539.1755","3,803.6479","3,937.3701","3,454.4851","11.41K","5.51%"
"19/03/2020","3,354.1936","3,449.2847","3,591.9214","3,213.7854","10.18K","-2.29%"
"18/03/2020","3,432.9409","3,442.5986","3,714.5000","3,417.3401","7.49K","0.57%"
"17/03/2020","3,413.6255","3,678.0979","3,699.6421","3,358.6509","10.96K","-3.53%"
"16/03/2020","3,538.4326","3,528.7749","3,613.4656","3,239.0439","13.12K","-5.68%"
"13/03/2020","3,751.6450","3,903.1965","4,054.7483","3,692.9558","15.61K","-1.44%"
"12/03/2020","3,806.6196","4,085.9500","4,121.6094","3,770.9604","18.51K","-12.62%"
"11/03/2020","4,356.3657","4,448.4854","4,487.1162","4,332.5928","12.17K","-0.71%"
"10/03/2020","4,387.5674","4,387.5674","4,605.9800","4,348.9365","15.93K","0.89%"
"09/03/2020","4,348.9365","4,151.3252","4,613.4092","4,151.3252","16.68K","-7.43%"
"06/03/2020","4,698.0996","4,809.5347","4,827.3643","4,666.8979","9.71K","-3.95%"
"05/03/2020","4,891.2534","5,038.3477","5,074.0068","4,865.9951","6.10K","-1.94%"
"04/03/2020","4,987.8306","5,002.6885","5,076.9785","4,947.7139","6.71K","-0.15%"
"03/03/2020","4,995.2598","5,030.9189","5,128.9814","4,987.8306","15.99K","1.17%"
"02/03/2020","4,937.3135","5,108.1802","5,137.8965","4,843.7080","12.30K","-1.25%"
"28/02/2020","4,999.7168","4,857.0801","5,020.5181","4,828.8501","16.55K","-3.11%"
"27/02/2020","5,160.1836","5,200.2998","5,222.5869","5,078.4644","15.14K","-2.96%"
"26/02/2020","5,317.6782","5,238.9307","5,336.9937","5,140.8682","9.31K","0.48%"
"25/02/2020","5,292.4194","5,411.2837","5,433.5708","5,249.3315","10.22K","-1.82%"
"24/02/2020","5,390.4824","5,423.1699","5,423.1699","5,299.8486","14.60K","-3.46%"
"21/02/2020","5,583.6362","5,527.1758","5,692.0996","5,475.1729","8.42K","0.59%"
"20/02/2020","5,550.9487","5,796.1060","5,803.5347","5,550.9487","12.31K","-4.33%"
"19/02/2020","5,802.0488","5,995.2031","6,021.9473","5,742.6172","10.76K","-3.65%"
"18/02/2020","6,021.9473","5,949.1431","6,021.9473","5,940.2285","5.82K","0.17%"
"17/02/2020","6,011.5469","6,021.9473","6,041.2627","5,958.0581","3.18K","0.10%"
"14/02/2020","6,005.6035","6,002.6318","6,057.6064","5,986.2881","3.12K","-0.12%"
"13/02/2020","6,013.0327","5,928.3418","6,021.9473","5,907.5410","4.46K","0.70%"
"12/02/2020","5,971.4302","5,964.0010","6,016.0044","5,937.2568","4.65K","0.17%"
"11/02/2020","5,961.0298","6,038.2910","6,062.0640","5,961.0298","4.66K","-0.57%"
"10/02/2020","5,995.2031","6,016.0044","6,017.4902","5,950.6289","3.51K","-0.42%"
"07/02/2020","6,020.4614","6,029.3765","6,125.9536","6,002.6318","6.32K","0.02%"
"06/02/2020","6,018.9756","5,920.9131","6,051.6636","5,904.5693","7.63K","2.51%"
"05/02/2020","5,871.8818","5,840.6797","5,919.4272","5,775.3047","6.66K","0.15%"
"04/02/2020","5,862.9668","5,663.8696","5,882.2822","5,635.6392","9.41K","4.31%"
"03/02/2020","5,620.7813","5,586.6079","5,646.0400","5,531.6333","4.66K","0.69%"
"31/01/2020","5,582.1504","5,656.4404","5,692.0996","5,582.1504","5.16K","-1.03%"
"30/01/2020","5,640.0967","5,703.9863","5,720.3301","5,613.3525","4.60K","-2.37%"
"29/01/2020","5,776.7905","5,767.8755","5,819.8784","5,745.5884","5.16K","0.60%"
"28/01/2020","5,742.6172","5,767.8755","5,775.3047","5,674.2700","5.81K","0.16%"
"27/01/2020","5,733.7021","5,717.3584","5,745.5884","5,640.0967","5.45K","-1.28%"
"24/01/2020","5,807.9922","5,825.8218","5,873.3672","5,788.6768","5.04K","0.75%"
"23/01/2020","5,764.9038","5,757.4751","5,788.6768","5,692.0996","4.80K","-0.33%"
"22/01/2020","5,784.2192","5,794.6201","5,816.9072","5,757.4751","3.99K","-0.05%"
"21/01/2020","5,787.1909","5,790.1626","5,797.5918","5,717.3584","2.69K","-0.43%"
"20/01/2020","5,812.4497","5,815.4214","5,843.6514","5,778.2764","2.05K","0.10%"
"17/01/2020","5,806.5063","5,779.7622","5,828.7935","5,773.8188","4.82K","1.19%"
"16/01/2020","5,738.1597","5,791.6484","5,791.6484","5,714.3867","4.37K","-0.54%"
"15/01/2020","5,769.3613","5,764.9038","5,819.8784","5,738.1597","5.21K","-0.05%"
"14/01/2020","5,772.3330","5,815.4214","5,828.7935","5,696.5571","5.43K","-0.66%"
"13/01/2020","5,810.9639","5,868.9102","5,883.7681","5,785.7051","5.30K","-1.26%"
"10/01/2020","5,885.2539","5,802.0488","5,897.1401","5,796.1060","5.81K","2.22%"
"09/01/2020","5,757.4751","5,781.2476","5,818.3926","5,744.1030","5.05K","0.62%"
"08/01/2020","5,721.8159","5,671.2988","5,748.5601","5,637.1250","5.37K","0.03%"
"07/01/2020","5,720.3301","5,534.6050","5,758.9609","5,534.6050","8.95K","3.83%"
"06/01/2020","5,509.3462","5,534.6050","5,550.9487","5,393.4541","6.76K","-1.23%"
"03/01/2020","5,577.6934","5,549.4629","5,601.4658","5,454.3716","6.10K","-0.48%"
"02/01/2020","5,604.4375","5,378.5962","5,622.2671","5,344.4224","8.57K","1.51%"
"31/12/2019","5,521.2329","5,555.4063","5,571.7500","5,515.2896","1.30K","-0.62%"
"30/12/2019","5,555.4063","5,567.2925","5,589.5796","5,539.0625","3.10K","0.00%"
"27/12/2019","5,555.4063","5,654.9546","5,654.9546","5,543.5200","3.22K","-1.42%"
"24/12/2019","5,635.6392","5,573.2358","5,635.6392","5,568.7783","0.84K","1.01%"
"23/12/2019","5,579.1792","5,571.7500","5,653.4692","5,571.7500","3.25K","0.05%"
"20/12/2019","5,576.2075","5,641.5825","5,662.3838","5,576.2075","12.46K","-1.00%"
"19/12/2019","5,632.6680","5,637.1250","5,663.8696","5,599.9800","5.04K","0.00%"
"18/12/2019","5,632.6680","5,559.8638","5,675.7559","5,537.5767","6.37K","1.47%"
"17/12/2019","5,550.9487","5,592.5513","5,599.9800","5,498.9458","5.45K","-0.74%"
"16/12/2019","5,592.5513","5,592.5513","5,643.0684","5,570.2642","5.70K","0.37%"
"13/12/2019","5,571.7500","5,663.8696","5,699.5288","5,571.7500","7.43K","0.32%"
"12/12/2019","5,553.9204","5,605.9233","5,617.8096","5,488.5454","5.87K","-0.66%"
"11/12/2019","5,591.0654","5,650.4976","5,651.9834","5,588.0938","3.53K","-1.23%"
"10/12/2019","5,660.8979","5,634.1538","5,689.1284","5,528.6616","4.83K","-0.24%"
"09/12/2019","5,674.2700","5,628.2104","5,709.9292","5,611.8667","4.38K","1.01%"
"06/12/2019","5,617.8096","5,638.6108","5,669.8130","5,577.6934","7.33K","-0.26%"
"05/12/2019","5,632.6680","5,646.0400","5,686.1567","5,611.8667","5.55K","-0.16%"
"04/12/2019","5,641.5825","5,602.9517","5,663.8696","5,570.2642","4.88K","0.96%"
"03/12/2019","5,588.0938","5,638.6108","5,668.3271","5,533.1191","5.95K","-0.34%"
"02/12/2019","5,607.4092","5,727.7588","5,778.2764","5,586.6079","6.37K","-2.08%"
"29/11/2019","5,726.2734","5,720.3301","5,773.8188","5,712.9009","4.00K","-0.70%"
"28/11/2019","5,766.3896","5,717.3584","5,776.7905","5,703.9863","5.94K","0.41%"
"27/11/2019","5,742.6172","5,757.4751","5,757.4751","5,662.3838","8.04K","-0.26%"
"26/11/2019","5,757.4751","5,671.2988","5,757.4751","5,601.4658","12.01K","1.87%"
"25/11/2019","5,651.9834","5,543.5200","5,706.9580","5,539.0625","8.82K","2.40%"
"22/11/2019","5,519.7471","5,438.0278","5,552.4346","5,417.2266","7.26K","1.67%"
"21/11/2019","5,429.1133","5,341.4512","5,466.2583","5,286.4766","6.66K","0.94%"
"20/11/2019","5,378.5962","5,348.8799","5,403.8545","5,307.2778","5.97K","-0.14%"
"19/11/2019","5,386.0249","5,393.4541","5,451.4004","5,363.7378","4.89K","-0.17%"
"18/11/2019","5,394.9399","5,443.9712","5,460.3149","5,345.9082","5.04K","-0.52%"
"15/11/2019","5,423.1699","5,445.4570","5,479.6304","5,414.2554","4.87K","-0.08%"
"14/11/2019","5,427.6274","5,396.4258","5,427.6274","5,369.6812","4.19K","0.72%"
"13/11/2019","5,388.9966","5,435.0566","5,446.9429","5,366.7095","5.45K","-1.44%"
"12/11/2019","5,467.7441","5,417.2266","5,478.1445","5,390.4824","5.36K","1.10%"
"11/11/2019","5,408.3120","5,399.3970","5,458.8291","5,362.2524","5.81K","0.28%"
"08/11/2019","5,393.4541","5,255.2744","5,393.4541","5,247.8457","7.83K","2.22%"
"07/11/2019","5,276.0757","5,170.5840","5,289.4482","5,169.0981","10.60K","2.45%"
"06/11/2019","5,149.7827","5,111.1519","5,157.2119","5,065.0923","6.61K","0.93%"
"05/11/2019","5,102.2373","5,126.0098","5,163.1548","5,081.4360","5.93K","0.09%"
"04/11/2019","5,097.7798","5,136.4106","5,158.6978","5,068.0640","6.16K","0.23%"
"01/11/2019","5,085.8936","5,158.6978","5,163.1548","5,069.5498","4.53K","-1.38%"
"31/10/2019","5,157.2119","5,155.7261","5,185.4419","5,062.1206","7.61K","0.49%"
"30/10/2019","5,131.9531","5,111.1519","5,137.8965","5,016.0610","9.35K","-0.12%"
"29/10/2019","5,137.8965","5,005.6602","5,166.1265","4,981.8872","8.76K","2.61%"
"28/10/2019","5,007.1460","5,010.1177","5,066.5781","4,993.7739","8.20K","-0.21%"
"25/10/2019","5,017.5464","5,182.4702","5,206.2432","4,996.7456","10.48K","-3.35%"
"24/10/2019","5,191.3853","4,836.2788","5,210.7007","4,655.0112","19.14K","9.87%"
"23/10/2019","4,724.8442","4,799.1338","4,809.5347","4,717.4150","8.69K","-2.36%"
"22/10/2019","4,839.2505","5,007.1460","5,029.4331","4,825.8784","7.95K","-3.50%"
"21/10/2019","5,014.5752","4,867.4810","5,026.4614","4,860.0518","7.73K","3.24%"
"18/10/2019","4,857.0801","4,903.1401","4,965.5435","4,845.1938","6.92K","-0.97%"
"17/10/2019","4,904.6260","4,955.1431","4,986.3447","4,901.6543","5.86K","-1.23%"
"16/10/2019","4,965.5435","4,757.5317","4,984.8589","4,751.5884","7.94K","3.89%"
"15/10/2019","4,779.8184","4,873.4238","4,898.6826","4,748.6167","8.63K","-1.59%"
"14/10/2019","4,857.0801","4,919.4839","4,925.4268","4,791.7051","6.47K","-2.16%"
"11/10/2019","4,964.0576","4,931.3701","4,990.8022","4,888.2822","10.17K","2.08%"
"10/10/2019","4,863.0234","4,748.6167","4,891.2534","4,738.2163","7.26K","2.63%"
"09/10/2019","4,738.2163","4,677.2983","4,753.0742","4,650.5542","4.86K","1.21%"
"08/10/2019","4,681.7559","4,747.1309","4,778.3330","4,652.0400","6.87K","-1.38%"
"07/10/2019","4,747.1309","4,699.5854","4,754.5601","4,680.2700","4.11K","1.01%"
"04/10/2019","4,699.5854","4,675.8125","4,714.4434","4,631.2388","5.05K","1.05%"
"03/10/2019","4,650.5542","4,616.3804","4,692.1563","4,564.3774","5.47K","0.55%"
"02/10/2019","4,625.2954","4,799.1338","4,800.6196","4,607.4658","6.87K","-3.56%"
"01/10/2019","4,796.1626","4,839.2505","4,894.2251","4,776.8472","5.35K","-0.19%"
"30/09/2019","4,805.0771","4,843.7080","4,854.1084","4,797.6484","4.97K","-1.13%"
"27/09/2019","4,860.0518","4,816.9634","4,865.9951","4,813.9922","3.84K","1.24%"
"26/09/2019","4,800.6196","4,813.9922","4,867.4810","4,773.8755","5.05K","-0.43%"
"25/09/2019","4,821.4209","4,855.5942","4,873.4238","4,756.0459","5.91K","-1.22%"
"24/09/2019","4,880.8530","4,796.1626","4,891.2534","4,760.5034","5.54K","1.89%"
"23/09/2019","4,790.2192","4,910.5688","4,926.9126","4,757.5317","7.25K","-1.23%"
"20/09/2019","4,849.6514","4,836.2788","4,874.9097","4,781.3042","12.22K","-0.06%"
"19/09/2019","4,852.6226","4,727.8154","4,852.6226","4,709.9858","6.22K","3.00%"
"18/09/2019","4,711.4717","4,934.3418","4,958.1147","4,672.8408","13.58K","-4.83%"
"17/09/2019","4,950.6855","4,874.9097","4,971.4868","4,846.6797","5.71K","1.77%"
"16/09/2019","4,864.5093","4,925.4268","4,926.9126","4,863.0234","6.44K","-1.36%"
"13/09/2019","4,931.3701","4,986.3447","5,041.3193","4,906.1118","5.55K","-1.22%"
"12/09/2019","4,992.2881","5,020.5181","5,048.7485","4,916.5122","5.54K","0.06%"
"11/09/2019","4,989.3164","5,014.5752","5,074.0068","4,977.4302","4.52K","-0.27%"
"10/09/2019","5,002.6885","5,097.7798","5,105.2090","4,972.9727","5.32K","-1.81%"
"09/09/2019","5,094.8081","5,191.3853","5,209.2148","5,090.3506","3.94K","-1.66%"
"06/09/2019","5,180.9844","5,201.7856","5,234.4736","5,157.2119","2.91K","-0.49%"
"05/09/2019","5,206.2432","5,128.9814","5,224.0728","5,124.5244","4.77K","1.92%"
"04/09/2019","5,108.1802","5,053.2056","5,121.5527","5,036.8618","3.77K","1.60%"
"03/09/2019","5,027.9473","5,057.6631","5,057.6631","4,987.8306","3.66K","-0.73%"
"02/09/2019","5,065.0923","5,105.2090","5,123.0386","5,048.7485","2.90K","-1.02%"
"30/08/2019","5,117.0952","5,036.8618","5,134.9248","5,036.8618","4.84K","1.56%"
"29/08/2019","5,038.3477","4,956.6289","5,045.7769","4,932.8560","4.07K","1.62%"
"28/08/2019","4,958.1147","5,010.1177","5,010.1177","4,906.1118","4.03K","-0.95%"
"27/08/2019","5,005.6602","5,013.0894","5,045.7769","4,959.6006","5.74K","0.09%"
"26/08/2019","5,001.2026","4,970.0010","5,026.4614","4,928.3984","2.98K","0.39%"
"23/08/2019","4,981.8872","5,090.3506","5,134.9248","4,981.8872","4.43K","-1.58%"
"22/08/2019","5,062.1206","5,149.7827","5,149.7827","5,059.1489","3.99K","-1.96%"
"21/08/2019","5,163.1548","4,998.2310","5,163.1548","4,992.2881","4.20K","3.33%"
"20/08/2019","4,996.7456","4,998.2310","5,075.4927","4,978.9160","5.39K","-0.12%"
"19/08/2019","5,002.6885","4,955.1431","5,002.6885","4,941.7710","5.05K","2.06%"
"16/08/2019","4,901.6543","4,885.3105","4,910.5688","4,834.7930","7.55K","1.04%"
"15/08/2019","4,851.1372","4,931.3701","4,955.1431","4,790.2192","6.80K","-1.27%"
"14/08/2019","4,913.5405","5,100.7515","5,100.7515","4,900.1685","5.84K","-3.28%"
"13/08/2019","5,079.9502","5,051.7202","5,148.2969","4,996.7456","5.40K","0.26%"
"12/08/2019","5,066.5781","5,136.4106","5,203.2715","5,066.5781","3.26K","-0.76%"
"09/08/2019","5,105.2090","5,167.6123","5,194.3569","5,105.2090","3.91K","-1.60%"
"08/08/2019","5,188.4136","5,221.1011","5,222.5869","5,105.2090","5.01K","1.72%"
"07/08/2019","5,100.7515","5,087.3794","5,203.2715","5,060.6348","6.36K","1.00%"
"06/08/2019","5,050.2344","5,074.0068","5,124.5244","5,047.2627","7.83K","-0.85%"
"05/08/2019","5,093.3223","5,200.2998","5,200.2998","5,062.1206","7.83K","-2.39%"
"02/08/2019","5,218.1294","5,348.8799","5,348.8799","5,218.1294","7.37K","-5.08%"
"01/08/2019","5,497.4600","5,374.1387","5,497.4600","5,371.1670","4.01K","1.29%"
"31/07/2019","5,427.6274","5,438.0278","5,504.8892","5,383.0532","9.73K","-0.60%"
"30/07/2019","5,460.3149","5,567.2925","5,570.2642","5,399.3970","8.00K","-1.97%"
"29/07/2019","5,570.2642","5,487.0596","5,629.6963","5,435.0566","5.39K","1.63%"
"26/07/2019","5,481.1162","5,497.4600","5,556.8921","5,396.4258","11.78K","0.05%"
"25/07/2019","5,478.1445","5,698.0430","5,807.9922","5,445.4570","12.16K","-5.39%"
"24/07/2019","5,790.1626","5,831.7651","5,876.3389","5,770.8472","5.12K","-0.54%"
"23/07/2019","5,821.3643","5,757.4751","5,852.5664","5,757.4751","4.62K","1.42%"
"22/07/2019","5,739.6455","5,718.8442","5,739.6455","5,693.5854","3.11K","0.34%"
"19/07/2019","5,720.3301","5,684.6709","5,767.8755","5,654.9546","4.69K","0.86%"
"18/07/2019","5,671.2988","5,698.0430","5,706.9580","5,644.5542","4.04K","-1.29%"
"17/07/2019","5,745.5884","5,889.7114","5,931.3135","5,745.5884","5.16K","-2.40%"
"16/07/2019","5,886.7397","5,816.9072","5,900.1118","5,790.1626","3.74K","1.56%"
"15/07/2019","5,796.1060","5,779.7622","5,830.2793","5,761.9326","3.90K","0.31%"
"12/07/2019","5,778.2764","5,699.5288","5,819.8784","5,699.5288","4.67K","1.04%"
"11/07/2019","5,718.8442","5,760.4468","5,775.3047","5,696.5571","4.65K","-0.80%"
"10/07/2019","5,764.9038","5,702.5005","5,766.3896","5,669.8130","4.37K","0.88%"
"09/07/2019","5,714.3867","5,709.9292","5,735.1880","5,640.0967","5.17K","-0.10%"
"08/07/2019","5,720.3301","5,674.2700","5,739.6455","5,660.8979","5.01K","0.63%"
"05/07/2019","5,684.6709","5,715.8726","5,720.3301","5,654.9546","3.98K","-0.62%"
"04/07/2019","5,720.3301","5,705.4722","5,736.6738","5,650.4976","3.01K","0.68%"
"03/07/2019","5,681.6992","5,579.1792","5,701.0146","5,579.1792","6.15K","2.11%"
"02/07/2019","5,564.3208","5,601.4658","5,601.4658","5,534.6050","4.33K","-0.21%"
"01/07/2019","5,576.2075","5,573.2358","5,631.1821","5,539.0625","4.67K","2.09%"
"28/06/2019","5,461.8008","5,311.7349","5,461.8008","5,293.9053","7.03K","2.91%"
"27/06/2019","5,307.2778","5,305.7920","5,341.4512","5,264.1895","4.87K","0.76%"
"26/06/2019","5,267.1611","5,317.6782","5,341.4512","5,264.1895","5.79K","-1.25%"
"25/06/2019","5,334.0220","5,311.7349","5,383.0532","5,311.7349","7.53K","-0.06%"
"24/06/2019","5,336.9937","5,348.8799","5,415.7412","5,310.2490","5.44K","-0.14%"
"21/06/2019","5,344.4224","5,341.4512","5,397.9116","5,308.7632","13.22K","0.11%"
"20/06/2019","5,338.4795","5,423.1699","5,470.7158","5,329.5645","8.02K","-0.88%"
"19/06/2019","5,386.0249","5,412.7695","5,509.3462","5,386.0249","7.62K","-0.47%"
"18/06/2019","5,411.2837","5,280.5332","5,455.8574","5,249.3315","9.25K","1.93%"
"17/06/2019","5,308.7632","5,311.7349","5,348.8799","5,241.9023","4.55K","-0.03%"
"14/06/2019","5,310.2490","5,372.6528","5,399.3970","5,310.2490","7.92K","-1.43%"
"13/06/2019","5,387.5107","5,304.3062","5,400.8828","5,296.8770","5.94K","1.03%"
"12/06/2019","5,332.5361","5,299.8486","5,336.9937","5,268.6470","4.87K","-0.28%"
"11/06/2019","5,347.3940","5,215.1582","5,375.6245","5,209.2148","6.29K","2.54%"
"10/06/2019","5,215.1582","5,234.4736","5,247.8457","5,182.4702","4.27K","0.11%"
"07/06/2019","5,209.2148","5,128.9814","5,267.1611","5,109.6660","6.30K","1.92%"
"06/06/2019","5,111.1519","5,164.6406","5,258.2461","5,111.1519","6.31K","-0.86%"
"05/06/2019","5,155.7261","5,108.1802","5,212.1865","5,068.0640","6.16K","1.46%"
"04/06/2019","5,081.4360","4,998.2310","5,134.9248","4,962.5718","7.14K","0.50%"
"03/06/2019","5,056.1772","5,022.0039","5,087.3794","4,964.0576","5.61K","-0.23%"
"31/05/2019","5,068.0640","5,066.5781","5,081.4360","4,990.8022","7.25K","-1.13%"
"30/05/2019","5,126.0098","5,157.2119","5,172.0698","5,091.8364","4.08K","-0.29%"
"29/05/2019","5,140.8682","5,213.6724","5,218.1294","5,096.2939","7.70K","-2.45%"
"28/05/2019","5,270.1328","5,299.8486","5,380.0820","5,270.1328","12.20K","-0.76%"
"27/05/2019","5,310.2490","5,310.2490","5,359.2808","5,261.2178","4.43K","0.68%"
"24/05/2019","5,274.5898","5,290.9336","5,406.8262","5,265.6753","8.48K","0.60%"
"23/05/2019","5,243.3882","5,348.8799","5,356.3091","5,219.6152","9.43K","-3.08%"
"22/05/2019","5,409.7979","5,287.9624","5,409.7979","5,287.9624","8.43K","2.68%"
"21/05/2019","5,268.6470","5,192.8711","5,304.3062","5,172.0698","6.69K","2.66%"
"20/05/2019","5,131.9531","5,308.7632","5,323.6216","5,109.6660","7.45K","-3.55%"
"17/05/2019","5,320.6499","5,274.5898","5,362.2524","5,261.2178","8.87K","0.73%"
"16/05/2019","5,282.0190","5,265.6753","5,356.3091","5,194.3569","6.46K","0.74%"
"15/05/2019","5,243.3882","5,241.9023","5,326.5928","5,160.1836","10.32K","0.46%"
"14/05/2019","5,219.6152","5,065.0923","5,249.3315","5,048.7485","9.86K","3.66%"
"13/05/2019","5,035.3760","5,106.6948","5,157.2119","5,024.9756","8.43K","-0.88%"
"10/05/2019","5,079.9502","5,036.8618","5,195.8428","5,036.8618","8.69K","1.70%"
"09/05/2019","4,995.2598","5,050.2344","5,050.2344","4,928.3984","12.34K","-1.47%"
"08/05/2019","5,069.5498","4,956.6289","5,088.8652","4,925.4268","6.75K","2.93%"
"07/05/2019","4,925.4268","5,097.7798","5,164.6406","4,917.9980","8.58K","-3.75%"
"06/05/2019","5,117.0952","4,992.2881","5,117.0952","4,944.7422","7.44K","1.35%"
"03/05/2019","5,048.7485","5,126.0098","5,186.9277","5,023.4897","14.44K","-1.74%"
"02/05/2019","5,137.8984","5,150.0317","5,150.0317","4,966.9292","20.39K","1.50%"
"30/04/2019","5,061.7896","5,156.6499","5,186.4316","4,996.7109","9.11K","-1.31%"
"29/04/2019","5,129.0742","5,155.5469","5,180.9165","5,098.1895","6.49K","-0.41%"
"26/04/2019","5,150.0317","5,244.8921","5,247.0981","5,110.3228","6.68K","-1.39%"
"25/04/2019","5,222.8315","5,195.2559","5,359.6069","5,188.6377","8.17K","1.22%"
"24/04/2019","5,159.9590","5,184.2256","5,228.3467","5,089.3652","8.08K","-0.72%"
"23/04/2019","5,197.4619","5,236.0679","5,263.6436","5,168.7832","4.88K","-0.19%"
"18/04/2019","5,207.3892","5,156.6499","5,217.3164","5,127.9712","6.63K","1.31%"
"17/04/2019","5,140.1045","5,057.3774","5,140.1045","5,028.6987","5.38K","1.59%"
"16/04/2019","5,059.5835","5,147.8257","5,147.8257","4,997.8140","7.93K","-1.31%"
"15/04/2019","5,126.8682","4,986.7837","5,126.8682","4,930.5293","7.33K","2.99%"
"12/04/2019","4,977.9595","4,929.4263","4,991.1958","4,819.1235","9.77K","0.74%"
"11/04/2019","4,941.5596","4,663.5972","4,941.5596","4,648.1548","10.32K","6.51%"
"10/04/2019","4,639.3306","4,580.8701","4,654.7729","4,555.5005","4.39K","1.28%"
"09/04/2019","4,580.8701","4,691.1724","4,716.5420","4,575.3550","7.37K","-3.13%"
"08/04/2019","4,728.6753","4,769.4873","4,776.1055","4,695.5845","5.66K","-0.90%"
"05/04/2019","4,771.6934","4,787.1362","4,809.1963","4,767.2817","6.23K","-0.37%"
"04/04/2019","4,789.3418","4,778.3115","4,833.4629","4,769.4873","4.05K","-0.14%"
"03/04/2019","4,795.9600","4,794.8569","4,812.5054","4,738.6030","5.53K","0.76%"
"02/04/2019","4,759.5601","4,715.4390","4,818.0205","4,630.5063","12.42K","-1.95%"
"01/04/2019","4,854.4204","4,755.1484","4,864.3477","4,755.1484","4.63K","2.35%"
"29/03/2019","4,743.0151","4,642.6396","4,771.6934","4,642.6396","5.61K","2.23%"
"28/03/2019","4,639.3306","4,632.7124","4,736.3965","4,632.7124","6.96K","-0.21%"
"27/03/2019","4,649.2578","4,771.6934","4,800.3721","4,628.3003","5.46K","-2.14%"
"26/03/2019","4,750.7363","4,636.0215","4,777.2085","4,636.0215","4.02K","2.35%"
"25/03/2019","4,641.5366","4,673.5244","4,708.8213","4,596.3125","4.81K","-1.54%"
"22/03/2019","4,714.3364","4,831.2568","4,866.5537","4,690.0698","4.82K","-2.06%"
"21/03/2019","4,813.6084","4,833.4629","4,846.6992","4,759.5601","5.46K","0.09%"
"20/03/2019","4,809.1963","4,797.0630","4,851.1113","4,777.2085","4.68K","0.30%"
"19/03/2019","4,794.8569","4,788.2388","4,827.9478","4,719.8511","3.66K","0.23%"
"18/03/2019","4,783.8267","4,776.1055","4,899.6445","4,771.6934","5.88K","0.39%"
"15/03/2019","4,765.0752","4,632.7124","4,771.6934","4,628.3003","9.22K","3.25%"
"14/03/2019","4,615.0640","4,612.8579","4,632.7124","4,597.4155","6.05K","-0.26%"
"13/03/2019","4,627.1973","4,610.6519","4,643.7427","4,599.6216","5.20K","0.12%"
"12/03/2019","4,621.6821","4,656.9790","4,703.3057","4,605.1367","6.55K","-0.64%"
"11/03/2019","4,651.4639","4,557.7065","4,651.4639","4,530.1309","4.77K","2.48%"
"08/03/2019","4,538.9551","4,561.0156","4,588.5913","4,510.2764","4.54K","-1.67%"
"07/03/2019","4,616.1670","4,627.1973","4,687.8638","4,596.3125","5.12K","0.24%"
"06/03/2019","4,605.1367","4,593.0034","4,640.4336","4,572.0459","4.70K","-0.36%"
"05/03/2019","4,621.6821","4,714.3364","4,714.3364","4,616.1670","6.29K","-2.06%"
"04/03/2019","4,718.7485","4,769.4873","4,799.2695","4,712.1299","4.01K","0.38%"
"01/03/2019","4,701.1001","4,668.0093","4,723.1602","4,649.2578","5.49K","0.97%"
"28/02/2019","4,655.8760","4,650.3608","4,672.4214","4,619.4761","7.42K","-0.71%"
"27/02/2019","4,688.9668","4,688.9668","4,703.3057","4,658.0820","5.17K","-0.68%"
"26/02/2019","4,720.9546","4,743.0151","4,779.4150","4,704.4092","5.90K","-0.93%"
"25/02/2019","4,765.0752","4,762.8696","4,815.8149","4,755.1484","5.57K","0.70%"
"22/02/2019","4,731.9844","4,616.1670","4,754.0454","4,616.1670","5.77K","3.32%"
"21/02/2019","4,579.7671","4,413.2100","4,651.4639","4,413.2100","7.32K","0.22%"
"20/02/2019","4,569.8398","4,597.4155","4,639.3306","4,538.9551","6.32K","-0.26%"
"19/02/2019","4,581.9731","4,577.5610","4,616.1670","4,549.9854","6.90K","0.36%"
"18/02/2019","4,565.4277","4,570.9429","4,594.1064","4,530.1309","2.99K","-0.05%"
"15/02/2019","4,567.6338","4,503.6582","4,606.2397","4,459.5371","7.34K","0.75%"
"14/02/2019","4,533.4399","4,527.9248","4,604.0337","4,492.6279","5.62K","1.28%"
"13/02/2019","4,476.0825","4,411.0039","4,497.0400","4,397.7676","4.72K","2.19%"
"12/02/2019","4,380.1191","4,487.1128","4,501.4521","4,375.7070","5.57K","-1.10%"
"11/02/2019","4,428.6523","4,340.4102","4,461.7432","4,306.2163","5.33K","2.95%"
"08/02/2019","4,301.8042","4,278.6406","4,395.5615","4,256.5801","7.18K","0.00%"
"07/02/2019","4,301.8042","4,490.4219","4,511.3794","4,301.8042","8.79K","-4.76%"
"06/02/2019","4,516.8945","4,470.5674","4,545.5732","4,437.4766","6.38K","0.96%"
"05/02/2019","4,473.8765","4,447.4038","4,580.8701","4,414.3130","7.68K","0.90%"
"04/02/2019","4,434.1675","4,417.6221","4,446.3008","4,365.7798","4.42K","0.83%"
"01/02/2019","4,397.7676","4,385.6343","4,437.4766","4,366.8828","5.64K","0.03%"
"31/01/2019","4,396.6646","4,513.5854","4,514.6885","4,340.4102","11.28K","-1.12%"
"30/01/2019","4,446.3008","4,412.1069","4,594.1064","4,386.7373","18.90K","6.64%"
"29/01/2019","4,169.4409","4,108.7744","4,243.3438","4,103.2593","5.99K","1.59%"
"28/01/2019","4,104.3623","4,238.9316","4,246.6528","4,102.1563","4.88K","-3.60%"
"25/01/2019","4,257.6831","4,274.2285","4,275.3315","4,198.1196","4.83K","1.23%"
"24/01/2019","4,205.8408","4,040.3870","4,288.5679","4,040.3870","8.09K","4.70%"
"23/01/2019","4,017.2234","3,988.5447","4,125.3198","3,962.0720","4.37K","0.08%"
"22/01/2019","4,013.9143","4,010.6050","4,056.9324","3,981.9265","2.81K","0.25%"
"21/01/2019","4,003.9871","4,061.3445","4,069.0657","3,999.5750","3.54K","-1.44%"
"18/01/2019","4,062.4475","3,905.8176","4,067.9624","3,900.3025","9.20K","4.87%"
"17/01/2019","3,873.8298","3,888.1692","3,894.7874","3,848.4602","5.82K","-0.48%"
"16/01/2019","3,892.5813","3,859.4905","3,915.7449","3,812.0603","8.68K","1.44%"
"15/01/2019","3,837.4299","3,860.5935","3,914.6418","3,803.2361","6.36K","0.38%"
"14/01/2019","3,823.0906","3,966.4841","3,967.5872","3,794.4119","5.82K","-5.64%"
"11/01/2019","4,051.4170","4,136.3501","4,144.0713","3,996.2659","5.42K","-1.50%"
"10/01/2019","4,113.1865","4,024.9446","4,142.9683","3,987.4417","6.37K","1.50%"
"09/01/2019","4,052.5203","3,997.3689","4,075.6836","3,974.2053","4.85K","2.31%"
"08/01/2019","3,960.9690","3,871.6238","4,042.5930","3,836.3269","6.43K","2.98%"
"07/01/2019","3,846.2542","3,874.9329","3,880.4480","3,783.3816","4.93K","-1.05%"
"04/01/2019","3,887.0662","3,769.0422","3,887.0662","3,722.7151","4.46K","3.68%"
"03/01/2019","3,749.1877","3,896.9934","3,899.1995","3,738.1575","5.41K","-5.29%"
"02/01/2019","3,958.7629","3,905.8176","3,979.7205","3,851.7693","3.82K","0.42%"
"31/12/2018","3,942.2175","3,921.2600","3,954.3508","3,855.0784","1.53K","1.19%"
"28/12/2018","3,895.8904","3,833.0178","3,921.2600","3,773.4543","4.63K","3.12%"
"27/12/2018","3,777.8665","3,860.5935","3,948.8357","3,718.3030","7.42K","-0.12%"
"24/12/2018","3,782.2786","3,799.9270","3,835.2239","3,750.2908","1.71K","-2.03%"
"21/12/2018","3,860.5935","3,882.6541","3,943.3206","3,796.6179","13.96K","-0.91%"
"20/12/2018","3,895.8904","3,871.6238","3,964.2781","3,851.7693","6.75K","-1.37%"
"19/12/2018","3,949.9387","3,847.3572","3,984.1326","3,834.1208","6.97K","2.78%"
"18/12/2018","3,842.9451","3,748.0847","3,942.2175","3,714.9939","7.72K","2.50%"
"17/12/2018","3,749.1877","3,793.3088","3,837.4299","3,670.8728","5.65K","-1.76%"
"14/12/2018","3,816.4724","3,860.5935","3,860.5935","3,746.9817","6.10K","-2.12%"
"13/12/2018","3,899.1995","4,023.8416","4,064.6536","3,894.7874","6.24K","-2.29%"
"12/12/2018","3,990.7507","3,797.7209","4,016.1204","3,735.9514","7.73K","6.41%"
"11/12/2018","3,750.2908","3,714.9939","3,787.7937","3,670.8728","6.40K","2.26%"
"10/12/2018","3,667.5637","3,717.2000","3,729.3333","3,628.9580","5.93K","-2.03%"
"07/12/2018","3,743.6726","3,793.3088","3,871.6238","3,743.6726","5.19K","0.33%"
"06/12/2018","3,731.5393","3,933.3933","3,933.3933","3,722.7151","8.44K","-6.50%"
"05/12/2018","3,990.7507","3,973.1023","4,082.3020","3,926.7751","4.35K","-1.58%"
"04/12/2018","4,054.7263","4,118.7017","4,157.3076","4,037.0779","4.64K","-2.42%"
"03/12/2018","4,155.1016","4,223.4893","4,273.1255","4,115.3926","4.10K","0.45%"
"30/11/2018","4,136.3501","4,165.0288","4,165.0288","4,102.1563","7.44K","-0.16%"
"29/11/2018","4,142.9683","4,125.3198","4,179.3682","4,122.0107","5.60K","1.95%"
"28/11/2018","4,063.5503","4,099.9502","4,127.5259","4,048.1082","4.16K","-0.91%"
"27/11/2018","4,101.0532","4,088.9199","4,150.6895","4,028.2537","6.30K","0.11%"
"26/11/2018","4,096.6411","3,994.0598","4,099.9502","3,981.9265","5.85K","3.86%"
"23/11/2018","3,944.4236","3,891.4783","3,963.1750","3,876.0359","3.89K","1.48%"
"22/11/2018","3,887.0662","3,861.6965","3,920.1570","3,820.8845","4.27K","0.46%"
"21/11/2018","3,869.4177","3,847.3572","3,925.6721","3,828.6057","5.65K","1.10%"
"20/11/2018","3,827.5027","3,877.1389","3,889.2722","3,739.2605","7.81K","-2.12%"
"19/11/2018","3,910.2297","3,971.9993","4,076.7869","3,901.4055","4.05K","-1.72%"
"16/11/2018","3,978.6174","4,007.2961","4,082.3020","3,936.7024","5.03K","-0.72%"
"15/11/2018","4,007.2961","4,114.2896","4,161.7197","3,960.9690","4.97K","-1.92%"
"14/11/2018","4,085.6111","4,063.5503","4,185.9863","3,948.8357","6.50K","-0.72%"
"13/11/2018","4,115.3926","4,108.7744","4,182.6772","4,053.6233","5.66K","1.17%"
"12/11/2018","4,067.9624","4,286.3618","4,299.5981","4,067.9624","6.26K","-4.65%"
"09/11/2018","4,266.5073","4,260.9922","4,345.9253","4,227.9014","5.23K","-0.26%"
"08/11/2018","4,277.5376","4,284.1558","4,353.6465","4,229.0044","6.73K","0.28%"
"07/11/2018","4,265.4043","4,199.2227","4,298.4951","4,174.9561","6.36K","1.50%"
"06/11/2018","4,202.5317","4,301.8042","4,315.0405","4,129.7319","5.83K","-1.52%"
"05/11/2018","4,267.6104","4,373.5010","4,390.0464","4,258.7861","5.69K","-1.93%"
"02/11/2018","4,351.4404","4,286.3618","4,450.7129","4,286.3618","8.42K","2.98%"
"01/11/2018","4,225.6953","4,157.3076","4,267.6104","4,103.2593","4.85K","1.11%"
"31/10/2018","4,179.3682","4,096.6411","4,230.1074","4,075.6836","9.77K","2.85%"
"30/10/2018","4,063.5503","4,123.1138","4,131.9380","3,984.1326","10.16K","-1.18%"
"29/10/2018","4,112.0835","4,034.8716","4,167.2349","3,992.9568","10.84K","4.72%"
"26/10/2018","3,926.7751","3,701.7578","3,927.8782","3,622.3396","18.53K","4.46%"
"25/10/2018","3,759.1150","3,630.0608","3,836.3269","3,590.3521","15.77K","3.05%"
"24/10/2018","3,647.7095","3,937.8054","4,019.4294","3,642.1941","26.84K","-5.51%"
"23/10/2018","3,860.5935","4,136.3501","4,246.6528","3,780.0725","34.12K","-22.22%"
"22/10/2018","4,963.6201","5,131.2803","5,197.4619","4,909.5718","10.13K","-2.79%"
"19/10/2018","5,105.9106","5,380.5645","5,388.2856","5,018.7715","9.12K","-5.01%"
"18/10/2018","5,375.0493","5,336.4434","5,463.2915","5,326.5161","5.81K","0.60%"
"17/10/2018","5,343.0615","5,523.4063","5,586.8301","5,308.8677","6.78K","-2.32%"
"16/10/2018","5,469.9097","5,338.6494","5,504.1035","5,325.4131","4.83K","2.59%"
"15/10/2018","5,332.0313","5,361.8130","5,383.8735","5,301.1465","4.14K","-0.56%"
"12/10/2018","5,361.8130","5,355.1948","5,451.1582","5,319.8979","4.92K","1.63%"
"11/10/2018","5,275.7769","5,239.3770","5,304.4556","5,123.5591","8.53K","-0.91%"
"10/10/2018","5,324.3101","5,489.7642","5,526.1641","5,324.3101","5.22K","-2.54%"
"09/10/2018","5,463.2915","5,515.1338","5,517.8911","5,423.5825","3.54K","-0.90%"
"08/10/2018","5,512.9277","5,523.4063","5,575.8003","5,499.6914","4.09K","-0.54%"
"05/10/2018","5,542.7095","5,666.7998","5,669.5571","5,512.9277","4.18K","-2.33%"
"04/10/2018","5,675.0723","5,672.3149","5,713.6782","5,606.1333","4.89K","-0.29%"
"03/10/2018","5,691.6177","5,779.8599","5,826.7388","5,691.6177","4.27K","-1.48%"
"02/10/2018","5,777.1025","5,724.7085","5,785.3750","5,702.6479","3.70K","0.24%"
"01/10/2018","5,763.3145","5,641.9819","5,766.0723","5,619.9209","3.62K","1.95%"
"28/09/2018","5,653.0117","5,790.8901","5,807.4355","5,600.6182","6.92K","-2.61%"
"27/09/2018","5,804.6782","5,909.4658","5,928.7686","5,801.9204","4.69K","-2.23%"
"26/09/2018","5,937.0415","5,912.2231","5,953.5869","5,859.8296","3.45K","0.37%"
"25/09/2018","5,914.9810","5,914.9810","5,997.7080","5,901.1929","3.70K","-0.37%"
"24/09/2018","5,937.0415","5,956.3442","5,956.3442","5,862.5869","3.31K","-0.55%"
"21/09/2018","5,970.1323","5,859.8296","5,992.1924","5,854.3145","8.96K","1.98%"
"20/09/2018","5,854.3145","5,843.2842","5,942.5566","5,826.7388","6.14K","0.24%"
"19/09/2018","5,840.5264","5,708.1631","5,895.6777","5,688.8604","7.64K","2.47%"
"18/09/2018","5,699.8906","5,570.2847","5,713.6782","5,539.9517","4.87K","2.33%"
"17/09/2018","5,570.2847","5,459.9824","5,595.1030","5,420.2734","5.22K","2.12%"
"14/09/2018","5,454.4673","5,508.5156","5,528.9214","5,419.1704","4.92K","-0.18%"
"13/09/2018","5,464.3945","5,570.2847","5,581.3154","5,464.3945","4.26K","-1.76%"
"12/09/2018","5,562.0122","5,564.7700","5,606.1333","5,539.9517","2.65K","-0.15%"
"11/09/2018","5,570.2847","5,515.1338","5,584.0728","5,488.6611","3.13K","1.57%"
"10/09/2018","5,484.2490","5,439.0249","5,507.4126","5,432.4067","3.27K","0.40%"
"07/09/2018","5,462.1885","5,489.7642","5,567.5273","5,442.3340","3.00K","-0.18%"
"06/09/2018","5,472.1157","5,515.1338","5,526.1641","5,427.9946","3.72K","-0.83%"
"05/09/2018","5,517.8911","5,611.6484","5,633.7090","5,490.8672","5.84K","-2.10%"
"04/09/2018","5,636.4663","5,625.4365","5,661.2847","5,550.9819","4.50K","0.34%"
"03/09/2018","5,617.1636","5,691.6177","5,694.3755","5,559.2549","2.96K","-1.31%"
"31/08/2018","5,691.6177","5,708.1631","5,708.1631","5,633.7090","4.63K","-0.58%"
"30/08/2018","5,724.7085","5,697.1328","5,724.7085","5,644.7393","4.11K","0.24%"
"29/08/2018","5,710.9209","5,686.1025","5,713.6782","5,653.0117","2.94K","0.63%"
"28/08/2018","5,675.0723","5,655.7695","5,744.0117","5,650.2544","3.94K","0.59%"
"27/08/2018","5,641.9819","5,644.7393","5,669.5571","5,608.8911","2.17K","-0.05%"
"24/08/2018","5,644.7393","5,556.4971","5,672.3149","5,556.4971","3.18K","1.49%"
"23/08/2018","5,562.0122","5,584.0728","5,636.4663","5,548.2246","2.64K","-0.15%"
"22/08/2018","5,570.2847","5,603.3755","5,625.4365","5,539.9517","4.71K","-0.59%"
"21/08/2018","5,603.3755","5,512.9277","5,636.4663","5,495.2793","6.01K","1.76%"
"20/08/2018","5,506.3096","5,458.8794","5,510.7217","5,423.5825","3.48K","1.09%"
"17/08/2018","5,446.7461","5,405.9341","5,452.2612","5,398.2129","3.97K","0.63%"
"16/08/2018","5,412.5522","5,372.8433","5,436.8188","5,350.7827","4.37K","0.97%"
"15/08/2018","5,360.7100","5,463.2915","5,475.4248","5,333.1343","4.85K","-1.84%"
"14/08/2018","5,461.0854","5,459.9824","5,485.3521","5,416.9644","5.06K","0.55%"
"13/08/2018","5,431.3037","5,377.2554","5,432.4067","5,355.1948","3.67K","1.01%"
"10/08/2018","5,377.2554","5,496.3823","5,507.4126","5,356.2979","5.24K","-2.60%"
"09/08/2018","5,520.6489","5,550.9819","5,550.9819","5,496.3823","4.16K","-0.40%"
"08/08/2018","5,542.7095","5,570.2847","5,653.0117","5,523.4063","10.94K","0.56%"
"07/08/2018","5,511.8247","5,884.6475","5,956.3442","5,435.7158","20.20K","-10.41%"
"06/08/2018","6,152.1313","6,204.5254","6,210.0405","6,143.8589","3.28K","-0.67%"
"03/08/2018","6,193.4951","6,204.5254","6,223.8281","6,157.6465","3.03K","0.04%"
"02/08/2018","6,190.7373","6,163.1616","6,199.0103","6,132.8286","3.83K","0.09%"
"01/08/2018","6,185.2222","6,314.8281","6,336.8887","6,185.2222","6.15K","-2.35%"
"31/07/2018","6,334.1309","6,350.6763","6,364.4644","6,119.0405","7.95K","-0.30%"
"30/07/2018","6,353.4341","6,452.7065","6,452.7065","6,353.4341","3.90K","-1.58%"
"27/07/2018","6,455.4639","6,414.1006","6,491.3120","6,347.9189","4.74K","0.86%"
"26/07/2018","6,400.3125","6,494.0698","6,513.3726","6,356.1914","5.30K","-1.28%"
"25/07/2018","6,483.0396","6,397.5552","6,563.0088","6,350.6763","7.27K","2.00%"
"24/07/2018","6,356.1914","6,397.5552","6,403.0703","6,149.3740","11.23K","0.35%"
"23/07/2018","6,334.1309","7,004.2197","7,031.7954","6,215.5557","17.05K","-6.74%"
"20/07/2018","6,791.8872","6,813.9478","6,849.7959","6,736.7358","3.69K","-0.32%"
"19/07/2018","6,813.9478","6,808.4326","6,830.4932","6,769.8267","3.19K","-0.12%"
"18/07/2018","6,822.2202","6,841.5234","6,915.9775","6,789.1294","4.23K","0.12%"
"17/07/2018","6,813.9478","6,769.8267","6,824.9780","6,753.2813","2.99K","0.28%"
"16/07/2018","6,794.6445","6,794.6445","6,816.7051","6,739.4932","1.90K","0.20%"
"13/07/2018","6,780.8569","6,838.7656","6,849.7959","6,761.5537","3.10K","-0.12%"
"12/07/2018","6,789.1294","6,742.2510","6,789.1294","6,692.6147","3.51K","0.98%"
"11/07/2018","6,722.9478","6,728.4629","6,742.2510","6,598.8574","5.65K","-0.04%"
"10/07/2018","6,725.7056","6,645.7358","6,764.3115","6,631.9482","5.46K","2.91%"
"09/07/2018","6,535.4331","6,496.8276","6,607.1299","6,496.8276","4.29K","1.15%"
"06/07/2018","6,460.9790","6,507.8574","6,518.8877","6,419.6157","3.36K","-0.17%"
"05/07/2018","6,472.0093","6,458.2212","6,507.8574","6,433.4033","3.47K","0.77%"
"04/07/2018","6,422.3730","6,430.6460","6,502.3423","6,408.5850","2.58K","-0.38%"
"03/07/2018","6,447.1914","6,480.2822","6,502.3423","6,425.1304","3.54K","-0.13%"
"02/07/2018","6,455.4639","6,452.7065","6,474.7666","6,416.8579","3.37K","0.09%"
"29/06/2018","6,449.9487","6,441.6758","6,518.8877","6,441.6758","5.05K","1.04%"
"28/06/2018","6,383.7671","6,460.9790","6,521.6455","6,356.1914","5.18K","-1.91%"
"27/06/2018","6,507.8574","6,529.9180","6,565.7666","6,430.6460","4.37K","-0.55%"
"26/06/2018","6,543.7061","6,546.4634","6,585.0693","6,483.0396","4.24K","-0.08%"
"25/06/2018","6,549.2212","6,722.9478","6,728.4629","6,527.1606","4.07K","-2.86%"
"22/06/2018","6,742.2510","6,689.8569","6,797.4023","6,684.3418","5.27K","0.78%"
"21/06/2018","6,689.8569","6,692.6147","6,772.5840","6,670.5542","6.76K","0.08%"
"20/06/2018","6,684.3418","6,706.4023","6,747.7661","6,651.2510","4.44K","0.21%"
"19/06/2018","6,670.5542","6,637.4634","6,703.6450","6,510.6152","5.63K","-0.86%"
"18/06/2018","6,728.4629","6,745.0083","6,775.3418","6,695.3721","3.99K","-0.37%"
"15/06/2018","6,753.2813","6,819.4629","6,827.7354","6,670.5542","11.17K","-0.65%"
"14/06/2018","6,797.4023","6,438.9185","6,797.4023","6,422.3730","11.39K","5.30%"
"13/06/2018","6,455.4639","6,499.5850","6,499.5850","6,276.2222","7.69K","-0.81%"
"12/06/2018","6,507.8574","6,535.4331","6,549.2212","6,472.0093","3.70K","0.00%"
"11/06/2018","6,507.8574","6,538.1909","6,554.7363","6,494.0698","4.44K","-0.08%"
"08/06/2018","6,513.3726","6,466.4941","6,543.7061","6,436.1611","3.45K","0.21%"
"07/06/2018","6,499.5850","6,543.7061","6,585.0693","6,480.2822","4.32K","-0.30%"
"06/06/2018","6,518.8877","6,574.0391","6,579.5542","6,485.7969","5.05K","-0.51%"
"05/06/2018","6,551.9785","6,472.0093","6,623.6753","6,460.9790","5.33K","1.41%"
"04/06/2018","6,460.9790","6,532.6758","6,546.4634","6,460.9790","5.62K","-0.80%"
"01/06/2018","6,513.3726","6,430.6460","6,607.1299","6,361.7065","8.17K","1.64%"
"31/05/2018","6,408.5850","6,207.2827","6,408.5850","6,171.4346","11.61K","2.15%"
"30/05/2018","6,273.4644","6,281.7373","6,284.4946","6,199.0103","3.51K","-0.04%"
"29/05/2018","6,276.2222","6,342.4038","6,356.1914","6,256.9189","4.82K","-1.85%"
"28/05/2018","6,394.7974","6,408.5850","6,419.6157","6,356.1914","2.29K","0.17%"
"25/05/2018","6,383.7671","6,369.9795","6,436.1611","6,331.3735","3.83K","1.09%"
"24/05/2018","6,314.8281","6,278.9795","6,392.0400","6,273.4644","4.35K","0.84%"
"23/05/2018","6,262.4341","6,301.0400","6,356.1914","6,248.6465","3.93K","-1.13%"
"22/05/2018","6,334.1309","6,372.7368","6,397.5552","6,325.8584","3.74K","-0.30%"
"21/05/2018","6,353.4341","6,345.1611","6,372.7368","6,323.1006","2.37K","0.22%"
"18/05/2018","6,339.6460","6,356.1914","6,386.5249","6,301.0400","4.43K","-0.48%"
"17/05/2018","6,369.9795","6,447.1914","6,452.7065","6,320.3433","5.89K","-1.11%"
"16/05/2018","6,441.6758","6,240.3735","6,444.4336","6,232.1011","7.96K","2.82%"
"15/05/2018","6,265.1919","6,146.6162","6,325.8584","6,143.8589","8.43K","1.97%"
"14/05/2018","6,143.8589","6,110.7681","6,221.0708","6,102.4951","3.37K","0.59%"
"11/05/2018","6,108.0107","6,160.4043","6,160.4043","6,108.0107","3.33K","-0.76%"
"10/05/2018","6,154.8892","6,135.5859","6,174.1919","6,119.0405","2.67K","0.36%"
"09/05/2018","6,132.8286","6,165.9194","6,182.4648","6,127.3135","3.10K","-0.71%"
"08/05/2018","6,176.9497","6,121.7983","6,187.9800","6,108.0107","3.73K","0.86%"
"07/05/2018","6,124.5557","6,066.6470","6,165.9194","6,055.6167","4.19K","0.86%"
"04/05/2018","6,072.1621","6,149.3740","6,190.7373","6,058.3740","4.64K","-0.45%"
"03/05/2018","6,099.7378","6,028.0410","6,138.3438","6,014.2534","5.42K","1.37%"
"02/05/2018","6,017.0107","6,190.7373","6,237.6162","6,017.0107","7.64K","-2.50%"
"30/04/2018","6,171.4346","6,273.4644","6,273.4644","6,152.1313","5.03K","-1.28%"
"27/04/2018","6,251.4038","6,083.1924","6,251.4038","6,083.1924","5.90K","2.86%"
"26/04/2018","6,077.6772","6,215.5557","6,215.5557","6,072.1621","5.76K","-0.94%"
"25/04/2018","6,135.5859","5,956.3442","6,174.1919","5,914.9810","6.17K","2.35%"
"24/04/2018","5,994.9502","6,094.2227","6,110.7681","5,975.6470","4.69K","-1.76%"
"23/04/2018","6,102.4951","6,088.7075","6,132.8286","6,069.4043","3.41K","0.27%"
"20/04/2018","6,085.9497","6,074.9199","6,127.3135","6,052.8589","4.09K","0.27%"
"19/04/2018","6,069.4043","6,143.8589","6,154.8892","6,069.4043","3.15K","-1.12%"
"18/04/2018","6,138.3438","6,160.4043","6,165.9194","6,105.2529","3.13K","-0.22%"
"17/04/2018","6,152.1313","6,099.7378","6,196.2524","6,069.4043","3.72K","1.23%"
"16/04/2018","6,077.6772","6,323.1006","6,328.6157","6,077.6772","5.84K","-3.88%"
"13/04/2018","6,323.1006","6,248.6465","6,328.6157","6,234.8584","3.90K","1.33%"
"12/04/2018","6,240.3735","6,182.4648","6,245.8887","6,102.4951","5.09K","0.94%"
"11/04/2018","6,182.4648","6,207.2827","6,210.0405","6,154.8892","3.87K","-0.66%"
"10/04/2018","6,223.8281","6,278.9795","6,298.2827","6,201.7676","5.60K","-0.44%"
"09/04/2018","6,251.4038","6,187.9800","6,256.9189","6,185.2222","4.21K","1.30%"
"06/04/2018","6,171.4346","6,135.5859","6,185.2222","6,124.5557","3.51K","0.40%"
"05/04/2018","6,146.6162","6,017.0107","6,146.6162","6,005.9805","5.47K","4.31%"
"04/04/2018","5,892.9204","6,041.8286","6,047.3442","5,884.6475","5.27K","-2.33%"
"03/04/2018","6,033.5562","6,066.6470","6,085.9497","5,994.9502","5.24K","-1.53%"
"29/03/2018","6,127.3135","6,061.1318","6,154.8892","6,005.9805","5.43K","1.60%"
"28/03/2018","6,030.7988","5,934.2837","6,030.7988","5,876.3750","5.80K","0.09%"
"27/03/2018","6,025.2832","6,072.1621","6,099.7378","6,005.9805","4.34K","0.83%"
"26/03/2018","5,975.6470","6,110.7681","6,130.0708","5,953.5869","4.48K","-2.17%"
"23/03/2018","6,108.0107","5,986.6777","6,165.9194","5,983.9199","6.04K","0.50%"
"22/03/2018","6,077.6772","6,072.1621","6,110.7681","5,986.6777","5.28K","-0.59%"
"21/03/2018","6,113.5254","6,168.6768","6,187.9800","6,108.0107","3.62K","-0.89%"
"20/03/2018","6,168.6768","6,174.1919","6,196.2524","6,113.5254","3.58K","0.04%"
"19/03/2018","6,165.9194","6,267.9492","6,267.9492","6,163.1616","3.45K","-1.63%"
"16/03/2018","6,267.9492","6,265.1919","6,284.4946","6,234.8584","6.15K","0.04%"
"15/03/2018","6,265.1919","6,232.1011","6,281.7373","6,187.9800","5.76K","0.98%"
"14/03/2018","6,204.5254","6,130.0708","6,204.5254","6,088.7075","4.83K","0.94%"
"13/03/2018","6,146.6162","6,262.4341","6,262.4341","6,127.3135","4.98K","-1.94%"
"12/03/2018","6,267.9492","6,218.3130","6,287.2524","6,193.4951","5.17K","1.38%"
"09/03/2018","6,182.4648","6,102.4951","6,204.5254","6,094.2227","5.56K","1.31%"
"08/03/2018","6,102.4951","5,983.9199","6,157.6465","5,983.9199","4.96K","1.98%"
"07/03/2018","5,983.9199","5,945.3140","6,014.2534","5,892.9204","4.72K","0.32%"
"06/03/2018","5,964.6172","5,989.4351","6,011.4956","5,898.4355","5.16K","0.84%"
"05/03/2018","5,914.9810","5,768.8296","5,926.0112","5,757.7993","5.71K","2.73%"
"02/03/2018","5,757.7993","5,848.7993","5,868.1021","5,716.4360","10.18K","-2.48%"
"01/03/2018","5,903.9507","5,986.6777","6,025.2832","5,895.6777","5.15K","-1.34%"
"28/02/2018","5,983.9199","5,975.6470","6,025.2832","5,909.4658","8.55K","0.05%"
"27/02/2018","5,981.1626","6,094.2227","6,110.7681","5,937.0415","7.86K","-1.68%"
"26/02/2018","6,083.1924","6,121.7983","6,171.4346","6,069.4043","6.97K","-0.36%"
"23/02/2018","6,105.2529","6,270.7070","6,270.7070","6,069.4043","8.58K","-2.89%"
"22/02/2018","6,287.2524","6,317.5854","6,325.8584","6,149.3740","9.30K","-1.04%"
"21/02/2018","6,353.4341","6,554.7363","6,612.6450","6,328.6157","11.87K","-5.38%"
"20/02/2018","6,714.6753","6,756.0386","6,769.8267","6,703.6450","4.06K","-0.61%"
"19/02/2018","6,756.0386","6,783.6143","6,794.6445","6,742.2510","2.13K","-0.41%"
"16/02/2018","6,783.6143","6,736.7358","6,808.4326","6,711.9175","2.68K","1.15%"
"15/02/2018","6,706.4023","6,700.8872","6,772.5840","6,667.7964","4.60K","0.75%"
"14/02/2018","6,656.7661","6,607.1299","6,678.8267","6,529.9180","3.58K","1.17%"
"13/02/2018","6,579.5542","6,560.2515","6,601.6147","6,532.6758","3.45K","0.21%"
"12/02/2018","6,565.7666","6,543.7061","6,607.1299","6,524.4028","3.50K","1.15%"
"09/02/2018","6,491.3120","6,518.8877","6,568.5239","6,422.3730","4.20K","-1.18%"
"08/02/2018","6,568.5239","6,778.0991","6,778.0991","6,527.1606","4.96K","-3.45%"
"07/02/2018","6,802.9175","6,687.0996","6,819.4629","6,620.9180","4.84K","2.54%"
"06/02/2018","6,634.7056","6,626.4331","6,725.7056","6,563.0088","6.83K","-2.67%"
"05/02/2018","6,816.7051","6,893.9170","6,902.1899","6,789.1294","2.86K","-1.67%"
"02/02/2018","6,932.5229","6,990.4316","6,993.1895","6,915.9775","3.09K","-1.02%"
"01/02/2018","7,004.2197","7,018.0073","7,086.9468","7,004.2197","4.06K","0.00%"
"31/01/2018","7,004.2197","6,987.6743","7,020.7651","6,957.3408","3.64K","0.16%"
"30/01/2018","6,993.1895","7,037.3105","7,117.2798","6,973.8862","3.18K","-1.36%"
"29/01/2018","7,089.7041","7,040.0679","7,111.7646","7,009.7349","2.84K","0.74%"
"26/01/2018","7,037.3105","6,979.4014","7,037.3105","6,960.0986","2.09K","0.87%"
"25/01/2018","6,976.6440","7,051.0981","7,073.1587","6,932.5229","2.90K","-1.21%"
"24/01/2018","7,062.1284","7,191.7344","7,200.0068","7,062.1284","2.67K","-1.73%"
"23/01/2018","7,186.2192","7,133.8252","7,194.4917","7,078.6738","3.17K","1.40%"
"22/01/2018","7,086.9468","7,081.4316","7,136.5830","7,051.0981","2.51K","0.12%"
"19/01/2018","7,078.6738","7,020.7651","7,086.9468","6,995.9468","3.93K","0.82%"
"18/01/2018","7,020.7651","7,031.7954","7,040.0679","6,982.1592","4.06K","0.08%"
"17/01/2018","7,015.2500","6,998.7046","7,045.5830","6,993.1895","2.47K","-0.24%"
"16/01/2018","7,031.7954","7,051.0981","7,056.6133","6,973.8862","2.87K","-0.35%"
"15/01/2018","7,056.6133","6,993.1895","7,078.6738","6,971.1289","2.60K","0.75%"
"12/01/2018","7,004.2197","6,921.4927","7,026.2803","6,877.3716","4.10K","1.52%"
"11/01/2018","6,899.4321","6,904.9473","6,932.5229","6,827.7354","3.18K","0.00%"
"10/01/2018","6,899.4321","6,938.0381","6,951.8257","6,852.5537","3.13K","-0.64%"
"09/01/2018","6,943.5532","6,976.6440","6,995.9468","6,902.1899","3.30K","-0.40%"
"08/01/2018","6,971.1289","7,023.5225","7,042.8257","6,954.5835","3.42K","-0.51%"
"05/01/2018","7,006.9771","6,932.5229","7,006.9771","6,924.2500","3.64K","1.48%"
"04/01/2018","6,904.9473","6,813.9478","6,915.9775","6,813.9478","4.62K","1.42%"
"03/01/2018","6,808.4326","6,728.4629","6,880.1294","6,714.6753","4.94K","1.44%"
"02/01/2018","6,711.9175","6,728.4629","6,728.4629","6,634.7056","3.01K","0.29%"
"29/12/2017","6,692.6147","6,706.4023","6,739.4932","6,667.7964","2.33K","-0.21%"
"28/12/2017","6,706.4023","6,698.1299","6,747.7661","6,678.8267","2.36K","0.12%"
"27/12/2017","6,698.1299","6,733.9780","6,742.2510","6,667.7964","2.56K","-0.65%"
"22/12/2017","6,742.2510","6,736.7358","6,797.4023","6,703.6450","2.95K","0.00%"
"21/12/2017","6,742.2510","6,794.6445","6,800.1597","6,725.7056","4.47K","-1.01%"
"20/12/2017","6,811.1899","6,882.8867","6,882.8867","6,769.8267","4.20K","-0.80%"
"19/12/2017","6,866.3413","6,984.9165","7,023.5225","6,841.5234","5.91K","-1.58%"
"18/12/2017","6,976.6440","6,987.6743","7,034.5527","6,904.9473","7.47K","-1.63%"
"15/12/2017","7,092.4619","7,144.8555","7,219.3101","7,029.0376","10.47K","-1.23%"
"14/12/2017","7,180.7041","7,274.4614","7,288.2490","7,128.3101","7.41K","-2.65%"
"13/12/2017","7,376.4912","7,393.0366","7,409.5820","7,268.9463","7.76K","0.19%"
"12/12/2017","7,362.7031","6,893.9170","7,387.5215","6,888.4019","14.51K","7.14%"
"11/12/2017","6,871.8564","6,904.9473","6,904.9473","6,841.5234","2.81K","-0.48%"
"08/12/2017","6,904.9473","6,882.8867","6,904.9473","6,824.9780","3.84K","0.76%"
"07/12/2017","6,852.5537","6,824.9780","6,863.5840","6,717.4326","3.71K","0.85%"
"06/12/2017","6,794.6445","6,731.2207","6,800.1597","6,681.5845","3.03K","0.08%"
"05/12/2017","6,789.1294","6,847.0386","6,858.0684","6,733.9780","4.99K","-1.16%"
"04/12/2017","6,869.0991","6,885.6445","6,946.3110","6,827.7354","4.86K","0.48%"
"01/12/2017","6,836.0083","6,871.8564","6,904.9473","6,739.4932","5.60K","-0.24%"
"30/11/2017","6,852.5537","6,797.4023","6,858.0684","6,725.7056","8.23K","0.57%"
"29/11/2017","6,813.9478","7,015.2500","7,023.5225","6,811.1899","4.00K","-2.68%"
"28/11/2017","7,001.4619","6,965.6138","7,023.5225","6,946.3110","2.84K","0.40%"
"27/11/2017","6,973.8862","7,020.7651","7,020.7651","6,946.3110","2.78K","-0.55%"
"24/11/2017","7,012.4922","6,893.9170","7,026.2803","6,880.1294","3.16K","1.72%"
"23/11/2017","6,893.9170","6,869.0991","6,927.0078","6,830.4932","1.74K","0.64%"
"22/11/2017","6,849.7959","6,938.0381","6,938.0381","6,827.7354","3.79K","-1.27%"
"21/11/2017","6,938.0381","6,891.1592","6,954.5835","6,849.7959","3.23K","0.56%"
"20/11/2017","6,899.4321","6,910.4624","6,932.5229","6,858.0684","2.79K","-0.28%"
"17/11/2017","6,918.7349","6,979.4014","6,979.4014","6,910.4624","2.63K","-0.48%"
"16/11/2017","6,951.8257","6,968.3711","6,995.9468","6,915.9775","3.25K","0.24%"
"15/11/2017","6,935.2803","6,938.0381","6,971.1289","6,871.8564","3.52K","-0.44%"
"14/11/2017","6,965.6138","6,943.5532","7,048.3408","6,935.2803","4.15K","0.36%"
"13/11/2017","6,940.7954","6,976.6440","7,004.2197","6,893.9170","3.21K","-0.40%"
"10/11/2017","6,968.3711","6,990.4316","7,053.8560","6,935.2803","3.75K","-0.51%"
"09/11/2017","7,004.2197","7,169.6738","7,169.6738","6,973.8862","4.48K","-2.31%"
"08/11/2017","7,169.6738","7,183.4614","7,213.7949","7,114.5225","3.61K","0.15%"
"07/11/2017","7,158.6436","7,252.4009","7,274.4614","7,158.6436","4.00K","-1.14%"
"06/11/2017","7,241.3706","7,235.8555","7,302.0371","7,235.8555","2.87K","0.34%"
"03/11/2017","7,216.5522","7,222.0674","7,235.8555","7,188.9766","2.37K","-0.08%"
"02/11/2017","7,222.0674","7,387.5215","7,401.3091","7,186.2192","3.68K","-1.98%"
"01/11/2017","7,368.2183","7,387.5215","7,461.9756","7,368.2183","2.56K","0.15%"
"31/10/2017","7,357.1880","7,384.7637","7,390.2788","7,299.2793","4.12K","-0.30%"
"30/10/2017","7,379.2485","7,376.4912","7,398.5518","7,343.4004","3.17K","0.15%"
"27/10/2017","7,368.2183","7,379.2485","7,395.7939","7,348.9155","3.99K","0.53%"
"26/10/2017","7,329.6123","7,205.5220","7,335.1279","7,194.4917","4.16K","1.88%"
"25/10/2017","7,194.4917","7,164.1587","7,260.6733","7,133.8252","5.39K","0.81%"
"24/10/2017","7,136.5830","7,299.2793","7,332.3701","7,081.4316","7.00K","-2.52%"
"23/10/2017","7,321.3398","7,211.0371","7,321.3398","7,197.2495","3.19K","1.41%"
"20/10/2017","7,219.3101","7,299.2793","7,335.1279","7,175.1890","4.44K","-0.49%"
"19/10/2017","7,255.1582","7,274.4614","7,279.9761","7,183.4614","3.32K","-0.49%"
"18/10/2017","7,291.0068","7,299.2793","7,354.4307","7,257.9160","3.58K","0.27%"
"17/10/2017","7,271.7036","7,321.3398","7,324.0972","7,266.1885","2.41K","-0.19%"
"16/10/2017","7,285.4917","7,326.8550","7,335.1279","7,282.7339","1.71K","-0.38%"
"13/10/2017","7,313.0669","7,387.5215","7,390.2788","7,285.4917","2.60K","-0.82%"
"12/10/2017","7,373.7334","7,354.4307","7,373.7334","7,307.5518","2.93K","0.49%"
"11/10/2017","7,337.8853","7,362.7031","7,382.0063","7,318.5825","3.05K","0.00%"
"10/10/2017","7,337.8853","7,368.2183","7,390.2788","7,321.3398","2.71K","-0.22%"
"09/10/2017","7,354.4307","7,370.9761","7,426.1274","7,346.1577","2.37K","0.04%"
"06/10/2017","7,351.6733","7,390.2788","7,390.2788","7,332.3701","2.18K","-0.37%"
"05/10/2017","7,379.2485","7,390.2788","7,409.5820","7,354.4307","1.80K","-0.15%"
"04/10/2017","7,390.2788","7,417.8545","7,467.4907","7,365.4609","2.49K","-0.07%"
"03/10/2017","7,395.7939","7,376.4912","7,423.3696","7,370.9761","2.28K","0.41%"
"02/10/2017","7,365.4609","7,255.1582","7,373.7334","7,238.6128","3.08K","1.75%"
"29/09/2017","7,238.6128","7,211.0371","7,246.8857","7,175.1890","3.58K","0.50%"
"28/09/2017","7,202.7646","7,144.8555","7,202.7646","7,133.8252","2.30K","1.16%"
"27/09/2017","7,120.0376","7,120.0376","7,120.0376","7,062.1284","2.80K","0.66%"
"26/09/2017","7,073.1587","7,064.8862","7,128.3101","7,029.0376","2.79K","0.08%"
"25/09/2017","7,067.6436","7,142.0981","7,164.1587","7,067.6436","1.73K","-0.74%"
"22/09/2017","7,120.0376","7,128.3101","7,172.4312","7,092.4619","2.95K","0.16%"
"21/09/2017","7,109.0073","7,224.8252","7,238.6128","7,109.0073","2.73K","-1.19%"
"20/09/2017","7,194.4917","7,211.0371","7,246.8857","7,191.7344","2.76K","-0.27%"
"19/09/2017","7,213.7949","7,155.8857","7,266.1885","7,153.1284","2.76K","0.77%"
"18/09/2017","7,158.6436","7,139.3403","7,164.1587","7,117.2798","1.28K","0.74%"
"15/09/2017","7,106.2495","7,089.7041","7,131.0679","7,075.9165","4.11K","0.00%"
"14/09/2017","7,106.2495","7,084.1890","7,125.5527","7,073.1587","2.47K","0.04%"
"13/09/2017","7,103.4922","7,073.1587","7,120.0376","7,067.6436","3.37K","0.43%"
"12/09/2017","7,073.1587","7,114.5225","7,147.6133","7,067.6436","3.81K","-0.23%"
"11/09/2017","7,089.7041","7,067.6436","7,133.8252","7,059.3711","2.92K","0.74%"
"08/09/2017","7,037.3105","7,026.2803","7,042.8257","6,971.1289","2.36K","-0.08%"
"07/09/2017","7,042.8257","7,004.2197","7,073.1587","6,987.6743","2.93K","1.19%"
"06/09/2017","6,960.0986","7,012.4922","7,020.7651","6,943.5532","3.25K","-1.17%"
"05/09/2017","7,042.8257","7,059.3711","7,092.4619","7,029.0376","2.39K","-0.20%"
"04/09/2017","7,056.6133","7,111.7646","7,111.7646","7,037.3105","1.72K","-1.39%"
"01/09/2017","7,155.8857","7,147.6133","7,216.5522","7,139.3403","2.90K","0.12%"
"31/08/2017","7,147.6133","7,059.3711","7,158.6436","7,045.5830","4.40K","2.09%"
"30/08/2017","7,001.4619","6,921.4927","7,031.7954","6,891.1592","2.44K","1.85%"
"29/08/2017","6,874.6138","6,962.8560","6,962.8560","6,816.7051","3.28K","-1.89%"
"28/08/2017","7,006.9771","6,962.8560","7,042.8257","6,938.0381","1.59K","0.08%"
"25/08/2017","7,001.4619","6,982.1592","7,048.3408","6,971.1289","1.82K","0.32%"
"24/08/2017","6,979.4014","7,040.0679","7,042.8257","6,979.4014","1.88K","-0.63%"
"23/08/2017","7,023.5225","7,056.6133","7,081.4316","7,018.0073","1.74K","-0.24%"
"22/08/2017","7,040.0679","7,059.3711","7,111.7646","7,012.4922","2.78K","0.08%"
"21/08/2017","7,034.5527","7,001.4619","7,051.0981","6,987.6743","1.80K","0.20%"
"18/08/2017","7,020.7651","7,045.5830","7,045.5830","6,962.8560","2.52K","-0.97%"
"17/08/2017","7,089.7041","7,097.9771","7,125.5527","7,059.3711","3.21K","-0.08%"
"16/08/2017","7,095.2192","7,020.7651","7,103.4922","7,018.0073","2.20K","1.26%"
"15/08/2017","7,006.9771","6,982.1592","7,018.0073","6,949.0684","2.35K","0.55%"
"14/08/2017","6,968.3711","6,910.4624","6,984.9165","6,902.1899","2.27K","1.32%"
"11/08/2017","6,877.3716","6,954.5835","6,957.3408","6,849.7959","3.75K","-1.73%"
"10/08/2017","6,998.7046","7,067.6436","7,089.7041","6,990.4316","3.07K","-1.17%"
"09/08/2017","7,081.4316","7,070.4014","7,086.9468","7,012.4922","3.57K","-0.19%"
"08/08/2017","7,095.2192","7,067.6436","7,111.7646","7,023.5225","1.95K","0.39%"
"07/08/2017","7,067.6436","7,073.1587","7,092.4619","7,042.8257","2.27K","-0.08%"
"04/08/2017","7,073.1587","7,064.8862","7,114.5225","7,031.7954","2.85K","0.20%"
"03/08/2017","7,059.3711","7,075.9165","7,131.0679","7,053.8560","4.93K","-0.39%"
"02/08/2017","7,086.9468","7,114.5225","7,164.1587","7,064.8862","4.94K","-0.50%"
"01/08/2017","7,122.7949","7,059.3711","7,133.8252","7,042.8257","5.08K","0.54%"
"31/07/2017","7,084.1890","7,042.8257","7,117.2798","7,009.7349","4.57K","0.35%"
"28/07/2017","7,059.3711","7,064.8862","7,064.8862","6,965.6138","5.64K","-0.78%"
"27/07/2017","7,114.5225","7,100.7344","7,136.5830","7,029.0376","5.70K","-0.08%"
"26/07/2017","7,120.0376","6,932.5229","7,172.4312","6,924.2500","5.76K","2.75%"
"25/07/2017","6,929.7656","6,794.6445","6,998.7046","6,794.6445","5.20K","2.03%"
"24/07/2017","6,791.8872","6,841.5234","6,860.8262","6,728.4629","3.89K","-0.16%"
"21/07/2017","6,802.9175","6,927.0078","6,935.2803","6,747.7661","3.14K","-1.63%"
"20/07/2017","6,915.9775","7,103.4922","7,103.4922","6,885.6445","4.41K","-1.07%"
"19/07/2017","6,990.4316","6,915.9775","6,995.9468","6,899.4321","2.91K","1.40%"
"18/07/2017","6,893.9170","6,913.2202","6,954.5835","6,877.3716","3.86K","-0.28%"
"17/07/2017","6,913.2202","6,924.2500","6,971.1289","6,896.6748","3.22K","0.04%"
"14/07/2017","6,910.4624","6,896.6748","6,910.4624","6,849.7959","2.15K","0.44%"
"13/07/2017","6,880.1294","6,866.3413","6,891.1592","6,847.0386","2.56K","0.44%"
"12/07/2017","6,849.7959","6,764.3115","6,858.0684","6,756.0386","2.99K","1.43%"
"11/07/2017","6,753.2813","6,827.7354","6,841.5234","6,731.2207","2.76K","-1.05%"
"10/07/2017","6,824.9780","6,808.4326","6,855.3110","6,783.6143","3.14K","0.45%"
"07/07/2017","6,794.6445","6,733.9780","6,794.6445","6,656.7661","3.23K","1.15%"
"06/07/2017","6,717.4326","6,761.5537","6,775.3418","6,659.5239","3.15K","-0.57%"
"05/07/2017","6,756.0386","6,717.4326","6,764.3115","6,676.0693","4.07K","0.25%"
"04/07/2017","6,739.4932","6,772.5840","6,794.6445","6,722.9478","3.16K","-0.69%"
"03/07/2017","6,786.3721","6,800.1597","6,819.4629","6,758.7964","3.62K","0.12%"
"30/06/2017","6,778.0991","6,698.1299","6,816.7051","6,637.4634","5.36K","1.53%"
"29/06/2017","6,676.0693","6,971.1289","6,979.4014","6,676.0693","4.31K","-3.78%"
"28/06/2017","6,938.0381","6,893.9170","6,940.7954","6,827.7354","3.91K","-0.08%"
"27/06/2017","6,943.5532","7,045.5830","7,056.6133","6,929.7656","3.32K","-1.64%"
"26/06/2017","7,059.3711","7,062.1284","7,089.7041","7,034.5527","2.38K","0.47%"
"23/06/2017","7,026.2803","7,048.3408","7,075.9165","7,009.7349","2.67K","-0.27%"
"22/06/2017","7,045.5830","7,117.2798","7,117.2798","7,034.5527","3.52K","-0.78%"
"21/06/2017","7,100.7344","7,059.3711","7,103.4922","7,004.2197","2.77K","0.35%"
"20/06/2017","7,075.9165","7,109.0073","7,175.1890","7,064.8862","3.29K","0.04%"
"19/06/2017","7,073.1587","7,075.9165","7,095.2192","7,040.0679","3.29K","1.66%"
"16/06/2017","6,957.3408","6,935.2803","6,993.1895","6,918.7349","5.96K","0.64%"
"15/06/2017","6,913.2202","6,987.6743","6,990.4316","6,871.8564","4.03K","-1.26%"
"14/06/2017","7,001.4619","7,020.7651","7,086.9468","7,001.4619","4.65K","0.51%"
"13/06/2017","6,965.6138","6,907.7046","6,993.1895","6,902.1899","3.57K","1.20%"
"12/06/2017","6,882.8867","7,114.5225","7,114.5225","6,874.6138","6.06K","-4.55%"
"09/06/2017","7,211.0371","7,241.3706","7,288.2490","7,158.6436","3.94K","-0.30%"
"08/06/2017","7,233.0977","7,255.1582","7,307.5518","7,233.0977","4.21K","-0.42%"
"07/06/2017","7,263.4307","7,166.9160","7,282.7339","7,133.8252","4.04K","1.11%"
"06/06/2017","7,183.4614","7,188.9766","7,200.0068","7,122.7949","2.91K","-0.15%"
"05/06/2017","7,194.4917","7,213.7949","7,216.5522","7,186.2192","1.91K","-0.11%"
"02/06/2017","7,202.7646","7,169.6738","7,230.3403","7,153.1284","3.47K","0.62%"
"01/06/2017","7,158.6436","7,048.3408","7,158.6436","6,998.7046","3.90K","1.64%"
"31/05/2017","7,042.8257","6,965.6138","7,067.6436","6,904.9473","10.83K","1.15%"
"30/05/2017","6,962.8560","6,797.4023","6,968.3711","6,769.8267","3.70K","2.43%"
"29/05/2017","6,797.4023","6,791.8872","6,844.2808","6,778.0991","1.09K","0.08%"
"26/05/2017","6,791.8872","6,772.5840","6,824.9780","6,739.4932","2.90K","-0.77%"
"25/05/2017","6,844.2808","6,882.8867","6,896.6748","6,822.2202","2.04K","-0.20%"
"24/05/2017","6,858.0684","6,833.2505","6,858.0684","6,789.1294","3.59K","0.53%"
"23/05/2017","6,822.2202","6,772.5840","6,827.7354","6,764.3115","3.28K","0.90%"
"22/05/2017","6,761.5537","6,830.4932","6,847.0386","6,725.7056","2.91K","-0.49%"
"19/05/2017","6,794.6445","6,739.4932","6,830.4932","6,736.7358","3.51K","0.86%"
"18/05/2017","6,736.7358","6,739.4932","6,789.1294","6,604.3726","4.99K","-0.04%"
"17/05/2017","6,739.4932","6,855.3110","6,860.8262","6,722.9478","4.18K","-2.00%"
"16/05/2017","6,877.3716","6,971.1289","6,987.6743","6,791.8872","7.13K","-1.23%"
"15/05/2017","6,962.8560","7,001.4619","7,020.7651","6,907.7046","2.70K","-0.16%"
"12/05/2017","6,973.8862","6,971.1289","6,990.4316","6,927.0078","2.56K","0.16%"
"11/05/2017","6,962.8560","6,949.0684","6,979.4014","6,904.9473","4.12K","0.48%"
"10/05/2017","6,929.7656","6,904.9473","6,946.3110","6,891.1592","3.86K","0.12%"
"09/05/2017","6,921.4927","6,968.3711","6,984.9165","6,902.1899","4.49K","-0.63%"
"08/05/2017","6,965.6138","6,990.4316","6,998.7046","6,913.2202","3.45K","-0.36%"
"05/05/2017","6,990.4316","6,882.8867","6,998.7046","6,816.7051","6.13K","2.18%"
"04/05/2017","6,841.5234","6,692.6147","6,841.5234","6,667.7964","4.32K","2.73%"
"03/05/2017","6,659.5239","6,758.7964","6,761.5537","6,620.9180","2.88K","-1.11%"
"02/05/2017","6,733.9780","6,692.6147","6,764.3115","6,676.0693","5.28K","1.50%"
"28/04/2017","6,634.7056","6,654.0088","6,667.7964","6,607.1299","4.23K","-0.04%"
"27/04/2017","6,637.4634","6,560.2515","6,637.4634","6,499.5850","3.70K","1.13%"
"26/04/2017","6,563.0088","6,491.3120","6,563.0088","6,430.6460","4.75K","1.10%"
"25/04/2017","6,491.3120","6,381.0098","6,549.2212","6,301.0400","7.40K","-0.38%"
"24/04/2017","6,516.1304","6,507.8574","6,604.3726","6,422.3730","5.47K","3.59%"
"21/04/2017","6,290.0098","6,425.1304","6,425.1304","6,290.0098","4.40K","-2.19%"
"20/04/2017","6,430.6460","6,267.9492","6,452.7065","6,254.1616","4.45K","2.69%"
"19/04/2017","6,262.4341","6,243.1313","6,292.7676","6,229.3433","4.46K","0.26%"
"18/04/2017","6,245.8887","6,328.6157","6,389.2822","6,245.8887","4.56K","-1.31%"
"13/04/2017","6,328.6157","6,287.2524","6,328.6157","6,245.8887","3.26K","0.48%"
"12/04/2017","6,298.2827","6,309.3130","6,336.8887","6,267.9492","3.11K","-0.17%"
"11/04/2017","6,309.3130","6,314.8281","6,367.2217","6,259.6768","3.59K","-0.69%"
"10/04/2017","6,353.4341","6,381.0098","6,408.5850","6,334.1309","2.53K","-0.43%"
"07/04/2017","6,381.0098","6,347.9189","6,386.5249","6,325.8584","2.38K","0.13%"
"06/04/2017","6,372.7368","6,372.7368","6,375.4946","6,325.8584","2.92K","0.04%"
"05/04/2017","6,369.9795","6,325.8584","6,378.2520","6,301.0400","3.23K","0.39%"
"04/04/2017","6,345.1611","6,372.7368","6,400.3125","6,320.3433","2.61K","-0.26%"
"03/04/2017","6,361.7065","6,425.1304","6,433.4033","6,345.1611","2.68K","-0.52%"
"31/03/2017","6,394.7974","6,323.1006","6,408.5850","6,309.3130","3.08K","0.83%"
"30/03/2017","6,342.4038","6,314.8281","6,345.1611","6,287.2524","2.69K","0.35%"
"29/03/2017","6,320.3433","6,265.1919","6,320.3433","6,248.6465","2.42K","0.79%"
"28/03/2017","6,270.7070","6,276.2222","6,312.0703","6,251.4038","3.07K","0.49%"
"27/03/2017","6,240.3735","6,212.7979","6,240.3735","6,160.4043","3.67K","-0.04%"
"24/03/2017","6,243.1313","6,176.9497","6,245.8887","6,163.1616","3.25K","1.21%"
"23/03/2017","6,168.6768","6,121.7983","6,187.9800","6,096.9800","3.13K","0.54%"
"22/03/2017","6,135.5859","6,083.1924","6,135.5859","6,036.3135","4.30K","0.27%"
"21/03/2017","6,119.0405","6,174.1919","6,179.7070","6,108.0107","2.92K","-0.45%"
"20/03/2017","6,146.6162","6,127.3135","6,215.5557","6,074.9199","5.04K","0.04%"
"17/03/2017","6,143.8589","6,254.1616","6,254.1616","6,143.8589","27.89K","-2.28%"
"16/03/2017","6,287.2524","6,251.4038","6,292.7676","6,251.4038","3.05K","0.93%"
"15/03/2017","6,229.3433","6,265.1919","6,267.9492","6,212.7979","2.82K","-0.31%"
"14/03/2017","6,248.6465","6,229.3433","6,276.2222","6,149.3740","3.76K","0.62%"
"13/03/2017","6,210.0405","6,179.7070","6,223.8281","6,157.6465","3.06K","0.67%"
"10/03/2017","6,168.6768","6,232.1011","6,232.1011","6,116.2832","6.08K","-0.31%"
"09/03/2017","6,187.9800","6,105.2529","6,196.2524","6,066.6470","4.38K","1.36%"
"08/03/2017","6,105.2529","6,085.9497","6,119.0405","6,058.3740","2.49K","-0.14%"
"07/03/2017","6,113.5254","6,083.1924","6,154.8892","6,074.9199","3.89K","0.50%"
"06/03/2017","6,083.1924","6,102.4951","6,108.0107","6,058.3740","2.26K","-0.32%"
"03/03/2017","6,102.4951","6,088.7075","6,135.5859","6,074.9199","3.37K","0.09%"
"02/03/2017","6,096.9800","6,149.3740","6,168.6768","6,050.1016","5.78K","-0.67%"
"01/03/2017","6,138.3438","6,157.6465","6,204.5254","6,041.8286","5.21K","-0.18%"
"28/02/2017","6,149.3740","6,174.1919","6,182.4648","6,113.5254","5.31K","-0.45%"
"27/02/2017","6,176.9497","6,036.3135","6,226.5859","6,022.5259","6.13K","2.94%"
"24/02/2017","6,000.4653","5,967.3745","6,063.8892","5,961.8594","4.78K","0.18%"
"23/02/2017","5,989.4351","5,909.4658","6,028.0410","5,909.4658","5.73K","0.74%"
"22/02/2017","5,945.3140","5,890.1626","5,978.4048","5,799.1631","6.00K","2.08%"
"21/02/2017","5,823.9810","5,790.8901","5,846.0415","5,771.5874","2.95K","0.38%"
"20/02/2017","5,801.9204","5,818.4658","5,887.4053","5,779.8599","2.55K","0.14%"
"17/02/2017","5,793.6479","5,826.7388","5,835.0112","5,752.2842","3.98K","-0.80%"
"16/02/2017","5,840.5264","5,812.9507","5,840.5264","5,785.3750","2.79K","0.67%"
"15/02/2017","5,801.9204","5,807.4355","5,843.2842","5,799.1631","4.20K","0.05%"
"14/02/2017","5,799.1631","5,779.8599","5,821.2236","5,757.7993","2.77K","0.29%"
"13/02/2017","5,782.6177","5,708.1631","5,804.6782","5,688.8604","2.87K","1.30%"
"10/02/2017","5,708.1631","5,664.0420","5,713.6782","5,650.2544","2.42K","1.22%"
"09/02/2017","5,639.2241","5,625.4365","5,639.2241","5,581.3154","2.27K","0.49%"
"08/02/2017","5,611.6484","5,584.0728","5,636.4663","5,559.2549","3.04K","1.04%"
"07/02/2017","5,553.7393","5,608.8911","5,608.8911","5,550.9819","2.98K","-0.98%"
"06/02/2017","5,608.8911","5,658.5273","5,666.7998","5,578.5576","2.55K","-0.78%"
"03/02/2017","5,653.0117","5,567.5273","5,683.3452","5,567.5273","3.58K","1.59%"
"02/02/2017","5,564.7700","5,500.2427","5,606.1333","5,496.9336","3.37K","1.09%"
"01/02/2017","5,504.6548","5,434.0610","5,534.4365","5,434.0610","3.57K","1.34%"
"31/01/2017","5,431.8550","5,459.9824","5,517.8911","5,431.8550","4.79K","-0.17%"
"30/01/2017","5,441.2310","5,489.2124","5,506.3096","5,401.5220","4.95K","-1.06%"
"27/01/2017","5,499.6914","5,578.5576","5,578.5576","5,499.6914","4.15K","-1.07%"
"26/01/2017","5,559.2549","5,603.3755","5,625.4365","5,559.2549","4.28K","-0.05%"
"25/01/2017","5,562.0122","5,503.5518","5,647.4966","5,469.3579","4.25K","1.49%"
"24/01/2017","5,480.3882","5,459.9824","5,517.8911","5,427.9946","5.43K","0.11%"
"23/01/2017","5,474.3218","5,523.4063","5,550.9819","5,471.5640","3.59K","-1.38%"
"20/01/2017","5,550.9819","5,597.8608","5,597.8608","5,510.1699","3.37K","-0.64%"
"19/01/2017","5,586.8301","5,633.7090","5,644.7393","5,562.0122","2.88K","-0.59%"
"18/01/2017","5,619.9209","5,625.4365","5,675.0723","5,584.0728","3.09K","0.15%"
"17/01/2017","5,611.6484","5,608.8911","5,658.5273","5,589.5879","2.20K","0.05%"
"16/01/2017","5,608.8911","5,653.0117","5,658.5273","5,603.3755","1.67K","-1.36%"
"13/01/2017","5,686.1025","5,644.7393","5,686.1025","5,630.9512","1.73K","1.03%"
"12/01/2017","5,628.1938","5,636.4663","5,650.2544","5,586.8301","3.23K","-0.29%"
"11/01/2017","5,644.7393","5,694.3755","5,735.7388","5,633.7090","2.81K","-0.58%"
"10/01/2017","5,677.8301","5,669.5571","5,763.3145","5,636.4663","2.91K","0.15%"
"09/01/2017","5,669.5571","5,680.5874","5,691.6177","5,639.2241","2.45K","0.00%"
"06/01/2017","5,669.5571","5,625.4365","5,675.0723","5,611.6484","2.00K","0.78%"
"05/01/2017","5,625.4365","5,611.6484","5,639.2241","5,584.0728","1.99K","0.00%"
"04/01/2017","5,625.4365","5,672.3149","5,675.0723","5,600.6182","2.95K","-0.73%"
"03/01/2017","5,666.7998","5,625.4365","5,738.4966","5,625.4365","4.86K","1.03%"
"02/01/2017","5,608.8911","5,531.6792","5,608.8911","5,509.6187","1.42K","1.45%"
"30/12/2016","5,528.9214","5,550.9819","5,567.5273","5,517.8911","2.07K","-0.64%"
"29/12/2016","5,564.7700","5,520.6489","5,570.2847","5,517.8911","1.44K","0.25%"
"28/12/2016","5,550.9819","5,548.2246","5,586.8301","5,537.1943","2.37K","-0.15%"
"27/12/2016","5,559.2549","5,523.4063","5,578.5576","5,523.4063","1.41K","0.55%"
"23/12/2016","5,528.9214","5,426.8916","5,548.2246","5,423.0308","2.81K","1.78%"
"22/12/2016","5,432.4067","5,432.4067","5,468.2549","5,387.1826","2.47K","-0.34%"
"21/12/2016","5,451.1582","5,396.0068","5,454.4673","5,391.5947","3.84K","0.89%"
"20/12/2016","5,403.1763","5,377.2554","5,414.7583","5,366.7764","3.26K","0.10%"
"19/12/2016","5,397.6611","5,388.2856","5,408.6914","5,352.9888","2.87K","-0.03%"
"16/12/2016","5,399.3159","5,350.2310","5,405.9341","5,286.8071","5.10K","0.97%"
"15/12/2016","5,347.4736","5,254.2676","5,377.2554","5,209.0435","4.50K","2.06%"
"14/12/2016","5,239.3770","5,258.6797","5,276.3281","5,198.0132","5.11K","-0.73%"
"13/12/2016","5,277.9829","5,320.4492","5,345.2676","5,239.3770","6.79K","-0.86%"
"12/12/2016","5,323.7583","5,358.5039","5,410.3462","5,295.6313","4.88K","-0.84%"
"09/12/2016","5,368.9824","5,427.9946","5,466.0488","5,357.4009","5.41K","-0.89%"
"08/12/2016","5,416.9644","5,432.4067","5,443.4370","5,376.1523","4.56K","-0.06%"
"07/12/2016","5,420.2734","5,356.8491","5,420.2734","5,328.7222","3.74K","1.90%"
"06/12/2016","5,319.3462","5,318.2432","5,348.5767","5,258.1284","4.31K","-0.02%"
"05/12/2016","5,320.4492","5,216.7651","5,334.7886","5,204.0801","4.36K","1.57%"
"02/12/2016","5,238.2739","5,239.3770","5,258.6797","5,175.4014","4.15K","-0.75%"
"01/12/2016","5,277.9829","5,360.7100","5,372.2915","5,266.4009","3.88K","-1.88%"
"30/11/2016","5,378.9097","5,410.3462","5,434.6128","5,362.9160","7.10K","-0.70%"
"29/11/2016","5,416.9644","5,365.1221","5,432.4067","5,352.4370","3.14K","0.87%"
"28/11/2016","5,370.0854","5,382.7705","5,397.6611","5,346.3706","3.08K","-0.27%"
"25/11/2016","5,384.4248","5,393.8008","5,410.8975","5,370.6372","2.39K","-0.35%"
"24/11/2016","5,403.1763","5,292.8735","5,408.1401","5,287.3584","3.21K","1.95%"
"23/11/2016","5,300.0435","5,333.1343","5,377.2554","5,290.6675","3.85K","-0.56%"
"22/11/2016","5,329.8252","5,333.1343","5,364.5703","5,297.2856","2.91K","0.32%"
"21/11/2016","5,312.7280","5,322.6553","5,365.1221","5,260.8857","3.14K","0.03%"
"18/11/2016","5,311.0737","5,286.2554","5,318.7949","5,252.6133","2.58K","0.87%"
"17/11/2016","5,265.2979","5,192.4985","5,286.8071","5,190.2920","3.24K","1.50%"
"16/11/2016","5,187.5347","5,130.7290","5,191.9468","5,126.8682","2.63K","1.45%"
"15/11/2016","5,113.6318","5,073.9229","5,167.1289","5,046.8989","4.42K","0.82%"
"14/11/2016","5,072.2686","5,160.5107","5,204.0801","5,072.2686","4.52K","-0.61%"
"11/11/2016","5,103.1533","5,165.4741","5,204.6318","5,095.9834","3.73K","-1.00%"
"10/11/2016","5,154.4438","5,402.0732","5,458.8794","5,150.0317","7.01K","-4.17%"
"09/11/2016","5,378.9097","5,100.3955","5,396.5581","5,004.9839","7.39K","2.99%"
"08/11/2016","5,222.8315","5,224.4863","5,263.0918","5,129.0742","5.99K","0.91%"
"07/11/2016","5,175.9531","5,232.7588","5,254.8193","5,139.0015","5.09K","-0.16%"
"04/11/2016","5,184.2256","5,161.6133","5,217.3164","5,134.0381","5.29K","0.21%"
"03/11/2016","5,173.1953","5,088.8140","5,196.3589","5,084.9531","3.50K","1.12%"
"02/11/2016","5,115.8379","5,147.8257","5,160.5107","5,107.0137","2.74K","-0.87%"
"01/11/2016","5,160.5107","5,241.5830","5,255.3706","5,151.1348","2.22K","-1.11%"
"31/10/2016","5,218.4194","5,225.5889","5,263.6436","5,209.5952","3.35K","-0.30%"
"28/10/2016","5,233.8618","5,203.5283","5,269.1587","5,158.8560","3.30K","0.06%"
"27/10/2016","5,230.5527","5,255.9224","5,296.1826","5,199.6680","3.58K","-0.08%"
"26/10/2016","5,234.9648","5,275.2251","5,275.2251","5,161.6133","3.44K","-0.76%"
"25/10/2016","5,275.2251","5,370.6372","5,386.6309","5,263.0918","3.42K","-1.53%"
"24/10/2016","5,357.4009","5,322.1040","5,396.0068","5,322.1040","4.42K","1.19%"
"21/10/2016","5,294.5283","5,300.5947","5,346.9219","5,270.8130","4.44K","-0.11%"
"20/10/2016","5,300.5947","5,459.9824","5,493.0732","5,204.6318","8.02K","-0.97%"
"19/10/2016","5,352.4370","5,298.9404","5,356.2979","5,271.9160","3.87K","1.19%"
"18/10/2016","5,289.5645","5,242.1343","5,323.2070","5,241.5830","3.76K","1.37%"
"17/10/2016","5,217.8677","5,248.2012","5,253.7163","5,196.3589","2.97K","-0.43%"
"14/10/2016","5,240.4800","5,231.6558","5,265.2979","5,204.0801","2.98K","0.00%"
"13/10/2016","5,240.4800","5,239.3770","5,242.1343","5,177.6074","3.15K","-0.39%"
"12/10/2016","5,260.8857","5,258.6797","5,313.2798","5,250.9585","3.68K","-0.18%"
"11/10/2016","5,270.2617","5,306.1099","5,306.1099","5,242.6860","2.67K","-0.77%"
"10/10/2016","5,311.0737","5,283.4980","5,325.4131","5,266.9526","3.07K","0.53%"
"07/10/2016","5,282.9463","5,350.2310","5,351.3340","5,272.4678","4.00K","-1.34%"
"06/10/2016","5,354.6431","5,362.9160","5,386.0796","5,339.7524","2.31K","-0.24%"
"05/10/2016","5,367.3281","5,345.2676","5,376.1523","5,320.4492","2.38K","-0.50%"
"04/10/2016","5,394.3521","5,353.5400","5,431.8550","5,346.9219","3.89K","0.90%"
"03/10/2016","5,346.3706","5,275.2251","5,359.0552","5,255.3706","2.08K","1.06%"
"30/09/2016","5,290.1162","5,198.0132","5,299.4917","5,163.2681","3.43K","0.71%"
"29/09/2016","5,252.6133","5,349.6797","5,359.0552","5,239.3770","3.66K","-0.97%"
"28/09/2016","5,303.9038","5,253.7163","5,305.5586","5,253.7163","2.40K","1.06%"
"27/09/2016","5,248.2012","5,285.1523","5,285.1523","5,151.6865","2.91K","0.27%"
"26/09/2016","5,233.8618","5,285.1523","5,387.1826","5,216.2134","4.59K","-0.13%"
"23/09/2016","5,240.4800","5,291.7705","5,292.3223","5,235.5161","3.52K","-1.18%"
"22/09/2016","5,302.8008","5,263.0918","5,329.2734","5,246.5464","2.56K","1.31%"
"21/09/2016","5,234.4131","5,198.0132","5,324.8613","5,198.0132","4.83K","3.04%"
"20/09/2016","5,079.9897","5,105.9106","5,114.7349","5,079.9897","2.47K","-0.57%"
"19/09/2016","5,109.2197","5,061.7896","5,127.9712","5,055.7231","2.82K","1.85%"
"16/09/2016","5,016.5654","5,015.4624","5,035.8687","4,966.9292","5.15K","-0.01%"
"15/09/2016","5,017.1172","4,980.1655","5,017.1172","4,953.6929","3.51K","0.68%"
"14/09/2016","4,983.4746","4,966.3779","5,000.0200","4,958.6567","3.10K","0.47%"
"13/09/2016","4,960.3110","5,018.7715","5,083.8501","4,952.0386","5.06K","-0.37%"
"12/09/2016","4,978.5112","4,911.2266","4,984.0264","4,872.6206","3.71K","-0.14%"
"09/09/2016","4,985.6807","4,939.9053","5,017.1172","4,927.7720","3.22K","0.56%"
"08/09/2016","4,958.1050","4,966.3779","4,999.4688","4,930.5293","2.49K","-0.22%"
"07/09/2016","4,969.1353","4,946.5234","4,987.3354","4,943.2144","2.39K","0.39%"
"06/09/2016","4,949.8325","4,942.1113","4,971.3413","4,925.5659","2.21K","-0.01%"
"05/09/2016","4,950.3838","4,970.7900","4,996.7109","4,942.6626","1.49K","-0.27%"
"02/09/2016","4,963.6201","4,920.0508","4,966.3779","4,903.5054","2.67K","1.07%"
"01/09/2016","4,911.2266","4,868.2085","4,945.4204","4,868.2085","2.41K","0.95%"
"31/08/2016","4,864.8994","4,891.9233","4,915.6387","4,857.1782","2.64K","-1.02%"
"30/08/2016","4,915.0869","4,902.4023","4,933.2871","4,896.3354","2.17K","0.86%"
"29/08/2016","4,873.1719","4,872.0688","4,895.7842","4,820.2266","1.84K","-0.35%"
"26/08/2016","4,890.2690","4,841.1841","4,893.5781","4,828.4995","2.76K","1.11%"
"25/08/2016","4,836.7720","4,874.8267","4,893.0264","4,806.9902","3.00K","-1.31%"
"24/08/2016","4,900.7476","4,906.8145","4,941.5596","4,889.1660","2.10K","-0.72%"
"23/08/2016","4,936.0444","4,887.5112","4,940.4565","4,857.7295","2.67K","1.70%"
"22/08/2016","4,853.3174","4,817.4692","4,893.5781","4,816.3662","2.17K","0.34%"
"19/08/2016","4,836.7720","4,867.1055","4,874.8267","4,806.4390","2.70K","-0.58%"
"18/08/2016","4,864.8994","4,837.8750","4,868.2085","4,834.0146","2.48K","0.78%"
"17/08/2016","4,827.3965","4,877.5840","4,885.8569","4,809.1963","2.71K","-1.08%"
"16/08/2016","4,880.3418","4,910.6748","4,921.7051","4,873.1719","1.86K","-1.19%"
"15/08/2016","4,939.3535","4,913.9839","4,952.0386","4,891.9233","1.16K","0.49%"
"12/08/2016","4,915.0869","4,958.1050","4,963.0688","4,891.9233","2.66K","-1.08%"
"11/08/2016","4,968.5840","4,932.1841","4,968.5840","4,914.5356","2.08K","0.98%"
"10/08/2016","4,920.6021","4,899.6445","4,958.6567","4,898.5415","2.63K","0.52%"
"09/08/2016","4,895.2324","4,864.3477","4,900.1963","4,854.9722","2.37K","0.37%"
"08/08/2016","4,877.0327","4,885.8569","4,900.1963","4,853.3174","2.66K","0.06%"
"05/08/2016","4,874.2749","4,799.8208","4,881.9961","4,798.7178","3.23K","2.06%"
"04/08/2016","4,776.1055","4,715.9907","4,802.5781","4,703.3057","3.21K","1.51%"
"03/08/2016","4,704.9604","4,767.8330","4,767.8330","4,690.0698","4.50K","-0.68%"
"02/08/2016","4,736.9482","4,788.2388","4,814.7114","4,711.5786","4.16K","-1.64%"
"01/08/2016","4,815.8149","4,832.3599","4,902.4023","4,802.0269","3.30K","-0.40%"
"29/07/2016","4,835.1177","4,808.6450","4,843.9419","4,791.5483","5.01K","0.23%"
"28/07/2016","4,824.0874","4,740.2573","4,856.0752","4,740.2573","6.30K","1.83%"
"27/07/2016","4,737.5000","4,549.9854","4,787.1362","4,541.1611","12.23K","8.54%"
"26/07/2016","4,364.6768","4,369.6401","4,374.0527","4,322.7617","2.65K","-0.04%"
"25/07/2016","4,366.3315","4,301.8042","4,366.3315","4,292.4287","3.23K","1.36%"
"22/07/2016","4,307.8706","4,291.8770","4,316.6953","4,231.7622","3.62K","0.37%"
"21/07/2016","4,291.8770","4,328.8286","4,342.6162","4,280.8467","2.95K","-0.84%"
"20/07/2016","4,328.2769","4,231.2104","4,355.8525","4,222.3862","4.34K","3.11%"
"19/07/2016","4,197.5684","4,216.3198","4,224.5923","4,185.4351","2.82K","-0.46%"
"18/07/2016","4,216.8711","4,145.7261","4,228.4531","4,135.7988","3.44K","1.87%"
"15/07/2016","4,139.6592","4,183.2290","4,183.2290","4,121.4595","6.14K","-2.15%"
"14/07/2016","4,230.6592","4,156.7563","4,233.4165","4,142.4170","4.98K","2.77%"
"13/07/2016","4,116.4956","4,103.2593","4,141.8652","4,090.0232","4.64K","0.47%"
"12/07/2016","4,097.1929","4,119.8047","4,143.5200","4,090.5747","4.37K","-0.28%"
"11/07/2016","4,108.7744","4,065.2051","4,125.3198","4,042.5930","3.42K","2.04%"
"08/07/2016","4,026.5991","3,930.6357","4,042.5930","3,913.5388","5.15K","2.37%"
"07/07/2016","3,933.3933","3,934.4963","4,013.9143","3,933.3933","4.82K","0.31%"
"06/07/2016","3,921.2600","3,954.3508","3,987.4417","3,905.2661","4.28K","-1.17%"
"05/07/2016","3,967.5872","4,050.3142","4,071.2715","3,959.8660","4.77K","-1.95%"
"04/07/2016","4,046.4536","4,145.1743","4,160.0654","4,037.6294","4.12K","-2.19%"
"01/07/2016","4,136.9019","4,126.9746","4,153.4473","4,083.4048","3.70K","0.64%"
"30/06/2016","4,110.4292","4,063.5503","4,121.4595","4,000.1265","6.67K","1.15%"
"29/06/2016","4,063.5503","4,016.6719","4,071.2715","3,972.5508","5.76K","2.02%"
"28/06/2016","3,983.0295","4,014.4658","4,038.7324","3,950.4902","6.72K","1.60%"
"27/06/2016","3,920.1570","4,170.5439","4,178.2651","3,905.8176","7.70K","-6.69%"
"24/06/2016","4,201.4287","4,125.8716","4,316.1436","3,921.2600","10.80K","-8.35%"
"23/06/2016","4,584.1792","4,528.4761","4,599.6216","4,521.3066","2.57K","1.56%"
"22/06/2016","4,513.5854","4,537.3003","4,559.9126","4,498.6943","4.11K","-0.13%"
"21/06/2016","4,519.6519","4,483.2520","4,520.7549","4,457.8823","4.17K","0.61%"
"20/06/2016","4,492.0762","4,356.9556","4,497.0400","4,340.9614","5.60K","4.50%"
"17/06/2016","4,298.4951","4,255.4771","4,322.7617","4,246.1016","5.87K","1.70%"
"16/06/2016","4,226.7983","4,274.2285","4,301.2529","4,219.6289","3.81K","-1.93%"
"15/06/2016","4,310.0767","4,290.7739","4,330.4829","4,274.7798","4.16K","0.97%"
"14/06/2016","4,268.7134","4,272.0225","4,300.7012","4,241.6890","3.82K","-0.74%"
"13/06/2016","4,300.7012","4,314.4888","4,332.1372","4,279.7437","2.87K","-1.38%"
"10/06/2016","4,360.8159","4,428.6523","4,429.2036","4,355.8525","3.66K","-1.74%"
"09/06/2016","4,438.0278","4,461.1914","4,461.1914","4,417.6221","2.24K","-0.67%"
"08/06/2016","4,467.8096","4,470.0156","4,481.5977","4,445.1978","2.95K","-0.38%"
"07/06/2016","4,484.9067","4,485.4580","4,485.4580","4,426.4463","4.94K","0.35%"
"06/06/2016","4,469.4644","4,495.3853","4,519.6519","4,457.8823","3.03K","-0.88%"
"03/06/2016","4,509.1733","4,541.7124","4,562.1187","4,482.1489","3.80K","-0.24%"
"02/06/2016","4,520.2036","4,456.2280","4,528.4761","4,422.0342","5.43K","0.73%"
"01/06/2016","4,487.6641","4,574.2520","4,583.6274","4,472.7734","5.63K","-2.03%"
"31/05/2016","4,580.8701","4,562.6699","4,595.7607","4,522.4097","5.54K","0.37%"
"30/05/2016","4,563.7729","4,567.6338","4,577.5610","4,541.7124","2.68K","-0.08%"
"27/05/2016","4,567.6338","4,579.2153","4,579.7671","4,531.2339","3.54K","-0.26%"
"26/05/2016","4,579.7671","4,554.3975","4,600.7246","4,531.7852","3.37K","0.74%"
"25/05/2016","4,546.1245","4,551.0884","4,570.9429","4,526.8218","3.66K","0.83%"
"24/05/2016","4,508.6216","4,476.0825","4,525.1670","4,445.1978","3.73K","0.64%"
"23/05/2016","4,479.9429","4,500.9004","4,522.4097","4,465.0522","4.45K","-0.51%"
"20/05/2016","4,503.1064","4,474.4277","4,511.9307","4,468.9126","3.79K","1.77%"
"19/05/2016","4,424.7915","4,440.2339","4,476.0825","4,424.7915","5.76K","-0.83%"
"18/05/2016","4,461.7432","4,433.0645","4,467.2583","4,419.8281","4.11K","0.11%"
"17/05/2016","4,456.7793","4,401.0767","4,460.6401","4,400.5249","3.70K","1.78%"
"16/05/2016","4,379.0161","4,385.6343","4,385.6343","4,361.3677","2.21K","-0.82%"
"13/05/2016","4,415.4160","4,362.4707","4,427.5493","4,356.9556","3.81K","0.70%"
"12/05/2016","4,384.5313","4,417.6221","4,467.2583","4,384.5313","4.07K","-1.36%"
"11/05/2016","4,445.1978","4,403.8340","4,456.2280","4,383.4282","5.01K","1.18%"
"10/05/2016","4,393.3555","4,382.3252","4,402.1797","4,362.4707","4.17K","0.72%"
"09/05/2016","4,361.9194","4,338.2041","4,394.4585","4,329.9316","3.57K","1.11%"
"06/05/2016","4,313.9375","4,324.4160","4,362.4707","4,295.7378","4.02K","-0.18%"
"05/05/2016","4,321.6587","4,313.9375","4,360.8159","4,312.2832","3.03K","0.28%"
"04/05/2016","4,309.5254","4,263.1982","4,338.2041","4,262.0952","4.38K","1.06%"
"03/05/2016","4,264.3013","4,281.3984","4,287.4648","4,226.7983","4.51K","-0.40%"
"02/05/2016","4,281.3984","4,308.9741","4,317.2466","4,276.4346","2.51K","-0.08%"
"29/04/2016","4,284.7075","4,301.8042","4,313.3862","4,248.3076","5.37K","-1.15%"
"28/04/2016","4,334.3433","4,322.2100","4,334.3433","4,261.5435","5.08K","0.24%"
"27/04/2016","4,323.8647","4,310.6284","4,345.9253","4,286.3618","3.53K","0.51%"
"26/04/2016","4,301.8042","4,301.8042","4,349.2344","4,282.5010","4.83K","-0.20%"
"25/04/2016","4,310.6284","4,325.5195","4,369.0889","4,302.3555","5.06K","-0.56%"
"22/04/2016","4,334.8950","4,349.7861","4,391.7007","4,322.2100","5.20K","-0.91%"
"21/04/2016","4,374.6040","4,240.0347","4,403.8340","4,223.4893","11.71K","6.03%"
"20/04/2016","4,125.8716","4,185.9863","4,217.9741","4,069.0657","7.18K","-1.53%"
"19/04/2016","4,189.8472","4,180.4712","4,235.0713","4,176.0591","4.30K","0.62%"
"18/04/2016","4,163.9258","4,111.5322","4,166.6836","4,093.8838","3.61K","0.53%"
"15/04/2016","4,141.8652","4,161.1685","4,161.1685","4,101.6050","4.96K","-0.81%"
"14/04/2016","4,175.5078","4,331.5859","4,412.1069","4,153.4473","10.55K","2.17%"
"13/04/2016","4,086.7141","3,986.8901","4,086.7141","3,947.7327","5.54K","3.68%"
"12/04/2016","3,941.6660","3,956.5569","3,962.0720","3,884.8601","3.25K","0.01%"
"11/04/2016","3,941.1145","3,944.9751","3,969.2417","3,910.7813","2.71K","-0.38%"
"08/04/2016","3,956.0054","3,922.3630","3,964.8296","3,899.1995","3.13K","0.90%"
"07/04/2016","3,920.7085","3,947.1812","3,976.4114","3,910.2297","2.91K","-0.49%"
"06/04/2016","3,940.0115","3,964.8296","3,964.8296","3,911.3328","4.20K","-0.13%"
"05/04/2016","3,944.9751","3,941.1145","3,953.7993","3,921.8115","3.95K","-0.71%"
"04/04/2016","3,973.1023","3,945.5266","4,006.1931","3,916.2964","2.83K","0.67%"
"01/04/2016","3,946.6296","3,908.5752","3,949.3872","3,886.5146","3.96K","-0.03%"
"31/03/2016","3,947.7327","3,963.1750","3,967.5872","3,922.9146","3.81K","-0.39%"
"30/03/2016","3,963.1750","3,959.3145","3,973.6538","3,926.2236","4.67K","0.94%"
"29/03/2016","3,926.2236","3,894.7874","3,949.3872","3,893.6843","3.49K","0.52%"
"24/03/2016","3,905.8176","3,920.1570","3,943.3206","3,898.0964","2.63K","-0.71%"
"23/03/2016","3,933.9448","3,915.7449","3,989.0962","3,914.6418","4.43K","0.51%"
"22/03/2016","3,914.0903","3,882.6541","3,914.0903","3,843.4966","5.63K","0.24%"
"21/03/2016","3,904.7146","3,887.6177","3,938.3569","3,857.8359","6.11K","0.06%"
"18/03/2016","3,902.5085","3,833.0178","3,910.2297","3,819.2300","8.94K","2.36%"
"17/03/2016","3,812.6118","3,852.3208","3,873.8298","3,755.8059","6.97K","-0.80%"
"16/03/2016","3,843.4966","3,860.5935","3,869.4177","3,835.7754","3.01K","-0.11%"
"15/03/2016","3,847.9087","3,802.6846","3,855.6299","3,789.4482","5.25K","0.55%"
"14/03/2016","3,826.9512","3,783.3816","3,888.1692","3,777.8665","6.79K","1.61%"
"11/03/2016","3,766.2847","3,767.3877","3,777.8665","3,695.6909","6.44K","1.35%"
"10/03/2016","3,716.0969","3,728.2302","3,812.0603","3,701.2063","9.23K","0.10%"
"09/03/2016","3,712.2363","3,687.9697","3,726.5757","3,639.9883","6.62K","0.84%"
"08/03/2016","3,681.3518","3,724.9211","3,726.0244","3,646.0547","5.65K","-1.58%"
"07/03/2016","3,740.3635","3,805.4421","3,834.6724","3,703.4121","5.29K","0.44%"
"04/03/2016","3,723.8181","3,740.3635","3,762.4241","3,708.9272","3.44K","-0.30%"
"03/03/2016","3,734.8484","3,765.1816","3,766.2847","3,713.8911","4.91K","-0.94%"
"02/03/2016","3,770.1453","3,807.6482","3,821.9875","3,726.5757","4.47K","-0.38%"
"01/03/2016","3,784.4846","3,676.9397","3,797.1694","3,676.9397","5.09K","2.04%"
"29/02/2016","3,708.9272","3,695.1394","3,735.9514","3,658.1880","4.34K","0.30%"
"26/02/2016","3,697.8972","3,681.3518","3,722.1638","3,648.8125","6.00K","1.59%"
"25/02/2016","3,639.9883","3,706.7212","3,716.6484","3,584.8369","8.19K","-0.75%"
"24/02/2016","3,667.5637","3,744.7756","3,762.4241","3,647.1577","11.04K","3.10%"
"23/02/2016","3,557.2612","3,605.7942","3,619.0308","3,551.1946","5.07K","-1.69%"
"22/02/2016","3,618.4790","3,636.6792","3,677.4912","3,593.1096","4.57K","0.46%"
"19/02/2016","3,601.9336","3,579.3218","3,614.6187","3,564.9824","5.00K","0.57%"
"18/02/2016","3,581.5278","3,626.2002","3,628.4065","3,531.3401","6.92K","0.34%"
"17/02/2016","3,569.3945","3,504.8674","3,581.5278","3,504.8674","5.05K","2.36%"
"16/02/2016","3,487.2190","3,543.4734","3,549.5400","3,452.4736","6.92K","-0.92%"
"15/02/2016","3,519.7583","3,564.4309","3,569.3945","3,507.0735","5.03K","1.46%"
"12/02/2016","3,469.0190","3,505.9705","3,505.9705","3,437.0313","6.53K","0.38%"
"11/02/2016","3,455.7827","3,606.8975","3,606.8975","3,455.7827","7.20K","-5.23%"
"10/02/2016","3,646.6062","3,575.4612","3,692.3818","3,550.0916","6.30K","2.23%"
"09/02/2016","3,567.1885","3,499.3523","3,589.2488","3,446.9585","8.25K","1.52%"
"08/02/2016","3,513.6917","3,721.6121","3,721.6121","3,493.8372","7.61K","-5.12%"
"05/02/2016","3,703.4121","3,817.0239","3,836.3269","3,694.5879","4.94K","-2.62%"
"04/02/2016","3,803.2361","3,849.5632","3,850.1147","3,717.2000","7.69K","0.03%"
"03/02/2016","3,802.1331","3,879.8965","3,888.1692","3,780.0725","9.27K","-3.76%"
"02/02/2016","3,950.4902","3,990.7507","4,021.6355","3,910.2297","4.49K","-1.06%"
"01/02/2016","3,992.9568","4,031.5627","4,044.7991","3,959.8660","5.02K","-0.48%"
"29/01/2016","4,012.2598","3,959.8660","4,012.2598","3,925.1206","5.15K","2.61%"
"28/01/2016","3,910.2297","3,992.9568","4,004.5386","3,901.4055","4.82K","-2.23%"
"27/01/2016","3,999.5750","3,999.5750","4,009.5022","3,942.7690","4.68K","0.60%"
"26/01/2016","3,975.8599","3,925.1206","3,981.9265","3,898.0964","3.97K","-0.28%"
"25/01/2016","3,986.8901","4,023.8416","4,037.0779","3,954.9023","5.34K","-0.29%"
"22/01/2016","3,998.4719","3,970.3447","4,010.6050","3,949.9387","7.03K","2.76%"
"21/01/2016","3,890.9268","3,855.6299","3,915.7449","3,809.3027","5.75K","1.73%"
"20/01/2016","3,824.7451","3,860.5935","3,868.8662","3,783.3816","9.14K","-2.41%"
"19/01/2016","3,919.0540","3,870.5208","3,919.0540","3,856.1814","3.93K","2.55%"
"18/01/2016","3,821.4360","3,846.8057","3,895.3389","3,804.3391","4.76K","-0.94%"
"15/01/2016","3,857.8359","3,989.6477","3,993.5083","3,829.1572","7.40K","-2.58%"
"14/01/2016","3,959.8660","3,994.0598","4,002.8840","3,929.5327","6.70K","-1.87%"
"13/01/2016","4,035.4231","4,079.5442","4,091.6775","4,026.0476","4.21K","-0.19%"
"12/01/2016","4,043.1443","4,008.9507","4,057.4839","3,971.4478","5.02K","1.44%"
"11/01/2016","3,985.7871","3,979.1689","4,040.9385","3,979.1689","5.65K","-0.06%"
"08/01/2016","3,987.9932","4,059.1382","4,088.9199","3,976.4114","8.38K","-2.59%"
"07/01/2016","4,093.8838","4,102.1563","4,117.0474","4,057.4839","5.60K","-2.19%"
"06/01/2016","4,185.4351","4,216.8711","4,245.5498","4,133.0410","2.97K","-0.37%"
"05/01/2016","4,200.8774","4,108.7744","4,205.8408","4,088.9199","5.45K","1.16%"
"04/01/2016","4,152.8955","4,242.2407","4,242.2407","4,128.6289","4.68K","-2.78%"